Actual,Prediction,Residual
13.05,11.209726,1.8402736663818366
12.9,11.099185,1.8008150100708011
11.3,11.151595,0.14840488433837962
11.15,11.321461,-0.17146072387695277
10.95,11.638745,-0.688745307922364
10.35,12.198179,-1.8481792449951175
11.7,12.90343,-1.2034299850463874
13.75,13.739748,0.010251998901367188
14.95,14.553422,0.3965780258178704
15.8,15.412486,0.38751392364502024
16.8,16.066317,0.7336833953857429
17.6,16.519436,1.080564117431642
18.1,16.7262,1.3737998962402358
18.2,16.731962,1.468037796020507
17.65,16.48965,1.1603492736816392
16.25,16.007883,0.24211692810058594
15.449999999999998,15.42588,0.024119567871091263
15.1,14.797821,0.30217895507812464
15.200000000000001,14.246378,0.953622055053712
15.7,13.669987,2.0300132751464837
14.8,13.1486025,1.6513975143432624
15.200000000000001,12.663529,2.536470603942872
15.35,12.279349,3.0706506729125973
14.95,11.9779005,2.9720994949340813
15.95,11.796793,4.15320701599121
16.75,11.680783,5.069216728210449
16.25,11.517458,4.732542037963867
15.9,11.574518,4.325481796264649
15.3,11.864169,3.4358308792114265
14.900000000000002,12.365528,2.534471893310549
15.499999999999998,13.126392,2.373607635498045
16.4,14.033024,2.366976165771483
17.05,14.892062,2.1579378128051765
18.05,15.574805,2.475194740295411
18.6,16.16077,2.439229583740236
17.95,16.506517,1.443482589721679
17.85,16.639263,1.2107368469238295
18.15,16.506527,1.6434730529785142
18.35,16.15612,2.1938796997070327
17.85,15.561118,2.288881874084474
16.65,15.0519705,1.59802951812744
15.8,14.526497,1.2735031127929695
15.6,13.977152,1.6228481292724606
14.7,13.463688,1.2363121032714837
14.15,12.976649,1.1733507156372074
13.650000000000002,12.550592,1.0994075775146506
13.899999999999999,12.160377,1.7396234512329087
14.0,11.843456,2.156543731689453
13.95,11.653252,2.2967483520507805
13.5,11.729362,1.7706384658813477
13.05,11.837815,1.2121847152709968
11.85,12.1134815,-0.26348152160644567
11.8,12.508777,-0.708776664733886
11.3,13.186566,-1.8865663528442376
12.85,13.954402,-1.1044019699096683
14.6,14.837777,-0.237777137756348
16.25,15.598551,0.6514492034912109
17.6,16.23082,1.369180297851564
18.55,16.683191,1.8668087005615241
18.95,16.958326,1.9916736602783196
19.0,16.993147,2.0068531036376953
19.15,16.906528,2.243471527099608
18.8,16.612873,2.1871269226074226
16.6,16.195404,0.4045959472656264
15.05,15.659503,-0.609502983093261
13.45,15.040239,-1.590239334106446
12.3,14.451939,-2.15193862915039
11.350000000000001,13.898307,-2.548306846618651
10.65,13.372778,-2.722777938842773
11.1,12.906513,-1.8065132141113285
12.000000000000002,12.512981,-0.5129814147949201
11.2,12.246136,-1.0461357116699226
10.0,12.054379,-2.054379463195801
10.2,11.913839,-1.7138393402099616
9.7,11.992043,-2.292042541503907
8.95,12.202612,-3.252611923217774
8.65,12.581677,-3.931677436828613
7.749999999999999,13.068742,-5.31874179840088
10.9,13.809642,-2.90964183807373
14.35,14.619404,-0.2694038391113285
17.15,15.371565,1.778435134887694
18.85,16.129427,2.7205730438232436
20.0,16.68819,3.311809539794922
20.65,17.093988,3.556011581420897
20.45,17.252977,3.197022628784179
20.45,17.180546,3.2694541931152337
19.9,16.964745,2.935255432128905
17.95,16.444498,1.5055019378662102
16.7,15.955827,0.7441732406616204
16.4,15.337548,1.0624517440795884
15.8,14.621931,1.178068923950196
14.900000000000002,13.974983,0.9250167846679709
13.85,13.366703,0.483296966552734
12.8,12.859426,-0.05942554473876882
11.85,12.507012,-0.6570123672485355
11.350000000000001,12.219145,-0.8691448211669908
11.400000000000002,12.005553,-0.6055532455444315
11.049999999999999,11.828722,-0.7787220001220714
10.750000000000002,11.858483,-1.1084833145141584
10.45,11.951697,-1.5016973495483406
10.25,12.200252,-1.950251579284668
10.05,12.58933,-2.5393297195434563
11.65,13.1799345,-1.5299345016479489
14.300000000000002,13.991284,0.3087156295776392
16.95,14.852319,2.097681236267089
19.15,15.669875,3.4801248550415025
20.45,16.293936,4.156064224243163
21.1,16.724031,4.375968551635744
21.05,16.939903,4.110096740722657
21.0,16.878613,4.121387481689453
20.35,16.664135,3.6858650207519545
18.35,16.176779,2.1732212066650405
16.9,15.546353,1.3536466598510728
16.15,14.971306,1.1786941528320298
15.1,14.345603,0.7543970108032223
14.0,13.718757,0.28124332427978516
12.950000000000001,13.113681,-0.16368083953857315
12.1,12.578877,-0.4788774490356449
11.5,12.101331,-0.6013307571411133
11.15,11.699393,-0.549393272399902
11.15,11.371485,-0.2214847564697262
10.85,11.2212105,-0.3712104797363285
10.700000000000001,11.193835,-0.49383525848388565
10.700000000000001,11.368993,-0.668992805480956
10.700000000000001,11.691317,-0.9913166046142567
10.8,12.173215,-1.37321491241455
12.4,12.809806,-0.409805870056152
14.8,13.641535,1.1584651947021491
17.1,14.562429,2.5375705718994155
18.5,15.44395,3.0560503005981445
19.75,16.177834,3.5721664428710938
20.7,16.672424,4.027575683593749
20.8,16.783821,4.0161788940429695
20.9,16.679916,4.220083618164061
20.25,16.302134,3.947866439819336
18.1,15.753294,2.3467060089111342
16.65,15.142289,1.5077108383178697
15.95,14.50676,1.4432403564453118
14.95,13.875133,1.0748674392700188
13.85,13.273685,0.576314544677734
12.9,12.632288,0.2677120208740238
12.050000000000002,12.120754,-0.07075424194335689
11.25,11.522203,-0.2722034454345703
10.8,11.036303,-0.2363025665283196
10.750000000000002,10.717436,0.03256416320800959
10.45,10.607167,-0.15716724395752024
10.25,10.605985,-0.3559846878051758
10.1,10.850839,-0.750838661193848
10.15,11.277487,-1.1274868011474606
10.25,11.974989,-1.7249889373779297
11.7,12.834032,-1.134032058715821
13.899999999999999,13.720657,0.17934265136718608
15.850000000000001,14.630922,1.2190776824951186
17.65,15.464446,2.18555393218994
19.7,16.158491,3.5415088653564446
21.05,16.604305,4.445694732666016
21.850000000000005,16.738132,5.111867523193364
21.7,16.66227,5.037730407714843
20.85,16.285864,4.564136123657228
18.3,15.773866,2.5261343002319343
16.95,15.184964,1.7650358200073235
15.95,14.552447,1.3975526809692376
13.600000000000001,13.885762,-0.2857622146606431
14.15,13.240821,0.9091791152954105
12.3,12.569587,-0.26958675384521413
11.949999999999998,11.953972,-0.003971862792971237
10.15,11.358055,-1.2080551147460934
10.5,10.911032,-0.41103172302246094
11.6,10.5741205,1.0258794784545895
11.15,10.431731,0.7182687759399418
11.1,10.43956,0.6604400634765621
11.15,10.734277,0.4157232284545902
11.049999999999999,11.141592,-0.091592025756837
10.750000000000002,11.81785,-1.0678501129150373
12.45,12.668695,-0.21869544982910227
15.65,13.621282,2.0287183761596683
18.35,14.57035,3.7796503067016616
20.05,15.44769,4.6023099899292
21.3,16.188196,5.111803817749024
22.35,16.685162,5.6648384094238295
23.1,16.959867,6.140132522583009
22.85,16.899122,5.950877761840822
21.749999999999996,16.574903,5.175096511840817
19.0,16.00946,2.99053955078125
17.15,15.400077,1.7499231338500962
16.65,14.781207,1.8687929153442369
15.549999999999999,14.011259,1.5387409210205067
13.299999999999999,13.398667,-0.09866733551025497
11.85,12.736648,-0.8866476058959964
11.949999999999998,12.15784,-0.2078397750854517
12.5,11.613078,0.8869218826293945
12.9,11.231016,1.6689838409423832
13.15,11.030499,2.119500541687012
12.599999999999998,10.917178,1.6828218460082986
10.1,10.984979,-0.8849786758422855
9.3,11.249692,-1.9496919631958
8.95,11.68697,-2.736969757080079
8.45,12.327427,-3.8774269104003913
11.5,13.118296,-1.618295669555664
14.900000000000002,14.09714,0.8028596878051779
17.3,15.089899,2.210100936889649
19.15,16.005426,3.144573593139647
20.4,16.738997,3.661003494262694
21.15,17.142931,4.007069015502928
21.3,17.334814,3.9651859283447273
21.55,17.193338,4.356661605834962
20.9,16.836098,4.063902282714842
17.05,16.264078,0.7859218597412116
15.15,15.648181,-0.49818096160888636
15.4,14.978771,0.4212287902832035
13.15,14.362358,-1.2123580932617184
14.15,13.64991,0.5000900268554691
14.199999999999998,12.926483,1.2735168457031225
13.4,12.380281,1.0197185516357425
12.4,11.973002,0.4269975662231449
11.55,11.71716,-0.16716022491455007
11.25,11.569383,-0.3193826675415039
10.95,11.456769,-0.506768989562989
10.5,11.4457445,-0.945744514465332
10.1,11.535239,-1.4352392196655277
9.95,11.9013405,-1.9513404846191413
10.15,12.412509,-2.262508964538574
11.8,13.25883,-1.4588300704956048
13.95,14.230416,-0.28041629791259837
16.0,15.225126,0.7748737335205078
17.9,16.210396,1.6896041870117173
19.45,17.042767,2.4072334289550774
20.4,17.512028,2.887972259521483
20.5,17.741455,2.758544921875
20.5,17.656101,2.8438987731933594
19.5,17.319468,2.180532455444336
17.35,16.578392,0.7716079711914077
15.449999999999998,15.819275,-0.3692749023437525
13.5,15.130598,-1.6305980682373047
12.2,14.363187,-2.1631868362426765
13.45,13.706859,-0.2568586349487312
13.899999999999999,13.115081,0.78491916656494
13.1,12.596982,0.5030179977416989
12.1,12.149424,-0.04942359924316442
11.25,11.778704,-0.5287036895751953
11.45,11.476345,-0.026345062255860086
11.5,11.411222,0.08877754211425781
11.85,11.40864,0.4413600921630856
11.350000000000001,11.649769,-0.2997688293457017
10.8,12.056012,-1.2560121536254876
10.05,12.707756,-2.657756042480468
11.55,13.513459,-1.9634592056274407
14.199999999999998,14.463893,-0.26389293670654546
15.449999999999998,15.353202,0.09679813385009517
16.35,16.265064,0.0849357604980483
17.5,16.980545,0.5194549560546875
18.25,17.457718,0.7922821044921875
18.65,17.673044,0.9769557952880845
18.7,17.553768,1.146231842041015
18.05,17.188416,0.8615844726562507
16.55,16.581934,-0.03193397521972585
15.1,15.845083,-0.7450832366943363
14.5,15.061093,-0.5610933303833008
13.899999999999999,14.238761,-0.33876094818115376
13.299999999999999,13.680995,-0.38099498748779403
12.4,13.253356,-0.8533559799194332
11.049999999999999,12.865228,-1.8152276992797862
10.700000000000001,12.465429,-1.7654293060302724
10.55,12.087229,-1.5372287750244134
10.3,11.804562,-1.5045616149902337
10.65,11.643021,-0.9930206298828121
10.65,11.709124,-1.059123611450195
10.6,11.938096,-1.3380960464477543
10.25,12.302185,-2.05218505859375
9.9,12.9535,-3.0534997940063473
11.5,13.717256,-2.2172555923461914
14.05,14.621804,-0.571804237365722
16.35,15.46021,0.8897901535034194
18.45,16.126572,2.323428344726562
19.7,16.64604,3.0539600372314446
20.1,16.98287,3.1171298980712905
19.75,17.078314,2.6716861724853516
20.0,16.919416,3.0805835723876953
19.6,16.455719,3.1442810058593764
18.7,15.882663,2.817337226867675
16.75,15.354167,1.3958330154418945
15.7,14.712128,0.9878723144531243
14.55,14.123286,0.42671375274658274
13.35,13.525302,-0.17530193328857457
12.15,12.974749,-0.824748611450195
10.45,12.345381,-1.8953807830810554
9.85,11.870957,-2.0209573745727543
9.2,11.463709,-2.2637088775634773
9.2,11.106514,-1.906513977050782
8.95,11.022403,-2.0724027633667
8.75,11.090415,-2.3404150009155273
8.5,11.342922,-2.8429222106933594
8.65,11.76031,-3.1103101730346676
8.3,12.357289,-4.057289314270019
10.45,13.118538,-2.668537902832032
13.249999999999998,13.984299,-0.7342987060546893
15.8,14.887078,0.9129217147827156
17.45,15.752182,1.6978179931640618
18.45,16.482412,1.9675876617431634
19.2,16.910067,2.2899333953857415
19.35,16.98366,2.366340255737306
19.5,16.89336,2.606639862060547
18.9,16.566145,2.333855056762694
16.0,16.058483,-0.058483123779296875
13.45,15.426143,-1.9761426925659187
12.35,14.786327,-2.4363273620605472
12.000000000000002,14.278272,-2.2782716751098615
13.45,13.685104,-0.2351043701171882
12.45,13.0858,-0.6358001708984382
11.400000000000002,12.383926,-0.9839263916015604
9.95,11.846307,-1.8963068008422859
10.85,11.372061,-0.5220607757568363
10.3,11.132641,-0.8326408386230462
9.0,11.024702,-2.0247020721435547
9.25,11.076475,-1.8264751434326172
8.95,11.248626,-2.2986257553100593
8.65,11.6383,-2.988299942016601
9.3,12.152062,-2.8520624160766594
11.400000000000002,12.819915,-1.4199148178100565
13.8,13.619846,0.18015365600586009
15.850000000000001,14.483959,1.3660408020019545
17.8,15.366824,2.4331758499145515
18.9,16.053423,2.8465770721435533
19.3,16.560518,2.739481735229493
19.5,16.77215,2.7278499603271484
19.7,16.665546,3.034453582763671
19.0,16.397804,2.6021957397460938
18.35,15.826437,2.5235630035400405
17.8,15.118158,2.681841659545899
17.3,14.455345,2.844654846191407
16.3,13.832583,2.4674165725708015
14.75,13.333753,1.4162473678588867
14.05,12.735631,1.3143690109252937
13.650000000000002,12.13934,1.5106595993042014
13.35,11.539414,1.8105855941772457
13.1,11.158403,1.9415966033935543
13.2,10.923122,2.27687759399414
12.35,10.732887,1.6171127319335934
11.5,10.795097,0.7049026489257812
10.85,10.98235,-0.1323503494262699
10.25,11.3130045,-1.063004493713379
9.65,11.963358,-2.3133579254150387
11.2,12.732548,-1.5325477600097663
13.75,13.710407,0.039592742919921875
16.5,14.651586,1.848414421081543
18.35,15.494413,2.8555866241455092
19.65,16.153269,3.4967311859130845
20.45,16.557194,3.8928062438964837
21.0,16.788754,4.211246490478516
20.75,16.703829,4.046171188354492
20.25,16.441435,3.808565139770508
18.9,15.931813,2.968186759948729
17.8,15.395872,2.4041278839111335
17.25,14.764896,2.4851036071777344
17.25,14.173094,3.076906204223633
17.3,13.471406,3.8285940170288093
16.0,12.844717,3.155282974243164
15.449999999999998,12.316874,3.1331264495849585
15.200000000000001,11.911773,3.2882272720336925
14.55,11.557448,2.9925516128540046
13.249999999999998,11.340748,1.909252166748045
13.55,11.219264,2.3307359695434577
12.950000000000001,11.203752,1.7462484359741222
12.050000000000002,11.401796,0.6482036590576197
12.3,11.74264,0.5573604583740241
12.599999999999998,12.340604,0.2593961715698221
13.85,13.131811,0.7181888580322262
15.0,14.02942,0.9705801010131836
16.0,14.987511,1.0124893188476562
16.6,15.827367,0.7726331710815444
16.5,16.484373,0.015626907348632812
17.1,16.961126,0.13887367248535298
16.0,17.1475,-1.1474990844726562
16.15,17.001097,-0.8510967254638686
16.2,16.582941,-0.3829410552978523
15.850000000000001,16.082153,-0.23215332031249858
15.1,15.435711,-0.33571090698242223
14.35,14.93505,-0.5850500106811527
14.0,14.432292,-0.43229198455810547
11.8,13.820321,-2.020321083068847
11.6,13.174754,-1.5747541427612308
10.9,12.686916,-1.786916351318359
9.95,12.311121,-2.3611209869384773
9.75,11.9202385,-2.170238494873047
9.35,11.656931,-2.3069309234619144
9.6,11.574523,-1.974522972106934
9.2,11.750858,-2.5508583068847663
8.25,12.046879,-3.7968788146972656
7.7,12.471631,-4.771631050109863
7.4,13.147576,-5.747576332092285
9.8,13.903473,-4.103472900390624
13.2,14.6946945,-1.4946945190429695
15.499999999999998,15.417727,0.082272529602049
16.75,16.121122,0.6288776397705078
17.8,16.640253,1.1597469329833991
18.6,16.924532,1.6754680633544936
18.25,16.995056,1.25494384765625
18.85,16.844206,2.0057941436767592
18.5,16.531233,1.9687671661376953
15.7,16.0823,-0.3823001861572273
15.05,15.592102,-0.5421020507812493
14.65,15.009154,-0.35915431976318324
12.7,14.436674,-1.736674118041993
11.3,13.762317,-2.462316703796386
10.6,13.167197,-2.5671972274780277
10.05,12.697996,-2.6479961395263665
11.75,12.193635,-0.4436349868774414
11.85,11.795302,0.05469760894775355
11.75,11.492059,0.25794124603271484
11.2,11.430935,-0.23093490600586009
8.0,11.462248,-3.462247848510742
7.55,11.622787,-4.072787475585938
8.4,11.971056,-3.57105598449707
6.6,12.493224,-5.893224143981934
10.2,13.299336,-3.0993364334106452
13.5,14.204366,-0.7043657302856445
16.25,15.138326,1.1116743087768555
18.35,15.983919,2.3660808563232436
20.0,16.589567,3.410432815551758
20.95,17.0655,3.8844997406005852
21.05,17.204185,3.845814514160157
21.1,17.186014,3.9139858245849624
20.5,16.991282,3.508718490600586
18.65,16.456623,2.1933769226074205
16.8,15.897529,0.9024713516235359
16.3,15.312781,0.9872186660766609
16.25,14.610998,1.6390018463134766
16.2,13.874359,2.3256408691406243
15.449999999999998,13.25516,2.1948396682739233
14.6,12.711279,1.8887210845947262
13.7,12.31846,1.3815395355224602
12.8,12.029223,0.770776557922364
12.85,11.874743,0.9752565383911129
12.35,11.756277,0.5937229156494137
11.7,11.6719475,0.028052520751952414
11.049999999999999,11.693075,-0.643075180053712
10.6,12.017699,-1.417699241638184
10.35,12.33186,-1.9818595886230472
11.8,12.978641,-1.1786405563354485
14.300000000000002,13.816556,0.4834440231323267
16.25,14.696753,1.5532474517822266
17.75,15.54087,2.20913028717041
19.05,16.246485,2.803515243530274
19.85,16.73372,3.116279220581056
20.3,16.897612,3.4023883819580085
20.7,16.915585,3.784415435791015
20.45,16.676247,3.773753356933593
19.4,16.176743,3.223257446289061
18.3,15.63417,2.6658304214477546
17.85,15.03058,2.819420433044435
18.05,14.426227,3.623773384094239
17.95,13.833099,4.116900634765624
17.65,13.278461,4.3715385437011705
17.35,12.7238245,4.626175498962404
17.3,12.2995615,5.000438499450684
16.25,11.914335,4.335664749145508
16.8,11.692822,5.107177543640137
16.5,11.559294,4.940706253051758
15.6,11.500671,4.09932861328125
14.75,11.670507,3.0794925689697266
14.75,12.070453,2.6795473098754883
14.35,12.620657,1.7293430328369137
15.1,13.412613,1.6873870849609371
16.15,14.291378,1.8586219787597642
17.05,15.094231,1.955769348144532
18.05,15.8199625,2.230037498474122
17.95,16.449993,1.5000068664550774
18.65,16.859486,1.7905143737792955
18.35,17.01588,1.3341194152832045
18.5,17.07051,1.4294891357421875
18.1,16.718441,1.381558990478517
17.55,16.252192,1.2978084564208991
16.75,15.701293,1.0487070083618164
16.35,15.154071,1.1959291458129897
16.3,14.555682,1.744317817687989
16.05,14.07209,1.9779098510742195
15.65,13.583241,2.066758537292481
15.200000000000001,13.183989,2.016011428833009
14.1,12.871324,1.2286764144897457
13.75,12.51001,1.239990234375
13.7,12.309191,1.390809249877929
12.45,12.103544,0.3464557647705071
12.1,12.139694,-0.039694213867187855
11.65,12.415612,-0.7656122207641598
11.0,12.8201275,-1.8201274871826172
10.0,13.57989,-3.579890251159668
12.45,14.408071,-1.9580705642700202
14.5,15.231162,-0.7311620712280273
16.3,16.00025,0.2997501373291023
17.2,16.712643,0.4873573303222649
18.3,17.204742,1.0952575683593757
18.35,17.483465,0.866534805297853
18.15,17.552105,0.5978950500488267
17.85,17.433613,0.4163871765136733
17.2,17.176012,0.023987960815428977
15.850000000000001,16.694473,-0.8444732666015611
15.0,16.188969,-1.1889686584472656
14.35,15.611799,-1.261799240112305
12.950000000000001,15.067108,-2.117108154296874
13.75,14.540377,-0.7903766632080078
13.35,14.0744705,-0.7244705200195316
12.2,13.593017,-1.3930166244506843
11.049999999999999,13.119023,-2.069023323059083
11.3,12.800308,-1.5003082275390618
11.350000000000001,12.574793,-1.2247928619384751
10.700000000000001,12.387125,-1.687125015258788
10.55,12.446303,-1.8963033676147454
10.65,12.65573,-2.0057302474975582
10.5,12.997736,-2.4977359771728516
10.6,13.492463,-2.8924631118774418
11.0,14.246449,-3.2464494705200195
12.15,15.004059,-2.8540588378906246
13.75,15.886302,-2.1363019943237305
14.199999999999998,16.542788,-2.3427875518798853
14.900000000000002,17.084314,-2.1843143463134744
15.449999999999998,17.374744,-1.9247444152832056
15.449999999999998,17.567375,-2.1173751831054712
14.849999999999998,17.430105,-2.580105209350588
13.899999999999999,17.05193,-3.1519294738769545
12.8,16.56344,-3.763440322875976
12.2,16.046873,-3.846873092651368
11.7,15.451819,-3.7518194198608406
11.75,14.78237,-3.032369613647461
11.049999999999999,14.224942,-3.174942207336427
10.35,13.699297,-3.3492969512939457
10.45,13.196124,-2.7461240768432624
10.5,12.624823,-2.1248226165771484
10.05,12.25579,-2.2057897567749016
10.8,11.975752,-1.175751876831054
10.65,11.742918,-1.0929180145263668
9.5,11.749342,-2.2493419647216797
9.55,11.924409,-2.3744089126586907
9.05,12.265146,-3.2151462554931634
8.65,12.744219,-4.094218826293945
9.6,13.321404,-3.7214044570922855
11.1,13.986245,-2.886245155334473
11.350000000000001,14.809568,-3.4595684051513658
12.1,15.484699,-3.3846992492675785
12.85,16.076073,-3.226072692871094
13.4,16.45359,-3.053590393066406
13.650000000000002,16.628405,-2.978404617309568
13.2,16.551512,-3.351511764526368
12.85,16.247025,-3.397024536132813
12.2,15.734466,-3.5344655990600593
11.65,15.188112,-3.5381122589111325
11.2,14.649837,-3.4498365402221687
10.8,14.112162,-3.3121616363525384
11.6,13.542311,-1.94231071472168
11.9,12.989624,-1.0896240234374996
11.400000000000002,12.425105,-1.0251050949096658
11.1,12.07814,-0.9781402587890629
10.700000000000001,11.682572,-0.9825723648071278
10.8,11.470669,-0.6706687927246087
10.700000000000001,11.400962,-0.7009618759155263
10.45,11.415923,-0.9659231185913093
10.5,11.607347,-1.107346534729004
10.35,11.964369,-1.61436882019043
10.3,12.482438,-2.182438087463378
11.350000000000001,13.074115,-1.7241147994995103
12.75,13.736311,-0.9863109588623047
13.899999999999999,14.328013,-0.4280134201049819
14.900000000000002,14.9093485,-0.009348487854001775
15.75,15.353303,0.3966970443725586
16.0,15.652963,0.34703731536865234
16.25,15.808034,0.44196605682373047
16.1,15.693545,0.4064546585083022
15.499999999999998,15.434326,0.06567382812499822
14.900000000000002,15.023105,-0.12310466766357209
14.250000000000002,14.502832,-0.2528324127197248
12.9,13.900384,-1.0003839492797848
12.050000000000002,13.4206085,-1.37060852050781
10.85,12.884491,-2.0344909667968754
10.4,12.400707,-2.0007072448730465
9.85,11.922033,-2.072033309936524
9.0,11.542346,-2.5423460006713867
7.85,11.162816,-3.3128160476684574
8.0,10.976291,-2.976290702819824
7.65,10.926216,-3.276216125488281
7.8,11.002776,-3.2027761459350588
8.35,11.208746,-2.858745956420899
8.15,11.569251,-3.4192510604858395
7.85,12.059535,-4.209535026550293
8.9,12.639409,-3.7394090652465817
11.8,13.367794,-1.5677940368652337
14.5,14.017487,0.482513427734375
16.5,14.677298,1.822702407836914
17.85,15.259032,2.590967750549318
19.15,15.596812,3.553187751770018
19.35,15.764025,3.585975265502931
19.6,15.690335,3.9096647262573256
18.9,15.411273,3.488726997375487
17.05,15.067751,1.982249069213868
14.1,14.558578,-0.45857753753662145
14.65,14.058474,0.5915264129638675
14.0,13.467747,0.5322532653808594
13.35,12.825813,0.5241867065429684
12.050000000000002,12.305445,-0.2554447174072241
11.049999999999999,11.799478,-0.7494775772094737
9.3,11.249727,-1.949727249145507
10.1,10.896586,-0.7965864181518558
10.05,10.659506,-0.6095058441162102
9.75,10.524864,-0.7748641967773438
9.0,10.585568,-1.5855684280395508
9.1,10.817205,-1.7172054290771488
9.95,11.158353,-1.2083528518676765
10.4,11.598042,-1.1980415344238278
11.9,12.179113,-0.2791133880615231
13.8,12.891906,0.9080942153930671
15.850000000000001,13.673545,2.176455116271974
17.15,14.505152,2.644848251342772
16.8,15.23569,1.5643098831176765
18.05,15.744155,2.3058450698852546
18.6,15.989676,2.610323524475099
19.0,16.008444,2.991556167602539
18.6,15.799017,2.800983047485353
17.25,15.385111,1.864889144897461
15.6,14.803189,0.7968107223510739
15.449999999999998,14.280849,1.1691505432128881
14.55,13.774857,0.7751434326171882
13.05,13.227912,-0.17791194915771413
11.25,12.60094,-1.3509397506713867
9.6,12.027727,-2.4277271270751957
10.0,11.450623,-1.45062255859375
9.7,11.061503,-1.3615034103393562
8.25,10.808977,-2.5589771270751953
7.9,10.664015,-2.7640148162841793
8.4,10.6913595,-2.2913595199584957
8.45,10.852562,-2.4025619506835945
8.1,11.211874,-3.1118740081787113
8.25,11.752774,-3.502774238586426
9.6,12.429967,-2.8299669265747074
12.55,13.143735,-0.5937349319458001
15.200000000000001,13.984101,1.2158987045288097
17.05,14.760818,2.2891824722290046
18.2,15.287706,2.912293624877929
19.05,15.769862,3.2801378250122077
19.35,16.044992,3.3050075531005874
19.6,16.047369,3.552630996704103
19.1,15.845523,3.254477119445802
17.05,15.441069,1.6089313507080085
13.45,14.836013,-1.3860128402709968
12.35,14.290433,-1.9404329299926761
11.3,13.704357,-2.404357147216796
12.55,13.10432,-0.5543195724487298
11.7,12.389314,-0.6893136978149421
10.5,11.662673,-1.162672996520996
9.15,11.137351,-1.987351036071777
8.25,10.754415,-2.5044145584106445
8.35,10.417841,-2.067840957641602
8.5,10.21684,-1.7168397903442383
9.25,10.301128,-1.0511283874511719
9.35,10.503323,-1.1533226013183597
9.35,10.902576,-1.5525764465332035
7.3,11.476416,-4.176415634155274
10.35,12.218988,-1.868988418579102
13.2,13.1076765,0.09232349395751882
15.4,14.069012,1.3309883117675785
16.95,15.017322,1.9326784133911126
17.8,15.827463,1.9725368499755866
18.75,16.3074,2.4426002502441406
19.25,16.535423,2.7145767211914062
19.7,16.481628,3.2183715820312493
19.3,16.208319,3.0916812896728523
17.6,15.701582,1.8984180450439467
15.4,15.011964,0.38803615570068395
12.599999999999998,14.303565,-1.703565025329592
11.949999999999998,13.613558,-1.6635578155517603
12.75,13.015897,-0.2658967971801758
12.15,12.327513,-0.17751274108886683
10.9,11.714486,-0.8144861221313473
9.7,11.188083,-1.488082695007325
8.55,10.6988,-2.148800086975097
8.65,10.345158,-1.6951576232910153
8.65,10.232109,-1.5821090698242184
8.35,10.35048,-2.0004800796508793
8.05,10.65893,-2.608929824829101
8.05,11.064738,-3.0147382736206048
8.1,11.571662,-3.471661949157715
10.3,12.232327,-1.932327461242675
13.05,13.174915,-0.12491531372070241
15.65,14.08839,1.5616096496582035
17.45,14.871682,2.5783178329467766
18.35,15.712353,2.6376472473144545
19.2,16.274677,2.925322723388671
19.7,16.562752,3.137248229980468
20.05,16.55134,3.4986598968505866
19.7,16.288492,3.4115077972412102
17.05,15.817218,1.232782173156739
14.4,15.153409,-0.7534090042114254
13.600000000000001,14.420793,-0.8207925796508775
12.599999999999998,13.642632,-1.0426315307617209
13.1,13.027906,0.07209358215331996
12.1,12.373211,-0.27321090698242223
11.3,11.811921,-0.5119211196899407
10.65,11.253978,-0.6039777755737301
10.0,10.682894,-0.6828937530517578
9.8,10.399155,-0.5991546630859368
9.25,10.349535,-1.0995349884033203
8.5,10.480967,-1.980966567993164
7.95,10.754505,-2.804505157470703
8.45,11.183059,-2.733058738708497
8.7,11.777642,-3.077642250061036
10.65,12.608845,-1.9588447570800778
13.650000000000002,13.631037,0.01896324157715057
16.6,14.650549,1.949451065063478
18.6,15.567966,3.032033538818361
19.95,16.41306,3.5369407653808587
21.1,16.955284,4.144715881347658
21.749999999999996,17.311255,4.438745498657223
22.2,17.332808,4.867192459106445
21.9,17.142754,4.75724639892578
19.9,16.517147,3.382852935791014
17.05,15.878777,1.171223449707032
16.4,15.167015,1.2329849243164048
15.6,14.477802,1.1221977233886715
14.900000000000002,13.852579,1.047420883178713
13.899999999999999,13.220275,0.679725074768065
12.950000000000001,12.527812,0.4221879959106456
12.599999999999998,11.927871,0.6721292495727518
12.2,11.431901,0.7680990219116204
12.2,11.127991,1.0720092773437493
11.949999999999998,11.021841,0.9281589508056616
11.45,10.999779,0.45022125244140554
10.95,11.186915,-0.23691539764404368
10.15,11.508158,-1.3581577301025387
9.6,12.095316,-2.4953159332275394
10.750000000000002,12.917284,-2.1672840118408185
12.050000000000002,13.810733,-1.7607328414916967
14.849999999999998,14.747109,0.10289058685302521
18.25,15.766208,2.483792304992676
20.9,16.599548,4.300451660156249
22.75,17.272078,5.477922439575195
23.3,17.681753,5.618246841430665
23.8,17.787018,6.012982177734376
23.4,17.561234,5.838766479492186
20.3,17.079517,3.2204826354980476
17.1,16.35341,0.7465892791748061
15.7,15.7143135,-0.014313507080078836
14.199999999999998,15.108005,-0.9080045700073267
14.4,14.385685,0.01431503295898473
14.250000000000002,13.618577,0.6314229965209979
15.0,12.862928,2.1370716094970703
11.8,12.299132,-0.4991323471069329
10.6,11.890518,-1.2905181884765629
10.35,11.668682,-1.3186820983886722
10.05,11.561377,-1.5113765716552727
9.85,11.656507,-1.8065065383911136
9.3,11.883695,-2.583694648742675
9.4,12.267936,-2.867935752868652
10.95,12.906114,-1.9561136245727546
13.5,13.675117,-0.17511653900146484
16.9,14.43205,2.4679502487182603
20.25,15.367471,4.882529258728027
23.2,16.334568,6.865431976318359
25.299999999999997,17.328081,7.971918869018552
26.599999999999998,18.174599,8.425401306152342
26.95,18.632402,8.317597579956054
26.9,18.735939,8.164060974121092
25.55,18.458706,7.091294097900391
22.5,17.76556,4.734439849853516
21.850000000000005,16.945705,4.904294586181646
16.8,16.180737,0.6192634582519538
16.0,15.396205,0.603795051574707
16.55,14.734322,1.8156784057617195
12.55,14.082705,-1.532704544067382
13.650000000000002,13.560213,0.08978691101074432
14.1,12.932175,1.1678253173828121
13.05,12.32213,0.7278697967529304
12.2,11.996349,0.20365066528320241
12.15,11.829233,0.3207668304443363
11.8,11.975929,-0.17592926025390554
12.950000000000001,12.216087,0.7339126586914073
13.2,12.685334,0.5146657943725579
13.249999999999998,13.4356,-0.18560028076172053
14.8,14.390942,0.40905838012695384
18.6,15.479524,3.12047634124756
21.850000000000005,16.589273,5.260726547241216
24.2,17.659933,6.540066909790038
26.0,18.623053,7.376947402954102
26.95,19.356705,7.593295288085937
26.8,19.713438,7.0865619659423835
26.7,19.663122,7.036877822875976
25.75,19.253597,6.496402740478516
22.65,18.533285,4.116714859008788
18.55,17.865984,0.6840160369873054
17.95,16.942348,1.00765151977539
15.9,16.103088,-0.20308837890624964
14.250000000000002,15.393086,-1.1430864334106428
14.65,14.534584,0.1154159545898441
15.15,13.912323,1.2376770019531254
15.35,13.490608,1.8593917846679684
14.5,13.0034275,1.496572494506836
14.15,12.703363,1.4466365814208988
14.4,12.551613,1.848387145996094
16.25,12.556986,3.693014144897461
13.7,12.896475,0.8035251617431634
12.950000000000001,13.390858,-0.44085769653320206
12.25,14.0919285,-1.841928482055664
14.7,14.992317,-0.29231719970703196
18.1,16.203571,1.8964286804199233
20.55,17.44767,3.1023300170898445
22.25,18.678106,3.5718936920166016
23.750000000000004,19.58737,4.162630081176761
25.050000000000004,20.17194,4.878060150146489
26.05,20.421616,5.628384399414063
26.3,20.346855,5.953144836425782
25.8,19.767517,6.032482910156251
23.45,19.021557,4.428443145751952
20.35,18.233261,2.116738891601564
19.45,17.395376,2.0546237945556634
17.35,16.553402,0.796598052978517
17.2,15.7128935,1.48710651397705
17.3,14.978186,2.3218143463134773
17.1,14.385457,2.714542961120607
15.95,13.979831,1.970169258117675
15.1,13.627948,1.472052192687988
14.8,13.4355955,1.364404487609864
14.15,13.467145,0.6828550338745121
13.7,13.762058,-0.062058258056641336
13.600000000000001,14.180054,-0.5800537109374986
13.8,14.725426,-0.925425720214843
14.05,15.486524,-1.4365236282348626
16.2,16.383348,-0.18334846496582102
19.0,17.461246,1.5387535095214844
22.25,18.55421,3.695789337158203
24.349999999999998,19.489338,4.86066207885742
23.95,20.249521,3.7004787445068352
25.7,20.65576,5.044240188598632
27.95,20.802689,7.147311401367187
28.399999999999995,20.684954,7.7150463104248
27.7,20.19228,7.507720184326171
25.050000000000004,19.529936,5.520064163208012
22.800000000000004,18.54674,4.253260421752934
21.649999999999995,17.718504,3.931496047973628
20.7,16.924719,3.775281143188476
19.75,16.094011,3.6559886932373047
18.85,15.552308,3.297691917419435
18.6,15.036332,3.5636678695678725
18.25,14.514337,3.735663414001465
18.15,14.054127,4.0958732604980455
17.15,13.811218,3.3387817382812486
17.1,13.673307,3.4266925811767592
16.45,13.832882,2.617118072509765
14.300000000000002,14.169277,0.1307228088378931
14.8,14.712335,0.08766536712646555
15.1,15.43374,-0.3337396621704105
17.15,16.3884,0.7616008758544908
18.55,17.547102,1.002898025512696
21.9,18.673395,3.226604843139647
23.8,19.7051,4.09490089416504
25.7,20.341574,5.358426284790038
26.0,20.7328,5.267200469970703
28.35,20.90815,7.44185028076172
28.1,20.792595,7.307405090332033
27.0,20.355515,6.6444854736328125
24.7,19.661695,5.03830451965332
22.05,18.879406,3.170594024658204
20.35,18.068626,2.2813735961914077
18.5,17.328495,1.1715049743652344
19.85,16.649563,3.200437164306642
15.95,16.136417,-0.18641738891601634
15.4,15.660995,-0.26099452972412074
14.35,15.168531,-0.81853141784668
15.3,14.87841,0.42158966064453196
14.1,14.736501,-0.6365007400512699
15.75,14.707822,1.0421781539916992
13.5,14.815507,-1.315506935119629
13.35,14.961546,-1.6115459442138675
14.75,15.451703,-0.7017030715942383
14.5,16.148205,-1.6482048034667969
15.65,17.073154,-1.4231544494628903
18.25,18.01136,0.23863983154296875
19.9,18.996643,0.9033569335937486
21.649999999999995,19.906647,1.74335327148437
22.949999999999996,20.637472,2.312527847290035
24.05,21.097162,2.952837753295899
24.7,21.334263,3.3657371520996087
24.9,21.2519,3.6481002807617173
24.4,20.82665,3.5733493804931626
22.800000000000004,20.089058,2.710942077636723
20.75,19.302065,1.4479351043701172
19.9,18.46512,1.4348796844482408
19.15,17.630995,1.519005203247069
18.25,16.997316,1.2526836395263672
17.05,16.17039,0.8796108245849616
16.2,15.40085,0.7991497039794915
15.549999999999999,14.716747,0.8332527160644521
15.200000000000001,14.256275,0.9437248229980479
15.1,13.962413,1.1375871658325192
14.55,14.036547,0.5134532928466804
13.55,14.100855,-0.5508548736572259
13.15,14.370111,-1.2201114654541012
12.950000000000001,15.033825,-2.083824920654296
12.15,15.933005,-3.783005332946777
13.95,16.84222,-2.892220306396485
17.95,17.79189,0.15811080932617116
22.5,18.784578,3.715421676635742
26.0,19.695011,6.304988861083984
28.35,20.467667,7.882333374023439
29.65,21.07894,8.571060562133788
29.15,21.29275,7.857250595092772
29.4,21.169123,8.230877304077147
27.300000000000004,20.745157,6.554842758178715
27.75,20.080824,7.66917610168457
24.9,19.27501,5.624990844726561
20.95,18.444078,2.505921554565429
20.3,17.696932,2.603068161010743
21.3,16.983133,4.316866683959962
20.8,16.214975,4.585024642944337
21.3,15.502673,5.797326850891114
21.7,14.924002,6.775998306274413
21.400000000000002,14.475316,6.924683952331545
21.500000000000004,14.17598,7.324020385742191
20.95,14.097448,6.852551651000976
17.8,14.09482,3.705179977416993
19.1,14.481432,4.618568038940431
18.15,14.971347,3.1786531448364244
17.85,15.566723,2.2832771301269545
18.65,16.35057,2.299429321289061
19.95,17.513186,2.4368144989013665
20.85,18.898975,1.9510246276855483
21.95,20.23412,1.7158805847167962
22.9,21.26498,1.6350196838378892
23.15,21.961466,1.1885341644287095
24.15,22.188099,1.9619010925292955
24.249999999999996,22.012087,2.2379131317138636
23.7,21.38082,2.3191806793212884
22.15,20.88029,1.2697109222412095
19.1,20.115305,-1.0153049468994126
18.3,19.125563,-0.825562667846679
17.95,18.269022,-0.3190219879150398
17.5,17.470142,0.029857635498046875
16.65,16.862038,-0.21203765869140767
16.2,16.32311,-0.12311058044433665
15.65,15.980932,-0.3309322357177731
15.4,15.702512,-0.3025117874145504
15.200000000000001,15.5894985,-0.38949851989745987
14.900000000000002,15.515916,-0.6159158706665018
14.65,15.439047,-0.7890468597412106
14.55,15.782276,-1.2322761535644524
14.0,16.1357,-2.135700225830078
13.95,16.649574,-2.699574279785157
15.449999999999998,17.343122,-1.8931224822998072
17.3,18.213907,-0.9139072418212884
18.95,19.050297,-0.10029678344726634
19.8,19.862232,-0.062232208251952414
20.45,20.541878,-0.09187774658203196
20.8,21.015497,-0.21549720764160085
20.5,21.245476,-0.7454757690429688
20.45,21.20884,-0.758839416503907
19.75,20.877964,-1.1279640197753906
18.55,20.257927,-1.707926940917968
17.5,19.32519,-1.8251895904541016
17.1,18.38298,-1.282980346679686
15.4,17.498886,-2.098886108398437
14.35,16.717743,-2.3677429199218754
14.75,15.959011,-1.2090110778808594
14.250000000000002,15.34137,-1.0913696289062482
14.35,14.830999,-0.4809993743896488
14.0,14.409486,-0.4094858169555664
13.35,14.247617,-0.8976167678833011
12.950000000000001,14.220696,-1.270696449279784
12.000000000000002,14.351739,-2.3517389297485334
11.7,14.7441635,-3.0441635131835945
11.25,15.248297,-3.9982967376708984
11.1,16.027403,-4.9274028778076175
12.45,16.983412,-4.53341178894043
14.4,18.030182,-3.6301818847656246
16.35,19.036392,-2.686392211914061
17.9,19.804106,-1.9041057586669936
18.9,20.41834,-1.5183406829833999
18.85,20.748665,-1.8986648559570298
18.55,20.833046,-2.2830459594726555
18.85,20.700836,-1.8508361816406236
18.5,20.455275,-1.9552745819091797
18.0,19.795048,-1.7950477600097656
14.7,18.997507,-4.297507095336915
14.6,18.260273,-3.6602729797363285
13.899999999999999,17.420422,-3.5204216003417983
12.25,16.536657,-4.286657333374023
11.15,15.872676,-4.722675895690918
12.15,15.329213,-3.179213142395019
12.3,14.860679,-2.5606786727905266
11.85,14.500502,-2.65050163269043
11.85,14.228304,-2.378303909301758
11.7,14.031978,-2.3319776535034187
11.350000000000001,14.097332,-2.7473320007324205
11.049999999999999,14.262477,-3.212476921081544
11.049999999999999,14.5339775,-3.483977508544923
9.05,15.025738,-5.975737762451171
12.050000000000002,15.627867,-3.5778667449951147
14.6,16.43678,-1.83678092956543
16.65,17.279184,-0.6291843414306655
17.8,18.106562,-0.30656166076660085
18.55,18.707392,-0.15739173889160085
19.35,19.131285,0.21871528625488423
19.2,19.276945,-0.0769451141357429
19.4,19.168192,0.23180809020995952
18.95,18.852646,0.09735412597656179
17.7,18.312561,-0.6125610351562507
14.6,17.532509,-2.9325088500976566
15.200000000000001,16.79968,-1.5996807098388661
12.7,16.134022,-3.434021759033204
13.5,15.364008,-1.8640079498291016
11.6,14.613115,-3.0131153106689457
11.049999999999999,13.9928255,-2.942825508117677
11.9,13.589393,-1.6893926620483395
11.65,13.225446,-1.575445747375488
11.9,12.984326,-1.084326362609863
11.9,12.926402,-1.0264020919799801
11.6,12.9390135,-1.339013481140137
11.400000000000002,13.164494,-1.7644935607910135
11.3,13.46671,-2.1667100906372063
11.3,13.891812,-2.591812324523925
12.8,14.592468,-1.7924682617187493
14.849999999999998,15.467281,-0.6172813415527365
16.5,16.354963,0.1450366973876953
18.25,17.23285,1.01715087890625
19.6,17.880257,1.7197433471679702
20.15,18.35465,1.7953495025634751
20.8,18.595587,2.2044132232666023
21.05,18.60288,2.4471195220947273
20.7,18.356222,2.3437778472900384
19.25,17.833023,1.4169769287109375
14.849999999999998,17.035063,-2.1850627899169943
13.5,16.254248,-2.7542476654052734
14.45,15.418283,-0.9682834625244148
12.85,14.8232,-1.9732002258300785
11.8,14.048718,-2.2487184524536126
10.700000000000001,13.444643,-2.7446430206298817
10.15,12.999162,-2.8491617202758786
10.35,12.618974,-2.2689737319946293
10.25,12.438752,-2.1887521743774414
10.6,12.366988,-1.7669881820678714
9.4,12.471767,-3.071767425537109
8.45,12.683505,-4.233505058288575
8.8,13.079831,-4.27983112335205
9.15,13.589564,-4.439564323425293
11.85,14.324707,-2.4747070312500004
14.8,15.217575,-0.4175750732421868
17.4,16.057568,1.3424324035644517
19.0,16.93598,2.0640201568603516
19.7,17.706802,1.9931976318359368
20.1,18.192993,1.9070068359375014
20.05,18.5398,1.5101993560791023
19.9,18.64661,1.253389739990233
19.45,18.370344,1.0796558380126946
18.2,17.810308,0.38969154357910085
17.2,16.959585,0.24041481018066335
15.200000000000001,16.111788,-0.9117877960205067
14.849999999999998,15.401881,-0.5518812179565451
13.600000000000001,14.658616,-1.0586160659790025
12.599999999999998,13.968676,-1.3686756134033224
12.9,13.290977,-0.390976524353027
11.6,12.705486,-1.1054862976074222
11.1,12.313209,-1.2132085800170902
10.95,12.043796,-1.093795585632325
10.35,11.982762,-1.6327623367309574
9.6,12.034894,-2.4348939895629886
9.7,12.217558,-2.517557907104493
9.4,12.578634,-3.1786342620849606
9.4,13.242216,-3.842216110229492
10.35,14.1194,-3.769400024414063
11.400000000000002,15.135925,-3.735925292968748
13.15,16.149681,-2.9996810913085934
15.6,17.242605,-1.6426052093505863
16.4,18.099066,-1.6990657806396499
17.15,18.648846,-1.4988456726074233
17.5,18.889706,-1.3897056579589844
17.8,18.833242,-1.0332424163818352
17.8,18.526041,-0.7260410308837884
17.25,17.93986,-0.6898593902587891
16.6,17.289585,-0.6895851135253892
15.6,16.402824,-0.8028244018554691
13.95,15.698989,-1.7489889144897468
13.1,14.998383,-1.8983825683593754
12.7,14.301083,-1.601082611083985
12.599999999999998,13.834585,-1.234585189819338
12.649999999999999,13.337963,-0.6879631042480483
12.45,12.954586,-0.5045860290527351
13.1,12.702868,0.3971315383911129
13.05,12.596532,0.4534681320190437
12.599999999999998,12.629624,-0.029624366760256038
12.15,12.808158,-0.658157920837402
12.35,13.15729,-0.8072904586791996
12.45,13.603727,-1.153727340698243
14.199999999999998,14.308356,-0.10835628509521733
16.35,15.067073,1.2829271316528335
18.1,15.8666,2.2333999633789077
19.3,16.7953,2.504700469970704
20.75,17.530579,3.21942138671875
21.25,18.136337,3.1136627197265625
21.2,18.420868,2.7791320800781243
21.400000000000002,18.418365,2.981634521484377
20.7,18.137808,2.5621921539306634
19.65,17.55907,2.0909294128417955
16.15,16.919943,-0.7699428558349624
15.0,16.284372,-1.284372329711914
13.95,15.530842,-1.5808418273925788
13.2,14.710875,-1.510874557495118
12.8,14.046019,-1.2460186004638665
13.1,13.463081,-0.3630813598632816
13.05,13.01479,0.035210418701172586
12.7,12.611796,0.08820362091064382
10.85,12.431676,-1.5816759109497074
12.1,12.36062,-0.2606195449829105
12.15,12.420328,-0.2703281402587887
12.000000000000002,12.707903,-0.7079029083251935
10.0,13.171256,-3.1712560653686523
10.3,13.795923,-3.495923233032226
13.299999999999999,14.661942,-1.3619415283203136
15.7,15.598359,0.10164089202880788
17.45,16.527529,0.9224712371826165
19.45,17.36795,2.0820495605468743
20.25,18.168367,2.081632614135742
21.3,18.666405,2.633595275878907
21.1,18.9601,2.139899826049806
21.2,18.97017,2.229830932617187
20.75,18.611073,2.138927459716797
19.4,18.154402,1.245598220825194
18.25,17.349129,0.9008712768554688
15.8,16.579493,-0.7794925689697259
17.05,15.752646,1.2973535537719734
16.3,14.976497,1.3235033035278327
16.05,14.298323,1.751677322387696
15.25,13.800038,1.4499616622924805
14.8,13.323123,1.4768770217895515
11.25,13.004383,-1.7543830871582031
11.55,12.697854,-1.147854042053222
11.7,12.569268,-0.8692682266235359
10.9,12.742536,-1.842535591125488
11.25,13.002063,-1.7520627975463867
10.95,13.239946,-2.289946365356446
11.949999999999998,13.665205,-1.7152050018310572
13.85,14.451858,-0.6018575668334964
16.65,15.41373,1.2362703323364244
19.75,16.426281,3.323719024658203
21.2,17.3931,3.8068992614746087
22.700000000000003,18.202526,4.497473907470706
23.3,18.812166,4.487833786010743
23.2,19.146463,4.05353660583496
23.3,19.162971,4.1370285034179695
22.949999999999996,18.9146,4.035399627685543
21.35,18.315716,3.0342842102050795
17.2,17.66202,-0.4620197296142585
17.15,16.78156,0.36843910217285014
14.849999999999998,16.120007,-1.270006561279299
14.05,15.510159,-1.4601585388183587
16.45,14.930567,1.5194332122802727
15.6,14.374277,1.2257228851318356
14.75,13.907521,0.8424787521362305
13.15,13.343932,-0.19393215179443324
15.0,12.8893585,2.1106414794921875
14.5,12.775062,1.7249383926391602
14.05,12.773358,1.2766416549682624
13.4,13.04963,0.3503698348999027
11.25,13.424955,-2.174955368041992
11.6,14.046812,-2.4468120574951175
15.35,14.907842,0.4421583175659176
18.65,15.945496,2.7045043945312486
21.3,17.092892,4.207108306884766
21.400000000000002,18.117287,3.282713317871096
22.55,18.998432,3.5515678405761726
22.949999999999996,19.563984,3.3860160827636676
24.4,19.861818,4.538181686401366
24.85,19.790247,5.059753036499025
23.5,19.46756,4.032440185546875
22.9,18.81165,4.088350677490233
21.95,17.965717,3.984282684326171
21.25,17.159216,4.090784072875977
18.0,16.354044,1.645956039428711
15.65,15.621367,0.02863254547119176
15.3,15.170922,0.12907772064209055
15.15,14.703505,0.44649543762207067
14.75,14.294204,0.4557962417602539
13.95,13.729331,0.22066898345947195
14.7,13.668425,1.031575393676757
14.6,13.631001,0.9689985275268551
13.05,13.696512,-0.6465122222900384
11.8,13.871417,-2.071417045593261
11.1,14.16762,-3.0676197052001957
12.4,14.808006,-2.4080062866210934
14.900000000000002,15.716831,-0.8168312072753885
17.65,16.803724,0.8462757110595689
20.3,17.920082,2.3799179077148445
22.0,18.82268,3.1773204803466797
23.15,19.471111,3.6788887023925767
23.85,19.96076,3.889239883422853
23.7,20.23932,3.4606792449951165
23.85,20.266382,3.583617782592775
23.35,19.93199,3.4180103302001967
21.9,19.43935,2.4606498718261705
19.8,18.774216,1.0257843017578132
18.45,18.05314,0.3968593597412102
17.65,17.15627,0.49373092651367045
16.35,16.13941,0.21058998107910298
15.95,15.352874,0.5971261978149407
14.75,14.638049,0.11195087432861328
14.250000000000002,13.9965,0.2534999847412127
14.250000000000002,13.590191,0.6598091125488299
15.65,13.533824,2.11617603302002
15.449999999999998,13.562902,1.887097549438474
15.05,13.655788,1.3942115783691413
14.250000000000002,13.829722,0.4202775955200213
13.7,14.165198,-0.46519832611084055
13.249999999999998,14.894594,-1.6445941925048846
15.3,15.859711,-0.5597106933593743
17.85,16.963133,0.8868671417236342
20.1,18.110033,1.989966964721681
21.9,19.150023,2.7499774932861314
23.2,20.002293,3.1977073669433587
24.05,20.523226,3.526774215698243
24.000000000000004,20.838928,3.1610717773437536
24.000000000000004,20.777254,3.2227458953857457
22.6,20.404415,2.195584869384767
21.95,19.821352,2.1286479949951165
18.9,19.059643,-0.1596427917480483
17.3,18.223951,-0.923951339721679
18.0,17.445164,0.5548362731933594
16.75,16.73508,0.014919281005859375
15.499999999999998,16.017183,-0.5171833038330096
14.55,15.307889,-0.7578889846801751
13.8,14.730834,-0.9308340072631829
13.15,14.424372,-1.2743717193603512
12.599999999999998,14.26925,-1.6692499160766623
12.25,14.238554,-1.9885540008544922
11.350000000000001,14.320482,-2.970482254028319
10.6,14.507406,-3.9074062347412113
10.65,14.9378,-4.287800407409668
10.9,15.575654,-4.675654029846191
13.75,16.362827,-2.6128273010253906
16.35,17.320095,-0.970095062255858
18.8,18.301537,0.49846343994140696
20.9,19.346642,1.5533584594726548
22.55,20.204273,2.3457267761230476
23.750000000000004,20.882305,2.8676948547363317
23.55,21.152407,2.397593307495118
24.000000000000004,21.03665,2.9633502960205114
23.7,20.670914,3.029086303710937
22.65,20.067627,2.5823730468749986
20.8,19.152569,1.6474311828613288
16.45,18.10826,-1.6582592010498054
15.15,17.22174,-2.0717407226562496
14.75,16.501402,-1.7514019012451172
14.05,15.778723,-1.7287227630615227
14.6,15.059486,-0.4594863891601566
14.5,14.474638,0.025362014770507812
14.05,14.016895,0.033104705810547586
14.300000000000002,13.7112665,0.5887334823608423
14.0,13.499625,0.5003747940063477
14.250000000000002,13.39945,0.8505496978759783
14.6,13.65169,0.9483104705810543
13.7,14.114709,-0.41470890045166087
14.4,14.767096,-0.3670955657958981
16.55,15.716654,0.8333461761474616
18.5,16.781178,1.7188224792480469
20.45,17.893343,2.5566570281982415
22.05,19.032557,3.017443466186524
23.1,20.008677,3.0913234710693374
23.8,20.701109,3.0988910675048835
23.899999999999995,20.988647,2.911352539062495
23.5,20.907234,2.5927658081054688
22.800000000000004,20.595343,2.204657363891606
21.55,20.016893,1.5331066131591804
20.15,19.23677,0.9132293701171861
18.65,18.280117,0.3698829650878892
18.0,17.30476,0.6952400207519531
17.7,16.534458,1.1655418395996087
17.75,15.787482,1.9625177383422852
15.1,15.264278,-0.16427841186523473
16.45,14.815351,1.634649467468261
16.45,14.424023,2.0259773254394524
16.35,14.142176,2.207824325561525
15.95,13.955246,1.9947540283203118
16.15,13.948827,2.2011732101440415
14.35,14.272459,0.07754096984863246
14.5,14.778357,-0.27835655212402344
14.7,15.447008,-0.747008132934571
16.95,16.387474,0.5625259399414055
19.5,17.290829,2.2091712951660156
21.400000000000002,18.242405,3.1575950622558615
22.85,19.16015,3.6898494720459
24.100000000000005,19.95934,4.140660858154302
24.75,20.462461,4.287538528442383
25.55,20.703823,4.846176910400391
25.65,20.61065,5.03935089111328
25.199999999999996,20.293823,4.906176757812496
24.100000000000005,19.74892,4.351079559326177
21.0,19.001188,1.9988117218017578
19.1,18.185127,0.9148727416992202
19.5,17.336977,2.163022994995117
18.3,16.589748,1.7102516174316413
17.6,15.928204,1.6717964172363295
19.05,15.190964,3.859036254882813
18.0,14.70724,3.292759895324707
16.6,14.35328,2.2467199325561538
16.75,14.146017,2.603982925415039
15.8,13.968676,1.8313243865966804
13.899999999999999,14.03684,-0.13684043884277486
13.45,14.23535,-0.7853496551513679
14.199999999999998,14.773711,-0.5737112045288111
13.0,15.597834,-2.5978336334228516
15.549999999999999,16.64373,-1.0937301635742198
17.4,17.760319,-0.36031875610351705
18.95,18.778547,0.1714527130126946
20.2,19.677572,0.5224277496337884
21.05,20.451574,0.5984256744384773
21.7,20.882584,0.8174163818359368
21.9,21.110825,0.7891754150390611
22.15,21.05758,1.092419052124022
21.95,20.643724,1.306275558471679
21.05,20.097645,0.9523551940917976
17.9,19.210762,-1.3107620239257827
17.35,18.394869,-1.0448688507080064
15.65,17.606993,-1.9569927215576168
15.35,16.917799,-1.56779899597168
14.45,16.310211,-1.8602111816406257
13.8,15.810652,-2.010651779174804
13.1,15.362578,-2.262578392028809
12.45,15.020037,-2.570036697387696
12.9,14.81576,-1.9157596588134762
12.7,14.683302,-1.9833019256591804
12.4,14.58755,-2.1875501632690426
11.949999999999998,14.709636,-2.759635734558108
11.7,15.169219,-3.4692190170288093
12.25,15.627245,-3.3772449493408203
15.200000000000001,16.477257,-1.2772567749023427
18.55,17.498938,1.0510623931884773
20.65,18.516054,2.1339458465576158
21.749999999999996,19.391802,2.358198165893551
22.65,20.082987,2.5670131683349595
23.35,20.550318,2.799682235717775
23.35,20.787256,2.562743759155275
23.55,20.700558,2.8494422912597663
23.25,20.445007,2.80499267578125
22.3,19.919338,2.3806617736816413
18.1,19.086441,-0.9864410400390611
17.95,18.257286,-0.30728607177734446
17.55,17.483183,0.06681709289550852
15.9,16.719805,-0.819804763793945
15.200000000000001,15.986022,-0.7860219955444325
13.95,15.357129,-1.407129096984864
13.4,14.805534,-1.4055343627929684
13.299999999999999,14.30219,-1.002189826965333
13.650000000000002,13.987246,-0.3372455596923807
13.8,13.901977,-0.10197658538818288
13.75,13.944424,-0.19442367553710938
13.35,14.192923,-0.8429225921630863
13.05,14.670909,-1.6209089279174798
13.600000000000001,15.26761,-1.66760959625244
16.75,16.166664,0.5833358764648438
20.15,17.298958,2.8510421752929673
23.3,18.379387,4.920613098144532
25.199999999999996,19.371351,5.828648757934566
26.05,20.193043,5.856957244873048
26.45,20.66404,5.785960388183593
26.1,20.86213,5.23787078857422
26.250000000000004,20.827456,5.422544479370121
25.7,20.528421,5.17157859802246
24.3,19.983166,4.316834259033204
19.95,19.02692,0.9230796813964837
18.15,18.302994,-0.15299377441406392
19.1,17.57681,1.5231891632080092
17.75,16.824257,0.9257431030273438
16.4,16.080536,0.3194641113281236
15.3,15.402589,-0.1025888442993157
14.4,14.781466,-0.38146553039550746
13.899999999999999,14.338435,-0.4384351730346694
14.1,14.172118,-0.07211818695068395
14.7,14.113683,0.5863172531127923
14.65,14.298505,0.3514951705932621
14.15,14.646606,-0.49660644531249964
13.85,15.080513,-1.2305130004882816
14.35,15.807467,-1.4574674606323246
15.4,16.793722,-1.3937221527099606
17.35,17.949484,-0.5994838714599595
19.55,19.09376,0.45624046325683665
21.8,20.116508,1.683491516113282
23.8,20.978897,2.821102905273438
25.199999999999996,21.53731,3.6626903533935504
25.4,21.775007,3.624992752075194
26.05,21.725094,4.324906158447266
25.85,21.436695,4.413304901123048
24.6,20.831938,3.7680622100830092
22.949999999999996,19.93533,3.0146705627441364
22.15,19.02185,3.1281494140624986
19.5,18.140228,1.359771728515625
20.5,17.31285,3.1871490478515625
17.8,16.458776,1.3412235260009773
15.95,15.670542,0.2794582366943352
14.65,14.8926935,-0.2426935195922848
14.35,14.343156,0.0068441390991207385
14.8,14.001196,0.7988040924072273
14.45,13.922761,0.5272390365600579
14.7,14.048961,0.6510393142700188
14.250000000000002,14.352906,-0.10290622711181463
13.85,14.842205,-0.9922050476074222
14.7,15.658048,-0.9580476760864265
18.05,16.644459,1.4055412292480476
21.35,17.727749,3.622251129150392
24.249999999999996,18.781288,5.46871185302734
26.350000000000005,19.918741,6.431258773803716
27.549999999999997,20.95969,6.5903099060058565
28.150000000000002,21.685623,6.46437683105469
28.1,22.02869,6.071309661865236
28.399999999999995,22.093586,6.306414031982417
28.150000000000002,21.879757,6.270243072509768
25.900000000000002,21.131395,4.768604660034182
21.850000000000005,20.469866,1.3801342010498097
20.5,19.785192,0.7148075103759766
19.65,18.965897,0.6841033935546861
18.55,18.292353,0.25764732360839915
19.05,17.588638,1.4613616943359382
18.45,16.80466,1.6453392028808587
18.25,16.26563,1.9843692779541016
18.0,15.908244,2.0917558670043945
18.75,15.678123,3.0718765258789062
18.7,15.700126,2.999874305725097
18.55,15.918145,2.6318548202514656
18.1,16.2582,1.8418003082275405
17.65,16.78936,0.8606399536132798
18.15,17.526762,0.6232379913330064
20.8,18.499071,2.3009288787841804
23.899999999999995,19.588451,4.311548614501948
26.499999999999996,20.709772,5.790227890014645
28.600000000000005,21.71363,6.886369323730474
30.0,22.515432,7.484567642211914
31.05,23.081902,7.968098449707032
31.949999999999996,23.24471,8.705289077758785
32.05,23.166681,8.883318710327146
31.55,22.83538,8.714619445800782
29.699999999999996,22.011713,7.688286972045894
24.8,21.096874,3.703125762939454
22.700000000000003,20.154013,2.545987319946292
22.4,19.223473,3.176527404785155
20.75,18.338415,2.4115848541259766
18.3,17.628574,0.6714256286621101
16.65,16.989815,-0.33981475830078267
15.6,16.484814,-0.8848136901855472
14.55,16.122295,-1.5722953796386712
15.549999999999999,16.021095,-0.4710952758789073
16.15,16.077871,0.07212867736816264
16.3,16.266277,0.033722686767578836
15.850000000000001,16.637432,-0.7874320983886705
14.8,17.195663,-2.395663452148437
14.75,18.011856,-3.2618560791015625
17.65,19.127954,-1.477954483032228
20.7,20.341896,0.35810394287109304
23.750000000000004,21.611217,2.1387825012207067
26.55,22.75893,3.7910697937011726
28.65,23.718615,4.931385421752928
29.800000000000004,24.250431,5.549568939208989
29.699999999999996,24.503115,5.196885299682613
30.049999999999997,24.431158,5.618841934204099
29.699999999999996,24.021013,5.6789867401123
28.0,23.408457,4.591543197631836
23.049999999999997,22.372795,0.6772048950195284
23.4,21.316177,2.083822631835936
22.65,20.377415,2.272585296630858
22.35,19.390488,2.959512329101564
22.4,18.44572,3.9542793273925767
22.35,17.568169,4.781831359863283
22.949999999999996,16.892689,6.057311248779293
22.9,16.283073,6.61692657470703
22.25,16.150015,6.099985122680664
21.45,16.237148,5.21285171508789
21.45,16.503267,4.9467327117919915
19.0,16.904991,2.0950088500976562
16.85,17.4625,-0.612499618530272
18.1,18.119535,-0.019535446166990766
20.25,19.143866,1.1061344146728516
22.05,20.399857,1.6501434326171882
23.85,21.779526,2.070474243164064
25.65,23.103333,2.5466674804687486
27.05,24.19197,2.858029174804688
28.05,24.869164,3.180836486816407
28.2,25.139648,3.0603515624999993
28.45,25.007202,3.4427978515624993
27.95,24.558628,3.3913719177246087
26.55,23.78473,2.765269088745118
21.649999999999995,22.617851,-0.9678512573242237
20.4,21.616236,-1.216235733032228
18.8,20.768555,-1.9685546874999993
18.5,20.010637,-1.5106372833251953
18.55,19.29879,-0.748789978027343
17.6,18.844135,-1.2441352844238267
16.9,18.513128,-1.6131282806396499
16.4,18.373943,-1.9739433288574233
16.15,18.347593,-2.1975933074951186
15.9,18.424856,-2.5248561859130856
15.25,18.65772,-3.4077205657958984
14.0,18.895094,-4.89509391784668
16.0,19.094751,-3.0947513580322266
15.25,19.507156,-4.2571563720703125
18.15,20.289948,-2.1399475097656264
22.099999999999998,21.282692,0.8173080444335916
25.6,22.31443,3.285569763183595
28.05,23.338482,4.711518096923829
29.800000000000004,24.24253,5.557469177246098
31.099999999999998,24.83217,6.2678295135498026
31.65,25.05861,6.591389083862303
32.2,24.918844,7.281155776977542
31.75,24.475946,7.274053573608398
28.95,23.61713,5.332869720458984
28.55,22.365015,6.184984970092774
22.3,21.256924,1.0430763244628913
21.05,20.143211,0.906788635253907
20.75,19.25429,1.4957103729248047
21.9,18.449173,3.450827026367186
21.95,17.642813,4.307187271118163
21.8,17.041983,4.758017349243165
22.05,16.599419,5.450581359863282
22.6,16.355595,6.244405364990236
22.45,16.33603,6.113970947265624
22.3,16.469866,5.830134201049805
22.2,16.669144,5.530856323242187
22.15,17.340202,4.80979766845703
22.700000000000003,18.067076,4.632924270629886
25.25,19.137032,6.112968444824219
28.05,20.517828,7.532172012329102
28.9,22.037804,6.862196350097655
29.75,23.40415,6.345849990844727
30.35,24.46794,5.882060623168947
30.7,25.128206,5.5717937469482415
30.999999999999996,25.411417,5.588582992553707
31.6,25.322287,6.2777133941650405
30.649999999999995,24.83438,5.815620803833003
28.8,23.83241,4.967589187622071
25.6,23.16152,2.4384799957275405
23.5,22.10065,1.3993492126464844
21.45,21.048714,0.40128631591796804
19.45,20.182085,-0.732085037231446
18.95,19.649748,-0.6997478485107429
17.85,19.170992,-1.3209918975830064
16.6,18.828592,-2.2285923004150376
15.8,18.53622,-2.7362205505371087
14.900000000000002,18.413963,-3.5139633178710916
16.45,18.404608,-1.9546077728271491
16.05,18.41599,-2.3659908294677727
15.1,18.588758,-3.48875846862793
14.95,19.179585,-4.229584503173829
15.200000000000001,19.83794,-4.637940216064452
17.45,20.834967,-3.384966659545899
19.55,21.887554,-2.337554168701171
21.45,23.060495,-1.6104953765869148
23.0,23.978167,-0.9781665802001953
24.2,24.655834,-0.4558341979980476
24.950000000000003,25.023796,-0.07379608154296591
25.050000000000004,25.092182,-0.04218215942382386
25.199999999999996,25.010462,0.18953819274901917
24.7,24.479414,0.2205860137939446
23.650000000000002,23.588213,0.06178703308105682
20.6,22.663042,-2.063042068481444
19.6,21.532356,-1.9323562622070298
18.4,20.525036,-2.1250358581542983
17.2,19.463379,-2.2633789062500007
15.95,18.5825,-2.6325004577636726
14.65,17.826761,-3.1767612457275387
14.0,17.08678,-3.086780548095703
13.7,16.579826,-2.8798263549804695
13.1,16.159159,-3.0591587066650394
12.950000000000001,16.240591,-3.290591049194335
12.000000000000002,16.469397,-4.469396591186522
12.050000000000002,17.050383,-5.00038261413574
11.8,17.675648,-5.875647735595702
13.1,18.587807,-5.487806701660157
15.4,19.782757,-4.3827568054199215
17.45,21.11508,-3.665079879760743
19.2,22.30465,-3.1046493530273445
20.85,23.352064,-2.5020641326904283
22.25,24.091047,-1.8410472869873047
23.25,24.608843,-1.3588428497314453
23.049999999999997,24.704182,-1.654181671142581
23.2,24.452984,-1.2529838562011726
22.700000000000003,23.81383,-1.1138294219970675
22.45,23.054825,-0.6048248291015632
21.649999999999995,21.95809,-0.3080898284912159
19.6,20.91837,-1.3183692932128892
18.05,20.040909,-1.9909088134765618
17.25,19.245106,-1.9951057434082031
16.05,18.523504,-2.4735042572021477
15.200000000000001,17.83125,-2.631249237060546
14.4,17.250074,-2.8500743865966793
13.75,16.879986,-3.129985809326172
13.4,16.610018,-3.2100177764892575
13.35,16.628622,-3.2786220550537113
12.8,16.640263,-3.840262603759765
11.949999999999998,16.851797,-4.901797103881838
11.400000000000002,17.211605,-5.811605072021482
13.2,17.79271,-4.592709350585938
15.25,18.74948,-3.499479293823242
17.4,19.797268,-2.397267913818361
18.7,20.84559,-2.1455905914306648
20.25,21.844152,-1.5941524505615234
21.500000000000004,22.736105,-1.2361049652099574
22.55,23.293016,-0.7430164337158196
24.9,23.446846,1.4531539916992173
25.55,23.242254,2.3077457427978523
24.6,22.68034,1.9196601867675795
23.1,22.006563,1.0934368133544936
20.8,21.105198,-0.3051979064941399
19.2,20.118402,-0.9184024810791023
18.15,19.15133,-1.001330947875978
17.25,18.31627,-1.0662708282470703
16.4,17.44906,-1.049060440063478
15.35,16.716484,-1.366484069824219
14.45,16.055061,-1.605061340332032
13.7,15.554966,-1.8549659729003913
13.35,15.331336,-1.9813360214233402
12.85,15.209943,-2.3599428176879886
11.9,15.24813,-3.348129844665527
11.350000000000001,15.508925,-4.158925437927245
11.2,15.838715,-4.638714599609376
13.05,16.60664,-3.556639862060546
15.35,17.530018,-2.1800178527832035
17.65,18.520239,-0.8702388763427749
19.6,19.54131,0.058690643310548296
21.400000000000002,20.444513,0.9554866790771506
23.0,21.269737,1.7302627563476562
24.100000000000005,21.862803,2.237197494506841
24.5,22.253534,2.2464656829833984
25.050000000000004,22.32195,2.7280490875244183
24.9,22.009241,2.890758895874022
23.95,21.333862,2.6161376953124993
19.7,20.477024,-0.7770240783691413
18.55,19.468136,-0.9181358337402337
17.35,18.520533,-1.1705326080322251
17.15,17.642525,-0.49252471923828267
16.85,16.849659,0.0003410339355482961
15.75,16.165426,-0.41542625427246094
14.8,15.461211,-0.6612112045288079
14.1,14.931876,-0.8318761825561527
13.95,14.504798,-0.5547979354858406
13.249999999999998,14.291272,-1.041272163391115
12.050000000000002,14.28366,-2.233659934997556
14.0,14.436659,-0.4366588592529297
12.35,14.9081,-2.5581001281738285
13.650000000000002,15.733066,-2.083065605163572
16.4,16.727821,-0.32782135009765767
20.05,17.808912,2.241087722778321
23.0,18.965837,4.034162521362305
24.950000000000003,20.031664,4.9183361053466825
26.45,20.900532,5.549468231201171
27.549999999999997,21.608503,5.9414966583251925
28.05,21.96955,6.080450820922852
28.35,22.068096,6.2819038391113295
27.799999999999997,21.889996,5.910004425048825
26.7,21.353207,5.346793365478515
21.8,20.385073,1.414927291870118
20.5,19.380476,1.1195240020751953
19.2,18.457998,0.7420017242431634
19.5,17.644117,1.8558826446533203
20.75,16.894539,3.8554611206054688
17.05,16.18854,0.8614604949951179
16.0,15.538488,0.46151161193847656
15.15,14.990928,0.159072303771973
14.75,14.613556,0.136444091796875
14.8,14.39739,0.4026096343994148
14.15,14.312112,-0.1621118545532223
13.7,14.705926,-1.0059259414672859
12.950000000000001,15.1838665,-2.233866500854491
14.8,15.938954,-1.1389543533325188
17.2,17.003063,0.19693679809570241
20.05,18.2757,1.774300384521485
22.800000000000004,19.630186,3.169813919067387
25.0,20.863995,4.136005401611328
26.65,21.91956,4.730440521240233
27.799999999999997,22.625856,5.174143600463864
27.75,22.984997,4.765003204345703
27.9,22.931067,4.968933486938475
27.449999999999996,22.585052,4.864947509765621
26.3,21.985102,4.314898300170899
21.749999999999996,20.913593,0.8364067077636683
20.95,19.862284,1.0877162933349602
20.9,18.93414,1.9658607482910142
19.3,18.160862,1.13913803100586
18.05,17.611496,0.4385040283203132
17.1,16.86828,0.23171958923339986
16.35,16.068506,0.28149375915527486
15.6,15.472932,0.12706813812255824
15.25,15.065461,0.1845388412475586
14.8,14.94435,-0.14435024261474538
14.35,14.960434,-0.6104339599609379
13.899999999999999,15.2101555,-1.3101554870605483
13.600000000000001,15.6177225,-2.0177225112915025
14.6,16.430027,-1.830027008056641
16.6,17.471678,-0.8716777801513658
18.8,18.677256,0.12274436950683665
19.8,19.973425,-0.17342491149902273
21.1,21.190989,-0.09098854064941264
21.25,22.256546,-1.0065460205078125
22.2,23.025206,-0.8252056121826179
23.25,23.337051,-0.0870513916015625
23.15,23.345613,-0.19561347961425923
24.000000000000004,22.98292,1.0170803070068395
23.0,22.28523,0.7147693634033203
20.55,21.241776,-0.6917755126953118
19.0,20.251942,-1.2519416809082031
17.6,19.349674,-1.7496742248535142
18.0,18.51814,-0.5181407928466797
16.95,17.67503,-0.7250297546386726
16.0,16.843884,-0.8438835144042969
15.1,16.166826,-1.0668262481689457
14.300000000000002,15.606255,-1.3062545776367163
14.05,15.298068,-1.2480680465698235
13.55,15.144978,-1.5949775695800774
13.2,15.254326,-2.0543258666992195
12.85,15.546091,-2.6960910797119144
12.4,16.09762,-3.697620010375976
13.5,16.949526,-3.449525833129883
16.05,18.008377,-1.9583770751953118
17.9,19.191929,-1.291928863525392
19.6,20.327452,-0.7274517059326158
21.2,21.341753,-0.14175300598144602
22.6,22.097301,0.5026985168457045
23.650000000000002,22.59647,1.0535301208496115
23.95,22.838533,1.1114665985107415
24.45,22.752987,1.697013092041015
24.249999999999996,22.455765,1.794235229492184
23.35,21.80224,1.5477596282958999
20.6,20.897177,-0.2971767425537095
19.0,19.962145,-0.9621448516845703
18.8,19.08808,-0.2880794525146477
17.25,18.297478,-1.0474777221679688
16.25,17.43187,-1.1818695068359375
15.499999999999998,16.624058,-1.1240577697753924
14.8,15.899782,-1.099782180786132
14.15,15.309839,-1.1598392486572262
13.85,15.024595,-1.1745952606201175
13.45,14.845152,-1.395151901245118
12.950000000000001,14.89655,-1.946550178527831
12.649999999999999,15.17121,-2.5212102890014663
12.25,15.730802,-3.480801582336426
13.45,16.494225,-3.0442245483398445
15.850000000000001,17.596312,-1.7463115692138658
18.35,18.812742,-0.46274223327636577
20.8,19.932606,0.8673942565917976
22.800000000000004,20.997053,1.8029468536376996
24.3,21.859264,2.440735626220704
25.45,22.45862,2.9913799285888665
25.7,22.76335,2.9366504669189446
26.05,22.69113,3.3588703155517585
25.6,22.392351,3.207648849487306
24.5,21.75021,2.7497901916503906
22.25,20.904991,1.3450088500976562
21.1,19.963175,1.1368251800537124
19.7,19.093391,0.606608581542968
18.0,18.104782,-0.1047821044921875
16.7,17.199667,-0.49966697692871165
15.8,16.455517,-0.6555168151855462
15.05,15.757586,-0.7075855255126946
14.45,15.204004,-0.7540042877197273
14.199999999999998,14.888296,-0.6882961273193384
13.650000000000002,14.728009,-1.0780092239379861
13.299999999999999,14.738042,-1.438041877746583
13.0,14.938012,-1.9380121231079102
11.5,15.358287,-3.8582868576049805
13.7,16.097807,-2.397806930541993
16.7,17.090193,-0.3901927947998054
20.05,18.23781,1.8121898651123054
23.7,19.45143,4.24857063293457
26.7,20.566118,6.133881759643554
28.65,21.545918,7.1040824890136705
30.1,22.264431,7.835569000244142
29.95,22.629496,7.32050437927246
30.2,22.643053,7.556946945190429
29.800000000000004,22.314032,7.485968399047856
27.5,21.72802,5.771980285644531
23.15,20.857883,2.292116546630858
19.9,19.97004,-0.07003936767578267
18.5,19.129845,-0.6298446655273438
18.8,18.17188,0.6281192779541023
19.85,17.260633,2.5893665313720717
19.8,16.441723,3.358277130126954
19.0,15.724529,3.275470733642578
18.75,15.20591,3.5440902709960938
19.8,14.850297,4.949703025817872
19.65,14.709591,4.940409088134764
19.4,14.749005,4.65099468231201
19.45,15.04598,4.404019546508788
19.9,15.414745,4.485254669189452
20.85,16.278196,4.571803665161134
23.85,17.475313,6.374686813354494
26.65,18.80889,7.841110610961913
28.399999999999995,20.272303,8.127697372436518
29.800000000000004,21.607496,8.192503738403325
30.8,22.737848,8.06215171813965
31.25,23.520994,7.729005813598633
30.15,23.821442,6.328558349609374
30.15,23.765358,6.384642028808592
29.5,23.449009,6.050991058349609
28.2,22.683771,5.516228866577148
24.7,21.643827,3.056172561645507
22.65,20.516115,2.1338848114013658
21.35,19.382198,1.967801666259767
19.85,18.475437,1.3745628356933608
17.7,17.861874,-0.16187362670898509
16.5,17.308167,-0.80816650390625
15.65,16.872839,-1.222838973999023
14.849999999999998,16.496378,-1.6463779449462912
14.8,16.486618,-1.6866180419921868
14.4,16.525152,-2.125152206420898
13.7,16.75322,-3.053219604492188
14.849999999999998,17.195786,-2.3457855224609396
14.6,17.915558,-3.3155578613281254
15.3,18.88543,-3.585429382324218
18.7,20.02801,-1.3280094146728523
22.05,21.28219,0.7678096771240241
24.65,22.493025,2.156975173950194
26.3,23.56521,2.734789657592774
27.549999999999997,24.329226,3.2207744598388643
28.45,24.879662,3.5703384399414055
28.399999999999995,24.90493,3.4950698852539013
28.8,24.678175,4.121825027465821
28.399999999999995,24.249632,4.150368118286128
27.35,23.487022,3.8629776000976577
23.049999999999997,22.419912,0.6300876617431612
21.25,21.234442,0.015558242797851562
19.3,20.061384,-0.761384201049804
19.75,19.02961,0.7203903198242188
18.3,18.013002,0.2869976043701179
18.2,17.183897,1.016102981567382
16.4,16.4002,-0.00019989013672017109
15.200000000000001,15.87169,-0.6716897964477528
16.0,15.557666,0.4423341751098633
14.6,15.474504,-0.8745044708251957
14.0,15.605218,-1.6052179336547852
13.5,16.09941,-2.5994091033935547
12.7,16.906109,-4.206108856201173
16.0,17.815308,-1.8153076171875
20.55,19.192287,1.3577125549316413
25.55,20.743858,4.806141662597657
28.95,22.29992,6.6500808715820305
30.400000000000002,23.573423,6.826576614379885
31.15,24.51292,6.637079620361327
31.700000000000003,25.090733,6.609267425537112
31.65,25.15816,6.491840744018553
31.5,24.883009,6.61699104309082
30.899999999999995,24.281586,6.61841430664062
29.6,23.471087,6.128913497924806
26.4,22.296173,4.103826904296874
25.050000000000004,21.212257,3.837742614746098
24.2,20.267784,3.9322158813476555
22.800000000000004,19.49316,3.30683975219727
22.0,18.737228,3.2627716064453125
21.3,18.132729,3.1672714233398445
20.7,17.60635,3.09365005493164
19.8,17.23141,2.568590927124024
19.15,17.140808,2.0091918945312486
18.25,17.087341,1.16265869140625
15.8,17.150719,-1.350718688964843
19.7,17.33911,2.360890579223632
20.05,17.650173,2.3998268127441413
18.75,18.366058,0.383941650390625
22.5,19.594557,2.9054431915283203
25.75,21.121641,4.628358840942383
28.7,22.5139,6.186099243164062
31.6,23.636246,7.963754272460939
33.55,24.367943,9.182057189941403
34.5,24.76022,9.73978042602539
34.7,24.832489,9.867510986328128
34.8,24.624043,10.175957489013669
34.25,24.082148,10.167852401733398
32.2,23.336926,8.863074493408206
30.400000000000002,22.364157,8.035843276977541
26.55,21.375618,5.1743820190429695
23.6,20.395256,3.2047439575195327
21.25,19.530128,1.7198715209960938
18.9,18.70453,0.19546928405761577
20.45,18.11585,2.334149551391601
20.65,17.607208,3.0427917480468736
19.85,17.188143,2.6618572235107436
19.1,16.95968,2.140319442749025
19.2,16.859238,2.340762329101562
19.35,16.97088,2.37911949157715
19.15,17.572899,1.5771011352539048
18.85,18.453379,0.39662132263183736
20.6,19.294802,1.3051982879638686
24.7,20.420727,4.279273223876952
28.600000000000005,21.77426,6.825740432739263
31.949999999999996,23.10873,8.841269683837886
34.6,24.312414,10.287585830688478
35.9,25.24507,10.654930496215819
36.45,25.759272,10.690728378295901
36.5,25.868313,10.63168716430664
36.3,25.615982,10.684017944335935
35.6,25.113543,10.486457443237306
34.3,24.153177,10.146822738647458
32.1,23.260536,8.839463806152345
26.250000000000004,22.19933,4.0506706237793
23.750000000000004,21.110283,2.639717102050785
21.2,20.053429,1.1465713500976555
19.0,19.080862,-0.08086204528808594
18.15,18.398653,-0.24865303039550923
17.65,18.001953,-0.3519531250000014
17.05,17.721077,-0.6710769653320305
17.15,17.530088,-0.3800884246826186
17.05,17.565111,-0.5151111602783196
17.05,17.897402,-0.8474018096923821
16.7,18.616951,-1.916950988769532
15.95,19.627108,-3.6771076202392585
16.65,20.729454,-4.079454040527345
17.95,22.072054,-4.1220539093017585
18.75,23.479946,-4.729946136474609
19.8,24.825241,-5.025241088867187
20.3,26.002352,-5.702351760864257
21.55,26.902538,-5.352538299560546
22.2,27.339167,-5.139166641235352
21.850000000000005,27.316788,-5.4667877197265575
22.15,26.880383,-4.730382537841798
22.0,26.10272,-4.102720260620117
21.25,25.056002,-3.806001663208008
18.4,23.923035,-5.523034667968751
17.5,22.367977,-4.867977142333984
16.5,20.879177,-4.379177093505859
15.6,19.610905,-4.010904693603516
13.8,18.423563,-4.623563003540038
12.599999999999998,17.57401,-4.974010848999026
12.000000000000002,16.96755,-4.967550277709959
12.35,16.5703,-4.220299148559571
11.6,16.471596,-4.871595764160157
11.6,16.705263,-5.105263137817383
12.3,17.276657,-4.976657104492187
11.949999999999998,17.783508,-5.8335083007812525
11.9,18.31212,-6.41212043762207
14.15,19.191555,-5.041555023193359
17.75,20.354927,-2.6049270629882812
20.25,21.53552,-1.2855205535888672
21.850000000000005,22.780352,-0.9303516387939403
23.1,23.848999,-0.7489990234374986
24.100000000000005,24.7406,-0.640600585937495
24.85,25.298775,-0.44877471923827983
24.6,25.440971,-0.8409713745117173
24.9,25.164295,-0.26429519653320455
24.6,24.485125,0.11487541198730611
23.899999999999995,23.686787,0.2132133483886669
20.25,22.50456,-2.2545604705810547
19.3,21.232393,-1.932393264770507
19.2,20.136362,-0.9363620758056648
17.65,19.17213,-1.5221305847167983
16.55,18.295431,-1.7454311370849602
15.549999999999999,17.52205,-1.9720508575439464
14.7,16.849903,-2.149903106689454
14.05,16.521093,-2.4710933685302727
13.85,16.299364,-2.4493640899658207
13.45,16.33198,-2.8819797515869148
13.0,16.580559,-3.5805587768554688
12.5,16.898132,-4.39813232421875
12.2,17.295267,-5.09526710510254
13.7,18.052008,-4.352007675170899
16.4,19.13968,-2.7396808624267592
19.2,20.28696,-1.0869606018066413
21.8,21.417383,0.38261680603027415
24.3,22.454435,1.8455646514892585
26.499999999999996,23.213713,3.2862873077392543
28.150000000000002,23.783989,4.366011047363283
28.3,23.934196,4.365803527832032
28.8,23.800053,4.999947357177735
28.600000000000005,23.386282,5.213718032836919
27.549999999999997,22.666454,4.88354568481445
23.3,21.480558,1.8194416046142585
21.7,20.429325,1.2706748962402337
22.099999999999998,19.567348,2.5326515197753885
20.3,18.663746,1.6362541198730476
19.05,17.871422,1.178578186035157
18.05,17.160408,0.8895919799804695
17.4,16.469927,0.9300731658935533
16.55,16.022253,0.5277469635009773
15.9,15.690249,0.20975055694580114
15.35,15.547951,-0.1979507446289066
14.45,15.57944,-1.129440116882325
14.45,15.766875,-1.3168752670288093
13.899999999999999,16.19333,-2.2933307647705092
15.25,16.83814,-1.5881404876708984
18.35,17.727764,0.6222358703613295
21.8,18.839394,2.9606063842773445
24.75,19.980997,4.769002914428711
27.1,21.133392,5.966607666015626
28.95,22.188387,6.7616130828857415
30.45,22.869984,7.580016326904296
30.55,23.193409,7.356591033935548
31.05,23.189491,7.8605087280273445
30.649999999999995,22.825064,7.824936294555659
29.05,22.220297,6.82970314025879
25.900000000000002,21.20889,4.69110908508301
25.35,20.189753,5.16024742126465
23.85,19.309803,4.540196990966798
22.2,18.408358,3.7916423797607415
21.45,17.530827,3.9191734313964837
21.2,16.835016,4.364983749389648
21.1,16.25487,4.845130538940431
21.7,15.746864,5.953135681152343
20.85,15.447514,5.402486419677736
20.1,15.352287,4.747712707519533
23.15,15.434179,7.715820693969725
22.949999999999996,15.750261,7.1997386932373
21.7,16.30263,5.397370529174804
23.2,17.122051,6.077948760986327
23.5,18.213837,5.286163330078125
24.6,19.559925,5.040074920654298
27.7,20.951336,6.748664093017577
28.05,22.22529,5.824709701538087
27.95,23.2609,4.689099502563476
28.150000000000002,23.968481,4.181518936157229
31.55,24.25967,7.290329742431641
29.65,24.218401,5.431599044799803
29.699999999999996,23.882202,5.817797851562496
28.45,23.134459,5.315541458129882
28.7,22.175797,6.524203491210937
24.8,21.272537,3.527462768554688
26.2,20.3162,5.883799743652343
21.3,19.320444,1.9795558929443366
18.25,18.43415,-0.18415069580078125
17.45,17.757923,-0.30792312622070384
16.9,17.276863,-0.37686309814453267
16.35,16.994547,-0.6445468902587876
16.05,16.766695,-0.7166950225830071
15.95,16.671955,-0.7219551086425788
15.0,17.162617,-2.162616729736328
14.15,17.82257,-3.6725708007812496
13.7,18.565012,-4.865011978149415
14.900000000000002,19.51162,-4.611619567871092
16.7,20.530746,-3.830746459960938
18.05,21.59814,-3.5481407165527337
19.3,22.886208,-3.5862075805664055
20.4,23.931559,-3.5315586090087905
21.15,24.612265,-3.4622646331787124
21.8,24.960545,-3.16054458618164
22.35,25.274462,-2.924461746215819
21.7,25.053762,-3.3537624359130866
21.45,24.546375,-3.096375274658204
21.15,23.771671,-2.621671295166017
19.7,22.932062,-3.2320621490478523
17.75,21.859594,-4.109594345092773
16.65,20.92905,-4.279050445556642
15.549999999999999,19.622316,-4.072316360473634
14.5,18.201342,-3.7013416290283203
13.05,17.18644,-4.1364395141601555
12.8,16.517824,-3.717824172973632
12.7,16.030891,-3.330891418457032
12.35,15.785258,-3.435258293151856
12.55,15.744489,-3.1944887161254876
12.45,16.053879,-3.603878784179688
12.3,16.51474,-4.214739990234374
12.45,17.270536,-4.820536422729493
14.199999999999998,18.31189,-4.1118896484375025
16.4,19.46805,-3.0680500030517592
18.1,20.576864,-2.4768642425537095
19.7,21.727343,-2.027342605590821
20.75,22.691484,-1.9414844512939453
22.0,23.3674,-1.3673992156982422
22.9,23.85274,-0.9527393341064467
22.949999999999996,24.066412,-1.1164119720459027
23.5,23.78554,-0.2855396270751953
23.3,23.22149,0.07850914001464915
22.800000000000004,22.520021,0.27997856140137145
19.8,21.684097,-1.8840972900390618
18.95,20.524975,-1.5749748229980476
18.15,19.467094,-1.3170944213867202
16.8,18.48823,-1.6882297515869134
15.65,17.615519,-1.9655185699462887
14.7,16.820934,-2.1209342956542976
13.75,16.290337,-2.5403366088867188
13.2,15.993088,-2.793087768554688
13.4,15.873828,-2.4738279342651364
12.9,16.086151,-3.1861511230468746
12.050000000000002,16.158117,-4.108117294311521
11.65,16.3378,-4.687799072265625
11.45,16.663206,-5.213206100463868
13.85,17.250813,-3.4008125305175785
16.55,18.087631,-1.5376312255859368
18.1,19.171978,-1.0719779968261705
19.75,20.192467,-0.44246673583984375
21.45,21.080471,0.3695289611816399
23.0,21.90333,1.096670150756836
24.249999999999996,22.54462,1.7053794860839808
24.55,22.873173,1.676827239990235
25.1,22.872116,2.227883911132814
24.950000000000003,22.588692,2.3613082885742216
24.2,22.084259,2.1157409667968743
22.2,21.184507,1.015492630004882
20.75,20.218092,0.5319080352783203
18.95,19.136652,-0.18665199279785227
17.4,18.169296,-0.7692962646484389
16.1,17.352983,-1.252983474731444
15.200000000000001,16.60156,-1.4015605926513661
14.4,15.984121,-1.5841213226318356
14.0,15.46346,-1.4634599685668945
13.8,15.194674,-1.394673538208007
13.8,15.097547,-1.2975465774536126
13.650000000000002,15.064495,-1.4144950866699197
13.0,15.306327,-2.3063268661499023
12.85,15.707839,-2.8578390121459964
14.5,16.516712,-2.016712188720703
16.9,17.420456,-0.5204559326171889
18.95,18.45769,0.492310714721679
21.2,19.484283,1.7157165527343743
23.35,20.441107,2.908893203735353
25.299999999999997,21.305264,3.994736480712888
26.8,21.916214,4.883786010742188
27.300000000000004,22.16402,5.135979461669926
27.9,22.152481,5.747518920898436
27.6,21.885345,5.714654541015626
26.7,21.339312,5.360688400268554
24.05,20.427525,3.62247543334961
22.099999999999998,19.56278,2.5372196197509744
20.75,18.55834,2.191659927368164
19.2,17.634327,1.5656730651855462
17.8,16.74768,1.0523193359375007
16.6,15.987341,0.612659072875978
15.65,15.307863,0.34213676452636754
14.8,14.855903,-0.05590267181396413
14.6,14.83209,-0.23209037780761754
14.1,14.860092,-0.7600921630859379
13.8,15.010498,-1.2104980468749993
13.8,15.308525,-1.508525085449218
14.0,15.844573,-1.8445730209350586
15.15,16.697111,-1.5471111297607418
16.7,17.813255,-1.1132553100585945
19.45,18.991858,0.45814247131347585
22.5,20.170334,2.3296661376953125
25.55,21.456161,4.093838500976563
27.75,22.541271,5.208728790283203
29.2,23.369936,5.8300640106201165
29.450000000000003,23.793612,5.656388473510745
29.800000000000004,23.842287,5.9577129364013715
29.4,23.5595,5.840500259399413
28.500000000000004,22.943127,5.556873321533207
25.45,22.084564,3.3654357910156243
23.5,21.080143,2.4198570251464844
22.85,20.094202,2.755797958374025
20.8,19.116213,1.683787155151368
19.05,18.128073,0.9219272613525398
18.0,17.242857,0.7571430206298828
17.0,16.496408,0.5035915374755859
15.95,15.871123,0.0788766860961907
16.0,15.46993,0.5300703048706055
16.2,15.2751255,0.9248744964599602
17.1,15.343179,1.7568212509155288
16.9,15.652554,1.2474464416503892
16.45,16.331541,0.1184589385986321
17.15,17.207779,-0.05777893066406392
18.05,18.30259,-0.25258941650390554
18.65,19.664219,-1.014218902587892
21.55,21.223307,0.32669334411621165
23.15,22.802809,0.3471912384033189
24.6,24.086569,0.5134311676025405
25.6,24.937117,0.6628833770751967
25.25,25.28643,-0.03643035888671875
25.1,25.255583,-0.15558280944824077
25.050000000000004,24.843437,0.2065628051757855
24.45,24.137428,0.31257171630859304
22.75,23.07345,-0.32345008850097656
20.85,21.92367,-1.0736698150634751
19.5,20.862564,-1.3625640869140625
18.4,19.812365,-1.4123645782470717
17.35,18.815248,-1.4652484893798814
16.45,17.94424,-1.49424057006836
16.05,17.119154,-1.069153976440429
15.95,16.45752,-0.5075195312500007
15.75,15.993674,-0.24367427825927734
15.35,15.813786,-0.463785552978516
14.900000000000002,15.98489,-1.0848899841308572
14.5,16.487673,-1.9876728057861328
14.300000000000002,17.217009,-2.9170085906982397
16.0,18.128876,-2.128875732421875
18.2,19.17906,-0.9790599822998054
20.55,20.282856,0.2671440124511726
22.6,21.748047,0.8519531250000014
24.6,23.152483,1.447517013549806
26.2,24.257189,1.942811203002929
27.449999999999996,24.994438,2.455561828613277
27.35,25.176426,2.173574066162111
27.25,24.962364,2.2876358032226562
26.05,24.497286,1.552714157104493
24.5,23.732382,0.7676181793212891
22.65,22.666592,-0.016591644287110796
21.1,21.443575,-0.3435749053955064
19.85,20.19739,-0.3473896026611314
18.75,19.014502,-0.26450157165527344
17.75,17.876396,-0.12639617919921875
16.95,16.875246,0.07475395202636648
16.3,16.036222,0.2637775421142585
15.75,15.527182,0.22281837463378906
15.75,15.261771,0.48822879791259766
15.449999999999998,15.244864,0.20513553619384517
15.05,15.516613,-0.46661300659179616
14.7,15.989949,-1.2899492263793952
14.5,16.676908,-2.176908493041992
16.1,17.682991,-1.5829910278320298
18.5,19.021244,-0.5212440490722656
21.1,20.51353,0.5864692687988295
23.55,22.133303,1.416697311401368
25.7,23.58923,2.110770416259765
27.4,24.673252,2.726747894287108
28.500000000000004,25.443064,3.0569362640380895
28.45,25.662321,2.787678909301757
28.65,25.420092,3.2299083709716783
27.9,24.767776,3.132223510742186
26.55,23.83934,2.710659790039063
24.4,22.812054,1.5879463195800767
22.4,21.649923,0.7500766754150376
20.85,20.494942,0.35505828857422017
19.55,19.409271,0.1407287597656257
18.3,18.424685,-0.1246845245361321
17.2,17.523294,-0.3232944488525398
16.25,16.863768,-0.6137676239013672
15.4,16.442436,-1.0424362182617184
14.95,16.338293,-1.3882930755615241
14.6,16.392994,-1.7929939270019535
14.15,16.596037,-2.446036911010742
13.8,16.954742,-3.1547424316406243
13.8,17.514597,-3.7145969390869134
15.35,18.339663,-2.989662551879883
17.5,19.481716,-1.9817161560058594
20.2,20.900108,-0.7001083374023445
22.949999999999996,22.310843,0.6391574859619098
25.299999999999997,23.703299,1.5967014312744112
27.200000000000003,24.725353,2.474646759033206
28.500000000000004,25.399853,3.1001472473144567
29.15,25.548494,3.6015056610107408
29.699999999999996,25.419516,4.280484390258785
29.4,24.824644,4.575355911254881
28.55,23.973753,4.5762470245361335
25.45,22.900421,2.5495788574218743
23.5,21.743088,1.7569122314453125
23.15,20.631649,2.518350982666014
21.7,19.564508,2.1354915618896477
20.1,18.589901,1.510099029541017
18.75,17.77569,0.9743099212646484
17.75,17.061478,0.6885223388671875
16.9,16.357405,0.5425952911376939
17.0,15.912115,1.0878849029541016
17.05,15.740253,1.3097465515136726
17.65,15.784823,1.8651765823364244
14.849999999999998,16.1376,-1.2875999450683615
14.300000000000002,16.803164,-2.5031635284423803
17.3,17.788464,-0.48846359252929616
20.75,19.142628,1.6073722839355469
23.5,20.659323,2.840677261352539
25.900000000000002,22.397415,3.5025848388671896
27.65,23.96459,3.6854099273681626
29.05,25.192154,3.857846069335938
29.95,25.94179,4.008210372924804
29.5,26.1261,3.373899459838867
29.5,25.926697,3.57330322265625
28.8,25.325926,3.4740741729736335
27.449999999999996,24.49297,2.9570304870605426
25.25,23.30159,1.9484100341796875
23.3,22.096073,1.203926849365235
21.400000000000002,21.028578,0.37142219543457244
20.05,20.00493,0.0450695037841804
18.85,19.11503,-0.26503028869628764
17.9,18.297352,-0.39735183715820455
16.95,17.619623,-0.6696231842041023
15.75,17.154293,-1.4042930603027344
15.15,16.881311,-1.7313114166259762
15.4,16.867567,-1.4675670623779293
15.7,17.152767,-1.452767181396485
15.3,17.348673,-2.0486728668212884
14.300000000000002,17.723406,-3.423405838012693
16.9,18.688381,-1.7883811950683608
19.5,20.10749,-0.6074905395507812
21.45,21.725807,-0.27580718994140696
22.9,23.359226,-0.45922622680664205
24.05,24.778734,-0.7287342071533196
24.950000000000003,25.85935,-0.9093502044677706
25.65,26.509962,-0.8599620819091811
25.55,26.604612,-1.0546123504638665
25.65,26.234476,-0.5844760894775405
25.55,25.535233,0.01476745605468821
24.7,24.563625,0.13637466430663991
22.6,23.358887,-0.7588867187499986
21.2,22.04022,-0.8402202606201179
20.1,20.645044,-0.5450443267822251
19.35,19.35675,-0.006750488281248579
18.7,18.173609,0.5263912200927727
17.85,17.141722,0.7082782745361342
16.35,16.27312,0.0768791198730483
15.6,15.646235,-0.046235466003418324
14.95,15.197752,-0.2477519989013679
15.15,15.145377,0.0046228408813480115
13.7,15.507156,-1.8071563720703132
13.55,16.002914,-2.452914428710937
13.85,16.545612,-2.6956123352050785
16.05,17.62496,-1.5749599456787102
18.4,19.183346,-0.7833457946777358
20.5,20.695705,-0.19570541381835938
22.3,22.144918,0.15508155822753977
23.750000000000004,23.432177,0.31782341003418324
24.55,24.463608,0.08639221191406321
25.0,25.204275,-0.20427513122558594
25.15,25.352407,-0.20240745544433736
26.499999999999996,25.218142,1.2818584442138636
25.75,24.636747,1.1132526397705078
24.5,23.81842,0.68157958984375
22.700000000000003,22.801378,-0.10137825012206747
21.2,21.71034,-0.5103404998779304
20.35,20.428768,-0.07876815795898295
18.55,19.332079,-0.7820789337158196
17.45,18.3612,-0.9112003326416023
16.65,17.567005,-0.9170051574707045
15.8,16.82377,-1.0237705230712884
15.0,16.275421,-1.275421142578125
14.900000000000002,15.933203,-1.0332027435302713
14.5,15.945151,-1.4451513290405273
13.650000000000002,15.989707,-2.339706993103025
13.2,16.440191,-3.240191268920899
13.85,17.179676,-3.3296760559082035
16.15,18.308695,-2.1586948394775405
18.4,19.611732,-1.2117324829101577
20.3,21.0065,-0.7065002441406243
22.05,22.403793,-0.3537933349609368
23.85,23.67413,0.17587051391601705
25.299999999999997,24.565102,0.7348983764648409
26.3,25.048992,1.2510078430175788
26.4,25.163355,1.236645126342772
26.8,25.025328,1.7746723175048835
26.55,24.473318,2.0766819000244148
25.900000000000002,23.593622,2.3063777923584006
23.7,22.538147,1.1618530273437493
24.05,21.413208,2.6367919921875007
20.15,20.386538,-0.23653755187988423
20.25,19.169527,1.0804729461669922
19.05,18.167568,0.8824317932128913
18.05,17.243227,0.8067729949951179
17.45,16.508135,0.941865158081054
16.55,15.972451,0.577548789978028
16.2,15.711483,0.4885169982910149
14.849999999999998,15.753395,-0.9033950805664084
14.75,15.845644,-1.0956439971923828
15.850000000000001,16.220747,-0.37074699401855327
13.85,16.922935,-3.072935485839844
16.65,18.004744,-1.354743576049806
20.1,19.239202,0.860797500610353
23.55,20.562096,2.987904357910157
25.4,21.92802,3.4719795227050767
26.75,23.226223,3.5237770080566406
27.9,24.238482,3.6615184783935533
28.849999999999998,24.84511,4.0048900604248026
28.600000000000005,25.02009,3.579909896850591
28.95,24.878271,4.071728897094726
28.7,24.422808,4.277192306518554
28.0,23.69777,4.3022308349609375
25.199999999999996,22.637983,2.562016677856441
22.25,21.709597,0.5404033660888672
23.25,20.597805,2.6521949768066406
21.6,19.556406,2.0435939788818374
20.5,18.638838,1.8611621856689453
19.65,17.719479,1.9305213928222642
19.05,17.07106,1.9789398193359382
18.35,16.563728,1.7862716674804702
16.95,16.31894,0.6310607910156243
16.35,16.107061,0.24293861389160298
16.2,16.280157,-0.08015708923339915
15.9,16.891865,-0.9918647766113278
16.55,17.410484,-0.860484313964843
19.45,18.37127,1.0787307739257805
22.25,19.827948,2.4220523834228516
25.5,21.463398,4.036602020263672
28.05,22.995142,5.054858016967774
29.65,24.17242,5.477579498291014
30.999999999999996,25.064817,5.935182571411129
31.75,25.647678,6.102321624755859
31.65,25.828674,5.821325683593749
31.85,25.559954,6.290046310424806
31.5,25.000772,6.499227523803711
30.400000000000002,24.226816,6.173183822631838
27.85,23.100689,4.7493110656738295
24.349999999999998,21.816656,2.5333438873290994
23.95,20.636406,3.3135940551757805
23.55,19.613062,3.936938095092774
23.2,18.703985,4.496014785766601
22.05,17.92277,4.127230453491212
22.2,17.235619,4.9643814086914055
22.65,16.745977,5.9040225982666
19.7,16.37685,3.323149871826171
17.35,16.233463,1.1165367126464858
18.05,16.42273,1.6272705078125007
17.6,16.938776,0.6612239837646499
17.8,17.676714,0.1232860565185554
20.7,18.866117,1.833882522583007
24.3,20.343292,3.9567077636718757
28.35,21.914783,6.435216522216798
31.349999999999998,23.431955,7.918044662475584
33.1,24.669268,8.430732345581056
34.1,25.593983,8.506017303466798
34.8,26.195738,8.60426216125488
34.05,26.217838,7.8321617126464815
34.15,25.870607,8.279392623901366
33.6,25.204828,8.3951717376709
32.4,24.256123,8.14387741088867
28.1,22.978613,5.121387100219728
26.149999999999995,21.47138,4.678619766235347
24.85,20.28331,4.566690063476564
25.1,19.23037,5.869630432128908
23.650000000000002,18.330572,5.319427871704104
22.65,17.530588,5.1194118499755845
21.6,16.978888,4.621112442016603
20.6,16.735472,3.8645282745361342
19.9,16.412197,3.487802886962889
18.9,16.21263,2.687370681762694
18.05,16.51326,1.5367401123046882
17.3,16.983109,0.3168914794921882
17.15,17.751944,-0.6019435882568374
19.45,18.97267,0.4773303985595696
22.9,20.445322,2.4546779632568345
26.3,22.037722,4.262278366088868
28.65,23.55397,5.096029663085936
30.45,24.740095,5.709904861450195
31.8,25.294659,6.505341339111329
32.75,25.288473,7.461526870727539
33.1,24.664677,8.435323333740236
33.5,23.653551,9.84644889831543
33.1,22.45846,10.641540145874025
32.1,21.268213,10.831786727905275
28.8,19.382101,9.41789894104004
26.85,17.410646,9.439353561401369
25.95,17.68816,8.261840057373046
24.4,17.64068,6.759319686889647
22.9,17.247288,5.652712249755858
21.2,16.42613,4.773869705200195
19.85,15.305753,4.544247245788576
19.2,13.899285,5.300714683532714
18.75,12.106827,6.6431732177734375
18.4,10.985525,7.414474868774413
17.7,11.273921,6.426078987121581
16.9,11.944826,4.955173873901366
17.1,12.931002,4.168998336791994
19.8,14.300603,5.499397087097169
23.25,15.833751,7.4162492752075195
26.3,17.218266,9.081734466552735
28.749999999999996,18.588957,10.161043167114254
30.750000000000004,19.879938,10.870061874389652
32.2,20.708372,11.491627883911136
33.15,21.276533,11.873466873168944
32.85,21.254694,11.59530601501465
33.15,20.795504,12.35449638366699
32.7,19.902136,12.79786415100098
31.700000000000003,19.631079,12.06892127990723
27.95,20.593094,7.356906127929687
25.050000000000004,21.091774,3.958226013183598
25.299999999999997,21.145195,4.154804992675778
24.100000000000005,20.776394,3.3236061096191456
22.85,19.871456,2.978543853759767
21.649999999999995,18.507557,3.142443084716792
20.45,16.697317,3.7526828765869134
19.55,14.714109,4.8358905792236335
18.9,12.668371,6.231628799438475
19.05,10.743105,8.306895065307618
17.7,10.705682,6.994318199157714
16.8,11.674177,5.125822830200196
17.45,12.933231,4.516768646240234
20.25,14.420952,5.829048156738281
23.899999999999995,15.917638,7.982362174987788
27.549999999999997,17.259434,10.290566253662107
30.5,18.560482,11.939517974853516
32.45,19.98589,12.46411056518555
33.5,20.949747,12.550252914428711
34.05,21.439613,12.610386657714841
33.8,21.347633,12.452366638183591
33.85,20.963453,12.886546707153322
33.5,20.29681,13.203189849853516
32.4,19.34733,13.05266990661621
29.5,18.89548,10.604520797729492
28.1,19.19692,8.90307960510254
26.350000000000005,19.350592,6.9994083404541065
24.950000000000003,19.061787,5.888213348388675
23.7,18.231075,5.468924713134765
22.099999999999998,16.980814,5.119186019897459
20.3,15.339734,4.960265922546387
19.3,13.372467,5.927532958984376
21.8,11.511367,10.288633155822755
21.6,11.880718,9.71928176879883
21.0,12.528954,8.471046447753906
19.45,13.261231,6.188768577575683
19.65,14.314071,5.3359292984008775
22.3,15.685978,6.614022064208985
25.1,17.097794,8.002206420898439
27.5,18.313862,9.186138153076172
29.75,19.451853,10.298147201538086
31.6,20.612928,10.987071609497072
33.3,21.266357,12.033642578124997
34.45,21.55299,12.897010040283206
34.7,21.439804,13.260195922851565
35.0,20.889711,14.110288619995117
34.7,20.050163,14.649836730957034
33.45,19.847193,13.602807235717776
28.45,20.854986,7.595013809204101
28.3,21.301744,6.99825553894043
27.0,21.366682,5.633317947387695
25.5,20.97487,4.525129318237305
24.100000000000005,20.170422,3.929578399658208
23.049999999999997,19.025805,4.024195480346677
21.25,17.409367,3.8406333923339844
20.25,15.525787,4.724212646484375
20.4,14.111921,6.288078689575194
19.7,12.941025,6.758975219726562
18.5,11.783323,6.716676712036133
17.65,12.043874,5.606126213073729
17.75,13.301723,4.448277473449707
19.5,14.791809,4.70819091796875
21.850000000000005,16.231348,5.618651962280278
24.6,17.396154,7.203845596313478
27.35,18.587307,8.762693023681642
29.95,19.618874,10.331126403808593
32.0,20.322525,11.677474975585938
33.45,20.645844,12.804156494140628
34.05,20.376831,13.673168945312497
34.4,20.39653,14.003469848632811
34.05,22.073679,11.976321029663083
32.95,23.597956,9.352044296264651
28.65,24.293339,4.356661224365233
27.95,24.742722,3.207278442382812
25.6,24.739408,0.8605915069580092
23.899999999999995,24.335314,-0.4353137969970753
22.25,23.614866,-1.3648662567138672
20.9,22.687069,-1.7870689392089858
19.75,21.401133,-1.651132583618164
18.75,19.760775,-1.0107746124267578
18.1,18.777962,-0.6779617309570298
17.3,17.362553,-0.06255264282226491
16.65,15.633889,1.016110801696776
16.15,13.908874,2.241126441955565
16.7,12.796212,3.9037878036499016
17.6,12.692262,4.907738304138185
19.4,13.847525,5.552475357055663
22.25,15.185328,7.064672470092773
25.15,16.517248,8.632751846313475
27.75,17.73507,10.014930725097656
29.800000000000004,18.625751,11.174248504638676
31.2,19.166492,12.033507537841796
31.25,19.55636,11.693639755249023
31.55,21.17889,10.371109771728516
31.3,22.7709,8.529099273681641
30.649999999999995,24.228394,6.421606445312495
28.65,24.918592,3.731407546997069
26.45,25.28159,1.1684104919433587
24.249999999999996,25.03139,-0.7813892364501989
22.9,24.296349,-1.3963485717773452
21.8,23.169342,-1.3693420410156243
20.75,22.012709,-1.2627086639404297
19.7,20.597155,-0.897154617309571
18.5,18.557974,-0.05797386169433594
17.55,16.196583,1.3534172058105476
17.65,13.60949,4.040509605407713
17.1,11.287469,5.812531089782716
16.45,11.267893,5.182107162475585
16.9,12.473011,4.4269889831542955
19.05,13.896606,5.153393554687501
21.55,15.292727,6.2572725296020515
24.3,16.578613,7.721386718750001
26.75,17.748802,9.001197814941406
29.1,18.748056,10.351943588256837
31.05,19.830048,11.219952392578126
31.8,20.723352,11.076647567749024
31.6,21.098736,10.50126419067383
31.099999999999998,21.007034,10.092965698242185
30.15,20.46605,9.683950805664061
30.0,19.769304,10.230695724487305
27.35,18.57279,8.777209854125978
24.05,17.408022,6.641978073120118
24.9,16.411201,8.488798522949217
24.4,15.631224,8.768776321411131
23.55,14.473835,9.076165008544923
21.25,13.096559,8.153441429138184
22.05,12.55154,9.498459625244141
21.0,12.514352,8.485648155212402
19.75,12.610902,7.139098167419434
20.65,12.836195,7.813805007934569
19.95,13.198305,6.7516948699951165
19.5,13.645007,5.854992866516113
19.05,14.371181,4.678819465637208
20.35,15.345138,5.00486240386963
22.2,16.446053,5.753947448730468
24.2,17.554844,6.645156097412109
25.75,19.182213,6.567787170410156
24.55,20.714504,3.8354957580566413
25.35,21.969898,3.3801017761230483
28.600000000000005,22.872313,5.727687454223638
28.9,23.15089,5.749109649658202
28.9,22.986525,5.913475418090819
27.95,22.39017,5.5598308563232415
26.3,21.476444,4.823555755615235
24.7,19.944782,4.755217742919921
23.15,17.988228,5.161772155761717
21.8,16.142061,5.657938766479493
20.15,14.414722,5.7352775573730455
18.5,13.14791,5.352089881896973
17.4,12.170632,5.229367637634276
16.85,11.618295,5.231705284118654
16.9,11.355454,5.544545555114745
17.2,11.441557,5.758443069458007
17.15,11.849997,5.300003433227538
17.25,12.397419,4.852581024169922
17.1,12.963884,4.136115646362306
17.1,13.560428,3.539572334289552
17.95,14.465834,3.4841663360595696
19.3,15.582462,3.717537689208985
21.500000000000004,16.632748,4.867252349853519
23.6,17.957184,5.642816162109376
24.8,18.934155,5.865845489501954
25.45,19.70817,5.74183006286621
26.4,20.262974,6.137026214599608
25.7,20.332066,5.367934417724609
26.7,19.901102,6.79889793395996
26.05,19.145899,6.904101181030274
24.9,18.346886,6.553114318847655
23.1,17.046211,6.05378875732422
21.25,15.300749,5.949251174926758
20.15,14.639435,5.510565185546874
19.15,13.779242,5.37075843811035
18.25,12.419479,5.8305206298828125
17.2,10.674359,6.525640678405761
16.4,10.022394,6.377605819702147
15.8,9.967844,5.832155990600587
15.35,10.139961,5.210038757324218
14.900000000000002,10.514488,4.385511779785158
14.199999999999998,10.849534,3.3504659652709936
13.600000000000001,11.450453,2.1495471954345717
14.900000000000002,12.262684,2.637316131591799
17.1,13.365581,3.734419441223146
19.55,14.536432,5.013567733764649
21.400000000000002,15.710836,5.689163589477541
22.85,17.2568,5.593200302124025
24.45,18.536783,5.91321678161621
25.75,19.667267,6.082733154296875
26.7,20.670872,6.029128265380859
26.9,21.134659,5.765341186523436
27.4,21.310938,6.089062118530272
27.35,21.24625,6.103749847412111
26.7,20.981165,5.718835067749023
24.2,20.334198,3.8658020019531243
22.55,19.31388,3.2361190795898445
22.35,18.379084,3.97091636657715
20.5,17.56515,2.9348506927490234
19.45,16.883429,2.566571426391601
18.4,16.485157,1.9148429870605455
17.5,16.187227,1.3127727508544922
16.85,16.03822,0.8117805480957045
16.5,16.01181,0.488189697265625
16.1,16.030293,0.0697074890136733
15.499999999999998,16.002272,-0.5022716522216815
14.95,16.032127,-1.0821273803710945
15.65,16.235195,-0.585195159912109
17.8,16.762857,1.0371425628662116
20.0,17.483389,2.516611099243164
22.25,18.736921,3.5130786895751953
24.2,20.112812,4.087187957763671
25.8,21.485939,4.3140609741210945
26.95,22.736454,4.213545989990234
27.4,23.706097,3.6939033508300767
26.7,24.181862,2.518138122558593
26.55,24.230091,2.3199089050292976
26.2,23.802584,2.3974163055419915
25.299999999999997,23.078815,2.221184539794919
23.899999999999995,22.00537,1.8946308135986278
22.3,20.847628,1.452372360229493
20.65,19.755047,0.8949531555175767
19.25,18.537247,0.7127532958984375
18.1,17.534006,0.5659938812255874
17.4,16.76522,0.6347793579101548
16.75,16.340992,0.4090080261230469
16.2,16.16583,0.0341693878173821
16.6,16.140562,0.45943794250488423
16.15,16.205397,-0.05539665222168111
15.4,16.294102,-0.8941017150878903
15.200000000000001,16.473566,-1.2735660552978505
16.5,16.917992,-0.41799163818359375
18.0,17.626698,0.3733024597167969
19.5,18.79118,0.7088203430175781
21.0,20.259356,0.7406444549560547
22.55,21.700468,0.8495319366455085
23.45,23.06968,0.38032073974609304
24.55,24.17819,0.3718097686767585
25.45,24.830982,0.6190177917480462
20.6,24.983088,-4.38308753967285
21.7,24.717861,-3.01786117553711
22.9,24.186659,-1.286658859252931
22.75,23.32076,-0.5707607269287109
19.9,22.238691,-2.338691329956056
18.45,21.078632,-2.628632354736329
17.55,19.869549,-2.319548797607421
17.05,18.74248,-1.6924793243408196
17.85,17.69079,0.15920982360839986
18.0,16.78044,1.2195606231689453
17.3,16.063826,1.236174392700196
17.85,15.525337,2.32466278076172
16.85,15.508864,1.3411355972290053
16.75,15.602645,1.147355079650879
17.0,15.843759,1.1562414169311523
17.05,16.256401,0.793598937988282
17.35,16.962563,0.38743743896484517
18.65,17.888283,0.7617172241210923
20.3,19.043554,1.2564456939697273
23.0,20.206535,2.7934646606445312
25.6,21.483225,4.116775131225587
27.95,22.610262,5.3397380828857415
30.0,23.538042,6.461957931518555
30.55,24.177277,6.372723388671876
30.35,23.739962,6.610038375854494
30.15,23.206024,6.943975830078124
29.35,22.68297,6.667029953002931
28.65,22.010365,6.6396354675292955
26.95,20.715118,6.234881591796874
25.1,19.326641,5.7733589172363295
23.5,18.027529,5.472471237182617
22.0,16.85769,5.142309188842773
20.7,15.999942,4.7000581741333
19.35,15.390554,3.9594455718994155
18.1,14.851556,3.2484441757202163
16.95,14.8028,2.1471998214721673
16.45,14.76618,1.6838199615478509
16.95,14.863929,2.0860712051391594
16.6,15.2017145,1.3982854843139663
15.200000000000001,15.79057,-0.5905702590942372
16.6,16.511326,0.0886741638183608
18.2,17.265493,0.9345066070556634
20.3,18.289225,2.0107753753662116
22.700000000000003,19.725443,2.974557113647464
25.050000000000004,21.311865,3.738135147094731
26.95,22.81592,4.1340801239013665
28.65,24.087795,4.562204742431639
29.9,24.795237,5.1047634124755845
30.15,24.770578,5.3794216156005845
30.45,24.443956,6.006043624877929
30.3,23.808643,6.491356658935548
28.749999999999996,22.909737,5.840263366699215
25.6,21.768284,3.831716156005861
22.75,20.582237,2.1677627563476562
23.750000000000004,19.455742,4.294258117675785
21.1,18.420208,2.6797920227050795
18.9,17.530457,1.3695434570312486
17.45,16.685446,0.7645542144775384
16.6,16.00853,0.5914703369140639
16.15,15.615446,0.5345539093017564
17.15,15.473256,1.676743888854979
16.6,15.594565,1.005434608459474
15.499999999999998,15.876873,-0.37687301635742365
15.6,16.095942,-0.4959415435791019
16.3,16.71239,-0.4123908996582024
19.2,17.649025,1.550975036621093
22.2,18.757517,3.4424831390380852
25.35,20.045465,5.30453453063965
28.05,21.369673,6.680327224731446
30.049999999999997,22.584488,7.465512084960935
31.45,23.472836,7.977164459228515
32.35,23.893667,8.456332778930665
32.15,23.906939,8.243061447143553
32.3,23.520685,8.779314804077146
32.0,22.692299,9.307701110839844
31.15,21.404924,9.745075607299803
28.0,19.121338,8.878662109375
24.349999999999998,16.610636,7.739364242553709
23.25,14.473357,8.776642799377441
22.2,12.991257,9.208743286132812
23.1,11.912865,11.187135314941408
22.2,11.08529,11.11471004486084
21.649999999999995,10.527437,11.122562789916987
21.3,10.311689,10.988310623168946
19.3,10.434779,8.865220832824708
21.05,10.648559,10.401441383361817
21.3,10.888843,10.411157417297364
18.7,11.217503,7.482497406005859
19.4,11.844528,7.555471801757811
22.3,12.916991,9.383008766174317
26.0,14.269922,11.730077743530273
29.5,15.645118,13.85488224029541
31.65,17.383852,14.266147994995116
32.9,18.948397,13.95160331726074
33.85,20.213829,13.636170959472658
34.45,20.999458,13.450541687011722
34.65,20.981976,13.668024444580077
34.9,20.601686,14.298313522338866
34.45,20.035978,14.41402168273926
33.75,18.934593,14.815406799316406
30.5,17.240335,13.259664535522461
30.1,16.634373,13.46562728881836
29.3,16.746851,12.553149032592774
28.55,16.417528,12.13247184753418
27.300000000000004,15.682943,11.617056655883793
26.65,14.555393,12.094606781005858
25.7,13.253354,12.446645927429199
25.6,11.708757,13.891242599487306
25.55,10.571659,14.978340911865235
25.4,10.783199,14.616800689697264
23.95,11.11085,12.839149665832519
24.5,11.508392,12.991607666015625
25.25,12.298561,12.951438903808594
28.150000000000002,13.497911,14.652088546752932
31.8,14.775301,17.024699020385743
33.95,15.969552,17.980447959899905
34.45,17.308325,17.14167518615723
35.9,18.286394,17.613605880737303
36.85,18.844557,18.00544319152832
37.3,19.058447,18.241553115844724
37.9,18.927807,18.97219314575195
37.65,20.00744,17.642559432983397
36.8,21.948967,14.851033020019528
36.15,23.664894,12.485105895996092
34.5,24.478031,10.021968841552734
33.2,24.794353,8.405646514892581
31.8,24.434868,7.365132141113282
30.8,23.54612,7.2538803100585945
30.1,22.666004,7.433995819091798
28.65,21.932026,6.7179740905761705
27.6,20.140377,7.459622955322267
26.250000000000004,19.077215,7.172784805297855
27.05,19.442478,7.60752182006836
25.95,19.83602,6.113980484008788
25.25,20.425367,4.82463264465332
24.249999999999996,20.755873,3.4941272735595668
24.2,21.8778,2.3222000122070305
26.55,23.469654,3.0803459167480476
29.15,25.077755,4.072245025634764
31.2,26.23511,4.9648906707763665
33.1,26.811405,6.288594818115236
34.65,26.907166,7.742834472656249
35.8,26.465801,9.334198760986325
36.45,25.561174,10.888825607299808
36.35,24.274336,12.075664138793947
36.45,22.609869,13.840130996704104
35.85,21.324875,14.525125122070314
34.85,20.478617,14.371383285522462
30.95,19.492094,11.457905960083007
29.35,18.527126,10.822873687744142
28.8,18.32074,10.47926025390625
27.05,18.385214,8.66478614807129
25.4,18.378767,7.021232986450194
24.45,18.27561,6.174390029907226
23.25,18.107977,5.142023086547852
22.05,17.869427,4.180573272705079
21.15,17.88232,3.267679595947264
20.75,17.8114,2.938600540161133
20.1,17.740479,2.3595214843750014
19.75,17.798504,1.9514961242675781
20.25,17.97903,2.2709693908691406
22.15,18.32074,3.8292602539062486
24.65,18.791397,5.858602905273436
27.65,19.614347,8.035652542114256
30.649999999999995,20.887592,9.762407684326167
33.2,21.918892,11.281108093261722
34.95,22.680294,12.269705963134768
35.95,23.141024,12.808976364135745
36.25,23.303358,12.94664192199707
36.25,23.49684,12.75316047668457
36.05,23.178099,12.87190132141113
35.0,22.260666,12.739334106445312
31.349999999999998,21.73371,9.61629066467285
29.2,21.48639,7.713610839843749
29.0,21.30586,7.69413948059082
27.300000000000004,21.060863,6.239136505126957
25.8,20.738497,5.061503219604493
24.7,20.377445,4.322554779052734
23.750000000000004,20.003498,3.7465019226074254
22.65,19.642447,3.0075534820556626
22.099999999999998,19.358765,2.741235351562498
21.9,19.113764,2.786236190795897
21.05,18.971922,2.0780780792236335
20.55,18.920343,1.6296566009521491
21.1,18.997711,2.1022888183593764
24.000000000000004,19.21692,4.783079147338871
27.449999999999996,19.5135,7.936499786376949
31.2,19.874552,11.32544822692871
34.4,20.287182,14.112818145751952
36.1,21.019436,15.080564117431642
37.45,21.898281,15.551718902587893
38.1,22.791628,15.308372116088869
37.9,23.599588,14.30041160583496
38.2,23.938488,14.261511993408206
37.65,23.793009,13.85699119567871
36.2,23.384903,12.81509704589844
33.9,22.86397,11.036030197143553
31.349999999999998,22.077244,9.272756195068357
29.2,21.18981,8.010190200805663
28.2,20.919022,7.280978393554687
28.05,20.58376,7.466240692138673
27.7,20.248497,7.4515029907226555
26.599999999999998,19.913237,6.686763381958006
26.250000000000004,19.629553,6.62044715881348
26.95,19.307184,7.642815780639648
26.4,19.07508,7.324919128417967
24.55,18.907448,5.6425521850585945
23.899999999999995,18.830082,5.069918060302729
26.350000000000005,18.881659,7.4683414459228565
27.549999999999997,19.087975,8.462025451660153
32.5,19.423237,13.076763153076172
35.5,19.848763,15.651237487792969
37.0,20.33876,16.661239624023438
39.75,21.395628,18.354372024536133
39.8,22.212067,17.587933349609372
40.15,23.280462,16.86953773498535
38.4,23.969505,14.430494689941405
37.65,24.223745,13.426254653930663
34.05,23.915447,10.134552764892575
31.3,23.126017,8.173983383178712
29.4,22.477741,6.9222587585449205
27.7,21.537968,6.162032318115234
27.200000000000003,21.331652,5.8683483123779325
25.4,21.086653,4.313347244262694
23.45,20.828758,2.6212417602539055
21.8,20.55797,1.2420299530029304
20.8,20.261393,0.5386074066162116
19.95,19.977709,-0.027708816528321023
19.35,19.73271,-0.38270988464355327
19.05,19.53929,-0.489289474487304
18.8,19.410343,-0.6103431701660149
18.4,19.384554,-0.9845539093017592
18.75,19.552183,-0.8021831512451172
19.35,19.861656,-0.5116561889648423
20.7,20.287182,0.4128181457519524
22.55,20.790075,1.7599246978759773
23.899999999999995,21.241388,2.6586116790771435
24.9,21.679808,3.2201923370361314
25.55,22.62999,2.920010375976563
27.549999999999997,23.709005,3.840994644165036
26.95,24.266006,2.683993530273437
27.95,24.30272,3.647280883789062
27.75,23.940977,3.809022903442383
27.35,23.340714,4.009286499023439
26.250000000000004,22.530159,3.7198410034179723
24.15,21.860334,2.289665603637694
24.15,21.589546,2.5604537963867173
24.100000000000005,21.254282,2.845718002319341
23.3,20.854548,2.445452499389649
22.5,20.416128,2.083871841430664
22.55,19.95192,2.598080444335938
21.95,19.5135,2.4364997863769524
20.8,19.152449,1.647551345825196
20.45,18.868765,1.5812351226806634
20.05,18.71403,1.3359706878662116
19.65,18.681791,0.9682086944580064
20.1,18.804293,1.2957073211669936
21.2,19.010607,2.189393234252929
22.9,19.281395,3.618605041503905
25.1,19.616657,5.483342742919923
27.25,19.939026,7.31097412109375
26.85,20.888288,5.961711502075197
26.75,21.562128,5.187871932983398
29.95,22.034008,7.915991973876952
29.35,22.1518,7.198199844360353
29.25,22.038464,7.211536407470703
29.05,21.592758,7.457241821289063
28.0,20.931917,7.068082809448242
27.4,20.738497,6.661503219604491
25.95,20.416128,5.533871841430663
25.0,20.055077,4.944923400878906
23.95,19.681131,4.26886863708496
22.85,19.24271,3.607289886474611
22.25,18.759161,3.4908390045166016
21.25,18.301397,2.9486026763916016
20.35,17.875874,2.4741264343261733
19.8,17.463243,2.3367565155029304
19.55,17.121534,2.428465652465821
19.0,16.902323,2.097677230834961
18.4,16.812061,1.5879386901855455
18.75,16.83785,1.912149429321289
20.05,17.030235,3.019764709472657
21.400000000000002,18.326195,3.0738052368164084
22.949999999999996,19.654774,3.2952262878417926
24.85,20.865911,3.984088516235353
26.599999999999998,21.717922,4.8820777893066385
27.75,22.228357,5.521642684936523
28.7,22.675474,6.024525833129882
28.2,22.731277,5.468722534179687
28.25,22.540747,5.709253311157227
27.35,22.038658,5.311341857910158
26.0,21.287638,4.712362289428711
24.7,20.339638,4.360362243652343
22.949999999999996,19.216436,3.7335636138915973
21.2,18.151896,3.0481044769287102
19.05,17.620647,1.4293525695800788
20.75,17.47565,3.2743492126464844
18.15,17.210459,0.9395412445068345
16.9,16.83846,0.06153907775878764
16.65,16.39943,0.2505706787109361
17.85,16.160877,1.6891227722167983
18.0,15.941668,2.0583324432373047
18.0,15.735353,2.264646530151367
17.6,15.580617,2.019383049011232
18.7,15.8089485,2.891051483154296
21.649999999999995,16.967945,4.682054901123042
24.7,18.247593,6.452407073974609
26.499999999999996,19.567772,6.932228088378903
27.6,20.772463,6.827537155151369
28.2,21.764683,6.435317230224609
28.45,22.434082,6.015917968749999
28.7,22.836788,5.863211822509765
28.2,22.89987,5.300130081176757
26.9,22.675016,4.224983596801756
26.8,22.164555,4.635445404052735
25.8,21.409813,4.390187072753907
25.45,20.434635,5.015364837646484
23.45,19.347471,4.102528762817382
22.2,18.16316,4.03683967590332
20.6,17.203875,3.396125411987306
20.2,16.82217,3.37782974243164
19.05,16.463903,2.5860965728759773
17.95,16.077063,1.8729373931884759
17.6,15.703116,1.896883583068849
17.05,15.406538,1.643461990356446
16.85,15.13575,1.7142501831054702
16.6,14.884303,1.7156969070434585
17.25,15.482468,1.7675323486328125
17.35,16.414623,0.9353767395019545
19.65,17.668535,1.9814647674560533
22.05,19.070415,2.979584503173829
24.6,20.415155,4.1848445892334
26.9,21.568775,5.3312248229980455
28.9,22.486034,6.413965606689452
30.3,23.108593,7.191407012939454
30.95,23.389305,7.5606948852539055
30.1,23.319723,6.7802768707275405
30.999999999999996,22.904179,8.09582138061523
30.5,22.26359,8.236410140991211
30.1,21.389671,8.710328674316408
27.4,20.403442,6.996557617187499
27.95,19.285938,8.664061737060546
24.15,18.134972,6.015028381347655
23.85,17.353716,6.496284103393556
25.299999999999997,17.038237,8.261763381958005
24.950000000000003,16.599298,8.350701522827151
24.75,16.2318,8.518199920654297
22.949999999999996,15.890089,7.059910964965816
23.5,15.580617,7.9193830490112305
27.449999999999996,15.277592,12.17240829467773
28.1,15.019697,13.080302810668947
28.600000000000005,14.928477,13.671522712707525
26.55,15.827506,10.722493934631348
30.0,17.062191,12.937808990478516
32.2,18.532934,13.66706581115723
34.45,20.054506,14.39549369812012
36.3,21.389025,14.910975265502927
38.1,22.469797,15.630202865600587
39.7,23.19963,16.500369262695315
40.5,23.542278,16.957721710205078
39.55,23.48706,16.062939453124997
38.3,23.133127,15.166872787475583
37.0,22.50458,14.495420455932617
35.65,21.649092,14.000908279418944
31.700000000000003,20.480785,11.219214630126956
32.4,19.391083,13.008917236328124
28.55,19.010607,9.53939323425293
27.1,18.842976,8.257024383544923
26.3,18.681791,7.6182086944580085
24.6,18.488373,6.111627197265626
23.750000000000004,18.27561,5.47439002990723
22.3,17.991926,4.308073806762696
21.45,17.701796,3.7482044219970696
20.7,17.5664,3.1335994720458977
19.95,17.534164,2.415835571289062
19.45,17.611532,1.8384677886962884
20.15,17.75982,2.390179061889647
21.649999999999995,18.043505,3.6064952850341747
23.7,18.436792,5.263207626342773
26.1,19.620481,6.479518508911134
28.500000000000004,20.741276,7.758724212646488
30.5,21.636812,8.863187789916992
31.85,22.28564,9.564359283447267
32.55,22.605627,9.944372940063474
32.15,22.551481,9.598518753051756
32.15,22.168493,9.981506729125975
31.3,21.52352,9.77648048400879
29.85,21.292967,8.557033157348634
28.0,21.26718,6.732820510864258
25.75,21.241388,4.508611679077148
24.05,21.138231,2.9117687225341804
22.35,20.9706,1.3793998718261733
20.95,20.764286,0.18571395874023366
19.95,20.53218,-0.5821807861328132
19.35,20.300076,-0.950075531005858
19.15,20.042183,-0.8921829223632827
19.05,19.7585,-0.7084991455078118
18.95,19.5135,-0.5635002136230476
18.8,19.32008,-0.5200798034667962
18.75,19.229816,-0.4798164367675781
19.4,19.29429,0.10570945739745952
20.45,19.5135,0.9364997863769524
21.8,19.848763,1.9512374877929695
23.25,20.261393,2.988607406616211
24.950000000000003,20.686918,4.263081741333011
26.55,21.173388,5.37661247253418
28.1,22.03127,6.068730926513673
29.35,22.561228,6.788772201538087
28.0,22.716406,5.283594131469727
27.95,22.753712,5.196288299560546
28.1,22.616938,5.4830623626709
27.35,22.421726,4.928273773193361
26.7,22.131123,4.568877410888671
24.75,21.89902,2.850980758666992
23.45,21.589546,1.860453796386718
22.5,21.18981,1.310190200805664
21.2,20.712708,0.4872924804687493
19.6,20.209814,-0.609814071655272
18.6,19.73271,-1.1327098846435533
18.65,19.358765,-0.7087646484375014
18.3,19.07508,-0.7750808715820305
18.25,18.830082,-0.5800819396972656
17.3,18.643106,-1.3431064605712884
16.75,18.514162,-1.7641620635986328
18.75,18.533503,0.21649742126464844
20.75,18.617317,2.1326828002929688
22.65,18.778503,3.8714965820312486
24.4,18.997711,5.402288818359374
26.0,19.614079,6.385921478271484
27.25,20.64856,6.6014404296875
28.05,21.48601,6.56399040222168
28.749999999999996,22.066458,6.6835422515869105
28.95,22.275154,6.674845886230468
29.3,22.1835,7.1164997100830085
29.15,21.82574,7.324259185791014
28.600000000000005,21.131008,7.468991851806646
27.5,20.300076,7.199924468994141
25.6,19.990602,5.609397506713869
24.100000000000005,19.629553,4.4704471588134815
22.9,19.229816,3.6701835632324205
21.749999999999996,18.765608,2.9843921661376918
20.65,18.27561,2.374390029907225
19.75,17.772715,1.977285385131836
18.95,17.321402,1.6285984039306634
18.4,16.928112,1.4718879699707017
17.85,16.579956,1.2700439453125014
17.3,16.296274,1.0037258148193366
16.95,16.089958,0.8600418090820305
17.85,16.089958,1.7600418090820327
19.75,17.113045,2.6369552612304688
21.9,18.645536,3.2544635772705064
23.5,20.146832,3.353168487548828
25.15,21.44427,3.705730819702147
26.95,22.457893,4.492106628417968
28.3,23.142408,5.157591629028321
29.35,23.526093,5.823907470703126
29.3,23.552605,5.747395324707032
29.9,23.260948,6.639051818847655
29.75,22.679298,7.070701599121094
29.3,21.79497,7.50503044128418
28.3,20.77894,7.521059799194337
25.6,19.633856,5.966144180297853
23.95,18.481562,5.468438339233398
22.65,17.895216,4.754784011840819
21.500000000000004,17.61798,3.8820209503173864
20.35,17.30206,3.047940826416017
19.45,16.953901,2.4960987091064446
18.85,16.612192,2.2378078460693374
19.4,16.251143,3.148857498168944
19.75,15.909431,3.8405685424804688
19.6,15.57417,4.025829887390138
19.45,15.2840395,4.165960502624511
19.85,16.211258,3.638742065429689
20.85,17.526106,3.3238941192626967
22.25,19.033016,3.2169837951660156
24.45,20.53035,3.919650268554687
26.75,21.836512,4.913488388061523
28.749999999999996,22.832531,5.9174690246582
30.35,23.507736,6.842263793945314
31.55,23.877565,7.672434616088868
31.65,23.864323,7.785677337646483
32.0,23.586712,8.413288116455078
31.45,23.0106,8.43940086364746
30.35,22.233387,8.116613006591798
28.749999999999996,21.25778,7.492219924926754
26.8,20.092714,6.707285690307618
25.25,18.951557,6.298442840576172
23.6,17.697811,5.902188873291017
22.15,17.147324,5.002676391601561
20.95,16.850746,4.099253845214843
20.05,16.541273,3.508726882934571
19.3,16.212458,3.087542343139649
19.15,15.902985,3.2470153808593736
18.95,15.593512,3.356488418579101
18.7,15.614445,3.0855552673339837
18.6,16.445335,2.1546646118164077
19.1,17.508423,1.5915771484375014
20.8,18.767471,2.032528686523438
22.55,20.142574,2.4074256896972663
25.0,21.488274,3.5117263793945312
27.549999999999997,22.69232,4.85768013000488
29.5,23.629353,5.870647430419922
31.099999999999998,24.25825,6.841750717163084
32.4,24.553543,7.846456909179686
33.2,24.495893,8.704106521606448
33.6,24.11585,9.484149551391603
33.2,23.42874,9.77126045227051
32.0,22.488848,9.511152267456055
30.049999999999997,21.34216,8.707840728759763
27.799999999999997,20.083698,7.716301727294919
26.149999999999995,18.774628,7.37537231445312
24.75,17.772715,6.977285385131836
23.4,17.482584,5.9174160003662095
22.2,17.17956,5.020440292358398
21.2,16.882982,4.317017745971679
20.45,16.586405,3.8635951995849602
20.0,16.322062,3.677938461303711
19.75,16.077063,3.6729373931884766
19.3,15.851405,3.4485948562622077
18.9,15.670879,3.2291206359863267
19.65,16.415487,3.2345127105712876
21.7,17.664898,4.035102081298827
24.15,19.02419,5.125809097290038
27.0,20.427917,6.57208251953125
29.800000000000004,21.683382,8.116617965698246
32.35,22.650324,9.69967613220215
34.35,23.27922,11.070779418945314
35.7,23.6113,12.088700485229495
36.15,23.58832,12.561680221557616
36.35,23.255735,13.094264602661134
35.8,22.596687,13.203312683105466
34.55,21.633068,12.9169319152832
32.55,20.484264,12.0657356262207
30.049999999999997,19.242626,10.80737380981445
28.25,19.087975,9.162025451660156
26.599999999999998,18.920343,7.679656600952146
24.950000000000003,18.694687,6.255313110351565
23.45,18.44324,5.0067607879638665
22.3,18.166004,4.133995819091798
21.55,17.88232,3.6676795959472663
21.05,17.59219,3.4578102111816413
20.65,17.308506,3.341493988037108
20.15,17.044165,3.105835342407225
19.8,16.844297,2.9557025909423835
20.85,16.779825,4.070174789428712
23.3,16.88943,6.410570907592774
26.45,17.863773,8.586226654052734
29.85,19.475107,10.374892807006837
32.9,20.931242,11.968758010864256
35.6,22.099064,13.500936126708986
37.8,22.922506,14.877493667602536
39.15,23.365046,15.784954452514647
38.85,23.437572,15.412427520751955
38.7,23.138027,15.561972808837893
37.75,22.473015,15.276985168457031
36.25,21.48761,14.76239013671875
34.1,20.764286,13.335713958740236
31.65,20.686918,10.963081741333006
29.65,20.545074,9.104925537109374
27.75,20.36455,7.38545036315918
25.95,20.14534,5.804660034179687
24.5,19.874552,4.625448226928711
23.45,19.590868,3.859132003784179
22.55,19.29429,3.2557094573974616
22.3,18.997711,3.3022888183593757
21.500000000000004,18.70758,2.7924194335937536
20.6,18.449688,2.1503120422363295
19.95,18.27561,1.6743900299072259
21.25,18.27561,2.9743900299072266
23.6,18.481924,5.1180759429931655
26.55,18.868765,7.681235122680665
29.85,19.371658,10.478341674804689
33.05,20.594526,12.455473709106442
35.8,21.876114,13.923886108398435
37.9,22.827566,15.072433853149413
39.25,23.415504,15.834495544433594
39.35,24.020315,15.329684829711915
39.8,24.05936,15.740639495849607
39.45,23.387283,16.06271667480469
38.35,22.64563,15.704370117187501
35.15,22.169807,12.980192565917967
32.7,22.053753,10.646247100830081
30.8,21.873228,8.926771926879884
29.05,21.628231,7.421768951416016
27.449999999999996,21.318758,6.131241989135738
25.95,20.983496,4.966504287719726
24.9,20.635338,4.264662170410155
23.899999999999995,20.274286,3.6257137298583935
23.25,19.939026,3.31097412109375
22.700000000000003,19.616657,3.0833427429199247
22.0,19.358765,2.6412353515625
21.1,19.21692,1.8830791473388686
22.15,19.268501,2.8814987182617173
24.8,19.500605,5.299395370483399
27.9,19.874552,8.02544822692871
30.95,20.33876,10.611239624023437
33.8,20.828758,12.971241760253903
35.95,21.494444,14.455556106567386
37.75,22.56908,15.180919647216797
39.0,23.884382,15.115617752075195
39.15,24.657133,14.492866897583006
39.3,24.831034,14.468966293334958
39.0,24.619051,14.380949020385742
37.75,24.359005,13.390995025634766
35.5,23.652054,11.847946166992188
32.95,22.69849,10.251509857177737
31.05,22.492174,8.55782585144043
29.450000000000003,22.221386,7.228614044189456
28.0,21.873228,6.126771926879883
26.75,21.499283,5.2507171630859375
25.65,21.099548,4.550451660156249
24.7,20.712708,3.9872924804687493
24.100000000000005,20.33876,3.7612396240234425
23.45,20.029287,3.4207126617431634
22.800000000000004,19.822973,2.977026748657231
22.35,19.7585,2.591500854492189
23.7,19.835867,3.8641330718994134
26.9,20.093761,6.806238555908202
30.400000000000002,20.44192,9.958080673217776
33.55,20.867443,12.6825569152832
35.85,21.30586,14.544139480590822
37.6,21.810677,15.78932342529297
39.0,23.001785,15.998214721679688
40.0,24.153576,15.846424102783203
40.35,24.877459,15.472541427612306
40.5,25.376554,15.123445510864258
40.25,25.565472,14.684528350830078
39.4,25.355713,14.044287109374999
36.8,24.730146,12.069853591918942
34.5,23.740173,10.75982666015625
33.35,22.724277,10.62572250366211
31.75,22.45349,9.296510696411133
30.5,22.105331,8.394668579101562
29.6,21.731386,7.868613815307619
29.15,21.344545,7.805454635620116
27.0,20.957706,6.042293548583984
29.6,20.609549,8.990451431274415
28.45,20.325865,8.124135208129882
30.750000000000004,20.14534,10.604660034179691
29.1,20.080866,9.01913414001465
27.65,20.184025,7.465975189208983
32.15,20.429024,11.720976257324217
36.6,20.790075,15.809924697875978
40.0,21.18981,18.810190200805664
41.4,21.60244,19.797560119628905
42.35,22.641443,19.708556747436525
43.55,23.779947,19.770052719116208
43.8,24.782318,19.017681884765622
43.65,25.567083,18.08291664123535
43.45000000000001,26.094614,17.355385971069346
42.9,26.279203,16.620796585083006
40.95,26.075869,14.87413139343262
37.4,25.49528,11.90472068786621
33.85,24.570631,9.279368972778322
34.85,23.439928,11.410071945190431
32.3,22.608227,9.69177322387695
30.55,22.28586,8.264139938354493
27.85,21.937702,5.912297821044923
28.399999999999995,21.60244,6.797560119628901
27.0,21.254282,5.745718002319336
26.4,21.009285,5.390715026855467
25.15,20.828758,4.321241760253905
24.75,20.790075,3.9599246978759766
24.3,20.867443,3.432556915283204
25.15,20.996391,4.15360870361328
27.4,21.254282,6.1457180023193345
29.95,21.628231,8.321768951416015
32.45,22.04086,10.409140777587893
34.95,22.96412,11.985879135131839
37.2,24.163576,13.03642387390137
39.2,25.271873,13.928126525878909
40.3,26.195807,14.104193496704099
40.1,26.896778,13.203221893310548
39.8,27.329807,12.470192718505857
38.35,27.439215,10.910785293579103
37.3,27.160656,10.1393440246582
36.4,26.481236,9.918764495849608
33.55,25.615263,7.934737014770505
31.099999999999998,24.569294,6.53070602416992
29.4,23.436407,5.9635929107666
27.75,22.376123,5.373876571655273
26.55,22.002174,4.5478256225585945
25.900000000000002,21.641125,4.258875274658205
24.9,21.331652,3.5683483123779283
24.349999999999998,21.07376,3.2762409210205057
23.95,20.867443,3.0825569152832024
23.4,20.77718,2.6228202819824205
22.65,20.790075,1.8599246978759751
23.85,20.919022,2.930978393554689
26.350000000000005,21.125336,5.22466430664063
29.4,21.38323,8.016769790649413
32.35,21.746159,10.603841400146486
34.65,22.934816,11.715183639526366
36.6,24.118122,12.481877899169923
37.9,25.214596,12.685404205322264
38.7,26.14924,12.550759506225589
38.8,26.880238,11.919762420654294
38.8,27.304657,11.495343017578122
38.35,27.420399,10.929601287841798
37.55,27.225367,10.32463340759277
35.4,26.736696,8.663303756713866
33.75,25.932924,7.817075729370117
32.6,24.897486,7.702514266967775
30.649999999999995,23.749477,6.900522613525386
29.450000000000003,22.582146,6.867854309082034
28.65,21.52507,7.124929809570311
27.1,21.202703,5.897296524047853
25.4,20.957706,4.442293548583983
25.0,20.764286,4.235713958740234
25.65,20.635338,5.014662170410155
25.299999999999997,20.545074,4.754925537109372
25.4,20.493498,4.906502151489256
25.6,20.609549,4.9904514312744155
27.65,20.802969,6.847031021118163
30.7,21.060863,9.639136505126952
33.05,21.70525,11.344750213623044
34.65,22.912428,11.737572097778319
35.8,24.12045,11.679550933837888
36.3,25.222414,11.077585983276364
36.5,26.165665,10.334335327148438
35.35,26.907461,8.442538833618165
35.55,27.381273,8.168726730346677
35.1,27.535746,7.564254379272462
33.95,27.342987,6.607012939453128
32.5,26.84374,5.656259536743164
30.8,26.08289,4.717110443115235
29.65,25.052002,4.597998046874999
27.25,23.813011,3.4369888305664062
26.149999999999995,22.577147,3.572853469848628
25.050000000000004,21.679808,3.370192337036137
24.3,21.35744,2.9425590515136726
23.55,21.07376,2.4762409210205085
23.049999999999997,20.828758,2.2212417602539034
22.75,20.674023,2.075977325439453
22.25,20.596655,1.6533451080322266
21.749999999999996,20.609549,1.1404514312744105
22.3,20.738497,1.561503219604493
23.7,20.9706,2.729399871826171
25.65,21.292967,4.357033157348631
27.9,21.732683,6.167316818237303
30.15,22.931694,7.21830596923828
32.1,24.067968,8.032031631469728
33.55,25.084127,8.465872573852536
34.5,25.918064,8.58193588256836
34.85,26.492537,8.357463455200197
34.75,26.857033,7.892967224121094
34.7,26.900043,7.799956512451175
33.45,26.64299,6.807009887695315
31.85,25.824402,6.025598144531251
29.1,25.063595,4.036405181884767
26.9,23.906256,2.9937442779541
25.7,22.573788,3.126212310791015
24.5,21.963491,2.536508560180664
23.6,21.589546,2.01045379638672
22.800000000000004,21.228495,1.5715053558349652
22.3,20.880337,1.4196632385253913
22.25,20.58376,1.6662406921386719
22.0,20.36455,1.6354503631591797
21.649999999999995,20.248497,1.4015029907226513
21.3,20.248497,1.051502990722657
22.15,20.390339,1.7596611022949205
23.55,20.622444,2.9275558471679695
25.45,20.919022,4.530978393554687
27.6,21.254282,6.345718002319337
29.699999999999996,21.74674,7.953259658813472
31.45,22.926163,8.523837280273437
32.6,24.00992,8.590079879760744
33.15,24.927515,8.222484970092772
33.2,25.632814,7.56718559265137
33.35,26.098059,7.251941299438478
33.1,26.273947,6.8260532379150405
32.4,26.10265,6.2973503112792955
31.5,25.556196,5.943803787231445
27.549999999999997,24.5424,3.0075996398925753
27.0,23.26276,3.7372398376464844
25.85,22.002174,3.847825622558595
24.7,21.628231,3.071768951416015
23.95,21.2156,2.7344009399414055
23.2,20.815865,2.384135437011718
22.5,20.467709,2.0322914123535156
22.3,20.209814,2.0901859283447273
21.9,20.016392,1.883608245849608
21.45,19.913237,1.536763381958007
21.05,19.900341,1.1496589660644538
22.0,20.003498,1.9965019226074219
23.55,20.209814,3.3401859283447273
25.6,20.480602,5.1193977355957045
27.799999999999997,20.802969,6.997031021118161
29.75,21.176916,8.573083877563477
31.25,21.910898,9.339101791381836
32.05,22.968733,9.081267166137692
33.25,23.84675,9.403249740600586
33.25,24.49636,8.753639221191406
33.0,24.923054,8.076946258544922
32.65,25.0197,7.630300903320311
32.05,24.726278,7.323721694946286
30.049999999999997,24.215342,5.834658432006833
28.849999999999998,22.96381,5.886190032958982
27.549999999999997,22.027966,5.5220344543457
26.599999999999998,21.718493,4.8815074920654276
25.6,21.370337,4.229663467407228
24.5,20.996391,3.5036087036132812
23.7,20.609549,3.0904514312744134
23.0,20.235603,2.7643966674804688
22.85,19.913237,2.9367633819580092
22.45,19.655342,2.794657897949218
22.099999999999998,19.474815,2.625184631347654
21.649999999999995,19.397448,2.2525524139404247
22.5,19.48771,3.012289047241211
24.05,19.719814,4.330185699462891
25.75,20.055077,5.694923400878906
27.0,20.44192,6.558080673217773
28.0,20.854548,7.145452499389648
29.450000000000003,21.241388,8.208611679077151
30.55,22.006489,8.543511199951173
31.15,23.155682,7.994318389892577
30.55,23.791204,6.758795547485352
29.85,24.026115,5.823884582519533
29.35,24.078943,5.271056747436525
29.35,23.739565,5.610435104370119
28.95,22.876936,6.073064041137695
26.75,22.208492,4.541507720947266
26.95,22.002174,4.947825622558593
25.55,21.744282,3.8057182312011726
24.3,21.40902,2.890980529785157
23.35,21.04797,2.302030181884767
22.55,20.661127,1.8888729095458991
21.649999999999995,20.287182,1.3628181457519482
21.400000000000002,19.95192,1.4480804443359396
21.2,19.681131,1.5188686370849602
20.8,19.500605,1.2993953704833991
20.35,19.449026,0.9009738922119155
21.8,19.53929,2.260710525512696
23.5,19.771393,3.728607177734375
25.050000000000004,20.11955,4.93044929504395
26.85,20.493498,6.356502151489259
28.65,20.854548,7.795452499389647
29.95,21.202703,8.74729652404785
31.099999999999998,21.647373,9.452626800537107
32.0,22.694221,9.305778503417969
31.65,23.24178,8.40822067260742
32.15,23.366777,8.783222579956053
31.9,23.334873,8.565126800537108
31.6,22.983713,8.616286849975587
30.8,22.21193,8.588070678710938
28.600000000000005,22.002174,6.597825622558599
27.15,21.834543,5.3154567718505845
25.900000000000002,21.589546,4.310453796386721
24.9,21.26718,3.6328205108642564
24.000000000000004,20.893232,3.106767654418949
23.15,20.493498,2.6565021514892564
22.35,20.106655,2.243344879150392
21.7,19.745604,1.954396438598632
21.2,19.449026,1.7509738922119134
20.25,19.268501,0.9814987182617188
19.75,19.204027,0.5459728240966797
21.6,19.307184,2.29281578063965
23.6,19.565079,4.034921264648439
25.6,19.913237,5.686763381958009
27.65,20.312971,7.337028884887694
29.55,20.712708,8.83729248046875
31.05,21.07376,9.976240921020509
31.9,21.475948,10.424051666259764
32.55,22.645647,9.904352951049802
32.8,23.278528,9.52147178649902
33.15,23.439596,9.710403823852538
33.1,23.513842,9.586158370971681
32.35,23.219482,9.130517578125001
31.4,22.591059,8.808941268920897
27.300000000000004,22.092438,5.207562255859379
27.95,21.886124,6.063876342773437
26.499999999999996,21.60244,4.897560119628903
25.299999999999997,21.26718,4.032820510864255
24.3,20.893232,3.406767654418946
23.650000000000002,20.493498,3.15650215148926
22.949999999999996,20.106655,2.8433448791503864
22.4,19.745604,2.6543964385986314
22.099999999999998,19.449026,2.650973892211912
21.500000000000004,19.229816,2.2701835632324254
21.15,19.12666,2.0233406066894517
22.2,19.191132,3.0088684082031243
23.95,19.423237,4.526763153076171
25.8,19.7585,6.041500854492188
27.7,20.158236,7.5417644500732415
29.3,20.596655,8.703345108032227
30.750000000000004,21.009285,9.740715026855472
31.8,21.552197,10.247803497314454
32.4,22.586847,9.813152694702147
32.25,23.224375,9.025625228881836
32.4,23.39748,9.00251998901367
32.15,23.399345,8.75065460205078
31.4,23.19512,8.204880142211913
29.800000000000004,22.607254,7.192745971679692
27.75,22.221386,5.528614044189453
25.900000000000002,22.06665,3.833349609375002
24.45,21.808756,2.6412441253662102
22.949999999999996,21.473492,1.4765083312988239
21.850000000000005,21.112442,0.7375579833984425
21.1,20.738497,0.3615032196044936
20.3,20.36455,-0.0645496368408196
20.4,20.184025,0.21597518920898295
20.7,19.964815,0.7351848602294915
20.65,19.810078,0.8399223327636705
20.75,19.771393,0.978607177734375
21.55,19.887447,1.6625526428222663
22.949999999999996,20.132446,2.8175537109374957
24.4,20.480602,3.9193977355957017
26.05,20.893232,5.156767654418946
27.75,21.30586,6.44413948059082
29.25,21.692703,7.5572967529296875
30.400000000000002,22.585888,7.814112091064455
32.35,23.47136,8.878640747070314
31.2,24.140379,7.059621047973632
32.25,24.555471,7.694528579711914
30.6,24.626635,5.973365402221681
31.15,24.313091,6.836908721923827
29.800000000000004,23.601944,6.198056030273442
27.95,22.801647,5.148352813720702
26.45,22.582436,3.867564392089843
25.199999999999996,22.28586,2.914139938354488
24.55,21.924807,2.625193405151368
23.6,21.537968,2.062032318115236
22.65,21.138231,1.5117687225341783
21.850000000000005,20.764286,1.0857139587402393
21.3,20.429024,0.8709762573242195
21.1,20.17113,0.9288707733154311
20.5,20.016392,0.4836082458496094
19.95,20.003498,-0.053498077392578836
21.400000000000002,20.11955,1.2804492950439474
23.2,20.351654,2.8483459472656243
25.050000000000004,20.674023,4.375977325439457
27.0,21.035074,5.964925765991211
28.9,21.396126,7.503874206542967
30.6,21.7686,8.831399536132814
31.75,22.823711,8.926288604736328
31.8,23.80779,7.992209243774415
32.1,24.497158,7.602841949462892
32.5,24.94973,7.550270080566406
32.25,24.95441,7.295589447021484
30.999999999999996,24.697577,6.302423477172848
30.25,23.991785,6.258214950561523
28.9,23.010647,5.889353179931639
27.95,22.530859,5.419141006469726
26.8,22.195597,4.604403305053712
25.5,21.834543,3.665456771850586
24.349999999999998,21.447704,2.902295684814451
23.35,21.086653,2.2633472442626967
22.6,20.77718,1.8228202819824233
22.099999999999998,20.493498,1.6065021514892557
21.7,20.261393,1.4386074066162102
21.15,20.106655,1.0433448791503892
20.7,20.080866,0.6191341400146477
21.9,20.196918,1.7030815124511705
22.949999999999996,20.44192,2.508080673217769
24.65,20.77718,3.8728202819824205
27.25,21.151125,6.098875045776367
29.75,21.550861,8.199138641357422
31.700000000000003,22.35985,9.340150070190433
32.35,23.461632,8.888368225097658
32.85,24.339653,8.510346984863283
33.75,24.998991,8.751008987426758
34.4,25.376554,9.023445510864256
33.4,25.434868,7.96513214111328
32.9,25.036682,7.863317871093749
31.700000000000003,24.27614,7.4238597869873075
29.05,23.293396,5.756604003906251
27.300000000000004,22.69849,4.601509857177739
25.75,22.40191,3.3480892181396484
24.249999999999996,22.06665,2.1833496093749964
23.2,21.705597,1.4944030761718743
21.749999999999996,21.35744,0.3925590515136683
20.6,21.035074,-0.43507423400878764
20.35,20.75139,-0.4013904571533189
19.7,20.53218,-0.8321807861328132
19.1,20.377445,-1.2774452209472642
19.25,20.312971,-1.0629711151123047
21.1,20.403234,0.696765518188478
23.45,20.596655,2.853345108032226
25.55,20.906126,4.6438739776611335
27.549999999999997,21.26718,6.282820510864255
29.5,21.679808,7.820192337036133
31.099999999999998,22.590082,8.509917831420896
32.4,23.717031,8.682968521118163
33.2,24.587465,8.61253471374512
32.6,25.316544,7.283456420898439
33.1,25.707048,7.392951583862306
32.95,25.728907,7.221093368530276
32.45,25.360704,7.0892955780029325
31.8,24.675213,7.124787139892579
29.85,23.639372,6.210628128051759
29.3,22.866121,6.433878707885743
27.6,22.556648,5.04335174560547
26.0,22.208492,3.7915077209472656
24.950000000000003,21.860334,3.089665603637698
24.000000000000004,21.499283,2.500717163085941
23.0,21.151125,1.8488750457763672
22.3,20.841654,1.4583461761474616
21.8,20.58376,1.2162406921386726
21.1,20.403234,0.696765518188478
20.55,20.351654,0.1983459472656257
21.7,20.454813,1.2451869964599602
23.7,20.686918,3.013081741333007
26.0,21.009285,4.990715026855469
28.500000000000004,21.396126,7.103874206542972
30.850000000000005,21.795862,9.054137802124028
32.8,22.82835,9.971649932861325
34.35,23.963554,10.386445617675783
35.35,24.906895,10.44310531616211
34.8,25.569355,9.230644989013669
35.2,25.974722,9.225278091430667
35.1,26.00506,9.09493980407715
34.6,25.68179,8.918210601806642
33.45,25.050867,8.399132919311526
31.25,24.146608,7.103391647338867
29.2,23.07253,6.127469253540038
27.65,22.582436,5.067564392089842
25.75,22.23428,3.5157203674316406
24.5,21.860334,2.6396656036376953
23.55,21.499283,2.050717163085938
22.65,21.176916,1.4730838775634751
22.05,20.880337,1.1696632385253913
21.55,20.635338,0.914662170410157
20.95,20.480602,0.4693977355957024
20.5,20.44192,0.05808067321777344
21.6,20.519287,1.0807128906250014
23.8,20.764286,3.035713958740235
26.7,21.099548,5.600451660156249
29.699999999999996,21.48639,8.213610839843746
32.6,21.886124,10.713876342773439
34.8,23.130688,11.66931228637695
36.5,24.306631,12.193368911743164
37.55,25.333544,12.216456222534177
37.55,26.056063,11.49393730163574
37.8,26.480705,11.319294738769528
37.3,26.579622,10.72037773132324
36.3,26.333544,9.966456222534177
34.6,25.697311,8.902688598632814
32.1,24.728712,7.371287918090822
30.35,23.534073,6.815927124023439
28.500000000000004,22.69849,5.801509857177738
26.8,22.324543,4.475457000732423
25.4,21.924807,3.4751934051513658
24.3,21.52507,2.774929809570313
23.4,21.151125,2.2488750457763658
22.800000000000004,20.841654,1.9583461761474652
22.65,20.58376,2.0662406921386705
22.05,20.416128,1.6338718414306648
21.55,20.36455,1.1854503631591804
22.6,20.44192,2.158080673217775
24.8,20.648233,4.151766586303712
27.75,20.983496,6.766504287719727
30.850000000000005,21.38323,9.466769790649419
33.75,22.087717,11.662282943725586
36.15,23.40894,12.741060638427733
38.05,24.606298,13.443701553344724
39.25,25.611837,13.638162612915039
39.35,26.364386,12.985614395141603
39.55,26.821198,12.728802490234372
38.95,26.96728,11.982720565795901
37.75,26.74043,11.00956916809082
36.0,26.121288,9.878711700439453
33.5,25.183744,8.316255569458008
31.6,24.040241,7.559758758544923
29.699999999999996,22.73151,6.96848983764648
27.6,22.272964,5.327035522460939
25.95,21.89902,4.0509807586669915
25.0,21.537968,3.4620323181152344
24.2,21.2156,2.9844009399414055
23.55,20.931917,2.618082809448243
22.85,20.712708,2.1372924804687514
21.95,20.570864,1.3791362762451165
21.2,20.53218,0.6678192138671868
22.55,20.635338,1.914662170410157
24.55,20.854548,3.695452499389649
27.0,21.18981,5.810190200805664
29.85,21.576653,8.273347473144533
32.85,22.742062,10.107938385009767
35.5,24.119501,11.380498886108398
37.55,25.375715,12.174284744262692
39.0,26.445461,12.55453872680664
39.15,27.266548,11.883451843261717
39.65,27.764008,11.885992431640624
39.2,27.892866,11.307133865356448
38.05,27.655266,10.394734191894528
36.35,27.001768,9.348231887817384
34.1,25.992386,8.107614135742189
32.25,24.800648,7.449352264404297
30.25,23.496202,6.75379753112793
28.500000000000004,22.311647,6.188352584838871
27.0,21.976387,5.023612976074219
25.75,21.654018,4.095981597900391
24.55,21.370337,3.1796634674072273
23.35,21.138231,2.211768722534181
24.2,20.94481,3.255189132690429
22.700000000000003,20.828758,1.871241760253909
22.65,20.802969,1.8470310211181626
23.85,20.893232,2.9567676544189467
26.95,21.138231,5.811768722534179
29.800000000000004,21.434809,8.365191268920903
32.5,21.894024,10.605976104736328
35.0,23.314392,11.68560791015625
37.0,24.691702,12.308298110961914
38.45,25.937119,12.512881469726565
39.35,26.96604,12.383960342407228
39.0,27.75491,11.24509048461914
38.95,28.252325,10.697674942016604
38.6,28.368244,10.231755828857423
37.95,28.102713,9.847287368774417
36.25,27.449173,8.800827026367188
33.6,26.495476,7.104524230957033
31.8,25.320827,6.479172515869141
30.1,24.039982,6.060018157958986
28.500000000000004,22.815094,5.6849060058593786
27.0,21.950598,5.049402236938477
25.7,21.654018,4.04598159790039
24.65,21.38323,3.2667697906494126
24.15,21.151125,2.9988750457763658
23.45,20.983496,2.466504287719726
22.55,20.906126,1.6438739776611335
21.8,20.919022,0.8809783935546882
23.15,21.060863,2.0891365051269517
24.9,21.35744,3.5425590515136705
26.85,21.705597,5.144403076171876
29.25,22.944809,6.3051910400390625
31.45,24.250326,7.199673843383788
33.15,25.506538,7.643461608886717
34.25,26.629742,7.620258331298828
34.85,27.583616,7.266383743286134
34.8,28.273832,6.526167678833005
35.25,28.676832,6.57316780090332
35.0,28.758354,6.241645812988281
34.45,28.544132,5.905867767333987
33.25,27.982687,5.267313003540039
30.6,27.056791,3.5432086944580092
29.0,25.927206,3.072793960571289
27.6,24.692543,2.907456970214845
26.4,23.421337,2.9786628723144517
25.299999999999997,22.259987,3.040013122558591
24.2,21.782965,2.417035293579101
23.5,21.512177,1.987823486328125
23.4,21.292967,2.1070331573486314
22.65,21.112442,1.537557983398436
22.4,20.983496,1.4165042877197251
21.95,20.957706,0.9922935485839837
23.6,21.060863,2.5391365051269545
24.75,21.280073,3.4699268341064453
26.0,21.589546,4.410453796386719
27.75,22.803951,4.946048736572266
30.2,24.136148,6.06385154724121
31.099999999999998,25.36653,5.733470535278318
31.45,26.444668,5.00533218383789
32.3,27.338484,4.9615161895751925
32.3,27.977253,4.322747039794919
33.05,28.371733,4.678267288208005
33.1,28.436207,4.663793182373048
32.15,28.179197,3.9708026885986314
31.099999999999998,27.583527,3.516473388671873
29.35,26.651293,2.698707199096681
28.3,25.493864,2.8061359405517585
27.300000000000004,24.276337,3.0236633300781293
26.350000000000005,23.090935,3.2590652465820362
25.35,21.963581,3.3864189147949233
24.4,21.628231,2.771768951416014
23.6,21.370337,2.229663467407228
23.1,21.18981,1.9101902008056655
22.700000000000003,21.060863,1.639136505126956
22.3,21.009285,1.2907150268554695
22.099999999999998,21.060863,1.039136505126951
23.25,21.228495,2.021505355834961
25.0,21.460598,3.5394020080566406
26.85,21.705597,5.144403076171876
29.15,22.59535,6.554649734497069
31.4,23.84813,7.551870727539061
33.15,25.019522,8.130478286743163
34.55,26.016186,8.53381423950195
34.95,26.864935,8.085065078735354
34.55,27.505894,7.0441062927246065
34.95,27.926117,7.023883056640628
34.85,28.037752,6.812247848510744
34.65,27.797924,6.852075958251952
33.85,27.191544,6.658456420898439
30.0,26.246414,3.7535858154296875
29.75,25.095411,4.65458869934082
29.35,23.843616,5.506383514404298
27.95,22.637598,5.312401962280273
26.85,21.873228,4.976771926879884
25.6,21.576653,4.023347473144533
24.249999999999996,21.318758,2.9312419891357386
23.35,21.086653,2.2633472442626967
22.35,20.919022,1.430978393554689
21.7,20.828758,0.8712417602539055
20.9,20.854548,0.045452499389647016
23.35,21.009285,2.34071502685547
26.499999999999996,21.26718,5.232820510864254
29.85,21.60244,8.247560119628908
32.25,22.42419,9.825809478759766
34.25,23.690887,10.559112548828125
35.75,24.878523,10.871477127075195
36.95,25.937515,11.01248474121094
37.75,26.777832,10.97216796875
37.25,27.393087,9.856912612915039
37.55,27.75544,9.794560241699216
37.35,27.849897,9.500102615356447
36.65,27.631485,9.018515014648436
35.4,27.061516,8.33848419189453
30.7,26.090687,4.609313201904296
29.4,25.061853,4.338146591186522
30.45,23.991167,6.458832931518554
29.35,22.860197,6.489802932739259
28.25,22.169807,6.080192565917969
27.4,21.886124,5.513876342773436
25.55,21.628231,3.9217689514160163
24.7,21.396126,3.303874206542968
23.899999999999995,21.2156,2.6844009399414013
23.95,21.112442,2.837557983398437
24.5,21.086653,3.4133472442626953
25.45,21.202703,4.247296524047851
28.8,21.473492,7.326508331298829
32.5,21.834543,10.665456771850586
35.15,22.475494,12.674505615234374
37.0,23.745405,13.254594802856445
38.4,24.922283,13.477716827392577
39.4,25.989758,13.410242462158202
40.1,26.874962,13.225038146972658
39.7,27.515787,12.184212875366214
40.4,27.905851,12.494148635864256
40.15,27.987368,12.162632369995116
39.6,27.730183,11.869817352294923
37.4,27.164366,10.235634231567381
35.75,26.202011,9.547988891601562
36.1,25.115263,10.98473701477051
32.45,24.009193,8.440806579589847
33.1,22.930655,10.169345474243165
31.55,22.118229,9.431771087646485
30.3,21.873228,8.426771926879884
27.95,21.641125,6.308875274658202
31.3,21.447704,9.852295684814454
30.7,21.318758,9.381241989135741
30.15,21.280073,8.869926834106444
29.800000000000004,21.35744,8.442559051513676
30.750000000000004,21.52507,9.224929809570316
33.7,21.808756,11.891244125366214
35.75,22.156914,13.593086242675781
37.15,22.959965,14.190035247802733
37.8,24.221714,13.578285980224607
38.05,25.44558,12.604420471191403
38.7,26.53438,12.165620040893558
38.95,27.430162,11.519837570190433
36.9,28.111633,8.788366699218749
36.35,28.565859,7.784141159057619
36.45,28.745768,7.704232406616214
35.75,28.651354,7.09864616394043
34.75,28.059656,6.690343856811523
33.2,27.44226,5.757739257812503
31.15,26.644867,4.505133056640624
30.899999999999995,25.56887,5.331129455566401
30.1,24.494883,5.605117416381837
28.35,23.43919,4.9108100891113295
27.200000000000003,22.495802,4.704198074340823
26.2,21.860334,4.339665603637695
25.6,21.782965,3.817035293579103
25.1,21.795862,3.304137802124025
24.55,21.860334,2.689665603637696
24.000000000000004,22.027966,1.9720344543457067
25.25,22.260069,2.989931106567383
27.449999999999996,22.543753,4.90624732971191
29.800000000000004,22.843367,6.9566333770752
31.949999999999996,23.896744,8.053256225585933
33.7,24.953197,8.746802520751956
35.2,25.968828,9.231171798706058
36.35,26.926542,9.42345771789551
37.15,27.759903,9.390097045898436
36.25,28.35968,7.89031982421875
36.8,28.698029,8.101971435546872
36.35,28.830643,7.519357299804689
35.5,28.68465,6.815349578857422
34.25,28.182861,6.067138671875
30.3,27.483902,2.816098022460938
29.75,26.581297,3.168703079223633
29.15,25.554472,3.5955280303955064
27.65,24.53416,3.1158393859863267
26.8,23.494574,3.3054264068603523
25.95,22.509735,3.4402648925781243
25.15,21.675484,3.4745162963867173
24.8,21.421915,3.3780849456787116
24.3,21.396126,2.9038742065429695
23.650000000000002,21.434809,2.2151912689209006
23.0,21.512177,1.487823486328125
24.2,21.666914,2.5330860137939446
26.4,21.901518,4.498482131958006
29.1,22.9117,6.188300704956056
31.099999999999998,23.992964,7.107036209106443
32.6,25.107422,7.492578125000001
33.95,26.194082,7.755917739868167
35.0,27.188515,7.811485290527344
35.55,28.002867,7.54713325500488
34.95,28.598581,6.351418685913089
35.25,28.975706,6.274293899536133
35.0,29.121344,5.878656387329102
34.55,28.979769,5.570231246948239
33.75,28.576767,5.1732330322265625
31.85,27.86076,3.9892402648925795
30.35,26.827553,3.522447204589845
28.8,25.79002,3.009980010986329
27.4,24.65825,2.7417491912841783
26.4,23.583366,2.81663360595703
25.6,22.611423,2.988576507568361
24.85,21.89064,2.959359741210939
24.5,21.473492,3.026508331298828
24.249999999999996,21.421915,2.8280849456787074
23.85,21.396126,2.45387420654297
22.85,21.40902,1.4409805297851577
25.050000000000004,21.499283,3.5507171630859418
27.95,21.816792,6.133208465576171
30.999999999999996,22.880964,8.119035720825192
33.2,23.986946,9.213053894042972
34.85,25.115458,9.734542465209962
36.1,26.21073,9.889270401000978
37.05,27.200924,9.849076080322263
37.4,28.015362,9.384638214111327
37.3,28.606838,8.693161773681638
37.4,28.99253,8.407469177246092
36.9,29.125362,7.774637603759764
36.25,28.970978,7.279022216796875
30.049999999999997,28.555128,1.4948719024658175
30.7,27.796373,2.903626632690429
29.35,26.793198,2.556802368164064
28.600000000000005,25.612167,2.9878326416015675
27.65,24.323961,3.3260387420654283
26.7,23.102194,3.5978061676025384
25.65,22.015175,3.6348251342773423
24.8,21.292967,3.5070331573486335
24.45,21.151125,3.2988750457763665
24.100000000000005,21.07376,3.026240921020513
23.55,21.04797,2.5020301818847663
23.1,21.099548,2.0004516601562514
24.100000000000005,21.280073,2.8199268341064503
25.900000000000002,21.563755,4.3362449645996115
28.05,22.47189,5.578110504150391
30.55,23.629496,6.920504379272462
32.85,24.803118,8.046882247924806
34.65,25.949879,8.700121307373045
35.9,26.993706,8.90629425048828
36.7,27.827463,8.872536849975589
36.55,28.478952,8.071047592163083
36.65,28.873255,7.776745223999022
36.55,28.971819,7.578181076049802
36.15,28.740246,7.409754180908202
35.05,27.741396,7.308604049682614
31.6,26.783064,4.816936111450197
31.05,25.745619,5.304381179809571
29.3,24.615944,4.6840560913085945
28.25,23.497026,4.752973556518555
27.4,22.40916,4.990839385986327
26.4,21.473492,4.926508331298827
25.5,21.254282,4.245718002319336
25.15,21.086653,4.063347244262694
24.65,20.983496,3.666504287719725
24.05,20.931917,3.118082809448243
23.45,20.957706,2.4922935485839837
24.45,21.112442,3.337557983398437
26.45,21.344545,5.1054546356201165
28.849999999999998,21.730099,7.1199012756347635
31.15,22.93018,8.219820404052733
33.15,24.206652,8.943348312377928
34.95,25.415567,9.534432601928714
36.45,26.521593,9.928406906127933
37.7,27.41104,10.28896064758301
37.55,28.075418,9.474581527709958
37.95,28.499706,9.450293731689456
37.7,28.641151,9.058848571777347
37.05,28.482487,8.567513275146482
36.05,27.963829,8.086170959472653
34.05,26.960695,7.089304733276364
32.65,25.871672,6.778328323364256
31.45,24.647675,6.802325439453124
30.45,23.488998,6.961001586914062
29.5,22.422554,7.077445983886719
28.9,21.476131,7.423868560791014
28.05,21.112442,6.937557983398438
27.449999999999996,20.996391,6.453608703613277
26.9,20.919022,5.980978393554686
26.250000000000004,20.906126,5.343873977661136
25.85,20.983496,4.866504287719728
27.4,21.138231,6.261768722534178
30.5,21.344545,9.155454635620117
33.2,21.893406,11.306594085693362
35.4,23.055428,12.344572448730467
37.15,24.260061,12.889938735961913
38.35,25.460367,12.889632797241212
39.35,26.566305,12.78369483947754
40.0,27.530796,12.46920394897461
39.5,28.24663,11.25337028503418
39.65,28.688091,10.961908721923827
39.25,28.790895,10.459104537963867
38.45,28.44782,10.002179336547854
35.4,27.95906,7.440939331054686
33.0,27.165907,5.83409309387207
31.099999999999998,26.17558,4.924420928955076
29.800000000000004,25.067368,4.732632446289067
28.45,23.944162,4.505837631225585
27.449999999999996,22.889584,4.560416412353511
26.45,21.977566,4.47243423461914
25.7,21.24295,4.457049560546874
25.199999999999996,21.138231,4.061768722534175
24.8,21.086653,3.713347244262696
24.3,21.099548,3.2004516601562507
23.85,21.18981,2.6601902008056655
24.65,21.370337,3.279663467407225
26.45,21.654018,4.79598159790039
28.749999999999996,22.603872,6.1461277008056605
31.2,23.759335,7.440665435791015
33.5,24.936039,8.563961029052734
35.2,26.101942,9.098057937622073
36.2,27.179905,9.020095062255862
36.85,28.09706,8.752940750122072
36.35,28.778442,7.571557617187501
36.6,29.215448,7.3845516204834
36.25,29.326687,6.923313140869141
35.8,29.082129,6.717871475219724
34.2,28.36608,5.833920669555667
32.15,27.427109,4.722891235351561
30.55,26.29748,4.252520370483399
29.1,25.107796,3.99220428466797
27.799999999999997,23.922523,3.877476501464841
26.75,22.781206,3.9687938690185547
25.8,21.793957,4.006043243408204
24.950000000000003,21.16402,3.7859794616699247
24.4,21.04797,3.352030181884764
23.899999999999995,20.9706,2.929399871826167
23.3,20.957706,2.342293548583985
22.65,20.996391,1.6536087036132798
23.6,21.112442,2.487557983398439
25.15,21.318758,3.8312419891357408
26.9,22.36691,4.533089065551756
29.05,23.62723,5.422770309448243
31.3,24.919676,6.3803241729736335
33.25,26.141356,7.108644485473633
34.7,27.234398,7.465602111816409
35.65,28.113045,7.536955261230467
35.35,28.760204,6.5897956848144545
35.8,29.158745,6.641255187988278
35.5,29.304384,6.195615768432617
35.15,29.167135,5.982864761352538
34.15,28.699839,5.4501613616943345
32.1,27.953934,4.146066284179689
30.6,26.959372,3.6406284332275405
29.15,25.814747,3.3352531433105455
27.85,24.623055,3.22694549560547
26.55,23.477493,3.072506713867188
25.4,22.430544,2.9694561004638658
24.45,21.5581,2.8919002532958977
23.899999999999995,21.151125,2.748875045776362
23.35,21.099548,2.2504516601562514
22.700000000000003,21.086653,1.6133472442626982
22.15,21.138231,1.0117687225341783
23.15,21.254282,1.8957180023193345
24.65,21.421915,3.2280849456787095
26.45,22.356379,4.093621444702148
28.500000000000004,23.52224,4.97776031494141
30.649999999999995,24.795277,5.854723358154292
32.55,26.040516,6.509484100341794
34.15,27.169968,6.980032348632811
35.3,28.121521,7.178479003906247
34.7,28.794474,5.905526351928714
35.45,29.210192,6.2398082733154325
35.4,29.334457,6.065542602539061
34.95,29.111538,5.8384620666503935
33.95,28.579987,5.370013427734378
31.700000000000003,27.714014,3.9859859466552763
31.05,26.595095,4.454905319213868
28.749999999999996,25.343298,3.406702041625973
27.65,24.095829,3.554170989990233
26.499999999999996,22.896637,3.6033630371093714
25.55,21.826042,3.723957824707032
24.6,21.035074,3.5649257659912124
24.2,20.906126,3.293873977661132
23.650000000000002,20.815865,2.834135437011721
23.1,20.77718,2.3228202819824233
22.85,20.802969,2.0470310211181655
23.95,20.94481,3.005189132690429
25.050000000000004,21.16402,3.885979461669926
26.7,21.881632,4.81836814880371
29.05,23.066767,5.983233261108399
31.6,24.326057,7.27394256591797
33.7,25.558533,8.141467285156253
35.15,26.700968,8.44903221130371
36.3,27.65047,8.649529266357419
36.45,28.319181,8.13081855773926
37.1,28.769257,8.330743408203126
37.2,28.92788,8.272120666503909
36.9,28.726423,8.173576736450194
36.0,28.2249,7.7751007080078125
33.4,27.39324,6.006760025024413
31.6,26.336563,5.263436889648439
29.800000000000004,24.992626,4.807373809814457
28.3,23.748327,4.551672744750977
27.0,22.573723,4.426277160644531
25.85,21.523472,4.326528167724611
24.85,21.16402,3.6859794616699233
24.15,20.996391,3.15360870361328
22.949999999999996,20.867443,2.082556915283199
23.5,20.790075,2.7099246978759766
23.25,20.790075,2.4599246978759766
24.45,20.906126,3.543873977661132
27.799999999999997,21.112442,6.687557983398435
31.4,21.580048,9.819952392578124
34.65,22.816092,11.833908462524413
37.35,24.15686,13.193139648437501
39.35,25.449394,13.900605773925783
40.6,26.61543,13.984569168090822
41.75,27.57774,14.172260284423828
41.75,28.280676,13.469324111938477
41.8,28.75645,13.043549346923825
41.25,28.93649,12.31351089477539
40.9,28.782152,12.117847824096678
37.85,28.293478,9.55652198791504
35.65,27.427551,8.222448730468749
32.55,26.300154,6.2498462677001925
31.4,25.072004,6.327995681762694
29.800000000000004,23.809587,5.990412521362309
27.65,22.584652,5.065348052978514
26.3,21.523422,4.776577758789063
25.6,21.241388,4.35861167907715
25.6,21.099548,4.500451660156251
25.299999999999997,20.983496,4.316504287719724
24.950000000000003,20.94481,4.0051891326904325
24.4,21.02218,3.377819442749022
24.9,21.16402,3.7359794616699205
26.1,21.434809,4.6651912689209
28.150000000000002,22.34522,5.804779434204104
30.25,23.668001,6.581998825073242
32.15,24.987442,7.162557983398436
33.75,26.24129,7.508710861206055
34.95,27.360033,7.5899669647216825
35.7,28.290037,7.409962844848636
34.8,29.001406,5.798594284057614
35.15,29.46411,5.685890579223631
34.8,29.613903,5.1860969543457
33.9,29.47228,4.427719497680663
32.2,28.794825,3.4051753997802763
30.049999999999997,27.967361,2.0826385498046847
28.3,26.595537,1.7044628143310554
27.200000000000003,25.348068,1.8519317626953153
26.149999999999995,24.092077,2.0579227447509716
25.299999999999997,22.812569,2.487431335449216
24.5,21.653625,2.84637451171875
23.750000000000004,21.202703,2.547296524047855
23.5,21.086653,2.4133472442626953
23.0,21.02218,1.9778194427490234
22.25,21.009285,1.2407150268554688
21.500000000000004,21.060863,0.4391365051269567
22.800000000000004,21.16402,1.6359794616699261
24.5,21.370337,3.1296634674072266
26.149999999999995,22.356512,3.7934879302978466
27.549999999999997,23.585775,3.964224624633786
29.2,24.842794,4.357205581665038
30.850000000000005,26.023645,4.826354598999028
32.25,27.101566,5.148433685302734
33.3,27.9973,5.30270080566406
33.05,28.610062,4.439938354492185
33.7,29.038588,4.661412429809573
33.6,29.16705,4.432950592041017
32.95,28.974112,3.975888442993167
31.5,28.386833,3.1131668090820312
29.4,27.482351,1.9176486968994126
28.05,26.350626,1.6993740081787116
26.7,25.156746,1.543254089355468
25.55,23.945686,1.6043136596679695
24.5,22.799013,1.7009868621826172
23.6,21.834564,1.7654357910156264
22.700000000000003,21.07376,1.6262409210205107
22.5,20.996391,1.5036087036132812
21.850000000000005,20.983496,0.8665042877197315
21.0,20.996391,0.00360870361328125
21.850000000000005,21.04797,0.8020301818847706
22.65,21.2156,1.4344009399414048
24.65,21.421915,3.2280849456787095
26.2,22.31359,3.8864109039306634
27.85,23.434385,4.415614700317384
29.55,24.649462,4.90053825378418
31.05,25.838795,5.211205291748048
32.3,26.959589,5.340410995483396
33.2,27.90677,5.293229293823245
32.75,28.571112,4.178888320922852
33.45,29.008293,4.441706848144534
33.45,29.14978,4.300219726562503
33.15,28.931147,4.218853378295897
32.05,28.313925,3.736075210571286
30.1,27.28933,2.8106704711914077
28.749999999999996,26.12115,2.628850936889645
27.200000000000003,24.83937,2.3606292724609403
26.149999999999995,23.534029,2.615970993041987
25.299999999999997,22.357239,2.942761230468747
24.45,21.348528,3.101472091674804
23.650000000000002,20.854548,2.7954524993896506
23.25,20.738497,2.511503219604492
22.55,20.686918,1.8630817413330085
21.8,20.648233,1.1517665863037116
21.15,20.712708,0.4372924804687486
23.25,20.893232,2.3567676544189453
25.35,21.16402,4.185979461669923
27.15,21.970022,5.179977798461913
29.0,23.10746,5.892539978027344
30.95,24.287462,6.662537765502929
32.75,25.446987,7.303012847900391
34.25,26.51647,7.733530044555664
35.3,27.397346,7.902653503417966
33.95,28.044596,5.905404281616214
34.35,28.460403,5.889596557617189
34.2,28.55473,5.645270538330081
33.8,28.297588,5.502411651611325
33.1,27.714636,5.385364151000978
30.25,26.818766,3.431234359741211
29.0,25.734247,3.2657527923583984
27.9,24.499672,3.4003280639648423
26.8,23.258629,3.541371154785157
25.65,22.11084,3.5391601562499986
24.6,21.292967,3.3070331573486342
23.650000000000002,21.086653,2.5633472442626974
23.2,20.996391,2.2036087036132805
22.949999999999996,20.906126,2.0438739776611285
22.4,20.854548,1.545452499389647
21.9,20.880337,1.0196632385253892
23.049999999999997,21.009285,2.040715026855466
24.9,21.254282,3.6457180023193345
26.9,21.664911,5.235088729858397
28.9,22.806942,6.093058013916014
30.850000000000005,24.039461,6.810538864135747
32.75,25.259,7.490999221801758
34.45,26.409868,8.040131759643558
35.55,27.359104,8.190895843505857
35.0,27.988955,7.011045455932617
35.4,28.417215,6.9827846527099595
35.25,28.536888,6.713111877441406
34.65,28.300722,6.349277877807616
33.75,27.747398,6.002601623535156
31.9,26.748325,5.151674652099608
29.85,25.620708,4.2292915344238295
28.399999999999995,24.45244,3.9475597381591747
27.05,23.297153,3.75284652709961
25.85,22.161234,3.6887660980224624
24.85,21.094204,3.755796051025392
23.95,20.570864,3.3791362762451165
23.35,20.480602,2.8693977355957045
22.75,20.454813,2.295186996459961
22.099999999999998,20.493498,1.6065021514892557
21.500000000000004,20.570864,0.9291362762451207
22.4,20.738497,1.6615032196044908
24.15,20.957706,3.192293548583983
26.05,21.304794,4.745205688476563
28.150000000000002,22.587334,5.562666320800783
30.3,23.924755,6.375244903564454
32.3,25.22345,7.076550292968747
33.85,26.44058,7.409419631958009
34.95,27.477583,7.472417068481448
34.55,28.231567,6.318432617187497
35.2,28.762585,6.437415313720706
35.25,28.954945,6.295055389404297
35.05,28.817253,6.232746887207028
34.35,28.3152,6.034799194335939
33.65,27.474619,6.1753810882568345
31.65,26.385506,5.264494323730467
29.65,25.232231,4.41776885986328
28.3,24.070564,4.2294357299804695
26.95,22.960478,3.989522171020507
25.85,21.981302,3.8686977386474624
25.0,21.213486,3.7865142822265625
24.45,20.457897,3.9921028137207024
24.100000000000005,20.287182,3.812818145751958
23.8,20.33876,3.461239624023438
23.45,20.429024,3.020976257324218
24.45,20.570864,3.8791362762451165
26.2,21.095987,5.10401268005371
28.150000000000002,22.236504,5.913496398925783
30.45,23.550323,6.899676513671874
32.75,24.92411,7.825889587402344
34.7,26.267736,8.43226356506348
36.4,27.48054,8.919460678100585
37.85,28.461681,9.388318634033205
37.25,29.1942,8.05579948425293
38.0,29.678104,8.321895599365234
37.9,29.844805,8.055195236206053
37.2,29.655756,7.544244003295901
35.75,29.072361,6.677639007568359
33.7,28.304775,5.3952247619628935
31.65,27.258722,4.391277694702147
29.85,26.032803,3.817197418212892
28.25,24.759853,3.4901466369628906
26.9,23.489267,3.4107326507568345
25.65,22.353786,3.296213531494139
24.65,21.423113,3.2268871307373033
24.2,20.726288,3.4737121582031243
23.95,20.280312,3.669688415527343
23.2,20.33876,2.861239624023437
22.65,20.454813,2.1951869964599595
24.15,20.793516,3.3564838409423814
25.95,21.682287,4.267712783813476
28.25,22.830078,5.419921875
30.899999999999995,24.141798,6.758201980590815
33.5,25.504831,7.995168685913086
35.75,26.820572,8.929428100585938
37.45,27.99045,9.459550094604495
38.45,28.997293,9.452706527709964
38.15,29.742622,8.407377624511717
38.45,30.230717,8.219283294677737
38.15,30.367344,7.782656097412108
37.3,30.148268,7.1517322540283175
35.6,29.530607,6.069392776489259
33.2,28.591549,4.6084510803222685
31.15,27.455452,3.6945480346679673
29.3,26.250994,3.0490062713623054
27.75,24.986658,2.7633419036865234
26.55,23.79112,2.758879470825196
25.65,22.68143,2.968569183349608
25.0,21.741117,3.258882522583008
24.8,21.071953,3.728047180175782
24.45,20.661762,3.788237762451171
23.899999999999995,20.47012,3.4298805236816357
23.35,20.546282,2.803718185424806
24.4,21.075333,3.324667358398436
26.250000000000004,21.929882,4.320117950439457
28.45,23.07013,5.379870605468749
30.7,24.40104,6.298960876464843
33.05,25.809006,7.24099426269531
35.2,27.167492,8.032508087158206
36.6,28.38864,8.21136054992676
37.75,29.386827,8.36317253112793
37.9,30.093422,7.806578063964842
38.35,30.547123,7.802877044677736
37.9,30.687944,7.212055587768553
36.85,30.460257,6.3897434234619155
35.35,29.834026,5.5159736633300795
33.25,28.787794,4.46220588684082
31.349999999999998,27.527342,3.8226581573486307
29.6,26.198576,3.4014240264892592
28.2,24.900013,3.299987030029296
26.9,23.672396,3.2276042938232408
25.900000000000002,22.58207,3.317930603027346
25.15,21.722292,3.4277080535888658
24.5,21.114258,3.3857421875
24.05,20.767605,3.2823951721191413
23.15,20.68742,2.4625801086425767
22.6,20.853357,1.7466426849365249
24.15,21.448086,2.701914215087889
26.05,22.368761,3.6812389373779304
28.35,23.57335,4.776649093627931
30.7,24.884985,5.815015029907226
33.0,26.24146,6.758539199829102
34.8,27.574202,7.2257984161376925
36.05,28.722485,7.32751541137695
37.05,29.673422,7.376578140258786
36.75,30.41005,6.3399505615234375
37.45,30.889492,6.5605079650878935
37.6,30.983196,6.6168037414550795
37.25,30.699778,6.550222396850586
36.0,30.026342,5.973657608032227
33.55,29.018705,4.531294631958005
31.85,27.80546,4.044540023803712
30.049999999999997,26.519571,3.530428695678708
28.25,25.242472,3.007528305053711
26.599999999999998,24.027706,2.5722938537597635
25.45,22.965265,2.4847347259521477
24.65,22.136543,2.5134567260742173
24.2,21.541359,2.658641052246093
23.55,21.201176,2.348824310302735
22.9,21.066645,1.833355331420897
22.25,21.220308,1.0296916961669922
23.35,21.802458,1.5475421905517592
25.4,22.738302,2.6616977691650376
27.6,23.905455,3.6945453643798842
30.35,25.20428,5.145719146728517
33.0,26.532915,6.467084884643555
35.15,27.805641,7.344358825683592
36.6,28.911005,7.6889949798584
37.55,29.819061,7.730938720703122
37.2,30.482737,6.717263412475589
37.5,30.919252,6.580747604370117
37.35,31.030092,6.319907760620119
36.8,30.768047,6.031952667236325
35.4,30.107418,5.292581939697264
32.85,29.095451,3.7545486450195327
29.6,27.90791,1.6920906066894545
29.6,26.634829,2.9651714324951186
28.749999999999996,25.353357,3.39664268493652
27.85,24.110748,3.7392517089843764
26.85,23.020464,3.829536056518556
26.05,22.1125,3.937500762939454
25.75,21.44775,4.302249908447266
25.15,21.041218,4.1087821960449205
24.45,20.8564,3.593600463867187
23.750000000000004,20.981195,2.768804550170902
24.7,21.51734,3.182660293579101
26.8,22.447742,4.352257537841798
29.5,23.66094,5.839059829711914
32.35,25.066856,7.283143615722658
34.4,26.468353,7.931646728515624
35.8,27.801004,7.998995590209958
36.85,28.979229,7.8707710266113295
37.6,29.912989,7.687011337280275
37.15,30.606691,6.543308639526366
37.2,31.0089,6.1911003112793
36.95,31.072487,5.877513122558597
36.25,30.788979,5.461021423339844
35.1,30.111128,4.988872146606447
31.4,29.103445,2.2965549468994126
31.75,27.838753,3.9112472534179688
29.6,26.689983,2.9100166320800795
28.749999999999996,25.340063,3.409936904907223
27.799999999999997,24.2003,3.5996997833251925
26.75,23.19792,3.5520801544189453
25.85,22.37781,3.4721904754638686
25.55,21.799892,3.7501075744628913
25.050000000000004,21.415892,3.634108352661137
24.45,21.257887,3.1921131134033196
23.899999999999995,21.380632,2.5193675994872997
24.65,21.898657,2.751343154907225
26.2,22.797068,3.4029323577880852
28.05,23.997505,4.0524948120117195
30.35,25.339167,5.01083335876465
32.6,26.678509,5.9214912414550795
34.35,27.90827,6.441730117797853
35.65,28.996365,6.653635406494139
36.35,29.874304,6.475696182250978
35.55,30.520756,5.0292442321777315
36.0,30.897173,5.102827072143555
35.85,30.982224,4.867776489257814
35.3,30.69439,4.605610656738278
34.4,30.063787,4.33621253967285
32.3,29.02184,3.278160858154294
31.349999999999998,27.911442,3.4385581970214822
29.3,26.59124,2.708760070800782
28.0,25.374067,2.6259326934814453
26.95,24.268572,2.681428146362304
26.2,23.272526,2.9274742126464837
25.45,22.460852,2.989148330688476
24.85,21.932106,2.917893981933595
24.249999999999996,21.628374,2.621625900268551
23.55,21.550598,1.9994018554687507
23.2,21.722559,1.4774410247802727
24.15,22.251339,1.8986610412597642
25.65,23.055422,2.5945781707763658
26.65,24.13811,2.5118907928466783
27.95,25.362019,2.587981414794921
29.800000000000004,26.6264,3.17360000610352
31.25,27.80476,3.445240020751953
32.8,28.88009,3.9199092864990206
34.0,29.745268,4.254732131958008
34.0,30.348886,3.651113510131836
34.75,30.738197,4.011802673339844
34.95,30.823248,4.126752090454104
34.55,30.548307,4.001692581176755
33.6,29.934841,3.665158843994142
31.75,28.987215,2.762784957885742
30.5,27.898325,2.601675033569336
28.9,26.569513,2.330486679077147
27.7,25.382412,2.31758804321289
26.55,24.259829,2.290171432495118
25.45,23.272438,2.177561950683593
24.45,22.488693,1.9613067626953118
24.000000000000004,21.902119,2.0978813171386754
23.35,21.531996,1.8180042266845717
22.700000000000003,21.408216,1.2917835235595732
22.25,21.581291,0.6687088012695312
23.3,22.108955,1.1910446166992195
25.050000000000004,22.987019,2.062981414794926
26.55,24.01603,2.5339706420898445
28.35,25.115496,3.234504318237306
30.1,26.25762,3.8423801422119155
31.85,27.375923,4.47407684326172
33.3,28.455538,4.844462203979489
34.5,29.35931,5.140689849853516
34.15,30.031599,4.118400955200194
34.85,30.493818,4.356181716918947
35.1,30.65606,4.443940734863283
34.5,30.445415,4.054584503173828
33.1,29.82762,3.2723804473876967
31.15,28.957098,2.19290199279785
29.55,27.833853,1.7161472320556648
27.95,26.638004,1.3119956970214837
26.499999999999996,25.438053,1.0619468688964808
25.299999999999997,24.294008,1.0059917449951143
24.65,23.244421,1.4055789947509751
24.2,22.332125,1.8678752899169915
24.000000000000004,21.63628,2.3637199401855504
24.05,21.164421,2.885578918457032
23.95,20.950691,2.999308776855468
23.7,21.035864,2.664136123657226
24.3,21.530245,2.769755172729493
25.900000000000002,22.36101,3.538990402221682
27.7,23.456413,4.2435867309570305
29.55,24.669485,4.880514907836915
31.349999999999998,25.935919,5.414081192016599
33.1,27.165766,5.9342342376709
34.4,28.284021,6.115978622436522
35.5,29.239197,6.26080322265625
35.3,29.907156,5.392844009399411
35.95,30.382269,5.567731094360354
35.85,30.514482,5.335517501831056
35.25,30.29536,4.954639434814453
34.0,29.660522,4.3394775390625
31.949999999999996,28.712896,3.2371036529540973
30.35,27.512545,2.8374553680419936
28.95,26.252493,2.6975070953369134
27.7,24.9326,2.7673999786376946
26.499999999999996,23.668663,2.8313369750976527
25.7,22.578426,3.121573638916015
25.050000000000004,21.724003,3.3259971618652386
24.85,21.118153,3.7318473815917983
24.45,20.766233,3.683766555786132
24.05,20.659634,3.3903663635253913
23.6,20.820795,2.7792049407959
24.6,21.304377,3.29562339782715
26.3,22.13827,4.161730575561524
28.1,23.248533,4.851466751098634
29.9,24.502295,5.397705459594725
31.9,25.828787,6.071213150024413
33.75,27.12302,6.626979827880859
35.3,28.279827,7.020172882080075
36.65,29.252224,7.397776031494139
36.3,29.980284,6.31971626281738
36.7,30.451159,6.2488414764404325
36.45,30.574894,5.875106048583987
35.45,30.330072,5.119927597045901
33.7,29.686665,4.013335418701175
31.349999999999998,28.713427,2.6365734100341776
29.6,27.50888,2.0911193847656264
28.25,26.274527,1.975473403930664
27.0,25.036114,1.9638862609863281
26.149999999999995,23.821388,2.3286117553710888
25.35,22.737488,2.6125122070312514
24.950000000000003,21.8637,3.086299133300784
24.9,21.255667,3.6443332672119126
24.75,20.925077,3.824922561645508
24.249999999999996,20.859081,3.3909187316894496
23.750000000000004,21.043758,2.706241607666019
24.65,21.586283,3.0637172698974595
26.45,22.429811,4.0201885223388665
28.3,23.495054,4.8049457550048835
30.1,24.72307,5.376929855346681
32.0,26.01302,5.986980438232422
33.8,27.298512,6.501488494873044
35.4,28.472452,6.9275478363037095
36.6,29.440475,7.159524536132814
35.95,30.138508,5.811492156982425
36.7,30.58364,6.116360855102542
36.8,30.668776,6.1312244415283175
36.75,30.385359,6.364641189575195
35.95,29.694788,6.255212020874026
33.7,28.700047,4.999953460693362
31.85,27.503977,4.346023178100587
29.9,26.230986,3.6690143585205064
28.600000000000005,24.941036,3.6589637756347706
27.5,23.78423,3.715770721435547
26.499999999999996,22.77328,3.72672080993652
25.6,21.98748,3.6125198364257827
25.050000000000004,21.445929,3.604071426391606
24.9,21.171112,3.7288879394531236
25.199999999999996,21.168386,4.03161354064941
25.299999999999997,21.396967,3.9030330657958956
25.45,21.987726,3.4622737884521477
26.250000000000004,22.853788,3.3962116241455114
27.95,23.912651,4.0373489379882805
29.800000000000004,25.099928,4.700072097778325
32.1,26.347044,5.752956008911134
34.4,27.589653,6.81034698486328
36.35,28.716389,7.633611297607423
37.7,29.654387,8.04561347961426
37.2,30.34809,6.851910781860354
37.75,30.754536,6.995464324951172
37.35,30.861048,6.488952255249025
36.45,30.611898,5.838101577758792
34.7,30.002758,4.697241973876956
32.4,29.016582,3.3834175109863267
30.649999999999995,27.880617,2.769382858276362
28.9,26.64622,2.2537807464599595
27.4,25.437744,1.9622558593749986
26.05,24.328054,1.7219455718994148
25.15,23.37065,1.779350662231444
24.55,22.610464,1.9395359039306648
24.249999999999996,22.066723,2.1832771301269496
23.750000000000004,21.799316,1.9506835937500036
23.3,21.846788,1.4532115936279304
22.5,22.15997,0.3400306701660156
24.05,22.70022,1.3497798919677741
25.65,23.46129,2.1887096405029283
27.65,24.447334,3.2026657104492173
29.450000000000003,25.557644,3.8923561096191435
31.5,26.736311,4.763689041137695
33.45,27.957592,5.492407989501956
35.0,29.092894,5.907106399536133
36.4,30.030933,6.3690666198730455
35.9,30.694567,5.205433273315428
36.6,31.092443,5.507556533813478
36.75,31.1389,5.6110992431640625
35.9,30.803902,5.096098327636717
34.0,30.083216,3.9167842864990234
32.0,29.07125,2.9287490844726562
30.400000000000002,27.883705,2.516294860839846
28.9,26.649263,2.2507366180419908
27.6,25.436548,2.163451766967775
26.350000000000005,24.279785,2.070214843750005
25.35,23.290298,2.059701538085939
24.55,22.57308,1.9769199371337898
24.100000000000005,22.057274,2.0427261352539112
23.85,21.80713,2.0428691864013686
23.2,21.775446,1.4245540618896477
22.75,21.992294,0.7577056884765625
23.899999999999995,22.581938,1.3180622100830028
25.8,23.398739,2.4012611389160163
27.95,24.412714,3.5372859954833977
30.400000000000002,25.5315,4.868500137329104
32.85,26.73578,6.114219284057619
35.0,27.93123,7.068769454956055
36.7,29.049307,7.650693130493167
37.95,29.982885,7.967114639282229
37.75,30.64219,7.107809066772461
38.35,31.061443,7.2885566711425795
38.35,31.15506,7.194940185546876
37.85,30.85442,6.995580291748048
36.55,30.103792,6.446207809448239
34.35,29.087587,5.262412643432619
32.35,27.913027,4.436973190307619
30.750000000000004,26.674435,4.075565338134769
29.0,25.440302,3.5596981048583984
27.25,24.240704,3.009296417236328
25.75,23.212666,2.537334442138672
24.75,22.431194,2.318805694580078
24.4,21.913336,2.4866641998291
24.15,21.669706,2.4802936553955064
24.000000000000004,21.6295,2.370500564575199
24.100000000000005,21.820646,2.279353713989263
24.3,22.36531,1.9346893310546882
25.299999999999997,23.25288,2.0471199035644503
26.7,24.369701,2.3302986145019524
28.8,25.65996,3.1400402069091804
30.899999999999995,26.992876,3.9071239471435497
32.9,28.269758,4.630241775512694
34.65,29.413538,5.236462020874022
35.85,30.355684,5.494315719604494
34.85,31.019228,3.8307720184326186
35.45,31.382748,4.0672523498535185
35.5,31.41631,4.083690643310547
35.25,31.06418,4.185819625854492
34.45,30.339252,4.110747528076175
31.75,29.34451,2.4054908752441406
30.15,28.152813,1.9971870422363267
28.749999999999996,26.948488,1.8015117645263636
27.549999999999997,25.735773,1.8142269134521456
26.3,24.536087,1.7639129638671882
25.199999999999996,23.478022,1.7219783782958942
24.249999999999996,22.640732,1.609268188476559
23.4,22.082,1.3179992675781236
23.4,21.825212,1.5747875213623033
22.700000000000003,21.866129,0.8338710784912138
22.2,22.204788,-0.0047882080078132105
23.4,22.77511,0.624889755249022
25.25,23.577099,1.6729011535644531
27.6,24.561308,3.0386920928955092
30.15,25.684645,4.465355300903319
32.35,26.884819,5.465180969238283
34.15,28.054653,6.095346832275389
35.5,29.15136,6.348640441894531
36.4,30.059284,6.3407157897949205
35.7,30.624262,5.075738143920901
36.05,30.987873,5.062126922607419
35.85,30.991491,4.858508682250978
35.2,30.652256,4.547743988037112
33.95,29.97882,3.971179199218753
31.9,28.94548,2.954519653320311
30.6,27.775204,2.824796295166017
29.35,26.605146,2.7448535919189467
28.150000000000002,25.439507,2.7104934692382834
26.75,24.346996,2.403003692626953
26.0,23.370358,2.6296424865722656
25.1,22.599596,2.500403976440431
26.499999999999996,22.021679,4.47832107543945
25.050000000000004,21.775866,3.274134445190434
23.5,21.742083,1.7579174041748047
23.15,21.96116,1.1888393402099595
23.8,22.52528,1.2747200012207038
26.149999999999995,23.37657,2.7734302520751903
28.55,24.49348,4.056519317626954
30.8,25.770933,5.0290668487548835
32.65,27.030943,5.619057083129881
33.95,28.260614,5.689385604858401
34.85,29.365755,5.484244918823244
35.55,30.277872,5.272127914428708
35.05,30.90282,4.147179412841794
35.45,31.244883,4.205117416381839
35.3,31.261307,4.038693237304685
35.0,30.939205,4.060794830322266
33.65,30.235739,3.4142612457275376
31.8,29.228102,2.571898269653321
30.15,28.066349,2.083650970458983
29.0,26.827667,2.172332763671875
27.7,25.64061,2.059390258789062
26.4,24.511578,1.8884223937988267
25.25,23.545584,1.704416275024414
24.5,22.751152,1.7488479614257812
24.65,22.329515,2.3204845428466783
24.65,22.055725,2.5942749023437486
25.050000000000004,21.97889,3.071110534667973
25.199999999999996,22.165531,3.03446884155273
25.8,22.684317,3.1156833648681648
26.65,23.52035,3.129650497436522
28.2,24.594383,3.6056167602539055
29.9,25.824717,4.0752834320068345
31.700000000000003,27.072052,4.627947998046878
33.7,28.199009,5.500991058349612
35.3,29.227137,6.072863388061521
36.6,30.036493,6.5635066986084
36.55,30.640158,5.909842300415036
37.05,30.990961,6.059038925170896
37.15,30.990343,6.159656906127928
36.75,30.655521,6.094478607177734
35.65,29.93501,5.714989089965819
33.45,28.987518,4.462481689453128
31.55,27.903046,3.6469543457031257
29.800000000000004,26.75012,3.049879837036137
28.2,25.603735,2.596265029907226
27.05,24.483181,2.5668190002441413
26.1,23.487072,2.6129280090332045
25.45,22.711672,2.7383281707763665
25.25,22.206177,3.0438232421875
24.950000000000003,22.026247,2.92375297546387
24.4,22.112026,2.287973785400389
23.750000000000004,22.421057,1.3289432525634801
24.65,22.978996,1.6710037231445298
26.499999999999996,23.775173,2.724826812744137
28.500000000000004,24.761925,3.73807525634766
30.7,25.872677,4.827323150634765
32.85,27.008774,5.841226196289064
34.75,28.14876,6.601240158081055
36.2,29.189825,7.010174942016604
37.35,30.054956,7.295043563842775
37.15,30.658527,6.4914726257324205
38.05,31.056408,6.9935920715332
38.4,31.13289,7.267109298706053
37.8,30.879414,6.920586395263669
36.15,30.287409,5.862591171264647
34.0,29.399883,4.600116729736328
32.15,28.293858,3.856142425537108
30.3,27.098103,3.2018974304199226
28.749999999999996,25.88967,2.8603305816650355
27.200000000000003,24.7757,2.424300384521487
25.95,23.837526,2.1124736785888665
24.950000000000003,23.126465,1.8235351562500028
24.55,22.640333,1.909666824340821
24.4,22.404696,1.9953044891357408
23.650000000000002,22.424017,1.2259830474853537
23.049999999999997,22.677008,0.3729923248290987
24.349999999999998,23.234613,1.1153865814208963
26.350000000000005,24.070957,2.2790428161621143
28.95,25.07877,3.8712303161621087
31.9,26.19769,5.702310943603514
34.85,27.389208,7.460792160034181
37.4,28.511795,8.888204956054686
39.05,29.552683,9.497317123413083
40.3,30.396221,9.903778839111325
40.35,30.96535,9.384650802612306
40.8,31.346003,9.453997421264646
40.7,31.413834,9.28616638183594
40.25,31.104626,9.145374298095703
37.55,30.431189,7.118811416625974
33.6,29.47928,4.120719528198244
34.45,28.36681,6.0831901550293
33.2,27.168798,6.031201553344729
30.25,25.973085,4.276914596557617
28.849999999999998,24.861053,3.988946533203123
29.1,23.924692,5.175307846069337
29.25,23.228203,6.021797180175781
29.65,22.803654,6.846346282958983
28.849999999999998,22.678902,6.171098327636717
26.55,22.697887,3.852112579345704
26.4,22.854832,3.545168304443358
26.05,23.337942,2.7120578765869148
27.549999999999997,24.123457,3.4265430450439425
29.699999999999996,25.204622,4.495377731323238
32.4,26.435398,5.964601898193358
34.95,27.77291,7.177090835571292
37.05,29.06701,7.982989120483396
38.5,30.180717,8.319282531738281
39.3,31.07557,8.224430847167966
39.0,31.6961,7.303899765014648
38.85,32.01661,6.83339080810547
38.55,32.0114,6.53860168457031
37.8,31.659,6.1409996032714815
36.05,30.886646,5.163353729248044
34.0,29.840147,4.159852981567383
31.5,28.838516,2.6614837646484375
29.800000000000004,27.810919,1.9890811920166058
28.55,26.733683,1.8163173675537116
27.7,25.767553,1.9324466705322259
26.599999999999998,24.951124,1.6488758087158182
25.75,24.278746,1.4712543487548828
25.5,23.797756,1.7022438049316406
25.050000000000004,23.512661,1.5373390197753949
24.349999999999998,23.371881,0.9781185150146463
23.55,23.546492,0.003508377075196023
25.050000000000004,23.901539,1.1484611511230511
27.5,24.593258,2.9067420959472656
29.9,25.627832,4.272167587280272
32.05,26.880648,5.169352340698239
33.9,28.162962,5.737038040161131
35.3,29.403936,5.896063613891599
36.3,30.496536,5.803463745117185
37.05,31.34449,5.705509948730466
36.8,31.956718,4.843281555175778
36.8,32.290123,4.509877014160153
36.4,32.31918,4.080820465087889
35.7,31.998756,3.7012435913085966
34.8,31.316133,3.4838665008544893
32.8,30.357336,2.4426639556884737
31.3,29.178093,2.121907043457032
30.55,27.971296,2.578703689575196
29.25,26.775452,2.47454833984375
28.150000000000002,25.704046,2.4459537506103537
27.4,24.752846,2.6471542358398423
26.55,24.031277,2.5187232971191413
26.250000000000004,23.581953,2.668046951293949
25.8,23.343006,2.4569938659667976
25.15,23.316645,1.833355331420897
24.65,23.552195,1.0978054046630845
25.15,24.132988,1.0170120239257798
26.75,25.056637,1.6933631896972656
29.1,26.166372,2.9336277008056655
31.5,27.281982,4.218017578125
33.7,28.41415,5.2858497619628935
35.3,29.477163,5.822836685180661
36.3,30.394098,5.905901718139646
36.9,31.182081,5.717918777465819
36.4,31.717207,4.682793045043944
36.55,32.02509,4.5249107360839815
36.3,32.050083,4.2499168395996065
35.55,31.745028,3.8049724578857393
34.35,31.15514,3.1948600769042983
32.75,30.402393,2.347606658935547
31.15,29.405441,1.744558715820311
29.800000000000004,28.352673,1.4473274230957074
28.55,27.240023,1.309977340698243
27.300000000000004,26.253847,1.0461528778076215
26.149999999999995,25.421833,0.7281669616699169
25.199999999999996,24.707636,0.4923641204833942
24.9,24.12424,0.775759124755858
24.5,23.749191,0.7508087158203125
23.95,23.5998,0.35019989013671804
23.3,23.725172,-0.425172042846679
23.95,24.198124,-0.24812393188476634
25.65,25.005543,0.6444572448730455
27.4,26.119165,1.280834579467772
29.25,27.320137,1.9298629760742188
31.2,28.550514,2.649485778808593
32.8,29.673231,3.1267688751220675
34.1,30.624168,3.4758316040039077
35.05,31.377794,3.672205734252927
34.5,31.89146,2.608539581298828
35.15,32.109344,3.0406555175781236
35.25,32.048756,3.201244354248047
34.85,31.608835,3.2411647796630874
34.05,30.841076,3.2089241027832003
32.2,29.861256,2.3387443542480497
30.8,28.74022,2.059780883789063
29.05,27.582878,1.467121887207032
27.549999999999997,26.492132,1.0578678131103487
26.3,25.465685,0.8343151092529304
25.199999999999996,24.565577,0.6344234466552692
24.349999999999998,23.858227,0.491773223876951
24.100000000000005,23.354319,0.7456813812255909
23.899999999999995,23.07779,0.82221069335937
23.25,23.031113,0.2188873291015625
22.5,23.248735,-0.7487354278564453
23.899999999999995,23.792475,0.10752525329589346
25.6,24.597597,1.0024028778076186
26.8,25.601791,1.1982086181640632
28.65,26.699781,1.950218582153319
30.7,27.853058,2.8469421386718743
32.45,28.950073,3.499926757812503
33.75,29.935364,3.81463623046875
34.6,30.72326,3.8767391204834
34.25,31.241167,3.0088329315185547
34.75,31.514778,3.2352218627929688
34.7,31.501265,3.198735427856448
34.25,31.144896,3.105104446411133
33.3,30.477907,2.8220928192138643
30.850000000000005,29.493937,1.356063461303716
30.999999999999996,28.415823,2.5841770172119105
29.6,27.187828,2.4121719360351577
27.799999999999997,26.005098,1.7949016571044893
26.599999999999998,24.921154,1.678845977783201
25.6,23.983025,1.6169754028320327
24.9,23.252712,1.6472877502441392
24.55,22.798704,1.7512958526611335
24.15,22.62317,1.5268291473388658
23.55,22.636288,0.9137123107910163
22.55,22.849005,-0.2990047454833977
23.55,23.424143,0.12585716247558665
25.5,24.293076,1.2069244384765625
27.25,25.286097,1.9639034271240234
29.3,26.409477,2.890522766113282
31.4,27.605276,3.7947238922119126
33.35,28.76637,4.583629226684572
34.75,29.811543,4.938457489013672
35.8,30.642273,5.157727050781247
35.65,31.207253,4.442747497558592
35.95,31.515133,4.4348670959472685
35.85,31.47159,4.378409957885744
35.15,31.106653,4.043346786499022
34.1,30.396828,3.703172302246095
30.7,29.402086,1.297913742065429
29.25,28.338896,0.9111042022705078
29.25,27.19454,2.055459976196289
28.7,25.98823,2.7117702484130852
27.85,24.850674,2.999326324462892
27.05,23.86322,3.1867797851562507
26.4,23.12646,3.273540878295897
25.85,22.659603,3.190396881103517
25.25,22.44958,2.8004207611083984
24.4,22.47091,1.9290908813476548
23.650000000000002,22.663929,0.986071014404299
24.65,23.189522,1.4604782104492173
27.1,24.041012,3.058988189697267
29.699999999999996,25.072495,4.627505493164058
32.1,26.245201,5.854798889160158
34.05,27.492537,6.5574634552001925
35.65,28.70516,6.944839859008788
36.75,29.797499,6.95250129699707
37.55,30.64969,6.900309371948239
37.15,31.223326,5.926674270629881
37.2,31.526968,5.673031997680667
36.95,31.479183,5.4708168029785185
36.3,31.07998,5.220019149780271
35.45,30.370066,5.079934310913089
33.1,29.27464,3.8253608703613295
32.0,28.09787,3.902130126953125
30.750000000000004,26.779879,3.9701213836669957
29.800000000000004,25.64206,4.157940673828129
28.849999999999998,24.64573,4.204270935058592
27.9,23.829302,4.070698165893553
27.0,23.248335,3.7516651153564453
26.0,22.900578,3.0994224548339844
26.05,22.720053,3.3299472808837898
25.35,22.7008,2.6492000579834
24.5,22.913694,1.5863056182861328
25.45,23.444187,2.0058128356933587
28.35,24.304773,4.045226669311525
30.8,25.381653,5.418347167968751
32.6,26.616758,5.983241653442384
34.3,27.877077,6.422922897338864
35.7,29.051195,6.6488048553466825
36.7,30.079235,6.620764923095706
37.3,30.897072,6.402928161621091
37.1,31.444916,5.655084228515626
37.2,31.699097,5.500903320312503
37.05,31.6469,5.403099822998044
36.55,31.26898,5.28101997375488
35.4,30.610292,4.789707565307616
33.6,29.673223,3.926776504516603
31.949999999999996,28.594666,3.3553344726562457
30.45,27.498972,2.9510280609130852
29.3,26.43525,2.8647506713867195
28.0,25.439798,2.560201644897461
26.9,24.519245,2.3807548522949205
25.95,23.785397,2.164603424072265
25.55,23.134966,2.4150341033935554
25.25,22.774446,2.475553512573242
24.75,22.639448,2.1105518341064453
24.2,22.796394,1.403605651855468
24.85,23.317701,1.5322986602783217
26.499999999999996,24.241568,2.2584323883056605
28.1,25.385744,2.7142559051513686
30.0,26.619478,3.380521774291992
32.15,27.869816,4.280184173583983
34.1,29.029623,5.0703769683837905
35.55,30.043352,5.506647872924802
36.55,30.840431,5.709568786621091
36.5,31.346235,5.153764724731445
37.0,31.57072,5.429279327392578
37.05,31.412924,5.637076187133786
36.65,30.916164,5.733835601806639
34.8,30.08906,4.710940170288083
32.75,29.076986,3.673013687133789
31.25,27.996769,3.2532310485839844
29.75,26.932438,2.8175621032714844
28.399999999999995,25.904123,2.495876693725581
27.35,24.93806,2.4119392395019545
26.45,24.085749,2.3642513275146477
25.75,23.361753,2.388246536254883
25.45,22.845572,2.6044284820556634
25.199999999999996,22.543566,2.6564342498779254
24.6,22.472866,2.127133941650392
24.000000000000004,22.660282,1.339717864990238
25.0,23.18393,1.816070556640625
26.7,24.043633,2.6563674926757805
28.8,25.142944,3.6570556640625007
31.05,26.376766,4.673233795166016
33.25,27.698025,5.551975250244141
34.95,28.991617,5.958382797241214
36.25,30.068583,6.181417465209961
37.3,30.906635,6.393364715576169
37.0,31.454218,5.545782089233398
37.7,31.690222,6.009778213500979
37.75,31.59023,6.159769058227539
37.15,31.178175,5.971825027465819
35.35,30.358055,4.991944885253908
33.2,29.37004,3.8299591064453153
31.6,28.302309,3.2976909637451186
30.1,27.212416,2.8875843048095717
28.65,26.165667,2.4843334197998033
27.4,25.233948,2.1660522460937486
26.45,24.4729,1.9770996093749993
25.75,23.901245,1.8487548828125
25.4,23.50602,1.8939804077148423
24.950000000000003,23.305305,1.6446945190429716
24.3,23.26331,1.036690521240235
23.650000000000002,23.442968,0.2070316314697287
24.45,23.945505,0.5044948577880852
26.250000000000004,24.741745,1.508255004882816
28.150000000000002,25.794203,2.3557971954345724
30.35,27.020107,3.329892730712892
32.5,28.308796,4.191204071044922
34.35,29.532272,4.817727661132814
35.75,30.585377,5.164623260498047
36.8,31.371147,5.428852844238278
36.65,31.854486,4.795513534545897
36.85,32.023388,4.8266120910644545
36.75,31.84143,4.9085693359375
36.3,31.32861,4.971390533447263
34.8,30.475843,4.3241565704345675
31.6,29.458048,2.1419521331787124
32.1,28.35181,3.748189544677736
30.7,27.243996,3.456004333496093
29.85,26.190634,3.6593662261962905
29.0,25.235046,3.76495361328125
28.1,24.40255,3.6974502563476577
27.1,23.760763,3.3392368316650405
26.499999999999996,23.337242,3.1627578735351527
25.900000000000002,23.127392,2.7726081848144553
25.35,23.095875,2.2541252136230483
24.75,23.273739,1.4762611389160156
25.0,23.765911,1.2340888977050781
26.55,24.574097,1.9759033203125007
28.55,25.633865,2.916134643554688
30.649999999999995,26.901173,3.748827362060542
32.85,28.258936,4.591064071655275
34.7,29.531012,5.168988418579104
36.15,30.637842,5.512157821655272
37.15,31.442366,5.707634353637694
37.05,31.903849,5.146151351928708
37.35,32.05502,5.294980621337892
37.35,31.812216,5.5377841949462905
36.45,31.227568,5.222432327270511
35.45,30.367094,5.082905960083011
32.35,29.290777,3.059222793579103
31.75,28.290207,3.4597930908203125
30.5,27.142212,3.3577880859375
29.4,26.17914,3.2208599090576158
28.500000000000004,25.32411,3.175889968872074
27.65,24.610561,3.039438629150389
26.85,24.068441,2.7815586090087905
26.65,23.665337,2.98466339111328
26.0,23.446354,2.5536460876464844
25.299999999999997,23.384724,1.915276336669919
24.8,23.534174,1.2658260345458991
25.15,23.943815,1.2061847686767564
26.95,24.667202,2.28279800415039
28.849999999999998,25.713339,3.136661148071287
30.95,26.949755,4.000245285034179
33.1,28.306389,4.793611145019533
34.9,29.57843,5.321569824218749
36.2,30.683292,5.516707611083987
37.0,31.503992,5.496007919311523
36.85,31.97485,4.875150299072267
37.15,32.126785,5.023214721679686
36.95,31.895502,5.054497909545901
36.2,31.291681,4.908318710327151
34.9,30.460873,4.439127349853514
33.4,29.428082,3.9719184875488267
31.4,28.38405,3.0159496307373033
30.2,27.213308,2.9866916656494134
29.3,26.211021,3.088978576660157
28.3,25.361343,2.938656616210938
27.25,24.641268,2.608732223510742
26.4,24.061125,2.3388751983642564
25.85,23.675873,2.1741271972656264
25.299999999999997,23.442743,1.8572566986083956
24.7,23.388304,1.311696243286132
24.2,23.543932,0.656068038940429
24.85,23.945032,0.9049678802490249
26.499999999999996,24.6905,1.8094997406005824
28.2,25.679262,2.5207378387451165
29.95,26.878536,3.071463775634765
31.55,28.195581,3.354418563842774
33.2,29.458666,3.7413341522216825
34.5,30.548548,3.9514522552490234
35.45,31.3656,4.084399414062503
34.9,31.838793,3.0612071990966783
35.6,31.98721,3.612790679931642
35.4,31.761847,3.6381534576416
35.05,31.179045,3.870955276489255
33.95,30.322325,3.6276752471923857
31.9,29.325893,2.574106597900389
30.6,28.194998,2.4050022125244155
29.35,27.14867,2.2013298034667983
28.3,26.181255,2.118744659423829
27.25,25.304028,1.9459724426269531
26.3,24.541805,1.7581947326660163
25.45,23.929518,1.5204822540283196
25.1,23.480179,1.619821166992189
24.85,23.242214,1.607785797119142
24.349999999999998,23.216368,1.1336322784423807
23.85,23.389812,0.46018753051757955
24.45,23.851984,0.5980159759521477
26.3,24.615715,1.684284973144532
28.35,25.621305,2.7286945343017592
30.5,26.797087,3.702913284301758
32.85,28.066608,4.783391571044923
34.7,29.292767,5.407233428955081
36.0,30.397024,5.602975845336914
36.95,31.203508,5.7464916229248075
36.4,31.681646,4.7183536529541
36.75,31.847977,4.9020233154296875
36.45,31.614319,4.835681152343753
35.4,31.061914,4.338085556030272
33.85,30.196554,3.6534458160400405
31.85,29.194883,2.6551166534423842
30.15,28.070267,2.079733276367186
28.749999999999996,26.980246,1.7697544097900355
27.4,25.996471,1.4035285949707017
26.250000000000004,25.107845,1.1421546936035192
25.25,24.31103,0.9389705657958984
24.45,23.671066,0.7789337158203118
24.15,23.237875,0.9121250152587876
24.05,23.030502,1.0194976806640632
23.650000000000002,23.016682,0.633318328857424
23.049999999999997,23.221643,-0.1716434478759794
23.8,23.707987,0.09201316833496165
25.7,24.518608,1.1813919067382805
27.7,25.607327,2.09267349243164
29.800000000000004,26.87534,2.9246604919433636
32.15,28.228676,3.9213241577148423
34.3,29.498026,4.801974105834958
36.05,30.568142,5.481858062744138
37.3,31.352537,5.94746284484863
37.05,31.797607,5.252392578124997
37.45,31.893194,5.556805801391604
37.25,31.620789,5.62921142578125
36.65,31.047728,5.602272415161131
35.35,30.16027,5.189729309082033
33.3,29.13555,4.164450454711911
32.2,28.069551,4.130448532104495
30.750000000000004,27.008722,3.741277694702152
29.3,25.963634,3.336365509033204
27.95,24.987007,2.962992858886718
26.8,24.122961,2.6770389556884773
25.85,23.412611,2.4373889923095717
25.299999999999997,22.962492,2.337508010864255
24.8,22.747566,2.0524337768554695
24.2,22.769535,1.4304649353027337
23.6,23.000467,0.5995326995849624
24.000000000000004,23.516157,0.48384284973144887
25.6,24.342392,1.257608032226564
27.4,25.428638,1.9713615417480455
29.9,26.670082,3.2299179077148423
32.6,28.03685,4.563150024414064
34.95,29.34172,5.608279418945315
36.8,30.472664,6.327336120605466
37.95,31.30423,6.645770263671878
37.75,31.781597,5.968402862548828
38.05,31.901066,6.1489341735839815
38.0,31.658035,6.3419647216796875
37.4,31.050768,6.349232101440428
35.65,30.21352,5.4364799499511705
33.2,29.211956,3.988043975830081
32.6,28.173298,4.426702117919923
30.2,27.111334,3.088666152954101
29.3,26.104507,3.195492553710938
28.05,25.177694,2.8723056793212898
26.85,24.378777,2.4712234497070327
25.85,23.74454,2.1054607391357436
25.299999999999997,23.300898,1.9991024017333956
24.85,23.050392,1.7996078491210952
24.4,23.01329,1.386709594726561
24.05,23.154825,0.8951747894287116
24.45,23.574726,0.8752738952636712
25.5,24.369081,1.1309185028076172
27.25,25.425564,1.8244361877441406
29.55,26.721039,2.8289611816406257
32.05,28.111423,3.9385765075683565
34.1,29.431616,4.668384170532228
35.75,30.573431,5.176568984985352
36.85,31.395206,5.454793548583986
36.9,31.865238,5.034761810302733
37.2,31.976887,5.223113250732425
37.05,31.7172,5.332800674438474
36.5,31.125334,5.374666213989258
35.25,30.283077,4.966922760009766
33.4,29.261942,4.1380580902099595
31.8,28.177378,3.6226222991943366
30.35,27.012732,3.337268447875978
29.1,26.002026,3.0979743957519545
27.95,25.12414,2.8258602142333977
26.75,24.34272,2.4072799682617188
25.65,23.690544,1.9594558715820298
25.25,23.232782,2.0172176361083984
24.7,22.97108,1.7289192199707024
24.100000000000005,22.94941,1.1505905151367237
23.85,23.18694,0.6630607604980483
24.7,23.699913,1.0000869750976555
26.1,24.482893,1.6171070098876967
27.5,25.514992,1.9850082397460938
29.2,26.779663,2.4203369140624993
31.3,28.166048,3.133951950073243
33.3,29.486147,3.8138530731201143
35.0,30.591846,4.408153533935547
36.3,31.39655,4.9034507751464815
36.55,31.862993,4.687006759643552
37.05,31.967424,5.082575607299802
37.05,31.699858,5.350142288208005
36.45,31.112349,5.337651443481448
35.15,30.245018,4.904981994628905
33.3,29.20543,4.09457092285156
31.6,28.074482,3.5255180358886733
30.1,26.975985,3.1240154266357436
28.55,25.970837,2.579163360595704
27.1,25.06513,2.034869766235353
26.05,24.282337,1.7676628112792976
25.0,23.642494,1.3575057983398438
24.65,23.215958,1.434042358398436
24.3,23.005627,1.2943733215332038
23.6,23.006279,0.5937210083007827
23.1,23.230225,-0.13022460937499858
23.650000000000002,23.75397,-0.10396919250488068
25.55,24.56095,0.9890506744384773
27.75,25.609493,2.1405067443847656
30.3,26.851093,3.4489067077636726
32.8,28.193777,4.606222915649411
34.6,29.5165,5.0834995269775405
35.9,30.654251,5.245748901367186
36.8,31.49889,5.301110076904294
36.5,31.981335,4.518665313720703
36.6,32.118294,4.48170623779297
36.5,31.861532,4.638467788696289
35.55,31.222029,4.3279712677001925
33.85,30.320007,3.5299926757812514
31.8,29.292599,2.5074012756347663
30.049999999999997,28.146372,1.903628158569333
28.9,27.079813,1.8201869964599595
28.0,26.060753,1.9392471313476562
27.15,25.12681,2.0231899261474595
26.4,24.317514,2.0824855804443345
25.5,23.669851,1.830148696899414
25.25,23.24908,2.0009193420410156
24.75,23.038128,1.7118721008300781
24.15,22.999771,1.150228881835936
23.55,23.168407,0.38159255981445384
23.85,23.616545,0.23345527648925923
25.75,24.46042,1.2895793914794922
27.549999999999997,25.594007,1.9559925079345675
29.55,26.946024,2.6039760589599616
31.5,28.403427,3.0965728759765625
33.05,29.731829,3.318171310424802
34.25,30.804216,3.4457836151123047
34.95,31.552616,3.397383880615237
34.5,31.94963,2.5503692626953125
35.0,31.983778,3.0162220001220703
34.9,31.664026,3.235973739624022
34.45,31.004335,3.44566459655762
33.2,30.057774,3.142226409912112
31.55,28.976871,2.573128509521485
29.9,27.816605,2.083395385742186
28.2,26.721983,1.478017044067382
26.9,25.718151,1.1818489074707017
25.900000000000002,24.847134,1.0528663635253928
25.050000000000004,24.110586,0.9394138336181683
24.249999999999996,23.519255,0.7307453155517543
23.85,23.158365,0.6916347503662124
23.4,22.984997,0.4150032043457017
22.800000000000004,23.000437,-0.2004367828369098
22.25,23.194414,-0.9444141387939453
22.65,23.646166,-0.9961658477783217
24.55,24.43407,0.11592941284179759
26.65,25.483532,1.1664680480957017
28.45,26.735249,1.7147514343261712
30.35,28.070135,2.279864883422853
32.35,29.339777,3.01022300720215
34.05,30.430601,3.61939888000488
35.35,31.2255,4.124499893188478
35.25,31.679163,3.5708370208740234
35.9,31.794268,4.105732345581053
35.85,31.487532,4.362468338012697
35.3,30.863186,4.436814117431638
34.1,29.954176,4.145824050903322
31.3,28.865812,2.4341876983642585
30.3,27.768177,2.5318229675292976
29.25,26.65744,2.592559814453125
28.0,25.595575,2.4044246673583984
27.0,24.693928,2.306072235107422
26.05,23.917469,2.1325309753417976
25.199999999999996,23.312643,1.8873569488525348
24.6,22.930824,1.6691757202148452
24.000000000000004,22.745659,1.2543411254882848
23.25,22.757746,0.49225425720214844
22.6,22.978106,-0.3781055450439439
22.949999999999996,23.455482,-0.5054824829101605
24.85,24.27466,0.5753398895263686
26.7,25.35265,1.3473503112792962
28.55,26.63462,1.9153793334960945
30.8,27.981441,2.8185585021972663
32.95,29.283857,3.666142654418948
34.65,30.42262,4.227379226684569
35.9,31.237396,4.662603759765624
35.9,31.715418,4.184582138061522
36.45,31.818043,4.63195724487305
36.4,31.573458,4.826542282104491
35.85,30.964222,4.885778045654298
34.15,30.09659,4.053409957885741
31.5,29.066738,2.4332618713378906
29.95,27.952797,1.997203063964843
28.45,26.927914,1.522086334228515
27.05,25.951963,1.0980365753173835
25.900000000000002,25.088295,0.8117050170898459
24.950000000000003,24.31975,0.6302501678466825
24.2,23.704182,0.49581832885742116
23.750000000000004,23.265205,0.4847946166992223
23.6,23.020645,0.5793548583984389
23.2,22.93889,0.261109542846679
22.800000000000004,23.076992,-0.2769920349121051
23.15,23.489456,-0.3394561767578139
25.050000000000004,24.273985,0.7760150909423871
27.300000000000004,25.311178,1.9888217926025433
29.5,26.543274,2.95672607421875
31.700000000000003,27.876507,3.823493194580081
33.85,29.175186,4.674813842773439
35.6,30.312752,5.28724822998047
36.7,31.13774,5.562260818481448
36.35,31.627943,4.722056961059572
36.85,31.769617,5.080382919311525
36.65,31.523901,5.126099014282225
35.75,30.96619,4.783809661865234
34.05,30.134329,3.915671157836911
32.1,29.069016,3.030984497070314
30.55,27.963861,2.586138534545899
29.3,26.864594,2.4354064941406257
28.05,25.806498,2.2435024261474616
26.9,24.855757,2.044243240356444
25.900000000000002,24.034103,1.8658966064453146
25.0,23.360775,1.6392250061035156
24.75,22.87914,1.870859146118164
25.050000000000004,22.63258,2.4174201965332074
24.9,22.613808,2.2861923217773423
24.8,22.809845,1.9901550292968757
24.950000000000003,23.273682,1.6763183593750028
25.65,24.113434,1.5365661621093736
27.0,25.21048,1.789520263671875
28.8,26.506578,2.2934215545654304
30.649999999999995,27.90206,2.747940444946284
32.45,29.232061,3.2179386138916044
34.0,30.411188,3.5888118743896484
35.3,31.22507,4.0749290466308565
35.25,31.678556,3.571443557739258
35.75,31.793722,3.956277847290039
35.7,31.521858,4.178141784667972
34.95,30.898232,4.051768493652347
33.55,30.000809,3.5491912841796847
31.45,28.993885,2.456114959716796
29.9,27.902521,1.997478866577147
28.55,26.811907,1.7380931854248054
27.549999999999997,25.766706,1.7832935333251925
26.7,24.807663,1.8923370361328118
25.85,23.973532,1.8764682769775405
24.950000000000003,23.299303,1.6506969451904325
24.45,22.847546,1.6024543762207024
24.100000000000005,22.677845,1.4221549987793018
23.5,22.747519,0.7524814605712891
22.949999999999996,23.0654,-0.11539916992187926
23.6,23.635382,-0.035381698608397016
25.55,24.416695,1.1333053588867195
27.15,25.429655,1.7203449249267564
28.65,26.633284,2.016716384887694
30.400000000000002,27.957577,2.4424232482910178
32.15,29.242653,2.9073471069335923
33.65,30.3521,3.2978996276855455
34.75,31.16031,3.589689254760742
34.5,31.60943,2.8905696868896484
35.0,31.705912,3.294088363647461
35.0,31.387962,3.6120376586914062
34.7,30.730852,3.9691478729248075
33.4,29.804964,3.5950359344482408
32.25,28.735182,3.5148181915283203
30.45,27.618805,2.8311950683593743
29.25,26.517807,2.7321929931640625
28.05,25.501556,2.5484436035156257
26.95,24.610184,2.339816284179687
26.05,23.851395,2.198605346679688
25.25,23.246212,2.0037879943847656
24.9,22.842693,2.0573066711425767
24.6,22.69174,1.9082599639892592
23.899999999999995,22.734573,1.1654266357421825
23.2,23.00067,0.1993305206298821
24.15,23.539392,0.610607528686522
26.3,24.428185,1.871815490722657
27.85,25.50496,2.345040893554689
29.65,26.738337,2.911663436889647
31.45,28.057579,3.3924209594726555
33.15,29.332619,3.8173812866210923
34.55,30.423618,4.1263816833496065
35.75,31.23451,4.51548957824707
35.4,31.6739,3.7260993957519517
35.7,31.762026,3.93797416687012
35.55,31.451948,4.0980518341064425
35.05,30.812391,4.2376087188720675
33.2,29.91725,3.282750320434573
30.3,28.877855,1.4221446990966804
29.5,27.729002,1.7709980010986328
29.75,26.667227,3.082773208618164
28.8,25.663517,3.136483001708985
27.9,24.784473,3.1155265808105455
27.15,24.041868,3.1081317901611314
26.0,23.47946,2.520540237426758
25.7,23.13421,2.5657894134521477
25.15,22.994926,2.15507354736328
24.2,23.01726,1.182740402221679
23.8,23.215776,0.5842235565185554
24.45,23.736929,0.7130710601806634
26.55,24.614088,1.935911941528321
28.849999999999998,25.684696,3.1653038024902322
31.05,26.904772,4.14522819519043
33.0,28.209335,4.7906646728515625
34.6,29.4805,5.119500732421876
35.55,30.562668,4.98733215332031
36.15,31.343891,4.8061088562011705
36.0,31.727339,4.272661209106445
36.2,31.782444,4.417555999755862
35.95,31.455166,4.4948341369628935
35.35,30.807001,4.5429988861084
33.65,29.890589,3.759411239624022
32.4,28.7996,3.6003993988037095
31.05,27.757307,3.292692947387696
29.9,26.691648,3.2083515167236314
28.849999999999998,25.757904,3.092095947265623
27.9,24.908678,2.9913219451904283
26.95,24.217764,2.7322360992431634
25.85,23.66888,2.181119537353517
25.299999999999997,23.339989,1.9600112915039034
25.050000000000004,23.185633,1.8643672943115277
25.15,23.156506,1.9934944152832017
25.1,23.358126,1.7418743133544936
25.45,23.848717,1.6012832641601555
26.1,24.672325,1.4276748657226577
27.35,25.74326,1.6067405700683608
29.450000000000003,26.987041,2.462958526611331
31.2,28.294476,2.9055244445800774
32.7,29.51693,3.183070373535159
34.1,30.547163,3.5528369903564467
35.25,31.287071,3.9629287719726562
35.1,31.727655,3.3723445892334
35.7,31.804008,3.895991516113284
35.65,31.522757,4.127243423461913
35.1,30.89124,4.208760833740236
33.8,29.99488,3.805119323730466
32.15,28.959345,3.190655136108397
30.3,27.845524,2.454476165771485
28.95,26.809418,2.1405822753906243
27.7,25.866179,1.833821487426757
26.599999999999998,25.038599,1.5614009857177713
25.65,24.32465,1.325350189208983
24.8,23.728638,1.0713623046875007
24.6,23.284346,1.3156543731689467
24.3,23.083399,1.2166011810302741
23.85,23.136507,0.7134929656982436
23.5,23.442516,0.057483673095703125
23.7,23.972178,-0.2721775054931648
25.25,24.717161,0.5328388214111328
27.35,25.709862,1.6401382446289077
29.3,26.893524,2.4064758300781257
31.6,28.136805,3.463195419311525
33.75,29.338717,4.411283493041992
35.4,30.376463,5.023537063598631
36.5,31.16282,5.337179183959961
36.05,31.577251,4.472748565673825
36.45,31.683931,4.766068649291995
36.3,31.394808,4.905192184448239
35.7,30.752436,4.947564315795901
34.35,29.865753,4.484246826171876
32.7,28.848558,3.8514415740966825
30.95,27.761793,3.1882068634033196
29.4,26.710167,2.689833068847655
27.95,25.719828,2.2301723480224602
26.85,24.822193,2.0278068542480483
25.85,24.042631,1.8073688507080092
25.0,23.433334,1.5666656494140625
24.5,23.045975,1.4540252685546875
24.100000000000005,22.879114,1.2208858489990284
23.6,22.935656,0.6643444061279311
23.25,23.23181,0.018190383911132812
23.899999999999995,23.751408,0.1485923767089794
25.15,24.5671,0.5828994750976548
26.55,25.626717,0.9232833862304695
28.849999999999998,26.866186,1.9838138580322244
31.6,28.187248,3.4127517700195327
34.05,29.459003,4.590996551513669
35.9,30.534363,5.365637207031249
37.15,31.298576,5.85142364501953
36.9,31.699888,5.200111770629881
37.2,31.717756,5.482243728637698
36.8,31.359747,5.440253067016599
36.05,30.696371,5.353628921508786
34.25,29.796387,4.45361328125
32.65,28.778067,3.8719333648681626
30.8,27.679358,3.1206424713134773
29.4,26.662056,2.7379440307617173
28.05,25.670227,2.3797729492187507
26.7,24.77029,1.92970962524414
25.55,23.974041,1.5759590148925788
24.65,23.328833,1.3211673736572251
24.100000000000005,22.909113,1.1908870697021534
23.8,22.721506,1.0784938812255866
22.800000000000004,22.763988,0.03601150512695739
22.700000000000003,23.027695,-0.32769470214843466
22.9,23.56985,-0.6698509216308608
25.050000000000004,24.377897,0.6721027374267621
27.65,25.443867,2.2061332702636705
30.2,26.712208,3.487792205810546
32.8,28.071777,4.728222656249997
34.9,29.401152,5.498848342895506
36.5,30.53508,5.9649200439453125
37.5,31.33906,6.160940170288086
37.05,31.727417,5.322583007812497
37.1,31.729517,5.370483016967775
36.7,31.347809,5.352191162109378
36.1,30.628065,5.471934890747072
34.8,29.696613,5.103386688232419
33.1,28.635773,4.464227294921876
31.55,27.533058,4.0169418334960945
30.1,26.511805,3.588195419311525
28.749999999999996,25.557278,3.192722320556637
27.549999999999997,24.681335,2.868664550781247
26.599999999999998,23.910841,2.689159011840818
25.8,23.294134,2.5058658599853523
25.4,22.873188,2.5268119812011705
25.1,22.69316,2.4068408966064467
24.6,22.689278,1.9107223510742202
24.15,22.942057,1.2079433441162095
24.3,23.447052,0.8529479980468757
26.1,24.34241,1.7575908660888686
27.85,25.534613,2.315387344360353
29.65,26.882141,2.7678588867187486
31.45,28.294611,3.1553890228271477
33.05,29.609482,3.4405181884765597
34.05,30.688194,3.3618057250976534
34.7,31.420952,3.279048156738284
34.35,31.801008,2.5489917755126967
35.35,31.771404,3.5785957336425795
34.95,31.402163,3.54783744812012
33.95,30.695908,3.2540924072265653
32.55,29.77043,2.7795703887939425
30.2,28.70589,1.4941093444824212
29.4,27.651955,1.7480453491210923
28.05,26.624264,1.4257362365722663
27.200000000000003,25.675297,1.5247032165527372
26.250000000000004,24.817951,1.4320487976074254
25.45,24.101675,1.3483249664306634
24.65,23.523474,1.1265262603759751
24.2,23.164406,1.035594177246093
23.95,23.018465,0.9315349578857415
24.05,23.089542,0.9604576110839851
23.3,23.3622,-0.0621997833251946
24.3,23.846628,0.45337181091308665
25.900000000000002,24.62247,1.2775291442871115
28.0,25.643066,2.35693359375
29.35,26.894693,2.4553066253662124
31.25,28.220774,3.029226303100586
32.55,29.49606,3.053940582275388
33.8,30.54742,3.252579498291013
34.55,31.280888,3.2691123962402315
34.4,31.6361,2.76389923095703
34.1,31.650911,2.4490886688232436
34.35,31.262568,3.0874324798584
34.1,30.533873,3.5661273956298842
32.85,29.564987,3.285012817382814
31.6,28.400032,3.19996795654297
29.800000000000004,27.346577,2.453423309326176
28.399999999999995,26.264198,2.1358016967773388
27.25,25.3015,1.9484996795654297
26.2,24.440607,1.7593929290771477
25.1,23.70284,1.3971591949462905
23.45,23.135841,0.31415863037109304
23.45,22.7434,0.7065994262695305
24.15,22.60726,1.5427402496337876
24.249999999999996,22.764029,1.4859714508056605
23.650000000000002,23.07597,0.5740303039550803
23.25,23.701494,-0.4514942169189453
25.65,24.598759,1.051241302490233
27.449999999999996,25.730787,1.719212722778316
29.2,26.977724,2.2222759246826165
30.7,28.289656,2.4103443145751946
32.0,29.496462,2.503538131713867
33.4,30.544352,2.8556484222412095
34.4,31.263008,3.1369918823242173
33.7,31.61338,2.0866195678710966
34.45,31.56795,2.8820507049560575
34.5,31.223959,3.276041030883789
34.05,30.541534,3.508465576171872
32.85,29.64436,3.2056404113769545
31.45,28.584007,2.8659927368164055
30.15,27.515755,2.6342453002929673
29.0,26.471235,2.5287647247314453
28.150000000000002,25.511173,2.6388267517089865
27.15,24.63751,2.5124897003173814
26.149999999999995,23.890137,2.259863281249995
25.050000000000004,23.21225,1.8377502441406293
24.65,22.771103,1.878897094726561
23.95,22.665411,1.2845890045166009
23.55,22.809801,0.7401988983154304
23.35,23.13954,0.21046028137207173
23.5,23.661165,-0.1611652374267578
25.5,24.615244,0.8847560882568359
27.7,25.706285,1.993714523315429
29.5,26.92558,2.574420928955078
31.099999999999998,28.166132,2.9338680267333963
32.6,29.339745,3.2602554321289077
33.95,30.360294,3.589705657958987
34.9,31.086891,3.8131088256835923
33.95,31.413322,2.536677551269534
34.35,31.408003,2.9419971466064467
34.05,31.013746,3.0362537384033175
33.45,30.31549,3.134509277343753
32.2,29.387505,2.812495422363284
30.1,28.40702,1.6929794311523452
29.95,27.34162,2.608380508422851
28.1,26.342644,1.7573562622070327
27.35,25.441137,1.908862686157228
26.599999999999998,24.623678,1.976321792602537
25.85,23.914265,1.9357353210449233
25.15,23.338968,1.8110317230224595
24.85,22.928167,1.921832656860353
24.55,22.739819,1.8101814270019538
24.000000000000004,22.805288,1.1947116851806676
23.55,23.135742,0.4142578125000007
23.6,23.69107,-0.09107055664062358
25.25,24.560461,0.6895389556884766
27.1,25.63879,1.461209869384767
29.0,26.855213,2.144786834716797
30.750000000000004,28.106567,2.6434326171875036
32.35,29.310562,3.039437866210939
33.65,30.347761,3.302238845825194
34.7,31.052803,3.6471969604492216
34.75,31.402334,3.347665786743164
35.25,31.40472,3.8452796936035156
35.15,31.0615,4.088499450683592
34.5,30.390593,4.109407424926758
32.95,29.519083,3.430916976928714
31.45,28.46094,2.9890605926513665
30.95,27.421518,3.5284816741943352
28.7,26.34649,2.3535091400146477
27.549999999999997,25.40971,2.1402900695800753
26.65,24.577597,2.0724033355712876
25.900000000000002,23.872904,2.027096176147463
25.299999999999997,23.318443,1.9815567016601534
25.050000000000004,22.965528,2.0844715118408246
24.7,22.818106,1.8818943023681634
24.2,22.840443,1.3595573425292962
23.750000000000004,23.093042,0.656957626342777
23.8,23.581469,0.2185314178466804
25.4,24.392145,1.007854843139647
27.200000000000003,25.447428,1.7525722503662138
29.1,26.67236,2.427640533447267
30.95,27.95915,2.9908496856689446
32.7,29.199263,3.500737380981448
34.15,30.26381,3.886190795898436
35.2,31.029564,4.170436096191409
35.1,31.446081,3.653918838500978
35.6,31.517717,4.082282638549806
35.45,31.201904,4.248095703125003
34.8,30.555704,4.244295883178708
33.3,29.663477,3.6365230560302706
31.3,28.643417,2.656582641601563
29.85,27.60388,2.2461200714111342
29.15,26.531298,2.6187023162841783
28.1,25.558397,2.541602706909181
27.15,24.697813,2.4521869659423814
26.4,23.940647,2.459352874755858
25.7,23.383387,2.3166133880615227
25.4,23.009344,2.39065589904785
25.0,22.850042,2.1499576568603516
24.45,22.901812,1.548188400268554
24.05,23.160656,0.8893440246582038
24.100000000000005,23.653063,0.44693717956543466
25.95,24.46631,1.4836894989013665
27.5,25.491447,2.0085525512695312
29.25,26.724083,2.5259170532226562
30.999999999999996,28.002996,2.997003555297848
32.7,29.23941,3.460589599609378
34.25,30.290344,3.95965576171875
35.6,31.015863,4.5841365814209
35.7,31.403486,4.296513748168948
36.3,31.411789,4.88821105957031
36.2,31.064579,5.135420989990237
35.6,30.389854,5.210145568847658
34.05,29.503242,4.546757507324216
32.05,28.496254,3.553746032714841
30.2,27.451344,2.748656463623046
28.95,26.404009,2.545991134643554
27.9,25.469975,2.430025482177733
26.85,24.638313,2.21168670654297
25.900000000000002,23.907684,1.9923156738281271
25.15,23.31971,1.8302902221679673
24.85,22.751812,2.0981880187988295
24.65,22.44668,2.203319931030272
24.45,22.364948,2.085051727294921
24.249999999999996,22.511898,1.738101959228512
24.3,22.909924,1.3900764465332038
25.75,23.676819,2.07318115234375
27.1,24.677185,2.4228149414062514
29.0,25.865114,3.134885787963867
31.2,27.130692,4.069308471679687
33.5,28.376125,5.123874664306641
35.4,29.45178,5.948219680786131
36.75,30.244228,6.505771636962891
36.15,30.637228,5.512771987915038
36.65,30.634007,6.015993499755858
36.6,30.26375,6.336249923706056
36.05,29.575054,6.474945831298825
34.4,28.673004,5.726995849609374
32.3,27.618853,4.681147384643552
30.7,26.517994,4.182006072998046
29.25,25.493227,3.756772994995117
27.75,24.549337,3.200662612915039
26.55,23.668476,2.8815238952636726
25.65,22.864292,2.785707855224608
25.1,22.204908,2.8950916290283217
24.9,21.740988,3.1590122222900376
24.8,21.506048,3.2939517974853523
24.65,21.49409,3.1559108734130845
24.349999999999998,21.749235,2.6007648468017557
24.45,22.263603,2.1863967895507805
25.85,23.147772,2.702228164672853
27.4,24.274515,3.1254848480224595
29.3,25.574045,3.7259548187255866
31.700000000000003,26.95603,4.743970108032229
34.1,28.2999,5.800099945068361
36.05,29.413288,6.636711883544919
37.45,30.1963,7.253699493408206
37.65,30.529902,7.120098495483397
37.95,30.474684,7.475316238403323
37.7,30.03554,7.6644603729248075
36.95,29.342997,7.607003402709964
35.0,28.458664,6.5413360595703125
33.75,27.464462,6.2855377197265625
32.3,26.495512,5.804487991333005
30.750000000000004,25.542048,5.207952499389652
29.3,24.584003,4.715996551513673
28.1,23.69405,4.405950164794923
27.0,22.943262,4.056737899780273
26.0,22.327509,3.6724910736083984
25.45,21.85639,3.593610000610351
25.0,21.615473,3.3845272064208984
24.45,21.634548,2.81545181274414
24.05,21.86873,2.1812694549560554
24.55,22.416395,2.133604812622071
25.299999999999997,23.302492,1.9975078582763643
27.1,24.413103,2.686896896362306
29.05,25.6685,3.381499099731446
31.6,27.03484,4.565160369873048
34.0,28.325817,5.674182891845703
35.85,29.408518,6.441482162475587
37.2,30.155487,7.044512939453128
37.45,30.436268,7.0137321472168
37.85,30.34561,7.504390335083009
37.5,29.905033,7.594966888427734
36.95,29.23263,7.717370223999026
33.8,28.403004,5.396996307373044
33.05,27.542006,5.5079944610595675
32.15,26.67239,5.477610015869139
30.15,25.77629,4.373709106445311
28.95,24.905031,4.0449687957763665
27.9,24.08812,3.811880493164061
26.95,23.330603,3.619397354125976
26.1,22.675598,3.4244018554687514
25.65,22.175339,3.474661254882811
25.15,21.893497,3.256502532958983
24.75,21.846573,2.9034271240234375
24.4,22.049282,2.350717926025389
24.349999999999998,22.584024,1.7659755706787088
25.75,23.386536,2.36346435546875
27.5,24.530157,2.9698429107666016
29.65,25.817646,3.8323539733886705
31.85,27.22255,4.627450561523439
33.85,28.559977,5.290023422241212
35.5,29.637247,5.862752914428711
36.65,30.349583,6.300417327880858
36.45,30.653585,5.796414566040042
36.65,30.577787,6.072212600708006
36.4,30.146688,6.253311538696288
35.7,29.460909,6.239091110229495
33.25,28.572607,4.677392959594727
31.65,27.710293,3.939707183837889
30.850000000000005,26.81236,4.0376392364502
29.0,25.898403,3.1015968322753906
27.95,25.046791,2.903208923339843
27.0,24.251404,2.74859619140625
26.05,23.547487,2.502512741088868
25.35,22.981112,2.3688884735107436
25.299999999999997,22.574999,2.725001144409177
24.75,22.368849,2.3811511993408203
23.95,22.401741,1.548258972167968
23.45,22.638512,0.8114883422851555
23.650000000000002,23.105938,0.5440620422363303
25.35,23.857887,1.4921127319335952
27.4,24.887846,2.5121540069580064
29.0,26.153456,2.8465442657470703
30.7,27.510597,3.189402770996093
32.5,28.804499,3.6955013275146484
34.1,29.885044,4.214955902099611
35.25,30.59463,4.655370712280273
35.15,30.870743,4.279257202148436
35.4,30.769384,4.630615615844725
35.4,30.289536,5.110464477539061
34.45,29.56187,4.888129425048831
32.5,28.655184,3.844816207885742
30.7,27.71424,2.985760879516601
29.15,26.721054,2.428945922851561
27.7,25.707918,1.9920818328857415
26.45,24.835758,1.6142417907714837
25.4,24.020914,1.3790859222412095
24.000000000000004,23.284431,0.7155685424804723
23.55,22.694511,0.855488586425782
23.750000000000004,22.328587,1.421413421630863
24.2,22.170055,2.0299446105957024
24.85,22.192265,2.657735443115236
24.85,22.441156,2.4088436126709
25.15,22.92617,2.223829650878905
26.149999999999995,23.762114,2.387886428833003
27.25,24.849442,2.4005584716796875
28.95,26.062004,2.8879959106445305
30.1,27.343864,2.7561355590820327
31.6,28.547733,3.052266693115236
32.8,29.58398,3.216019439697263
33.45,30.262514,3.18748588562012
33.0,30.554085,2.4459152221679688
33.7,30.419403,3.280596923828128
33.95,29.999195,3.9508049011230497
33.45,29.26022,4.1897804260253935
31.9,28.370064,3.5299362182617173
30.55,27.391602,3.1583984375000007
29.35,26.416134,2.933866119384767
28.0,25.439804,2.5601959228515625
27.0,24.483364,2.5166358947753906
26.250000000000004,23.578014,2.6719856262207067
25.5,22.746702,2.753297805786133
24.9,22.082188,2.817812347412108
24.6,21.653702,2.946298217773439
24.15,21.503233,2.6467670440673814
23.5,21.70822,1.7917804718017578
22.6,22.114904,0.485095596313478
22.800000000000004,22.73556,0.0644405364990277
25.050000000000004,23.593208,1.456791687011723
27.1,24.598719,2.501281356811525
29.05,25.810867,3.239132690429688
30.899999999999995,27.073084,3.8269161224365185
32.55,28.273905,4.276095199584958
33.65,29.223045,4.426954650878905
34.35,29.84027,4.509730911254884
33.75,30.05476,3.695240020751953
33.9,29.948801,3.9511989593505845
33.55,29.515343,4.034657287597653
33.3,28.82114,4.4788597106933565
30.899999999999995,27.974903,2.925096893310542
31.15,27.101952,4.048048400878905
29.699999999999996,26.181814,3.51818580627441
28.25,25.232595,3.017404556274414
27.0,24.311466,2.6885337829589844
25.7,23.457455,2.242545318603515
24.85,22.704262,2.145738220214845
24.2,22.070553,2.129447174072265
24.100000000000005,21.621649,2.4783512115478565
24.15,21.391666,2.758333587646483
24.349999999999998,21.39645,2.9535499572753885
24.8,21.596582,3.203417587280274
25.050000000000004,22.103302,2.9466979980468793
25.85,23.035757,2.8142429351806655
26.9,24.178455,2.7215446472167955
28.500000000000004,25.507309,2.992691040039066
30.25,26.86492,3.385080337524414
31.5,28.125917,3.374082565307617
32.75,29.10383,3.646169662475586
33.85,29.710064,4.1399360656738295
33.45,29.91895,3.531050872802737
33.95,29.77496,4.1750404357910185
33.75,29.281353,4.468647003173828
33.1,28.60799,4.492009735107423
32.35,27.781864,4.568135833740236
30.7,26.976969,3.7230312347412102
29.1,26.078417,3.021583175659181
27.799999999999997,25.143427,2.6565731048583956
26.65,24.234264,2.4157356262207017
25.45,23.362686,2.087313842773437
24.2,22.557564,1.642436218261718
23.8,21.861082,1.9389179229736335
24.000000000000004,21.33812,2.661880493164066
24.000000000000004,21.093332,2.9066677093505895
23.899999999999995,21.15027,2.749729537963862
23.85,21.51645,2.3335491180419936
24.100000000000005,22.152391,1.9476085662841847
25.8,23.05586,2.744139480590821
27.300000000000004,24.15501,3.1449897766113324
28.9,25.391357,3.5086425781249986
30.45,26.645988,3.8040115356445305
32.25,27.814692,4.435308456420898
33.6,28.76502,4.834979629516603
34.2,29.422537,4.777463150024417
33.85,29.684792,4.165208435058595
34.15,29.611847,4.538153076171874
34.0,29.2014,4.7985992431640625
32.6,28.529766,4.0702339172363295
31.8,27.780184,4.019816207885743
29.25,26.907757,2.342243194580078
28.25,26.023636,2.2263641357421875
27.200000000000003,25.116816,2.0831844329834013
26.3,24.182587,2.1174133300781257
25.55,23.266138,2.283861923217774
24.9,22.405664,2.494335556030272
24.2,21.674261,2.525738906860351
23.7,21.188797,2.511203002929687
23.6,20.920132,2.679868316650392
23.2,20.918829,2.281171035766601
22.949999999999996,21.218683,1.7313167572021442
23.049999999999997,21.83447,1.21552925109863
24.8,22.791904,2.00809555053711
26.55,23.950596,2.59940414428711
28.2,25.216854,2.983145904541015
30.1,26.513117,3.58688316345215
31.949999999999996,27.727251,4.22274894714355
33.5,28.72439,4.775609970092773
34.4,29.337736,5.062263870239256
33.9,29.529192,4.370808029174803
34.3,29.41948,4.88052062988281
33.9,29.009657,4.890343093872069
33.2,28.323637,4.876362991333011
31.099999999999998,27.607153,3.4928470611572244
29.25,26.688765,2.5612354278564453
29.3,25.785276,3.5147235870361335
27.799999999999997,24.874146,2.925854492187497
26.599999999999998,23.962605,2.6373954772949197
25.5,23.100164,2.3998355865478516
24.65,22.305658,2.344341659545897
23.899999999999995,21.620316,2.2796844482421825
23.7,21.127058,2.5729419708251946
23.650000000000002,20.85884,2.7911590576171896
23.2,20.861397,2.338603210449218
22.85,21.128006,1.721994018554689
22.800000000000004,21.68807,1.1119297027587933
24.6,22.628252,1.971747970581056
26.55,23.819548,2.7304523468017585
28.55,25.126154,3.423846054077149
30.55,26.46394,4.086060333251954
32.35,27.72421,4.625789260864259
33.55,28.776268,4.773731994628903
34.25,29.434563,4.815437316894531
34.15,29.679745,4.470255279541014
34.65,29.568651,5.081348800659178
34.5,29.14069,5.359310150146484
33.5,28.494217,5.0057830810546875
31.6,27.677376,3.92262420654297
30.649999999999995,26.80432,3.845680618286128
29.65,25.918713,3.7312873840332017
27.75,24.977528,2.772472381591797
27.1,24.042742,3.057258224487306
26.250000000000004,23.146986,3.103013992309574
25.5,22.343946,3.1560535430908203
24.8,21.630514,3.1694858551025398
24.349999999999998,21.094486,3.2555137634277322
23.85,20.777407,3.0725933074951186
23.35,20.67238,2.677619552612306
22.85,20.865763,1.9842372894287124
22.6,21.326303,1.2736965179443374
24.349999999999998,22.249617,2.100383377075193
26.350000000000005,23.470604,2.8793960571289112
28.150000000000002,24.864162,3.2858375549316428
30.1,26.26878,3.8312202453613295
31.75,27.594849,4.1551513671875
33.05,28.598976,4.451023864746091
33.95,29.233337,4.716662597656253
33.35,29.422176,3.927823638916017
33.65,29.293282,4.356718444824217
33.45,28.86153,4.588469696044925
32.6,28.265598,4.334401702880861
30.7,27.526018,3.173981857299804
29.65,26.779621,2.8703788757324205
28.3,25.931349,2.368651199340821
27.1,24.919956,2.180043792724611
26.149999999999995,24.057545,2.092455291748042
25.199999999999996,23.220379,1.9796211242675739
24.45,22.445763,2.0042373657226555
23.55,21.763197,1.786803054809571
22.85,21.251942,1.5980583190917983
22.35,20.93883,1.411170578002931
22.05,20.832369,1.217631149291993
21.8,21.006224,0.7937763214111335
21.8,21.447538,0.3524616241455085
24.4,22.33428,2.0657199859619126
27.05,23.526579,3.5234210968017585
29.1,24.864885,4.235114669799806
30.850000000000005,26.300783,4.549216842651372
32.4,27.615984,4.784016036987303
33.45,28.645775,4.804225158691409
34.05,29.2824,4.767599868774411
33.45,29.504604,3.9453956604003935
33.8,29.375515,4.424485015869138
33.45,28.908115,4.541884613037112
32.55,28.274181,4.2758186340332
30.850000000000005,27.494217,3.3557830810546925
30.15,26.69059,3.4594100952148423
29.6,25.777786,3.822213745117189
27.7,24.865942,2.834057998657226
26.499999999999996,23.964779,2.535221099853512
25.65,23.073368,2.576631927490233
24.7,22.284046,2.415953826904296
23.750000000000004,21.590813,2.159187316894535
23.25,21.039646,2.2103538513183594
22.800000000000004,20.708122,2.0918777465820355
22.15,20.63318,1.5168193817138658
21.649999999999995,20.823963,0.8260368347167919
21.45,21.31572,0.1342803955078118
23.4,22.315891,1.084108734130858
25.900000000000002,23.60962,2.290380859375002
27.85,25.012072,2.837928390502931
29.5,26.383224,3.1167755126953125
30.999999999999996,27.642359,3.35764122009277
32.25,28.657394,3.5926055908203125
33.15,29.310839,3.8391613006591783
32.7,29.56777,3.132229995727542
33.45,29.45201,3.997990798950198
33.6,29.02636,4.573640441894533
30.899999999999995,28.371044,2.528955841064448
29.6,27.556618,2.043382263183595
28.8,26.689404,2.110596466064454
28.1,25.827616,2.2723842620849624
27.1,24.824762,2.27523765563965
26.1,23.902954,2.1970458984375014
25.299999999999997,23.028734,2.271265792846677
24.5,22.222057,2.277942657470703
23.8,21.50827,2.2917297363281257
23.55,20.948336,2.601664352416993
23.2,20.6095,2.5904991149902337
22.65,20.496778,2.153221511840819
22.099999999999998,20.671871,1.4281288146972635
22.0,21.13233,0.8676700592041016
23.899999999999995,22.073828,1.8261722564697216
26.149999999999995,23.304281,2.845718765258784
27.85,24.705214,3.1447864532470717
29.55,26.05774,3.4922607421875007
31.2,27.307743,3.8922569274902337
32.6,28.328333,4.271667098999025
33.6,28.98704,4.612960433959962
33.2,29.24195,3.9580509185791044
33.65,29.161661,4.4883388519287095
33.55,28.793812,4.756188201904294
33.45,28.029509,5.420491409301761
30.55,27.218573,3.3314273834228523
29.2,26.368185,2.8318149566650384
27.6,25.50752,2.0924793243408217
26.55,24.588032,1.9619682312011726
25.45,23.66472,1.785279464721679
24.6,22.814085,1.7859149932861342
23.95,22.018398,1.93160171508789
23.25,21.313482,1.9365177154541016
23.0,20.759668,2.2403316497802734
22.700000000000003,20.413494,2.286505889892581
21.95,20.293758,1.656241607666015
21.7,20.428013,1.2719871520996087
22.0,20.88426,1.1157398223876953
23.85,21.812979,2.0370212554931655
25.85,23.043758,2.806241607666017
27.15,24.424095,2.725904846191405
28.749999999999996,25.801308,2.94869232177734
30.45,27.040022,3.4099781036376946
31.85,28.057865,3.792134857177736
32.95,28.71502,4.234980773925784
32.6,28.933035,3.6669651031494155
33.2,28.84281,4.357190322875979
32.9,28.484121,4.415878677368163
32.25,27.956806,4.293193817138672
29.5,27.195423,2.304576873779297
28.35,26.361431,1.9885688781738295
28.65,25.461618,3.1883815765380845
26.95,24.55514,2.3948604583740227
26.0,23.6276,2.3724002838134766
25.199999999999996,22.736666,2.463334274291988
24.55,21.895142,2.6548583984375007
23.899999999999995,21.166735,2.7332653045654247
23.6,20.606625,2.993375396728517
23.5,20.25311,3.246889114379883
22.75,20.10057,2.6494293212890625
21.9,20.251303,1.6486972808837876
21.8,20.763124,1.036875534057618
24.15,21.762403,2.387596511840819
26.350000000000005,23.004787,3.3452125549316456
28.500000000000004,24.337004,4.162996292114261
30.55,25.679646,4.870354461669923
32.3,26.960154,5.339846420288083
33.75,27.976265,5.773735046386719
34.75,28.621067,6.128932952880859
34.35,28.877657,5.472343063354494
34.8,28.793259,6.00674133300781
34.5,28.402363,6.097637176513672
33.65,27.870146,5.779854202270506
30.400000000000002,27.156544,3.243456268310549
30.95,26.365515,4.584485244750976
29.5,25.550055,3.9499454498291016
28.399999999999995,24.52873,3.8712696075439403
27.200000000000003,23.59207,3.6079303741455107
25.95,22.708408,3.2415916442871087
25.050000000000004,21.89246,3.1575401306152386
24.3,21.20733,3.092669296264649
23.7,20.67247,3.027529907226562
23.55,20.385511,3.164488601684571
22.949999999999996,20.289173,2.6608268737792926
22.45,20.412888,2.037112426757812
22.2,20.885042,1.3149578094482415
24.100000000000005,21.890112,2.2098880767822315
26.0,23.145216,2.8547840118408203
28.1,24.581787,3.5182128906250014
30.7,26.033028,4.666972351074218
32.9,27.342972,5.557028198242186
34.15,28.366257,5.783743286132811
34.85,28.99572,5.854280090332033
34.5,29.218815,5.281185150146484
34.95,29.12325,5.826750946044925
34.6,28.733252,5.866748428344728
33.8,28.137228,5.662771987915036
30.649999999999995,27.357931,3.292068862915034
30.1,26.60384,3.4961601257324233
29.450000000000003,25.70577,3.744229507446292
28.1,24.829075,3.270925140380861
26.8,23.937887,2.8621128082275398
25.7,23.09757,2.602429580688476
24.85,22.299637,2.550363159179689
24.100000000000005,21.60818,2.4918209075927784
23.650000000000002,21.042122,2.607878112792971
23.4,20.690004,2.7099956512451158
22.800000000000004,20.52149,2.278509902954106
22.35,20.630936,1.719064331054689
22.05,21.056673,0.9933269500732429
23.8,21.988554,1.8114459991455085
26.0,23.251986,2.748014450073242
28.150000000000002,24.692436,3.4575637817382834
30.55,26.222687,4.327313232421876
32.5,27.646837,4.85316276550293
33.6,28.719551,4.88044891357422
34.3,29.372114,4.9278858184814425
33.75,29.591867,4.158132553100586
33.95,29.461376,4.488623809814456
33.45,29.030952,4.419047546386722
32.3,28.371239,3.9287612915039034
30.2,27.58122,2.6187793731689446
29.450000000000003,26.783297,2.666703414916995
27.300000000000004,25.885157,1.4148433685302777
26.4,24.93397,1.4660305023193345
25.5,23.993137,1.5068626403808594
24.6,23.072445,1.527555084228517
23.750000000000004,22.24418,1.5058193206787145
22.949999999999996,21.503395,1.4466049194335895
22.65,20.931055,1.718944931030272
22.45,20.58276,1.867240142822265
22.0,20.466726,1.533273696899414
21.45,20.642172,0.8078281402587884
21.15,21.121405,0.02859535217285014
23.35,22.072273,1.2777267456054702
25.7,23.335741,2.364258956909179
27.200000000000003,24.772108,2.427891921997073
28.8,26.258692,2.541308212280274
30.400000000000002,27.629116,2.7708839416503928
31.9,28.642792,3.2572082519531236
33.0,29.231478,3.768522262573242
32.85,29.388248,3.461751556396486
33.3,29.185669,4.114331054687497
32.95,28.713432,4.236567687988284
32.15,28.057678,4.092321777343749
30.049999999999997,27.296051,2.753948974609372
29.25,26.499216,2.750783920288086
27.5,25.563213,1.9367866516113281
26.250000000000004,24.625818,1.624181747436527
25.25,23.701376,1.548624038696289
24.4,22.785162,1.6148380279541001
23.6,21.904346,1.6956535339355483
22.9,21.12495,1.7750495910644517
22.6,20.540634,2.059365844726564
22.25,20.178942,2.0710582733154297
21.7,20.068222,1.6317779541015618
21.3,20.22746,1.072539138793946
21.2,20.6823,0.5176994323730462
22.85,21.664862,1.185138320922853
24.9,22.969542,1.9304584503173814
26.7,24.37724,2.3227607727050774
28.55,25.771046,2.7789543151855476
30.45,27.052393,3.3976070404052727
32.05,28.044987,4.0050132751464815
33.3,28.656355,4.6436450958251925
33.0,28.82411,4.17588996887207
33.6,28.65296,4.947040176391603
33.35,28.232512,5.117488479614259
32.6,27.63384,4.9661594390869155
30.6,26.94604,3.6539608001709
29.9,26.182274,3.717726135253905
29.05,25.341295,3.7087047576904304
27.5,24.445597,3.054403305053711
26.149999999999995,23.480698,2.6693023681640575
25.050000000000004,22.595139,2.4548614501953168
24.100000000000005,21.725647,2.374353027343755
23.3,20.971193,2.328806686401368
22.700000000000003,20.388086,2.3119136810302763
22.4,20.012005,2.3879951477050767
21.9,19.879274,2.0207256317138658
21.35,20.04156,1.3084407806396499
21.05,20.514517,0.5354831695556648
22.700000000000003,21.472572,1.2274276733398466
24.9,22.741161,2.1588386535644517
27.0,24.158085,2.8419151306152344
29.0,25.566927,3.433073043823242
30.95,26.875961,4.074038696289062
32.5,27.920664,4.579336166381836
33.65,28.576979,5.073021316528319
33.05,28.7621,4.287899780273435
33.4,28.634382,4.765617752075194
33.1,28.234833,4.865167236328126
32.25,27.661278,4.588722229003906
30.0,26.956436,3.0435638427734375
29.25,26.194757,3.0552425384521484
28.35,25.387054,2.9629455566406264
26.95,24.49457,2.4554302215576165
25.6,23.568056,2.0319438934326186
24.3,22.668232,1.6317680358886726
23.3,21.794329,1.5056713104248054
22.5,21.022987,1.4770126342773438
22.099999999999998,20.4035,1.6965003967285135
21.649999999999995,19.994652,1.6553482055664013
21.25,19.80935,1.4406509399414062
21.0,19.87905,1.120950698852539
21.0,20.28927,0.7107295989990234
22.65,21.183632,1.4663681030273423
24.6,22.42205,2.1779495239257827
26.2,23.861925,2.338074874877929
28.2,25.283752,2.9162475585937493
30.35,26.593327,3.756673431396486
32.2,27.638988,4.561011505126956
33.55,28.282354,5.267645645141599
33.6,28.479565,5.1204353332519545
34.2,28.359217,5.840783309936526
33.95,28.01178,5.938220214843753
32.95,27.476065,5.473935317993167
29.25,26.804863,2.4451370239257812
28.2,26.046576,2.153424453735351
28.45,25.276575,3.1734249114990227
27.1,24.407036,2.6929641723632827
25.7,23.426157,2.2738430023193352
24.55,22.486809,2.063191223144532
23.7,21.563612,2.1363880157470696
23.0,20.76406,2.235940933227539
22.700000000000003,20.084156,2.6158439636230497
22.5,19.616234,2.8837661743164062
22.2,19.395485,2.804515075683593
22.35,19.482737,2.8672634124755874
22.65,19.926476,2.723524475097655
23.5,20.865458,2.634542465209961
24.75,22.138462,2.6115379333496094
26.499999999999996,23.523289,2.976711273193356
28.600000000000005,24.942396,3.6576038360595753
30.850000000000005,26.30647,4.543529129028325
32.6,27.38741,5.212590789794923
33.8,28.099905,5.700094985961911
33.65,28.39004,5.259960556030272
34.05,28.339834,5.710165786743161
33.85,28.032875,5.817124938964845
32.95,27.53916,5.410840225219729
29.05,26.814169,2.2358310699462898
29.1,26.042337,3.0576625823974624
28.500000000000004,25.247656,3.25234413146973
27.300000000000004,24.334803,2.9651973724365277
26.05,23.382776,2.667223739624024
24.9,22.455526,2.4444736480712876
24.000000000000004,21.552694,2.4473056793212926
23.25,20.742132,2.5078678131103516
23.0,20.094654,2.905345916748047
22.700000000000003,19.640968,3.0590316772460966
22.15,19.444466,2.7055343627929673
21.7,19.583473,2.116526794433593
21.6,20.088848,1.5111518859863295
23.5,20.978157,2.5218429565429688
24.8,22.196447,2.6035526275634773
26.250000000000004,23.602594,2.647405624389652
28.05,25.060476,2.9895236968994148
30.0,26.434826,3.565174102783203
31.55,27.513859,4.036141204833985
32.65,28.203615,4.446384811401366
32.3,28.438206,3.8617942810058565
32.65,28.371565,4.278435134887694
32.3,28.053535,4.246464538574216
31.5,27.558004,3.941995620727539
28.9,26.803946,2.0960544586181626
29.0,26.09369,2.906309127807617
27.85,25.209204,2.640796279907228
26.4,24.314352,2.0856479644775376
24.9,23.388546,1.5114540100097642
24.15,22.499744,1.6502555847167955
23.6,21.63503,1.9649692535400405
22.949999999999996,20.875826,2.074174118041988
22.4,20.276066,2.123934173583983
22.099999999999998,19.87353,2.2264705657958963
21.55,19.693504,1.856495666503907
21.2,19.797855,1.4021446228027337
21.05,20.247953,0.8020465850830085
22.949999999999996,21.184752,1.7652484893798785
24.9,22.377308,2.5226921081542955
26.8,23.745037,3.054962921142579
28.65,25.162495,3.4875053405761705
30.25,26.513678,3.7363224029541016
31.55,27.61026,3.9397399902343757
32.55,28.279829,4.2701709747314425
32.55,28.506207,4.043793487548825
33.0,28.364788,4.635211944580078
32.8,27.972603,4.827397155761716
31.700000000000003,27.389952,4.310048294067386
28.7,26.671268,2.0287315368652337
27.75,25.967066,1.7829341888427734
27.35,25.153812,2.196187591552736
27.7,24.253344,3.446656417846679
25.900000000000002,23.242958,2.657041931152346
25.15,22.328684,2.8213161468505845
24.5,21.518448,2.9815521240234375
24.000000000000004,20.811745,3.1882553100585973
23.7,20.231302,3.4686977386474602
23.35,19.835052,3.5149475097656264
23.049999999999997,19.67048,3.379519271850583
22.75,19.787792,2.962207794189453
22.5,20.226969,2.273031234741211
24.5,21.17228,3.3277206420898438
27.4,22.388628,5.011371994018553
30.15,23.76504,6.384960556030272
32.4,25.156713,7.243286514282225
34.15,26.432436,7.717564010620116
35.45,27.427887,8.022113037109378
36.4,28.040085,8.359915161132811
36.25,28.26329,7.9867095947265625
36.65,28.169867,8.48013343811035
36.2,27.808601,8.391398620605472
35.0,27.275604,7.724395751953125
32.5,26.56776,5.932239532470703
32.0,25.86016,6.139839172363281
30.55,25.116243,5.433756637573243
29.25,24.2962,4.953800201416016
27.85,23.217276,4.6327243804931655
26.499999999999996,22.252106,4.2478942871093714
25.5,21.461496,4.038503646850586
24.7,20.785173,3.914826583862304
24.55,20.244469,4.305531311035157
24.05,19.91012,4.139879989624024
23.7,19.794443,3.9055568695068352
23.4,19.934967,3.4650329589843736
23.3,20.37783,2.922169494628907
25.4,21.303293,4.0967067718505845
29.0,22.6092,6.390800476074219
32.2,24.093197,8.106803131103518
34.8,25.54553,9.25446968078613
36.8,26.818905,9.981095123291013
37.95,27.777979,10.172021102905276
38.75,28.354572,10.395427703857422
37.8,28.549488,9.250511932373044
37.8,28.443481,9.356518554687497
37.05,28.126793,8.923207092285153
35.25,27.619905,7.630094528198242
32.5,27.050472,5.449527740478516
31.099999999999998,26.433134,4.666865921020506
29.55,25.67447,3.875529098510743
28.25,24.79066,3.459339141845703
27.15,23.831198,3.3188022613525376
26.250000000000004,22.875551,3.3744487762451207
25.5,22.05088,3.4491195678710938
24.65,21.315784,3.3342155456542955
24.249999999999996,20.705471,3.544528961181637
24.000000000000004,20.280348,3.719652175903324
23.650000000000002,20.120708,3.5292915344238303
23.35,20.23716,3.112840270996095
23.2,20.703922,2.4960777282714837
24.349999999999998,21.663841,2.686158752441404
26.2,23.025692,3.174308013916015
27.9,24.499165,3.4008354187011705
30.45,25.888737,4.561263275146484
32.75,27.106182,5.643817901611328
34.8,28.012068,6.7879322052001925
36.1,28.561563,7.538436508178712
36.1,28.726027,7.373973464965822
36.1,28.618223,7.481776809692384
35.65,28.325266,7.3247341156005845
33.75,27.984695,5.7653045654296875
31.85,27.427303,4.422696685791017
29.699999999999996,26.799513,2.900487136840816
29.05,26.045141,3.0048587799072273
28.399999999999995,25.215115,3.1848854064941357
27.75,24.211405,3.538595199584961
27.05,23.243872,3.8061283111572273
26.599999999999998,22.315845,4.284154510498045
26.2,21.54202,4.657979202270507
26.05,20.828032,5.2219684600830085
25.7,20.363249,5.336751174926757
25.299999999999997,20.16046,5.13954048156738
24.85,20.281942,4.5680576324462905
24.6,20.731897,3.868102645874025
25.65,21.593126,4.056873703002928
27.7,22.800482,4.899518203735351
28.95,24.15002,4.799979400634765
30.8,25.571508,5.228491592407227
31.3,26.891012,4.40898780822754
32.8,27.95158,4.848419952392575
33.75,28.593187,5.15681266784668
31.8,28.793356,3.0066440582275398
29.65,28.667149,0.982851409912108
30.3,28.372475,1.9275253295898445
29.699999999999996,27.822762,1.8772384643554645
28.25,27.19224,1.057760238647461
27.799999999999997,26.444984,1.355015563964841
27.5,25.693476,1.8065242767333984
26.85,24.865835,1.9841648101806655
26.1,24.021965,2.0780349731445327
25.45,23.206753,2.24324722290039
24.9,22.453218,2.4467815399169908
24.349999999999998,21.790909,2.5590911865234354
23.8,20.981575,2.8184249877929695
23.7,20.383198,3.316802215576171
23.3,20.035692,3.2643077850341804
23.0,19.982298,3.017702102661133
22.700000000000003,20.249313,2.4506866455078153
24.4,20.931581,3.4684185028076158
26.65,21.998146,4.651853942871092
28.9,23.20298,5.697019958496092
30.850000000000005,24.482494,6.367505645751958
32.35,25.561071,6.788928604125978
33.5,26.44101,7.058990478515625
34.3,26.907835,7.39216499328613
34.55,26.924118,7.62588195800781
34.65,26.566757,8.083242797851561
34.0,26.161638,7.838361740112305
32.55,25.714502,6.835497665405271
30.5,25.177586,5.322414398193359
28.95,24.513615,4.436385345458984
27.6,23.720205,3.8797946929931655
26.4,22.83258,3.5674194335937486
25.5,21.880234,3.6197662353515625
24.75,20.93075,3.8192501068115234
24.15,20.073118,4.076881790161131
23.7,19.354921,4.3450786590576165
23.5,18.68813,4.811870574951172
23.55,18.246918,5.303082275390626
23.25,17.988,5.261999130249023
23.0,17.956118,5.043882369995117
22.6,18.156517,4.443482971191408
23.95,18.978428,4.971572113037109
26.1,20.154099,5.945901489257814
28.35,21.561686,6.788314437866212
30.45,22.982761,7.467238616943359
32.05,24.192259,7.85774116516113
33.3,25.134245,8.165755081176755
33.75,25.74878,8.001220703125
34.3,26.009426,8.290573883056638
34.5,26.065807,8.434192657470703
34.0,26.090971,7.909029006958008
32.8,25.84438,6.955620574951169
30.8,25.264172,5.535828399658204
28.849999999999998,24.40652,4.4434791564941385
27.25,23.383253,3.8667469024658203
26.45,22.284313,4.165686798095702
25.35,21.152536,4.197463607788087
24.6,20.11309,4.486909484863283
24.000000000000004,19.193102,4.806898117065433
23.45,18.4178,5.032199096679687
23.15,17.949917,5.200083160400389
22.949999999999996,17.70239,5.2476093292236285
22.55,17.605272,4.94472770690918
22.15,17.702827,4.447172546386717
21.749999999999996,17.955563,3.794437408447262
23.1,18.576223,4.5237766265869155
25.25,19.494358,5.755641937255859
27.200000000000003,20.737198,6.46280212402344
29.1,22.109358,6.990642166137697
30.850000000000005,23.338924,7.511075592041021
32.35,24.339935,8.010064697265626
33.4,25.021074,8.378925704956053
33.2,25.640718,7.559281539916995
33.2,25.989561,7.210438919067386
32.55,26.08044,6.469559478759763
31.099999999999998,25.814365,5.285634613037107
29.05,25.210384,3.8396156311035163
27.449999999999996,24.287535,3.1624652862548785
26.149999999999995,23.164326,2.985674285888667
25.1,22.027325,3.0726753234863295
24.2,20.827011,3.372988891601562
23.5,19.743298,3.756702423095703
23.0,18.816633,4.183366775512695
22.65,18.107462,4.5425380706787095
22.35,17.603899,4.746100997924806
22.05,17.33069,4.719309616088868
21.850000000000005,17.231205,4.618795013427739
21.45,17.303558,4.146441650390624
21.0,17.542042,3.457958221435547
22.85,18.157969,4.692031478881837
24.75,19.210178,5.539821624755859
26.9,20.49289,6.407110595703124
28.65,21.824207,6.8257926940917955
29.800000000000004,23.069584,6.730416107177739
32.3,24.072525,8.227474975585935
34.0,24.771442,9.228557586669922
33.65,25.15973,8.490269088745116
33.9,25.435705,8.464294815063475
33.5,25.421354,8.078645706176758
32.3,25.071959,7.22804145812988
30.6,24.371815,6.228185272216798
29.5,23.440855,6.059144973754883
28.35,22.30431,6.045690155029298
26.95,21.07591,5.874089431762695
25.45,19.89796,5.552039337158202
24.45,18.818998,5.631001663208007
23.7,17.956575,5.7434246063232415
23.049999999999997,17.295467,5.754532623291013
22.65,16.898983,5.751016998291014
22.3,16.709059,5.590941238403321
21.9,16.685246,5.214754486083983
21.500000000000004,16.833748,4.666252136230472
21.2,17.076523,4.123477172851562
22.700000000000003,17.73292,4.967080307006839
24.75,18.622551,6.127449035644531
26.85,19.853178,6.996821975708009
28.55,21.164974,7.385025787353516
30.25,22.345968,7.904031753540039
31.6,23.38782,8.212180709838869
32.5,24.20197,8.298030853271484
32.3,24.583054,7.71694641113281
32.55,24.860662,7.689337539672849
32.1,24.902721,7.1972785949707045
30.95,24.589025,6.360974502563476
29.15,23.940758,5.209242248535155
27.6,23.010277,4.589723205566408
26.0,21.965105,4.034894943237305
24.75,20.844261,3.9057388305664062
23.85,19.64536,4.204639053344728
23.15,18.505,4.645000839233397
22.85,17.56309,5.286910629272462
22.700000000000003,16.848194,5.85180587768555
23.15,16.413147,6.736853027343749
23.2,16.217976,6.982024383544921
23.45,16.209866,7.24013442993164
23.45,16.384068,7.065932464599609
23.3,16.695858,6.604141998291016
23.95,17.430107,6.5198928833007805
25.15,18.540737,6.609262847900389
26.3,19.806665,6.493334579467774
27.300000000000004,21.08556,6.214440155029301
28.749999999999996,22.261877,6.488122940063473
30.15,23.2313,6.918699645996092
30.8,23.91213,6.88786964416504
30.3,24.226934,6.073065567016602
30.400000000000002,24.282354,6.117645645141604
30.5,24.202137,6.297863006591797
29.5,23.784683,5.7153167724609375
28.05,23.014093,5.035906600952149
26.75,22.075977,4.674022674560547
25.45,20.956547,4.493453216552734
24.4,19.769068,4.630932235717772
23.45,18.598818,4.8511821746826165
22.65,17.570663,5.079336547851561
21.95,16.76344,5.186560821533202
20.95,16.211792,4.738208007812499
20.1,15.976172,4.123827552795412
19.8,15.985673,3.814327049255372
19.25,16.22555,3.0244503021240234
19.55,16.604424,2.945576477050782
19.3,17.065668,2.234331893920899
20.95,17.764898,3.185101699829101
23.3,18.630718,4.669281768798829
25.1,19.60648,5.493520355224611
26.8,20.723894,6.076105880737305
28.45,21.858408,6.591592025756835
29.75,22.863169,6.886831283569336
30.7,23.505207,7.194792938232421
30.55,23.899092,6.650908279418946
30.7,24.086332,6.613667678833007
30.25,24.031315,6.218685150146484
29.0,23.617674,5.382326126098633
26.250000000000004,22.885647,3.364353179931644
26.9,21.948965,4.951034927368163
25.199999999999996,20.887693,4.3123065948486285
23.899999999999995,19.910057,3.9899429321289013
22.949999999999996,18.832691,4.117308807373043
22.25,17.712595,4.537405014038086
21.7,16.73207,4.967929077148437
20.9,16.017653,4.882347488403319
19.85,15.525023,4.324976539611818
19.2,15.333668,3.866332244873046
19.65,15.329375,4.32062473297119
19.15,15.575452,3.5745481491088853
18.9,15.943413,2.95658721923828
20.8,16.66884,4.131159591674805
23.35,17.676283,5.673717117309572
25.299999999999997,18.986794,6.313206481933591
27.1,20.307673,6.79232749938965
28.45,21.474024,6.975976181030273
29.35,22.402672,6.947328186035158
30.15,23.022629,7.127371215820311
30.3,23.318237,6.981762695312501
30.25,23.360262,6.889738082885742
29.6,23.257656,6.342343902587892
28.600000000000005,22.765265,5.8347354888916065
26.95,21.909979,5.040021133422851
26.65,21.004961,5.645038986206053
25.6,19.842236,5.7577644348144545
24.349999999999998,18.65218,5.69782028198242
23.25,17.486574,5.763425827026367
22.15,16.447823,5.702177429199217
21.05,15.577072,5.472927856445313
19.85,14.906204,4.943795776367189
19.65,14.427845,5.2221549987792955
19.6,14.182703,5.417296981811525
19.25,14.262411,4.987588882446289
18.75,14.4968195,4.253180503845215
18.9,14.86667,4.033330345153807
20.6,15.602553,4.997446632385255
23.25,16.716188,6.533811569213867
25.25,17.964691,7.285308837890625
26.8,19.208271,7.591728973388673
27.95,20.325483,7.624516677856445
29.15,21.19489,7.955110931396483
29.9,21.790562,8.109438323974608
29.9,22.050571,7.849428558349608
29.95,22.004894,7.945105743408202
29.5,21.694881,7.805118560791016
28.25,21.184216,7.065784454345703
26.45,20.652758,5.797242355346679
25.900000000000002,20.036026,5.86397399902344
24.249999999999996,19.236769,5.013231277465817
23.3,18.287542,5.012457656860352
22.45,17.278728,5.171271514892577
21.6,16.22198,5.37802085876465
20.5,15.185563,5.314436912536621
19.5,14.187383,5.312617301940918
19.5,13.352455,6.147544860839844
19.05,12.903429,6.14657096862793
18.8,12.939834,5.860166358947755
18.65,13.203054,5.446945571899413
18.65,13.6795435,4.970456504821776
20.6,14.468529,6.131471252441408
23.049999999999997,15.526344,7.523655700683591
25.0,16.777271,8.222728729248047
26.65,17.992983,8.657017135620116
28.150000000000002,19.07451,9.075489425659182
29.1,19.939781,9.160218811035158
29.450000000000003,20.515873,8.934127044677737
29.65,20.857056,8.792944335937499
28.95,21.13202,7.8179790496826165
27.85,21.248014,6.601985549926759
27.05,21.051521,5.9984786987304695
25.75,20.536524,5.213476181030273
25.050000000000004,19.879711,5.170288848876957
24.6,18.928434,5.671565628051759
23.4,17.925241,5.4747585296630845
22.35,16.868519,5.481481170654298
20.75,15.822244,4.927756309509277
19.7,14.785285,4.9147150039672844
19.4,13.821716,5.578283691406249
20.2,13.100916,7.099084091186523
20.4,12.576783,7.823216819763182
19.5,12.323357,7.176643371582031
19.5,12.625358,6.874642372131348
19.0,13.128731,5.871269226074219
20.55,13.957221,6.592778968811036
22.949999999999996,14.979918,7.9700824737548785
24.950000000000003,16.07851,8.871489715576175
26.45,17.23876,9.211240005493163
27.6,18.247164,9.352836227416994
28.25,19.02515,9.224849700927734
29.05,19.692112,9.35788803100586
29.05,20.136026,8.913973617553712
29.4,20.426756,8.973244094848631
28.749999999999996,20.446465,8.303535461425778
27.85,20.188576,7.661424255371095
26.2,19.644068,6.555932235717773
24.6,19.031979,5.568021392822267
24.249999999999996,18.271774,5.978225708007809
23.1,17.37054,5.729459381103517
22.3,16.352898,5.947102355957032
21.45,15.277774,6.1722261428833
20.55,14.222699,6.327300834655762
19.1,13.351984,5.74801597595215
19.0,12.815577,6.184423446655273
18.55,12.469706,6.080294418334962
18.1,12.20598,5.894019699096681
17.6,12.17026,5.429739570617677
17.2,12.489254,4.710746002197265
19.85,13.201612,6.648387527465822
22.6,14.103666,8.49633369445801
24.9,15.01882,9.881180191040038
26.55,16.088852,10.461148071289063
28.05,17.21736,10.832640457153321
29.2,18.126318,11.073682022094726
29.9,18.844128,11.055872344970702
29.699999999999996,19.398428,10.30157203674316
29.95,19.8382,10.111800384521484
29.4,20.016436,9.383564376831053
27.799999999999997,19.896872,7.903128433227536
24.4,19.464914,4.9350856781005845
25.0,18.801697,6.19830322265625
24.000000000000004,17.991854,6.008146286010746
23.2,17.063478,6.1365215301513665
22.25,16.090826,6.159173965454102
21.45,15.091667,6.3583328247070305
20.65,14.147998,6.502002143859862
20.1,13.203776,6.896223640441896
19.25,12.5262,6.723799705505371
18.6,12.037027,6.562972640991212
17.95,11.709937,6.2400629043579094
17.45,11.532895,5.9171049118041985
17.2,11.543268,5.656731796264648
19.7,12.198996,7.501004409790038
22.2,13.089724,9.110276412963866
24.65,14.171505,10.478495025634764
26.45,15.237791,11.212208938598632
27.85,16.29678,11.553220367431642
28.849999999999998,17.240564,11.609435653686521
29.6,18.10463,11.495370483398439
29.699999999999996,18.76814,10.931859207153316
29.85,19.237654,10.612346267700197
29.15,19.463291,9.686708831787108
27.85,19.400213,8.449786758422853
25.75,18.9179,6.832099914550781
25.25,18.362553,6.887447357177734
24.45,17.51041,6.939589691162109
23.45,16.63435,6.815650177001952
22.4,15.713965,6.686034584045409
21.500000000000004,14.792617,6.7073831558227575
20.8,13.881876,6.918124008178712
20.2,13.057681,7.1423189163208
19.85,12.410235,7.43976459503174
19.25,11.897951,7.352048873901367
18.55,11.475304,7.074696350097657
17.95,11.223697,6.7263032913208
17.85,11.179866,6.6701341629028335
20.0,11.701096,8.298904418945312
22.35,12.587514,9.762486076354982
24.7,13.597509,11.102490615844726
26.499999999999996,14.637181,11.86281871795654
27.95,15.624166,12.325834465026855
28.849999999999998,16.524483,12.325517272949217
29.800000000000004,17.347715,12.452284622192387
30.899999999999995,18.47443,12.42556991577148
29.75,19.352705,10.397294998168945
29.3,19.77156,9.528439331054688
28.600000000000005,19.733854,8.866145706176763
26.599999999999998,19.145494,7.4545055389404276
25.8,18.298086,7.501913833618165
24.4,17.340014,7.059986495971678
23.4,16.537298,6.86270179748535
22.4,15.664052,6.735947990417479
21.55,14.788048,6.761952209472657
20.75,13.964972,6.785028457641602
19.85,13.204213,6.645786857604982
19.35,12.553591,6.796409225463869
19.1,12.036775,7.06322536468506
18.45,11.577323,6.872677040100097
18.0,11.247075,6.752924919128418
17.85,11.158767,6.691233253479005
20.1,11.589022,8.510978317260744
22.65,12.367791,10.282208824157713
24.9,13.316536,11.583464050292967
26.65,14.310573,12.339427375793456
28.45,15.228483,13.221516799926757
29.75,16.200994,13.549005508422852
29.85,17.670404,12.1795955657959
28.95,18.887941,10.062058639526366
28.0,19.623344,8.376655578613281
27.85,19.98257,7.867429351806642
26.599999999999998,19.931288,6.668712234497068
25.199999999999996,19.288311,5.911688995361324
24.7,18.39875,6.301249694824218
24.100000000000005,17.15334,6.946660614013677
23.35,16.368795,6.9812046051025405
22.5,15.516732,6.983267784118652
21.500000000000004,14.678535,6.821464538574222
20.5,13.923487,6.576513290405273
19.85,13.204995,6.645004844665529
19.45,12.573254,6.876746368408202
19.1,12.085469,7.014530754089357
18.45,11.649257,6.800743293762206
18.55,11.321781,7.228218841552735
18.15,11.222651,6.927349472045897
20.35,11.667855,8.682144737243654
22.55,12.443594,10.106406021118165
24.85,13.375713,11.47428665161133
26.4,14.3228855,12.077114486694335
27.95,15.26549,12.684510421752929
28.8,16.681425,12.118574905395509
29.3,18.134304,11.165695953369141
27.85,19.210606,8.63939437866211
28.45,19.872852,8.577147674560546
28.500000000000004,20.211054,8.288946151733402
27.35,20.102663,7.247336959838869
25.8,19.50807,6.291930007934571
25.1,18.65708,6.442920303344728
24.15,17.535418,6.614582443237303
23.55,16.204689,7.3453109741210945
22.3,15.163413,7.136586952209473
21.35,14.379632,6.970368003845216
20.5,13.6223135,6.877686500549316
19.6,12.960993,6.63900718688965
19.2,12.3987,6.801300239562988
19.1,11.947036,7.152964210510255
18.2,11.517062,6.682937812805175
17.5,11.253148,6.246851921081543
18.7,11.094667,7.6053325653076165
19.3,11.481345,7.818654823303223
21.749999999999996,12.20061,9.54938983917236
24.2,13.124115,11.075885009765624
26.0,14.527072,11.472928047180176
27.5,16.1637,11.336299896240234
28.600000000000005,17.68148,10.918519592285161
29.35,18.998938,10.351062393188478
29.15,19.951363,9.198637390136717
29.450000000000003,20.56696,8.883040618896487
29.15,20.88676,8.263239288330077
27.25,20.750736,6.499263763427734
24.55,20.155386,4.394614028930665
23.4,19.243969,4.156031036376952
24.4,18.054468,6.345531845092772
23.4,16.847742,6.552257919311522
22.3,15.43712,6.86287956237793
21.400000000000002,14.557232,6.84276809692383
20.6,13.815054,6.7849460601806655
19.65,13.103112,6.546887779235838
19.2,12.531636,6.668363761901855
18.9,12.1051655,6.794834518432616
18.2,11.6811075,6.51889247894287
17.9,11.324844,6.575155639648436
17.6,11.307446,6.2925544738769545
19.6,11.600131,7.999868965148927
22.099999999999998,12.306928,9.79307231903076
24.45,13.7056055,10.744394493103027
26.45,15.405929,11.044071388244628
27.9,17.022533,10.877466583251952
29.0,18.548035,10.45196533203125
29.800000000000004,19.84983,9.950169372558598
29.5,20.794298,8.70570182800293
29.800000000000004,21.349056,8.45094375610352
29.4,21.526646,7.873354339599608
27.0,21.22064,5.779359817504883
24.85,20.376245,4.473754501342775
23.6,19.235771,4.364228820800783
22.800000000000004,17.960892,4.839108276367192
23.55,16.547771,7.002228546142579
22.5,15.323684,7.176316261291504
21.7,14.487014,7.212986183166503
21.05,13.676554,7.373446273803712
20.6,12.902629,7.697371101379396
20.6,12.229113,8.370887374877931
20.45,11.760314,8.689686012268066
20.0,11.372158,8.62784194946289
19.55,11.141621,8.408379364013673
19.2,11.051159,8.148841094970702
20.6,11.410375,9.189625358581544
22.9,12.165679,10.73432102203369
25.1,13.798683,11.301316833496095
27.05,15.513072,11.53692798614502
28.600000000000005,17.170237,11.429763412475591
29.9,18.752096,11.147903823852538
30.850000000000005,20.136684,10.713315582275396
30.999999999999996,21.09541,9.90459060668945
31.15,21.667622,9.48237838745117
30.6,21.876745,8.723254776000978
27.9,21.502808,6.397192382812499
25.6,20.691793,4.9082065582275405
24.75,19.471954,5.278045654296875
24.100000000000005,18.082367,6.01763305664063
24.950000000000003,16.680973,8.269026947021487
23.899999999999995,15.0791445,8.820855522155757
23.25,13.911324,9.338676452636719
22.4,13.153243,9.246756935119627
21.400000000000002,12.526679,8.873320960998537
20.35,12.106848,8.243152236938478
21.15,11.797625,9.352375411987303
21.2,11.501525,9.698475074768066
19.95,11.286068,8.663932037353515
20.4,11.231096,9.168903732299803
20.7,11.956827,8.74317283630371
23.4,13.306485,10.093514823913573
26.45,14.914068,11.5359317779541
29.2,16.58892,12.61107940673828
30.7,18.197279,12.50272102355957
31.75,19.69896,12.051040649414062
32.6,20.979855,11.620145416259767
33.15,21.852816,11.29718437194824
33.05,22.334742,10.71525840759277
32.1,22.429155,9.670844650268556
30.55,22.000124,8.549876022338868
28.95,21.161312,7.788687896728515
28.0,20.074354,7.92564582824707
26.85,18.798042,8.05195770263672
25.900000000000002,17.531082,8.36891784667969
24.249999999999996,16.122938,8.127061843872067
22.800000000000004,15.063233,7.736766624450688
22.35,14.399155,7.950845336914064
21.8,13.763555,8.036445426940919
20.55,13.132745,7.4172552108764656
20.65,12.78363,7.866369628906249
22.0,12.523089,9.476910591125488
20.7,12.213436,8.486563873291015
21.500000000000004,12.160389,9.3396110534668
21.9,12.367053,9.532946968078612
24.5,13.292049,11.207950592041016
27.6,14.87204,12.727960205078126
30.15,16.546133,13.603866958618163
31.8,18.12783,13.672169494628907
32.7,19.570475,13.129525375366214
33.1,20.759157,12.340842819213869
33.15,21.6147,11.535299682617186
32.85,22.08821,10.761790847778322
31.9,22.220797,9.67920341491699
29.75,21.896278,7.853721618652344
28.150000000000002,21.155327,6.994673156738283
27.35,20.228363,7.121636962890626
26.3,19.757296,6.542704391479493
24.3,19.158232,5.1417682647705085
23.7,18.290834,5.4091655731201165
24.9,17.324173,7.575827026367186
21.6,16.413225,5.186774826049806
20.25,15.452939,4.797060966491699
21.15,14.512685,6.637315177917479
20.6,13.823749,6.77625141143799
19.4,13.546986,5.8530143737792955
19.35,13.594279,5.755720710754396
19.65,13.917455,5.7325452804565415
22.3,14.3407135,7.959286499023438
24.55,15.141943,9.408057022094727
26.75,16.238016,10.511983871459961
27.85,17.442312,10.407687759399415
30.400000000000002,18.682854,11.717146301269533
32.0,19.848297,12.151702880859375
32.0,20.87213,11.127870559692383
31.15,21.712048,9.437952423095702
30.6,22.307571,8.292428588867189
30.6,22.614868,7.985131835937501
28.600000000000005,22.497923,6.102077102661138
26.55,22.057016,4.492983627319337
25.7,21.40122,4.298779678344726
25.050000000000004,20.557507,4.492493438720707
23.8,19.57203,4.2279708862304695
21.95,18.493782,3.456217956542968
21.1,17.572165,3.5278354644775405
21.500000000000004,16.446136,5.0538635253906286
21.9,15.31788,6.582120323181151
20.25,14.462693,5.787306785583496
20.95,13.904312,7.045687866210937
20.05,13.519751,6.530249404907227
20.25,13.405114,6.84488582611084
20.25,13.609603,6.640397071838379
21.6,14.2560425,7.343957519531251
23.899999999999995,15.278161,8.621838951110835
26.8,16.495075,10.304924774169923
29.0,17.76644,11.233560562133789
30.8,19.050583,11.749417114257813
32.0,20.237183,11.7628173828125
32.7,21.129484,11.57051582336426
32.7,21.699259,11.000741195678714
32.7,21.947536,10.752463531494143
32.1,21.92574,10.174260711669923
29.0,21.546202,7.453798294067383
27.95,20.84672,7.10328025817871
27.449999999999996,19.980457,7.469542694091793
26.8,19.025003,7.774996566772462
25.7,17.974806,7.72519416809082
26.05,16.814262,9.235737609863282
25.25,15.725797,9.524203300476074
23.55,14.749219,8.800781059265137
22.35,13.95424,8.395760154724123
23.4,13.148766,10.251234436035155
24.9,12.680112,12.219888114929198
24.15,12.398038,11.751962089538573
23.55,12.48453,11.065469551086426
22.800000000000004,12.912645,9.887354660034184
22.949999999999996,13.646365,9.303634834289547
24.15,14.75392,9.396080398559569
25.35,16.050293,9.299707031250001
26.350000000000005,17.283274,9.066726303100591
27.25,18.512697,8.737302780151367
27.9,19.664991,8.235008621215819
27.9,20.600584,7.299415969848631
27.65,21.239872,6.410128021240233
27.449999999999996,21.613094,5.836905670166011
26.599999999999998,21.702637,4.897363281249998
25.35,21.368938,3.9810615539550795
24.65,20.770737,3.879263305664061
24.349999999999998,20.00626,4.343740081787107
23.049999999999997,19.11682,3.93318061828613
22.25,18.120056,4.12994384765625
21.9,17.170177,4.729822540283202
21.3,16.275965,5.024035263061524
20.55,15.345741,5.2042587280273445
20.1,14.467724,5.6322761535644545
20.5,13.9500265,6.549973487854004
20.3,13.75812,6.541880416870118
20.6,13.648114,6.951885795593263
20.65,13.703022,6.9469779968261705
20.15,14.0887,6.06129970550537
20.15,14.76501,5.384990119934081
20.95,15.653218,5.296781730651855
21.95,16.65145,5.298550796508788
23.049999999999997,17.730242,5.319758224487302
24.249999999999996,18.825117,5.424882888793942
25.15,19.78995,5.360050582885741
25.65,20.48769,5.1623100280761705
24.6,20.91788,3.6821208953857436
24.6,21.091606,3.5083938598632827
24.000000000000004,20.978144,3.021856307983402
22.6,20.496868,2.1031318664550795
21.25,19.827175,1.4228248596191406
20.45,19.022955,1.4270450592041009
19.4,17.900778,1.4992221832275376
18.4,16.654654,1.7453464508056626
17.45,15.560972,1.889027786254882
15.95,14.583944,1.3660556793212884
16.0,13.661869,2.3381309509277344
16.65,12.943367,3.7066329956054673
15.35,12.465502,2.8844982147216793
15.0,12.2311,2.768899917602539
15.1,12.143976,2.956023788452148
14.95,12.2915,2.658499908447265
14.55,12.592301,1.9576986312866218
16.05,13.122146,2.9278543472290046
18.85,13.872407,4.97759304046631
21.6,14.720847,6.879152870178224
23.25,15.489236,7.760764122009277
24.55,16.26764,8.28236083984375
25.55,16.947245,8.602755355834962
26.3,17.424267,8.875733184814454
26.2,17.611559,8.588441085815429
26.4,17.558016,8.84198417663574
25.900000000000002,17.62725,8.272749328613283
24.05,17.31214,6.737860488891602
22.0,16.457521,5.542478561401367
21.35,15.227704,6.122295951843263
21.749999999999996,13.694089,8.055911064147946
20.55,12.120624,8.429376411437989
19.6,10.791548,8.808452224731447
18.85,9.4881525,9.361847496032716
18.05,8.410948,9.639052200317384
17.4,7.6185617,9.781438255310057
17.15,7.223306,9.926693820953368
16.8,7.265511,9.534488964080811
16.15,7.720379,8.429621124267577
15.75,7.4971743,8.252825736999512
15.35,8.640407,6.709593391418457
16.65,10.071321,6.578679466247557
19.6,11.529309,8.070690727233888
22.6,13.147701,9.452298736572267
24.75,15.912173,8.8378267288208
26.250000000000004,19.046684,7.203315734863285
27.4,21.697773,5.7022270202636705
28.2,22.633528,5.566472244262695
28.35,22.602877,5.747123336791994
28.399999999999995,22.097826,6.302173995971675
27.65,21.233892,6.4161075592041
25.45,20.238966,5.21103401184082
23.95,19.07015,4.879849624633788
23.0,17.809696,5.190303802490234
21.649999999999995,16.866238,4.783762359619136
20.45,16.679337,3.770663452148437
19.35,16.667284,2.682715988159181
18.35,15.92298,2.4270196914672866
17.5,14.81979,2.6802101135253906
16.45,14.095135,2.3548652648925774
16.2,13.430928,2.7690717697143548
15.7,12.727103,2.972896766662597
15.35,12.2673645,3.0826354980468746
15.15,12.13113,3.018869781494141
14.95,12.128244,2.8217555999755852
16.35,12.598078,3.75192222595215
19.25,13.485589,5.764410972595215
22.2,14.703563,7.496437263488769
25.050000000000004,16.054441,8.995558547973637
27.6,17.268562,10.33143768310547
29.450000000000003,18.21679,11.233210754394534
30.35,18.783508,11.566491699218751
30.0,19.051231,10.948768615722656
29.800000000000004,18.888916,10.911083984375004
28.95,18.309328,10.640671920776366
26.55,17.432396,9.117604064941407
24.8,16.294006,8.50599365234375
23.5,14.93137,8.56863021850586
22.25,13.545832,8.704168319702148
20.95,12.378854,8.571146202087402
19.75,11.51702,8.232979774475098
18.85,11.562556,7.2874437332153335
18.1,11.574197,6.525803184509279
17.4,11.410996,5.989003562927245
17.3,11.121841,6.178158569335938
16.9,10.681804,6.218196296691893
16.5,10.061217,6.438782691955566
16.2,9.470578,6.7294218063354485
15.850000000000001,9.981788,5.868212318420412
17.15,10.863048,6.286952400207518
20.4,12.150228,8.249772453308104
23.8,13.657393,10.14260654449463
26.55,15.129387,11.420613098144532
28.65,16.434475,12.21552505493164
30.1,17.431276,12.668723678588869
30.95,17.924278,13.025721740722656
31.2,17.929173,13.270827484130859
31.099999999999998,17.39979,13.700210189819334
30.2,16.569363,13.63063735961914
27.7,15.893407,11.806593132019042
26.05,15.388317,10.661682891845704
24.8,15.056963,9.743037033081055
23.25,14.692647,8.557353019714355
21.6,14.924679,6.675321197509767
20.25,15.50309,4.746910095214844
19.05,15.893194,3.1568058013916023
18.2,16.056507,2.143492889404296
17.45,15.469967,1.980033111572265
17.2,14.282813,2.9171869277954094
16.75,13.202352,3.5476484298706055
16.4,12.271215,4.128784561157225
16.25,11.5424185,4.707581520080566
16.15,11.930736,4.219264411926268
17.55,12.832843,4.717157173156739
20.6,14.528533,6.071467018127443
23.650000000000002,16.449768,7.200231933593752
26.499999999999996,18.338142,8.161857604980465
28.8,19.938658,8.861342239379884
30.45,20.977531,9.47246856689453
31.3,21.391205,9.908795166015626
31.2,21.102072,10.097928237915038
31.099999999999998,21.101635,9.998365020751951
30.25,20.743244,9.506755828857422
27.85,20.098911,7.751088714599611
26.2,19.506567,6.693432998657226
24.75,18.967678,5.782321929931641
23.049999999999997,18.576534,4.473465728759763
21.649999999999995,19.05246,2.59754028320312
20.5,19.515411,0.984588623046875
19.55,19.718039,-0.16803855895996023
18.75,18.598333,0.15166664123535156
18.05,16.90318,1.1468208312988288
17.55,15.375491,2.1745088577270515
17.2,14.325539,2.874461364746093
16.95,13.796901,3.1530992507934563
16.75,13.8821745,2.867825508117676
16.05,13.63143,2.4185703277587898
17.8,14.248189,3.551811027526856
20.75,17.08735,3.662649154663086
23.5,18.940725,4.559274673461914
26.4,20.659594,5.740406417846678
29.0,22.07007,6.929929733276367
30.750000000000004,22.896069,7.853931427001957
31.65,23.569044,8.080955886840819
31.65,23.809395,7.840605163574217
31.4,23.55236,7.84763946533203
30.400000000000002,23.078547,7.321453475952151
27.5,22.399742,5.100257873535156
26.0,21.609947,4.390052795410156
24.75,20.67107,4.078929901123047
23.3,19.92299,3.3770092010498054
21.9,20.192722,1.707277679443358
20.6,20.609974,-0.009973907470701704
19.6,20.717152,-1.1171516418457017
18.65,18.759438,-0.10943756103515767
17.9,16.926245,0.9737552642822251
17.8,15.008712,2.7912881851196296
17.65,13.341592,4.308408164978026
17.45,12.158105,5.291895103454589
17.05,12.194272,4.8557279586792
16.6,13.339488,3.260511970520021
17.25,13.97162,3.2783803939819336
20.1,15.729243,4.3707567214965835
23.25,17.583372,5.666627883911133
26.55,19.4342,7.115799713134766
29.25,21.00605,8.243949890136719
30.899999999999995,22.006264,8.893736267089839
31.5,22.327436,9.172563552856445
31.2,21.920015,9.279984664916991
30.899999999999995,21.043053,9.856947326660151
29.75,19.949286,9.800714492797852
26.55,18.591656,7.958344268798829
25.050000000000004,17.031275,8.018725204467778
23.55,15.37551,8.174489784240723
22.2,13.805017,8.394982528686523
20.85,13.132874,7.717126464843751
19.65,13.232655,6.4173454284667955
18.65,13.330288,5.319712066650389
17.85,13.401068,4.448932266235353
17.15,13.350439,3.799560928344725
16.9,13.056371,3.8436292648315415
16.3,12.498425,3.801575469970704
15.8,11.6982765,4.10172348022461
15.95,10.754308,5.195692253112792
15.7,10.522727,5.177272987365722
16.8,11.961464,4.8385360717773445
19.75,13.927852,5.822148323059082
22.85,16.238642,6.6113582611084
26.1,18.33036,7.769639587402345
28.399999999999995,20.095179,8.304821395874018
29.55,21.309492,8.240507888793946
30.049999999999997,21.879768,8.170231628417966
30.25,21.87938,8.370620727539062
30.1,21.322254,8.777745819091798
29.2,20.330097,8.869902801513671
25.6,18.990635,6.609365081787111
25.1,17.417667,7.682332611083986
24.249999999999996,15.634997,8.61500263214111
23.049999999999997,13.89107,9.158929634094235
21.6,12.246598,9.353401756286623
20.1,10.80587,9.294129943847658
18.75,9.594426,9.155573844909668
17.0,8.617104,8.382896423339844
16.2,7.7975526,8.402447414398193
15.95,7.503117,8.446882915496825
15.75,7.4590597,8.290940284729004
15.35,7.7333417,7.616658306121826
14.7,8.4225855,6.277414512634277
14.4,9.7138405,4.68615951538086
16.45,12.121232,4.32876796722412
19.6,14.558511,5.041489219665529
22.5,16.834023,5.665977478027344
24.85,18.706244,6.143756484985353
26.7,19.886324,6.8136760711669915
28.0,20.496357,7.503643035888672
28.65,21.128063,7.521936798095702
28.8,21.253983,7.546017456054688
28.55,20.7807,7.769299316406251
27.95,19.681057,8.26894302368164
24.6,17.971931,6.62806854248047
24.9,16.192787,8.707212829589842
24.249999999999996,14.456319,9.793681144714352
22.700000000000003,13.13379,9.566209983825686
21.400000000000002,12.145245,9.25475540161133
20.4,10.749436,9.650563621520995
18.45,9.685316,8.76468391418457
17.7,8.812453,8.887546730041503
17.2,8.279459,8.92054100036621
17.55,8.007899,9.542100715637208
16.9,8.071243,8.828756713867186
16.6,8.431489,8.16851100921631
16.1,9.972526,6.127474403381349
15.25,12.103191,3.146808624267578
17.2,14.333416,2.8665840148925774
19.45,16.111872,3.3381282806396477
21.95,18.079271,3.870728683471679
24.000000000000004,19.80552,4.194480895996097
25.199999999999996,20.934124,4.265876007080074
26.350000000000005,21.36138,4.988620376586919
26.45,21.149868,5.30013198852539
26.7,20.369387,6.3306133270263665
26.45,19.094707,7.355292510986327
25.95,17.654833,8.295167160034179
24.4,16.251852,8.148147964477538
23.1,14.6918745,8.408125495910646
22.3,13.324872,8.975127983093262
21.500000000000004,12.383271,9.116728782653812
20.05,11.749879,8.300121116638184
18.1,11.4166565,6.683343505859376
18.25,11.0025,7.247500419616699
18.75,10.255591,8.49440860748291
18.05,9.851371,8.198629188537598
18.0,9.734004,8.265995979309082
17.15,10.088105,7.061894798278807
15.449999999999998,10.865936,4.5840637207031225
14.900000000000002,12.187075,2.7129253387451193
14.7,13.178383,1.521617126464843
16.6,14.259254,2.340745544433595
19.7,15.7944975,3.9055025100708
22.5,17.449047,5.050952911376953
24.15,18.900074,5.2499259948730455
24.9,19.83938,5.060619735717772
25.35,20.241688,5.108312225341798
25.8,20.196646,5.603354263305665
25.25,19.69223,5.557769775390625
25.25,18.684692,6.5653076171875
24.75,17.223877,7.526123046875
23.55,15.89324,7.656760025024415
22.45,14.542737,7.907262992858886
21.55,13.227136,8.32286434173584
21.1,12.075987,9.024013137817384
20.75,11.249551,9.500449180603027
20.2,10.9564085,9.243591499328613
19.55,10.73639,8.813609886169434
18.25,10.597698,7.652301788330078
17.9,10.5326395,7.367360496520995
17.6,10.646488,6.953511810302736
17.6,10.906971,6.693029022216798
16.95,11.151448,5.798551750183105
16.45,11.40864,5.041360092163085
16.2,12.06695,4.133050155639648
16.85,13.195007,3.6549926757812514
19.85,14.820784,5.029216384887697
22.3,16.563898,5.736101913452149
23.95,18.072168,5.877831649780273
25.1,19.059973,6.040027236938478
25.95,19.56566,6.384339523315429
26.3,19.59925,6.7007492065429695
26.75,19.180899,7.569101333618164
26.4,18.361647,8.038353347778319
25.0,17.189568,7.810432434082031
22.949999999999996,16.063826,6.886174392700191
22.45,14.955147,7.494853210449218
21.400000000000002,13.82303,7.576969528198244
20.75,12.815919,7.934081077575684
20.2,12.120095,8.079904747009277
19.65,11.803708,7.846291923522948
19.0,11.5516615,7.448338508605957
18.3,11.36477,6.9352300643920906
17.6,11.325704,6.274296379089357
16.9,11.312464,5.587536239624022
16.1,11.390919,4.709081268310548
15.6,11.553469,4.046531295776367
14.95,11.732232,3.217767906188964
14.75,12.104224,2.64577579498291
16.35,12.880965,3.4690347671508803
19.0,14.095593,4.904406547546387
21.15,15.51374,5.636260414123534
22.949999999999996,16.820238,6.129761886596675
24.349999999999998,17.810566,6.53943405151367
25.15,18.329903,6.820097351074217
25.45,18.427217,7.0227825164794915
25.25,18.158821,7.091178894042969
25.050000000000004,17.498028,7.551972198486332
24.55,16.49223,8.057770538330079
23.15,15.537716,7.612284088134764
22.2,14.682507,7.517493438720702
21.7,13.780366,7.919634056091308
21.0,12.964326,8.035674095153809
20.1,12.261947,7.83805332183838
19.55,12.037291,7.5127094268798835
18.75,11.939428,6.810571670532227
18.0,11.830206,6.169794082641602
17.2,11.800443,5.3995573043823235
16.7,11.739077,4.9609233856201165
16.6,11.761703,4.83829746246338
16.0,11.854121,4.145878791809082
15.25,12.047116,3.202883720397949
15.0,12.347971,2.652029037475586
16.45,12.821529,3.628470611572265
18.85,13.418049,5.431951141357423
21.1,14.291439,6.808560943603517
23.2,15.532363,7.667637062072753
24.349999999999998,16.50708,7.842919921874998
25.0,17.063684,7.936315536499023
25.25,17.201712,8.048288345336914
25.4,17.015265,8.3847354888916
25.4,16.574816,8.825184249877928
24.65,15.932268,8.717731857299803
23.15,15.267167,7.88283290863037
19.3,14.616552,4.683447647094727
19.6,13.983703,5.616297340393068
18.55,13.311566,5.238433647155762
17.9,12.727681,5.172318840026854
17.5,12.399036,5.100963592529297
16.85,12.191942,4.658057785034181
16.4,12.084585,4.315414810180663
15.7,12.015624,3.6843759536743157
15.850000000000001,12.028142,3.8218580245971694
15.499999999999998,12.039084,3.460915565490721
15.0,12.099562,2.9004383087158203
14.95,12.267049,2.6829511642456048
14.55,12.523346,2.0266540527343757
15.9,12.97788,2.9221204757690433
18.1,13.541663,4.558336830139162
20.4,14.124803,6.275197410583495
22.2,15.25979,6.940209579467773
23.6,16.158026,7.441974258422853
24.4,16.63529,7.764709854125975
24.7,16.695791,8.004208755493163
24.65,16.377256,8.272743606567381
24.55,15.757393,8.79260711669922
23.95,15.071031,8.878969383239745
22.5,14.373862,8.126137733459473
20.85,13.598466,7.2515340805053725
19.05,13.03365,6.016349601745606
18.25,12.845544,5.40445613861084
17.85,12.706947,5.143052673339845
17.75,12.543031,5.206969261169434
16.7,12.399375,4.300625038146972
16.05,12.296782,3.7532184600830085
15.499999999999998,12.193777,3.3062229156494123
17.15,12.134245,5.015755081176756
15.65,12.10853,3.5414699554443363
14.65,12.18068,2.4693197250366214
14.0,12.311389,1.6886110305786133
13.899999999999999,12.6120825,1.2879175186157212
15.499999999999998,13.082621,2.417379379272459
18.6,13.640337,4.959663009643556
21.749999999999996,14.291373,7.458626747131344
23.750000000000004,14.827193,8.922806739807132
24.85,15.219074,9.630925750732423
25.45,15.548744,9.901255798339843
25.8,15.667204,10.132796096801759
26.250000000000004,15.475012,10.77498817443848
26.2,14.9813795,11.218620491027831
25.75,14.635209,11.114790916442871
23.85,14.329211,9.520788764953615
20.4,14.0897455,6.310254478454588
19.5,13.748467,5.751532554626465
18.65,13.505036,5.144963645935057
18.8,13.211053,5.5889471054077156
18.7,12.960722,5.739278030395507
17.75,12.74709,5.0029096603393555
17.1,12.536149,4.5638509750366225
16.25,12.43902,3.8109798431396484
15.850000000000001,12.49217,3.3578296661376967
15.549999999999999,12.506896,3.0431039810180653
15.05,12.612553,2.437447357177735
14.250000000000002,12.780763,1.4692373275756854
14.05,13.06557,0.984430122375489
15.9,13.557079,2.3429206848144535
18.85,14.230765,4.619234657287599
21.500000000000004,14.958475,6.5415248870849645
23.45,15.5168705,7.933129501342773
24.6,15.887538,8.712462043762208
25.45,16.050154,9.399846267700195
26.0,16.11056,9.889440536499023
26.149999999999995,15.931355,10.2186445236206
26.05,15.647357,10.402643013000489
25.35,15.225321,10.124679183959962
22.3,14.70119,7.598810005187989
22.2,14.333469,7.866530609130859
22.35,13.946529,8.403470611572267
21.05,13.571861,7.478138732910157
19.8,13.260346,6.539653587341309
18.9,12.928076,5.971924209594725
17.9,12.733266,5.166734123229979
17.0,12.585741,4.41425895690918
15.850000000000001,12.535149,3.3148513793945327
15.8,12.539303,3.2606971740722663
15.549999999999999,12.552377,2.9976232528686513
14.65,12.584993,2.0650066375732425
14.65,12.689664,1.9603361129760746
14.8,12.887902,1.9120977401733406
15.549999999999999,13.329476,2.2205236434936513
18.4,13.979073,4.420927429199217
20.9,14.64505,6.254949951171874
22.85,15.254897,7.595102882385255
24.3,15.602989,8.697010803222657
24.8,15.816498,8.983502197265626
24.8,15.842627,8.957373428344727
25.199999999999996,15.678341,9.521659088134761
24.3,15.357743,8.942256736755372
23.049999999999997,14.889765,8.160235214233396
21.55,14.538848,7.011152076721192
20.15,14.382306,5.76769390106201
19.75,14.0366125,5.713387489318848
19.45,13.484368,5.965631675720214
18.15,12.950214,5.1997856140136705
17.85,12.600359,5.249641036987306
17.5,12.407848,5.092151641845703
16.85,12.281217,4.568783378601076
16.3,12.1994705,4.1005294799804695
16.05,12.097572,3.9524276733398445
16.0,12.055487,3.9445133209228516
15.9,12.063162,3.8368381500244144
15.35,12.229825,3.120174980163574
14.95,12.594086,2.3559143066406243
15.4,13.111178,2.288821601867676
16.95,13.78746,3.162539672851562
18.75,14.444309,4.305690765380859
20.0,14.969388,5.030611991882324
21.35,15.303936,6.0460639953613295
22.3,15.488404,6.811595726013184
22.700000000000003,15.68519,7.014809799194339
22.4,15.731903,6.668096923828124
22.6,15.503315,7.096685028076173
22.2,15.098767,7.101232719421386
20.5,14.685337,5.814662933349609
19.35,14.265939,5.084061241149904
18.75,13.842475,4.907525062561035
18.2,13.26,4.939999771118163
17.85,12.629473,5.220527267456056
17.5,12.307621,5.192378997802734
16.7,12.049962,4.650037956237792
16.05,11.868796,4.181203651428223
15.449999999999998,11.766416,3.6835844039916967
15.8,11.748101,4.0518987655639656
15.75,11.800837,3.9491634368896484
15.65,11.920557,3.729442977905274
15.35,12.129944,3.2200561523437496
14.95,12.462257,2.487742614746093
16.15,12.930052,3.2199481964111314
18.25,13.459417,4.790582656860352
20.5,14.033403,6.466596603393555
22.4,14.516396,7.883604431152342
23.6,14.921721,8.678278541564943
24.000000000000004,15.115778,8.884222030639652
24.000000000000004,15.240487,8.759512901306156
23.95,15.27668,8.673320007324218
23.85,15.124449,8.725551223754884
23.049999999999997,14.840438,8.209562110900876
20.25,14.444138,5.8058624267578125
20.1,14.02062,6.0793796539306655
19.15,13.455259,5.694740676879881
19.85,13.063816,6.786183929443361
18.7,12.785001,5.9149991989135735
17.05,12.6045685,4.445431518554688
15.449999999999998,12.428201,3.021799278259275
14.65,12.258798,2.3912023544311527
14.199999999999998,12.254529,1.9454710006713842
14.849999999999998,12.283445,2.5665546417236307
15.1,12.3292465,2.770753479003906
16.6,12.439843,4.160156822204591
16.75,12.690465,4.059535026550293
16.65,13.021366,3.628633880615233
16.6,13.556741,3.0432592391967788
18.35,14.16814,4.181859588623048
19.65,14.752397,4.89760341644287
21.1,15.227068,5.872932052612306
22.15,15.592182,6.5578178405761705
22.6,15.749983,6.850017166137697
23.2,15.717589,7.482410621643066
21.8,15.598687,6.2013128280639656
21.749999999999996,15.277592,6.472408294677731
21.1,15.005302,6.094697570800783
20.15,14.659842,5.490158462524413
19.75,14.42331,5.326689720153809
19.0,14.134199,4.865800857543945
18.4,13.81139,4.5886100769042955
18.2,13.598849,4.601150703430175
16.5,13.3880625,3.1119375228881836
16.45,13.167152,3.282847595214843
16.0,12.967458,3.0325422286987305
15.499999999999998,12.900023,2.5999765396118146
15.95,12.862847,3.087152671813964
15.4,12.919174,2.480825805664063
14.65,13.027249,1.6227506637573246
14.1,13.2223625,0.8776374816894528
13.85,13.516755,0.33324489593505824
15.549999999999999,13.901658,1.648341941833495
18.4,14.448638,3.95136203765869
21.0,14.969239,6.030760765075684
22.85,15.444158,7.405842399597169
24.15,15.856825,8.293175125122069
25.199999999999996,16.069263,9.130736541748043
25.35,16.17466,9.175340270996095
25.050000000000004,16.090387,8.959612655639653
25.0,15.867767,9.132232666015625
24.249999999999996,15.505493,8.744506835937496
20.5,15.237025,5.262974739074707
20.45,14.9314165,5.518583488464355
18.55,14.603421,3.946578788757325
17.75,14.263685,3.4863147735595703
17.35,13.961391,3.388608551025392
18.45,13.613276,4.836724472045898
17.3,13.343897,3.956103134155274
16.85,13.13076,3.7192398071289077
16.75,12.996407,3.7535934448242188
16.45,12.912654,3.5373460769653313
15.850000000000001,12.888317,2.9616828918457045
15.200000000000001,12.870176,2.329823684692384
14.65,12.936264,1.7137359619140629
14.4,13.183433,1.216567420959473
15.3,13.683881,1.6161191940307624
18.4,14.289362,4.110638046264647
21.400000000000002,14.935975,6.464024925231936
23.7,15.515,8.184999656677245
25.199999999999996,15.899687,9.300313186645504
26.149999999999995,16.122307,10.027693176269526
26.7,16.111479,10.588521194458007
26.4,15.8899975,10.510002517700194
26.2,15.692645,10.507354927062988
25.55,15.2265215,10.323478507995606
24.2,14.832945,9.367055130004882
22.85,14.509607,8.340392684936525
20.9,14.24444,6.655559921264647
21.0,13.8783245,7.121675491333008
19.45,13.479835,5.9701654434204094
19.4,13.160953,6.239047431945799
17.75,12.629518,5.120482444763184
16.35,12.313247,4.036753273010255
17.1,12.343685,4.756314849853517
17.75,12.430806,5.3191938400268555
17.05,12.548462,4.501538085937501
16.3,12.651363,3.6486366271972663
15.850000000000001,12.728706,3.12129364013672
15.35,12.946534,2.4034658432006832
15.25,13.371924,1.8780755996704102
17.45,13.922937,3.5270626068115227
20.2,14.569516,5.6304838180541985
22.55,15.099832,7.450168418884278
24.4,15.418198,8.981802368164061
25.6,15.564777,10.035222625732423
26.350000000000005,15.440715,10.9092851638794
26.350000000000005,15.247786,11.1022144317627
26.55,14.9019,11.64809970855713
25.85,14.529836,11.320164299011232
21.55,14.325572,7.22442798614502
20.3,14.326755,5.9732454299926765
18.9,14.204717,4.6952833175659165
17.55,13.930021,3.6199787139892585
17.5,13.522231,3.977768898010254
17.0,12.965595,4.034404754638672
15.6,12.543634,3.056365585327148
15.549999999999999,11.8797245,3.6702754974365224
15.499999999999998,11.953027,3.546973228454588
15.25,12.02243,3.227569580078125
14.300000000000002,12.117952,2.1820476531982447
14.15,12.258355,1.8916448593139652
14.0,12.440491,1.55950927734375
13.95,12.7897,1.16030044555664
15.05,13.236646,1.8133543014526374
18.9,13.828878,5.071121597290038
22.15,14.4955845,7.6544155120849595
24.15,15.132721,9.017279052734374
25.45,15.5992155,9.850784492492675
26.55,15.769504,10.780496406555176
27.15,15.7482195,11.401780509948729
26.85,15.535287,11.314713096618654
26.9,15.198348,11.701651954650877
26.2,15.176379,11.023620796203613
21.9,15.053075,6.8469251632690415
20.65,14.796138,5.853862190246581
19.85,14.602706,5.24729404449463
19.35,14.1181965,5.231803512573244
19.9,13.555998,6.344002151489256
18.4,12.875511,5.524488830566405
17.35,12.480262,4.869738197326662
16.65,12.383342,4.266658210754393
16.6,12.356675,4.2433248519897475
16.25,12.330111,3.919889450073242
15.3,12.33701,2.9629896163940437
15.1,12.396707,2.703293418884277
14.7,12.587237,2.1127626419067376
14.15,12.921176,1.2288240432739261
15.25,13.460928,1.789072036743164
18.35,14.245524,4.104475593566896
21.749999999999996,15.056666,6.6933336257934535
24.249999999999996,15.765834,8.484166145324703
25.7,16.21913,9.48087043762207
27.05,16.514042,10.535958099365235
27.799999999999997,16.540586,11.25941352844238
27.5,16.423983,11.076017379760742
27.549999999999997,16.138077,11.411923217773435
26.55,16.01639,10.533610153198243
24.65,15.816273,8.833727264404295
22.9,15.488743,7.411257171630858
21.0,15.071448,5.92855167388916
19.35,14.568505,4.781494712829591
19.95,14.089184,5.860816192626952
20.65,13.412024,7.237976455688475
18.5,13.054793,5.445206642150879
16.5,12.948766,3.551234245300293
17.45,12.799829,4.650171470642089
18.4,12.710936,5.689064407348631
17.35,12.605423,4.744577026367189
17.65,12.572215,5.077784919738768
17.15,12.618949,4.531051063537596
16.8,12.842018,3.9579818725585945
16.9,13.306873,3.5931266784667955
19.8,14.007221,5.792778778076173
23.25,14.860689,8.389310836791992
25.7,15.552161,10.14783878326416
26.95,15.957561,10.992439460754394
27.799999999999997,16.17052,11.629479217529294
28.399999999999995,16.116335,12.283665084838862
28.55,16.011677,12.538323211669923
28.05,15.7958555,12.254144477844239
26.95,15.489455,11.460544776916503
23.2,15.2865305,7.913469505310058
22.65,15.031659,7.61834087371826
21.0,14.702797,6.297203063964844
21.3,14.297699,7.002301025390626
20.15,13.927779,6.2222208023071275
19.3,13.515868,5.784131813049317
18.65,12.9627495,5.687250518798827
17.95,12.233409,5.716591072082519
17.2,11.793829,5.406171035766601
18.7,11.820829,6.879170608520507
17.9,11.929471,5.970528984069823
17.15,12.139163,5.010836982727049
16.75,12.397823,4.352176666259766
16.35,12.811353,3.538647270202638
16.6,13.395197,3.20480308532715
18.3,14.07877,4.22123031616211
19.3,14.771639,4.528361129760743
20.5,15.328392,5.171607971191406
21.400000000000002,15.64872,5.751280212402346
22.0,15.723422,6.276577949523926
22.4,15.952134,6.447865867614745
22.4,15.977831,6.422169113159178
22.0,15.756431,6.243569374084473
21.0,15.32286,5.677140235900879
19.6,15.089839,4.5101610183715835
18.55,14.803128,3.746871757507325
17.6,14.391123,3.2088771820068374
16.95,13.793364,3.156636428833007
16.4,13.163285,3.2367147445678697
16.15,12.440989,3.7090114593505845
16.2,11.854735,4.345264625549316
16.0,11.654828,4.345171928405762
15.8,11.660624,4.139376449584962
16.35,11.734719,4.615280723571779
16.05,11.849365,4.200634765625001
15.8,11.942304,3.8576963424682624
16.0,12.118781,3.881218910217285
16.05,12.492807,3.5571926116943366
16.25,13.050748,3.199252128601074
17.6,13.604766,3.995234107971193
19.15,14.194747,4.9552530288696275
20.75,15.198889,5.551111221313477
21.95,16.040207,5.909793090820312
22.800000000000004,16.62791,6.172089385986332
22.700000000000003,16.870203,5.829796981811526
23.049999999999997,16.91976,6.130240249633786
23.049999999999997,16.707989,6.342011260986325
22.6,16.393507,6.206492996215822
20.95,16.11422,4.8357803344726555
19.9,15.739359,4.1606410980224595
19.2,15.330937,3.8690626144409173
18.55,14.824314,3.72568588256836
17.6,14.187666,3.4123340606689467
16.75,13.571374,3.17862606048584
15.9,12.968397,2.9316028594970707
15.05,12.673969,2.3760307312011726
14.95,12.646162,2.3038379669189446
15.1,12.552083,2.547916984558105
15.05,12.593785,2.4562147140502937
15.4,12.639996,2.7600044250488285
15.7,12.817428,2.882572364807128
14.6,13.156987,1.4430128097534176
14.849999999999998,13.650314,1.1996856689453104
17.0,14.279348,2.720651626586914
19.15,14.84737,4.3026298522949205
21.25,15.455379,5.794621467590332
22.700000000000003,16.360271,6.339728546142581
23.3,16.865824,6.434176254272462
23.4,16.97038,6.429619216918944
23.2,16.863306,6.336693954467773
23.8,16.550339,7.249661254882813
23.3,16.165573,7.134426879882813
21.05,15.779118,5.270882415771485
20.2,15.271992,4.928008270263671
18.35,14.859622,3.490377998352052
18.35,14.570046,3.7799535751342788
18.45,14.128947,4.321052742004394
18.0,13.619998,4.380002021789551
17.4,13.234705,4.165295028686522
16.3,13.067468,3.2325323104858406
15.35,13.056484,2.2935157775878903
14.900000000000002,12.96878,1.9312204360961935
14.900000000000002,12.926145,1.9738554000854514
14.199999999999998,13.021957,1.17804260253906
14.0,13.181725,0.8182754516601562
13.35,13.402938,-0.05293788909912145
14.250000000000002,13.81326,0.436739921569826
17.5,14.335488,3.1645116806030273
20.4,15.008739,5.391260528564452
22.35,15.607301,6.742699241638185
23.45,16.07403,7.375970077514648
24.05,16.3686,7.681399154663087
24.55,16.38616,8.163840103149415
24.55,16.221176,8.328823852539063
24.349999999999998,15.954306,8.395694351196287
23.7,15.541092,8.158908081054687
20.55,15.110339,5.439660835266114
20.75,14.692774,6.057226181030273
19.5,14.271676,5.228323936462402
19.15,13.890943,5.259057426452635
17.8,13.578273,4.221727180480958
17.3,13.245724,4.054276275634766
16.0,13.011121,2.9888792037963867
16.05,12.776851,3.2731492996215827
16.75,12.636584,4.113415718078613
16.5,12.548197,3.951803207397461
16.2,12.554929,3.6450712203979485
16.65,12.562238,4.08776226043701
16.15,12.618549,3.5314506530761705
16.35,12.853795,3.4962049484252944
17.05,13.229721,3.820278930664063
18.5,13.870118,4.629881858825684
19.5,14.663099,4.83690071105957
20.7,15.311467,5.388532829284667
24.2,15.798729,8.401271057128906
25.85,15.991789,9.85821113586426
26.8,16.09952,10.700480270385743
26.55,15.92234,10.627659606933594
26.599999999999998,15.636935,10.963064765930174
25.6,15.232051,10.367949104309083
22.5,14.793682,7.706317901611328
21.25,14.410037,6.839962959289551
20.35,13.94728,6.402720069885255
19.25,13.505115,5.744885444641113
18.0,13.101449,4.898550987243652
17.9,12.767915,5.132085227966307
16.1,12.424584,3.6754156112670913
15.200000000000001,12.253117,2.9468833923339854
16.45,12.174974,4.275025558471679
15.7,12.158375,3.541625213623046
14.15,12.197274,1.9527257919311527
12.3,12.331086,-0.031086158752440696
12.25,12.471662,-0.22166156768798828
12.000000000000002,12.783598,-0.7835979461669904
12.55,13.365939,-0.8159391403198235
15.9,14.029066,1.8709339141845707
19.45,14.681351,4.768649291992187
22.15,15.216357,6.933642768859862
24.3,15.700176,8.599823760986329
25.85,15.953042,9.896957969665529
26.599999999999998,15.964116,10.635883903503416
26.250000000000004,15.823541,10.426459312438968
26.1,15.472472,10.627527809143068
25.1,15.068321,10.031678771972658
21.1,14.659736,6.440264320373537
20.05,14.24193,5.80806999206543
19.35,13.911901,5.438098526000978
19.95,13.490297,6.4597026824951165
18.25,13.120509,5.129490852355957
17.15,12.77245,4.377549552917479
16.95,12.414094,4.535906028747558
16.05,12.128342,3.921658325195313
17.05,12.022938,5.027062225341798
17.5,12.040136,5.459863662719727
17.2,12.038605,5.161395263671874
15.4,12.063128,3.3368715286254886
14.849999999999998,12.170668,2.679332351684568
15.8,12.46453,3.3354700088500984
15.3,13.037723,2.2622774124145515
16.8,13.803511,2.996489334106446
19.4,14.621147,4.77885284423828
21.6,15.249186,6.350814437866212
23.4,15.708617,7.691382789611815
24.7,15.969281,8.730718803405761
25.199999999999996,15.895865,9.304134559631343
25.199999999999996,15.736205,9.463794898986812
24.85,15.411374,9.43862590789795
23.8,15.01574,8.784259605407716
20.85,14.750736,6.099263763427736
18.95,14.609514,4.340485763549804
18.3,14.527321,3.7726791381835945
17.4,14.417634,2.982365989685057
16.75,14.122728,2.6272716522216797
15.1,13.59515,1.5048500061035153
15.200000000000001,13.025765,2.1742345809936534
14.75,12.462877,2.2871227264404297
14.300000000000002,12.385124,1.9148757934570337
16.05,12.405416,3.644584465026856
16.5,12.549136,3.950863838195801
16.05,12.65759,3.39241008758545
15.0,12.846668,2.153331756591797
14.900000000000002,13.154743,1.745256805419924
14.4,13.583954,0.8160461425781254
16.45,14.156474,2.293525886535644
18.65,14.802871,3.8471292495727525
20.4,15.471193,4.928806686401366
21.6,15.979022,5.62097797393799
22.25,16.252888,5.997112274169922
22.6,16.23297,6.367030715942384
22.5,16.034115,6.465885162353516
21.95,15.691928,6.258072090148925
21.25,15.1827755,6.067224502563477
20.2,14.767816,5.432184410095214
18.8,14.357842,4.4421575546264656
17.95,13.90307,4.046929550170898
17.25,13.476906,3.7730941772460938
16.8,13.092566,3.7074344635009773
16.2,12.6480875,3.5519124984741204
16.0,12.410636,3.5893640518188477
15.1,12.218458,2.88154182434082
14.199999999999998,12.022986,2.1770135879516577
14.55,11.969227,2.5807731628417976
14.199999999999998,12.018164,2.181836318969724
13.8,12.243907,1.5560930252075202
13.15,12.506426,0.643574142456055
12.7,12.887599,-0.18759899139404368
12.55,13.410646,-0.8606464385986321
14.4,14.065933,0.33406677246093786
16.3,14.789881,1.5101192474365241
18.4,15.343937,3.056063079833983
19.95,15.763989,4.186010551452636
20.8,15.914248,4.8857515335083015
21.55,15.920976,5.629024314880372
21.749999999999996,15.7648535,5.985146522521969
21.500000000000004,15.422898,6.0771017074585
21.05,15.033067,6.016933250427247
18.05,14.734554,3.3154457092285163
17.15,14.475791,2.6742090225219712
16.0,14.126325,1.8736753463745117
15.9,13.773654,2.126346015930176
14.6,13.36833,1.231669998168945
13.650000000000002,13.071916,0.5780843734741232
13.5,12.811469,0.6885309219360352
12.8,12.6886,0.1114004135131843
12.35,12.545892,-0.1958917617797855
12.85,12.443352,0.4066482543945309
12.45,12.365937,0.08406276702880788
12.2,12.410806,-0.21080570220947337
11.7,12.537517,-0.8375165939331062
11.2,12.703247,-1.5032470703125007
11.7,13.080346,-1.3803461074829109
14.7,13.772562,0.9274379730224602
17.45,14.4856415,2.964358520507812
19.8,15.194663,4.605336952209473
21.1,15.799861,5.3001390457153335
22.25,16.221748,6.028251647949219
22.0,16.418821,5.581178665161133
22.3,16.361822,5.938177871704102
22.25,16.177597,6.0724029541015625
21.8,15.80629,5.993710327148438
19.45,15.299341,4.150658798217773
18.7,14.849751,3.8502485275268548
18.55,14.41683,4.13316993713379
18.4,13.875875,4.524124526977538
18.0,13.353678,4.646322250366211
17.15,12.904623,4.245376968383788
16.25,12.536647,3.713353157043457
15.7,12.219332,3.4806682586669915
15.15,12.00758,3.1424201965332035
16.1,11.865898,4.234101867675783
15.8,11.660256,4.139743614196778
15.15,11.663613,3.4863866806030277
14.55,11.808014,2.7419860839843757
13.299999999999999,12.05025,1.2497499465942372
13.75,12.614435,1.1355648040771484
15.75,13.389609,2.3603906631469727
18.3,14.297504,4.002495574951173
20.45,15.150482,5.299517822265624
21.400000000000002,15.890735,5.509265327453615
22.0,16.377,5.62299919128418
21.45,16.625954,4.824046325683593
21.2,16.675322,4.524678421020507
20.65,16.507998,4.142002487182616
19.7,16.256683,3.4433166503906243
18.35,15.745616,2.604384040832521
17.4,15.256464,2.143535995483397
16.65,14.776931,1.8730691909790025
15.95,14.2730255,1.6769744873046868
15.7,13.740875,1.9591247558593743
14.5,13.26946,1.2305402755737305
12.85,12.829857,0.020143127441405895
11.9,12.497202,-0.5972019195556637
11.15,12.14721,-0.9972101211547848
11.55,11.995904,-0.44590396881103445
12.050000000000002,11.91946,0.1305397033691431
12.000000000000002,11.904853,0.09514713287353693
11.7,12.037104,-0.3371036529541023
11.400000000000002,12.314918,-0.9149175643920877
11.25,12.877485,-1.6274852752685547
13.2,13.627079,-0.42707901000976634
15.8,14.511203,1.2887971878051765
18.2,15.394209,2.8057910919189446
19.95,16.066671,3.8833286285400384
20.9,16.507269,4.39273109436035
21.2,16.604908,4.595092010498046
21.400000000000002,16.492212,4.907787704467776
21.2,16.16853,5.031470489501952
20.95,15.6843815,5.265618515014648
19.8,15.15397,4.646030235290528
18.65,14.595349,4.054650688171385
17.95,14.027186,3.9228136062622063
17.3,13.496871,3.8031290054321296
16.65,13.010378,3.6396221160888658
15.9,12.549632,3.35036792755127
15.4,12.125465,3.274534606933594
15.15,11.778294,3.3717063903808597
14.8,11.5316105,3.268389511108399
14.45,11.423106,3.026893806457519
13.85,11.43874,2.4112602233886715
13.35,11.527561,1.822438812255859
12.950000000000001,11.75895,1.1910497665405284
12.9,12.154671,0.7453292846679691
12.599999999999998,12.808219,-0.20821895599365448
13.75,13.613164,0.13683605194091797
15.9,14.431099,1.468901062011719
18.05,15.246042,2.8039577484130866
19.200000000000003,15.904721,3.295278739929202
18.512500000000003,16.323772,2.188727569580081
18.149999999999995,16.434895,1.715105438232417
13.600000000000001,16.405802,-2.8058017730712876
13.7,16.167528,-2.467528152465821
14.05,15.753694,-1.7036935806274407
13.650000000000002,15.310461,-1.6604610443115213
13.650000000000002,14.875211,-1.2252107620239236
13.55,14.365705,-0.8157045364379876
13.05,13.866105,-0.8161050796508782
12.950000000000001,13.3214855,-0.3714855194091786
13.4,12.890566,0.5094341278076175
12.950000000000001,12.537981,0.41201896667480575
13.0,12.233879,0.7661209106445312
12.950000000000001,12.104247,0.8457529067993175
12.75,11.958375,0.7916250228881836
12.5,11.9002075,0.59979248046875
12.15,12.004189,0.1458114624023441
11.949999999999998,12.113794,-0.16379432678222905
11.7,12.455452,-0.755451965332032
11.7,13.03476,-1.3347604751586921
13.35,13.691129,-0.34112873077392614
15.549999999999999,14.382915,1.1670854568481435
17.55,15.044288,2.505712318420411
18.4,15.572318,2.8276819229125962
19.15,15.873232,3.2767681121826158
19.65,15.9622965,3.6877035140991197
19.55,15.697871,3.8521287918090827
19.25,15.467994,3.78200626373291
18.1,15.215942,2.8840576171875014
17.4,14.820834,2.5791658401489244
16.85,14.42657,2.4234300613403335
16.3,13.999229,2.300770568847657
15.9,13.463425,2.436575317382813
15.3,12.9751835,2.324816513061524
14.95,12.521696,2.428303909301757
14.65,12.131045,2.518954658508301
14.35,11.874486,2.4755140304565426
14.0,11.677159,2.322840690612793
14.15,11.575868,2.574132347106934
13.8,11.51488,2.285119819641114
13.2,11.527425,1.6725751876831048
12.75,11.741406,1.0085935592651367
12.4,12.112733,0.28726711273193395
12.4,12.684495,-0.28449497222900355
13.75,13.440174,0.3098258972167969
15.05,14.288639,0.7613609313964851
15.35,15.025682,0.32431755065917933
17.15,15.623546,1.526454353332518
18.35,16.021362,2.3286376953125014
19.2,16.265974,2.9340259552001946
18.2,16.283857,1.9161426544189446
18.35,16.011562,2.338437652587892
17.8,15.647686,2.152313995361329
16.7,15.216847,1.4831525802612298
16.45,14.762182,1.6878177642822259
15.549999999999999,14.207656,1.3423440933227528
14.849999999999998,13.761715,1.0882850646972635
14.5,13.241447,1.2585525512695312
14.35,12.804756,1.5452438354492184
13.899999999999999,12.441102,1.4588979721069322
13.35,12.13568,1.214319801330566
12.599999999999998,11.898025,0.7019754409790018
13.45,11.771208,1.678792190551757
13.4,11.721527,1.6784729003906254
13.5,11.701602,1.7983980178833008
13.35,11.859666,1.4903341293334957
13.05,12.143646,0.9063537597656257
12.55,12.615734,-0.06573410034179616
13.8,13.241873,0.5581272125244148
15.35,13.967463,1.382537460327148
17.35,14.4690275,2.880972480773927
18.9,14.926604,3.97339572906494
19.25,15.194467,4.055533409118652
19.1,15.286017,3.8139825820922866
19.2,15.377519,3.8224813461303704
19.0,15.28016,3.7198400497436523
18.4,15.01478,3.3852199554443345
17.1,14.598246,2.5017543792724624
15.35,14.225114,1.1248861312866207
14.75,13.740425,1.0095748901367188
14.849999999999998,13.32192,1.528079605102537
13.35,12.9085245,0.44147548675537074
13.0,12.516378,0.48362159729003906
12.599999999999998,12.195819,0.40418109893798615
12.4,11.885201,0.5147985458374027
12.2,11.656133,0.5438673019409173
11.45,11.56129,-0.11128978729248118
11.3,11.546227,-0.24622745513915945
10.55,11.600993,-1.0509931564331048
9.65,11.828722,-2.17872200012207
11.1,12.191916,-1.0919164657592777
11.15,12.7065735,-1.5565734863281246
12.45,13.361522,-0.9115217208862312
13.600000000000001,14.068552,-0.46855201721191264
15.3,14.72399,0.5760095596313484
16.85,15.274666,1.5753341674804702
18.1,15.665573,2.434426879882814
18.95,15.848697,3.1013032913208
19.3,15.867055,3.432945060729981
19.1,15.698675,3.401324844360353
18.2,15.416939,2.783061218261718
14.6,15.038818,-0.43881835937500036
13.8,14.517803,-0.7178031921386712
12.55,14.064518,-1.514517974853515
12.000000000000002,13.573491,-1.5734910964965803
11.85,13.125589,-1.2755893707275394
11.7,12.656574,-0.9565742492675788
11.8,12.276216,-0.4762155532836907
11.9,11.990188,-0.09018764495849574
11.6,11.722351,-0.12235107421875036
11.85,11.499722,0.35027847290039027
11.75,11.394204,0.35579586029052734
11.350000000000001,11.416995,-0.0669950485229478
10.9,11.50701,-0.607010459899902
10.35,11.902351,-1.5523513793945316
10.05,12.410351,-2.360350799560546
12.15,13.035044,-0.8850437164306637
14.95,13.685847,1.2641527175903313
17.5,14.429694,3.070305824279785
19.4,15.1409645,4.259035491943358
20.65,15.586809,5.063190841674803
21.649999999999995,15.830269,5.819731140136714
21.500000000000004,15.90041,5.599590301513675
21.35,15.761977,5.588022804260255
20.5,15.371615,5.128384590148926
18.45,14.893781,3.556219291687011
17.05,14.423882,2.626118469238282
16.25,13.922862,2.3271379470825195
15.6,13.395978,2.2040220260620114
15.05,12.945498,2.1045015335083015
14.7,12.486588,2.213412475585937
14.65,12.136095,2.51390495300293
15.05,11.827414,3.2225864410400398
15.0,11.580452,3.4195480346679688
15.1,11.396883,3.703116989135742
15.0,11.428201,3.5717992782592773
14.95,11.430799,3.519201469421386
15.0,11.575503,3.424496650695801
14.5,11.814696,2.6853036880493164
14.35,12.240602,2.1093984603881832
16.25,12.858698,3.3913021087646484
18.2,13.631472,4.5685283660888665
20.3,14.393878,5.906122016906739
21.749999999999996,15.081469,6.668531417846676
21.95,15.549594,6.400406074523925
22.05,15.79795,6.252050209045411
21.850000000000005,15.839872,6.010127639770513
21.749999999999996,15.69913,6.050869941711422
21.05,15.414245,5.635755348205567
19.0,14.897809,4.102190971374512
17.7,14.412024,3.287976455688476
17.2,13.888961,3.311039161682128
16.7,13.385904,3.3140956878662102
16.1,12.912675,3.1873250961303725
15.6,12.478187,3.12181339263916
15.65,12.109331,3.540668869018555
15.95,11.861233,4.08876724243164
15.6,11.575483,4.024516677856445
16.3,11.472862,4.827137756347657
15.499999999999998,11.463102,4.036897659301756
14.900000000000002,11.537641,3.362359428405764
15.05,11.897054,3.152946281433106
14.8,12.193832,2.606167602539063
14.05,12.7382345,1.3117654800415046
15.8,13.336563,2.463436889648438
17.7,14.1049595,3.5950405120849602
19.95,14.963421,4.986579132080077
21.649999999999995,15.591091,6.058908843994136
21.25,16.040413,5.209587097167969
21.7,16.233034,5.4669658660888665
21.500000000000004,16.149065,5.350934982299808
21.749999999999996,15.90513,5.844869613647457
20.8,15.415882,5.384117889404298
18.2,14.940843,3.2591573715209954
16.9,14.4467125,2.453287506103514
16.85,13.938358,2.911641693115236
15.3,13.447872,1.8521278381347663
13.75,13.004883,0.7451171875
13.600000000000001,12.595345,1.0046554565429702
13.249999999999998,12.271358,0.9786424636840803
12.8,11.974341,0.8256586074829109
12.4,11.809556,0.5904439926147464
12.7,11.739031,0.960969161987304
12.75,11.68935,1.0606498718261719
12.3,11.718701,0.5812986373901374
12.75,11.92415,0.8258495330810547
12.5,12.314882,0.1851177215576172
11.9,12.8898735,-0.9898735046386715
13.7,13.609555,0.09044475555419851
16.35,14.455441,1.8945585250854506
18.6,15.226143,3.37385711669922
20.05,15.838578,4.211421775817872
21.2,16.22211,4.977889251708984
21.1,16.384926,4.715074157714845
21.05,16.38435,4.665650177001954
20.85,16.152714,4.697286224365236
20.45,15.74502,4.704980087280273
17.9,15.287974,2.612025642395018
16.65,14.724324,1.925675773620604
15.850000000000001,14.252898,1.5971017837524428
17.6,13.749635,3.850365257263185
14.1,13.2288265,0.8711734771728512
14.0,12.800697,1.1993026733398438
14.75,12.489838,2.260162353515625
14.8,12.155666,2.6443336486816413
11.85,11.847318,0.0026823043823238635
11.8,11.685802,0.11419754028320384
11.0,11.599699,-0.5996990203857422
11.1,11.666484,-0.5664838790893558
11.85,11.839999,0.010000801086425426
11.6,12.221834,-0.6218341827392582
11.25,12.725113,-1.4751129150390625
12.75,13.458477,-0.7084770202636719
16.95,14.289397,2.6606027603149407
20.1,15.139519,4.960481262207033
21.25,15.84947,5.400529861450195
21.95,16.271858,5.678141784667968
22.35,16.47997,5.8700290679931655
22.0,16.442835,5.557165145874023
21.8,16.260101,5.539898681640626
20.95,15.917433,5.03256721496582
18.25,15.434225,2.815774917602539
17.45,14.924517,2.525483322143554
16.75,14.465157,2.2848434448242188
16.1,14.080556,2.019444084167482
15.15,13.535942,1.6140579223632816
14.0,13.137533,0.8624668121337891
13.2,12.838303,0.3616973876953118
12.75,12.584068,0.16593170166015625
12.35,12.224917,0.12508258819580043
12.599999999999998,11.99459,0.6054101943969705
12.45,11.815055,0.634945106506347
12.1,11.789227,0.31077346801757777
11.9,12.00018,-0.10018024444580043
11.65,12.273572,-0.6235719680786129
11.45,12.762961,-1.312961387634278
14.0,13.475434,0.5245656967163086
16.95,14.326921,2.623078536987304
19.4,15.242125,4.157875442504881
21.35,15.865629,5.484370803833009
22.700000000000003,16.318819,6.381180953979495
23.6,16.474886,7.125114059448244
23.7,16.510702,7.189297866821288
23.899999999999995,16.220882,7.679117584228511
22.800000000000004,15.814939,6.9850614547729535
19.85,15.293276,4.556724166870119
17.05,14.693962,2.356037902832032
15.9,14.081466,1.8185342788696293
15.549999999999999,13.514395,2.035605239868163
14.849999999999998,13.051926,1.7980743408203104
14.199999999999998,12.540807,1.6591932296752905
13.75,12.096044,1.653956413269043
13.650000000000002,11.735821,1.9141792297363303
13.15,11.469117,1.680882835388184
13.55,11.193981,2.356018829345704
13.600000000000001,11.06343,2.5365701675415053
13.05,11.09226,1.9577396392822273
12.7,11.2392645,1.4607355117797844
12.35,11.589676,0.7603240966796871
12.050000000000002,12.21542,-0.1654197692871069
13.299999999999999,13.059851,0.2401493072509755
15.499999999999998,14.01877,1.4812297821044904
18.1,14.899062,3.2009378433227553
20.15,15.667621,4.482379341125487
21.35,16.175913,5.174087142944337
21.7,16.453268,5.246731948852538
21.55,16.436947,5.113053131103516
21.500000000000004,16.234615,5.265384674072269
20.7,15.8479595,4.852040481567382
18.0,15.395396,2.6046037673950195
16.7,14.8413,1.858699989318847
16.0,14.351309,1.648691177368164
15.6,13.757843,1.8421569824218746
14.8,13.26345,1.5365503311157234
12.950000000000001,12.802134,0.147866439819337
11.25,12.343142,-1.0931415557861328
11.0,11.9081335,-0.9081335067749023
10.65,11.605527,-0.9555269241333004
11.55,11.437744,0.11225585937500071
10.700000000000001,11.391374,-0.6913736343383778
10.9,11.447535,-0.5475345611572262
10.95,11.657461,-0.7074611663818366
10.65,12.07533,-1.425329780578613
10.8,12.675129,-1.8751289367675774
12.55,13.52928,-0.979279708862304
15.05,14.413009,0.6369913101196296
17.5,15.180445,2.3195552825927734
19.1,15.844653,3.2553468704223647
20.0,16.25713,3.742870330810547
20.25,16.480183,3.769817352294922
20.35,16.449745,3.900254821777345
20.25,16.271938,3.9780616760253906
19.5,15.831658,3.668341636657715
18.4,15.345236,3.0547641754150376
16.75,14.873133,1.8768672943115234
16.45,14.3153925,2.134607505798339
15.850000000000001,13.708582,2.141418075561525
14.900000000000002,13.157099,1.7429012298584006
13.5,12.607278,0.8927221298217773
12.45,12.125415,0.32458515167236257
12.25,11.74823,0.50177001953125
12.2,11.4151,0.7848999023437493
12.5,11.280348,1.2196521759033203
12.4,11.198182,1.201817893981934
11.8,11.297654,0.5023458480834968
11.400000000000002,11.509204,-0.10920391082763459
11.1,11.871902,-0.7719024658203129
11.0,12.497409,-1.4974088668823242
12.5,13.317669,-0.8176689147949219
14.8,14.201313,0.5986869812011726
17.15,15.021351,2.1286491394042955
18.9,15.781094,3.118906402587889
20.1,16.24019,3.859809494018556
20.65,16.45715,4.192850494384764
20.85,16.45255,4.397449111938478
20.8,16.202854,4.59714584350586
20.1,15.833988,4.266011810302736
16.1,15.38221,0.7177902221679702
15.3,14.906048,0.39395217895507884
15.4,14.409774,0.9902261734008793
15.0,13.906571,1.093428611755371
14.5,13.423793,1.076207160949707
14.05,12.899483,1.1505172729492195
13.299999999999999,12.445201,0.8547990798950185
12.649999999999999,12.10219,0.5478099822998033
12.4,11.800043,0.5999568939208988
12.3,11.682203,0.617796707153321
12.2,11.599613,0.6003868103027337
11.7,11.587715,0.11228485107421804
11.2,11.741098,-0.5410984039306648
11.0,12.033489,-1.0334892272949219
10.750000000000002,12.580399,-1.8303985595703107
12.5,13.338282,-0.8382816314697266
15.1,14.136913,0.9630867004394528
17.5,14.977902,2.522097587585449
19.35,15.656288,3.693711853027345
20.2,16.165714,4.034285736083984
20.35,16.400938,3.9490619659423842
20.35,16.414444,3.935556030273439
19.85,16.19223,3.6577697753906264
19.0,15.781725,3.2182750701904297
17.4,15.235054,2.1649459838867173
16.4,14.735758,1.6642421722412095
15.95,14.208096,1.74190444946289
15.75,13.768624,1.9813756942749023
15.6,13.236161,2.3638387680053707
15.499999999999998,12.717799,2.7822008132934553
15.15,12.346078,2.8039220809936527
13.85,11.968964,1.8810363769531246
13.5,11.741321,1.7586793899536133
13.600000000000001,11.531661,2.0683389663696303
13.0,11.387609,1.612391471862793
12.3,11.377772,0.9222276687622077
11.7,11.54965,0.1503498077392571
11.15,11.844669,-0.6946693420410153
11.15,12.361196,-1.2111955642700192
12.75,13.100766,-0.3507661819458008
14.35,13.875355,0.4746452331542965
16.35,14.675852,1.6741481781005874
18.0,15.371868,2.628131866455078
19.2,15.80912,3.390879821777343
19.8,15.94453,3.8554704666137702
19.4,16.00021,3.399790191650389
18.9,15.785981,3.114018821716307
18.8,15.415357,3.3846433639526374
17.4,14.9503355,2.449664497375487
17.25,14.44782,2.802180290222168
16.6,13.979947,2.6200529098510756
15.95,13.469476,2.480524253845214
14.55,12.981329,1.5686710357666023
14.5,12.55318,1.9468202590942383
14.199999999999998,12.166664,2.0333358764648413
13.15,11.765976,1.3840240478515629
13.35,11.505176,1.844824409484863
12.45,11.338954,1.1110460281372063
12.050000000000002,11.172591,0.8774087905883814
11.400000000000002,11.146131,0.25386943817138885
11.949999999999998,11.299584,0.6504156112670874
12.2,11.614463,0.585537147521972
12.3,12.19269,0.1073101043701179
14.1,12.959519,1.1404806137084957
16.05,13.763444,2.286556053161622
18.15,14.586155,3.563845062255858
19.5,15.286963,4.21303653717041
20.1,15.770181,4.329819297790529
20.15,16.048653,4.101347351074217
20.3,16.075153,4.224846649169923
20.25,15.840119,4.409880638122559
19.65,15.481803,4.168197059631346
18.8,15.080741,3.7192590713500984
17.8,14.695872,3.1041276931762702
17.65,14.249755,3.400245094299315
16.55,13.762346,2.7876537322998054
15.850000000000001,13.223363,2.6266370773315444
14.95,12.768177,2.181822967529296
13.85,12.380448,1.4695516586303707
12.75,11.9106,0.8394002914428711
11.949999999999998,11.688688,0.2613117218017553
12.050000000000002,11.415691,0.6343086242675806
11.25,11.219871,0.030129432678222656
10.15,11.161966,-1.0119663238525387
10.45,11.377601,-0.9276006698608406
11.3,11.807473,-0.507473182678222
11.350000000000001,12.427637,-1.0776371002197251
12.55,13.2119,-0.6618997573852532
15.3,14.040236,1.2597635269165046
17.8,14.848791,2.9512088775634773
19.45,15.611551,3.8384487152099602
20.2,16.029865,4.170134735107421
20.95,16.22153,4.728469085693359
20.9,16.252596,4.647404098510741
20.95,16.011082,4.938918304443359
20.45,15.691012,4.758987617492675
16.55,15.294697,1.2553031921386726
15.8,14.871551,0.9284494400024421
16.45,14.371208,2.0787918090820305
15.4,13.924828,1.4751724243164066
14.8,13.3948,1.4051998138427741
14.45,12.869706,1.5802938461303704
13.899999999999999,12.307431,1.5925687789916978
13.35,11.844401,1.5055986404418942
12.599999999999998,11.502658,1.0973421096801736
12.55,11.221629,1.3283708572387702
11.75,11.023322,0.7266778945922852
11.25,10.869747,0.3802528381347656
10.6,10.992257,-0.392257118225098
10.65,11.356119,-0.7061191558837887
9.7,11.982096,-2.2820957183837898
12.050000000000002,12.735283,-0.6852828979492163
14.75,13.612294,1.1377058029174805
17.4,14.47658,2.9234203338623033
19.1,15.262984,3.8370157241821303
20.2,15.788706,4.411294174194335
21.0,16.033367,4.966632843017578
20.9,16.022207,4.877792739868163
21.05,15.977328,5.0726716995239265
20.45,15.650618,4.799382400512695
16.4,15.215791,1.1842092514038072
16.65,14.72944,1.920560264587401
16.1,14.193543,1.906456565856935
15.15,13.669031,1.4809688568115238
14.05,13.165848,0.8841522216796882
12.45,12.667634,-0.21763401031494212
11.85,12.17972,-0.32971992492675817
12.25,11.774776,0.4752235412597656
11.3,11.343023,-0.04302330017089773
11.1,11.122789,-0.022789382934570668
12.4,10.932407,1.4675926208496097
11.75,10.972909,0.7770910263061523
10.25,11.07507,-0.8250703811645508
10.35,11.450688,-1.1006883621215824
10.45,11.989511,-1.5395105361938484
12.85,12.733912,0.11608753204345668
15.95,13.699353,2.250646781921386
18.25,14.558517,3.6914825439453125
20.35,15.327156,5.02284393310547
21.2,15.847383,5.352617454528808
20.9,16.169863,4.730137252807616
20.3,16.159739,4.140261459350587
20.45,16.041758,4.408242416381835
20.9,15.723948,5.1760524749755845
19.45,15.168557,4.281442832946777
18.25,14.694017,3.5559825897216797
18.0,14.190976,3.809023857116699
17.9,13.661368,4.238631629943846
17.7,13.154789,4.545211029052734
17.15,12.562602,4.587397956848143
16.85,12.011087,4.838912582397462
16.7,11.575994,5.124006462097167
16.1,11.199259,4.900741195678712
15.15,10.906058,4.243941688537598
14.0,10.832111,3.167888641357422
13.5,10.92986,2.5701398849487305
12.75,11.1192255,1.6307744979858398
12.599999999999998,11.451901,1.148098564147947
12.3,12.010764,0.28923587799072337
14.7,12.879087,1.820912551879882
17.05,13.756368,3.293632316589356
18.95,14.678203,4.271797370910644
19.95,15.452533,4.497467231750488
20.25,15.979537,4.270462989807129
21.0,16.219727,4.7802734375
20.8,16.208282,4.591717529296876
20.95,16.047737,4.902262878417968
20.25,15.729836,4.520163536071777
18.15,15.2638235,2.88617649078369
17.15,14.760105,2.389894866943358
15.9,14.267466,1.6325344085693363
14.199999999999998,13.800235,0.3997652053832983
13.75,13.38041,0.36958980560302734
13.15,12.86862,0.28138008117675817
13.05,12.42556,0.624440002441407
13.55,12.026504,1.5234964370727546
13.05,11.699454,1.3505456924438484
12.050000000000002,11.399416,0.6505840301513697
12.050000000000002,11.180305,0.8696954727172876
11.85,11.137493,0.7125068664550778
12.599999999999998,11.291437,1.3085628509521463
12.4,11.633331,0.7666687011718754
11.8,12.246808,-0.44680805206298757
13.0,13.211606,-0.21160602569580078
15.3,14.134462,1.165537643432618
17.8,15.08113,2.7188699722290046
20.1,15.839048,4.260951614379884
21.2,16.254293,4.945706558227538
20.8,16.443493,4.356507110595704
20.9,16.392927,4.507072830200194
21.25,16.1478,5.102199554443359
20.9,15.728775,5.171224975585936
19.6,15.21801,4.381990051269533
18.8,14.713139,4.086861419677735
17.75,14.189182,3.5608177185058594
17.5,13.636252,3.8637475967407227
17.3,13.083657,4.216342735290528
16.6,12.570234,4.029765701293947
15.9,12.122367,3.777633094787598
15.25,11.7971115,3.4528884887695312
14.849999999999998,11.5189085,3.331091499328611
12.75,11.336963,1.4130373001098633
12.950000000000001,11.160637,1.7893630981445323
12.2,11.132984,1.0670158386230462
12.000000000000002,11.395867,0.6041326522827166
12.3,11.84285,0.4571502685546882
12.050000000000002,12.432529,-0.38252944946288814
12.55,13.187835,-0.6378347396850579
13.899999999999999,14.003207,-0.10320720672607564
14.75,14.823781,-0.07378101348876953
15.7,15.513288,0.186712455749511
16.4,15.986093,0.4139074325561509
16.25,16.1793,0.07069969177246094
15.850000000000001,16.18672,-0.33671989440917827
15.75,16.082603,-0.33260345458984375
15.549999999999999,15.744075,-0.19407482147216903
14.900000000000002,15.291689,-0.3916889190673807
13.95,14.80694,-0.8569400787353523
13.7,14.333861,-0.6338613510131843
13.249999999999998,13.850749,-0.6007490158081072
13.1,13.3748255,-0.274825477600098
13.249999999999998,12.9082775,0.34172248840331854
13.05,12.4882555,0.5617444992065437
12.950000000000001,12.124475,0.8255254745483409
12.599999999999998,11.843936,0.7560640335082986
11.9,11.362255,0.5377449035644535
11.949999999999998,11.203019,0.7469808578491186
11.75,11.157554,0.5924463272094727
11.75,11.354931,0.3950691223144531
11.75,11.827464,-0.07746410369873047
11.350000000000001,12.526523,-1.1765226364135728
12.050000000000002,13.293251,-1.2432510375976538
13.15,14.069007,-0.9190069198608395
14.75,14.705324,0.04467582702636719
15.6,15.3389435,0.26105651855468714
15.9,15.709876,0.1901239395141605
16.9,15.928472,0.9715284347534165
16.5,15.91111,0.5888900756835938
16.25,15.660034,0.5899658203125
16.05,15.31225,0.7377498626708991
15.25,14.912538,0.3374624252319336
14.75,14.424937,0.32506275177001953
14.300000000000002,13.882471,0.4175289154052759
14.15,13.435282,0.7147182464599613
13.899999999999999,12.978181,0.9218191146850572
13.75,12.624529,1.1254711151123047
13.7,12.3128605,1.3871395111083977
13.45,11.94128,1.508719635009765
13.2,11.679408,1.5205919265747063
13.4,11.493884,1.9061159133911136
13.600000000000001,11.450521,2.1494785308837905
12.75,11.497553,1.2524471282958984
12.55,11.677679,0.8723209381103523
12.25,12.080981,0.16901874542236328
12.050000000000002,12.620193,-0.5701925277709936
12.950000000000001,13.265528,-0.3155277252197255
13.650000000000002,13.983955,-0.3339553833007791
14.250000000000002,14.673345,-0.42334461212158025
15.499999999999998,15.182811,0.31718921661376775
17.1,15.5807295,1.519270515441896
17.9,15.91669,1.9833101272582994
18.45,15.991486,2.4585144042968743
18.55,15.859099,2.690900611877442
17.95,15.547001,2.4029991149902337
17.1,15.100331,1.999668693542482
15.449999999999998,14.656671,0.7933294296264624
14.75,14.222859,0.5271406173706055
14.95,13.739768,1.210231971740722
14.1,13.243576,0.8564239501953121
13.5,12.794086,0.7059135437011719
13.45,12.4034815,1.0465185165405266
12.950000000000001,11.933734,1.0162660598754893
12.2,11.433321,0.7666790008544915
10.8,11.331858,-0.5318576812744134
10.25,11.2217455,-0.971745491027832
10.1,11.311382,-1.2113822937011722
10.45,11.463916,-1.0139158248901374
9.75,11.825199,-2.0751991271972656
8.85,12.246561,-3.3965610504150394
11.5,12.921,-1.420999526977539
13.55,13.554613,-0.004613113403319602
15.75,14.21451,1.5354900360107422
17.65,14.753504,2.896496200561522
19.0,15.206718,3.7932815551757812
18.6,15.502152,3.0978475570678725
18.55,15.651229,2.8987710952758796
18.9,15.596889,3.3031114578247056
18.7,15.324614,3.375386428833007
16.4,14.971629,1.428370857238768
15.95,14.495301,1.4546987533569329
15.850000000000001,14.018674,1.8313261032104506
15.15,13.574638,1.5753616333007816
12.649999999999999,13.130613,-0.4806133270263686
12.2,12.647593,-0.4475925445556648
13.05,12.180807,0.8691928863525398
12.649999999999999,11.725531,0.9244693756103501
12.45,11.378217,1.071783256530761
11.5,11.062384,0.43761634826660156
10.45,10.91322,-0.463220405578614
8.85,10.900696,-2.0506958007812504
8.9,11.002179,-2.102179145812988
9.15,11.376271,-2.226271247863769
8.95,11.727142,-2.7771423339843757
11.350000000000001,12.368014,-1.0180143356323228
14.7,13.196225,1.5037748336791985
17.45,13.979866,3.470133972167968
18.65,14.674599,3.9754013061523423
19.3,15.255646,4.044354248046876
19.9,15.4987755,4.401224517822264
19.85,15.599638,4.250362014770509
20.1,15.518832,4.581167793273927
19.5,15.287883,4.2121171951293945
15.65,14.886942,0.7630580902099613
15.05,14.44608,0.6039197921752937
13.650000000000002,14.02757,-0.37756977081298615
15.499999999999998,13.614109,1.8858909606933576
13.2,13.07831,0.12168998718261648
13.35,12.56942,0.7805801391601559
10.4,12.149399,-1.7493988037109371
9.3,11.790415,-2.4904148101806634
11.5,11.53016,-0.030159950256347656
11.45,11.259821,0.19017906188964773
11.400000000000002,10.983134,0.41686573028564666
8.1,10.845855,-2.745854759216309
7.450000000000001,10.893877,-3.4438770294189442
8.25,11.228287,-2.9782867431640625
7.9,11.704069,-3.804069137573242
9.9,12.365052,-2.465052223205566
13.1,13.253341,-0.15334072113037145
15.9,14.1795225,1.7204774856567386
17.85,14.964321,2.885678863525392
19.1,15.64955,3.4504495620727553
19.1,15.9851675,3.114832496643068
19.4,16.069527,3.3304733276367173
19.15,15.9538,3.196199798583983
18.55,15.687015,2.8629854202270515
17.2,15.1559305,2.0440694808959954
16.4,14.62783,1.7721704483032212
15.15,14.069623,1.080377006530762
14.4,13.639781,0.7602190017700199
14.849999999999998,13.082151,1.7678485870361307
13.899999999999999,12.557572,1.3424276351928697
13.1,11.970723,1.1292768478393551
12.25,11.422934,0.8270664215087891
11.75,11.130134,0.6198663711547852
11.1,10.950871,0.1491285324096676
10.45,10.855368,-0.40536766052246165
10.0,10.681296,-0.6812963485717773
9.75,10.725022,-0.9750223159790039
9.4,11.095181,-1.6951814651489254
8.85,11.670993,-2.8209928512573246
10.5,12.442093,-1.9420928955078125
12.7,13.370807,-0.6708066940307624
14.7,14.423497,0.27650279998779226
16.15,15.383544,0.766456031799315
17.0,16.047308,0.9526920318603516
17.2,16.402233,0.7977668762207024
17.25,16.612257,0.6377429962158203
17.45,16.560165,0.8898345947265618
17.45,16.269402,1.1805984497070305
16.6,15.839963,0.7600370407104506
16.25,15.310067,0.9399328231811523
15.7,14.752311,0.947689247131347
15.25,14.106627,1.1433725357055664
14.45,13.53818,0.9118196487426751
14.0,13.05379,0.9462099075317383
13.2,12.500538,0.6994621276855462
13.5,11.959992,1.5400075912475586
12.649999999999999,11.530903,1.1190971374511705
11.9,11.191803,0.7081970214843754
11.2,10.97021,0.22978992462158132
10.6,10.993759,-0.39375915527343786
10.05,11.190898,-1.1408979415893548
9.6,11.5357,-1.935699844360352
9.35,12.170157,-2.8201574325561527
10.85,13.004357,-2.1543573379516605
12.5,13.892894,-1.3928937911987305
14.15,14.747024,-0.5970235824584957
15.9,15.567219,0.33278121948242223
17.25,16.209475,1.0405254364013672
18.0,16.538036,1.4619636535644531
17.95,16.640924,1.3090755462646477
17.85,16.558361,1.2916389465332045
17.15,16.233368,0.9166320800781236
15.7,15.808999,-0.10899906158447337
14.849999999999998,15.315961,-0.4659608840942404
14.250000000000002,14.822042,-0.5720424652099592
13.5,14.200716,-0.7007160186767578
12.599999999999998,13.5869465,-0.9869464874267599
12.000000000000002,13.002538,-1.0025377273559553
11.350000000000001,12.482322,-1.132321739196776
10.750000000000002,12.155702,-1.4057016372680646
10.05,11.839033,-1.789033126831054
9.5,11.468162,-1.9681615829467773
9.1,11.257926,-2.1579259872436527
8.65,11.275343,-2.6253429412841793
8.3,11.4976845,-3.197684478759765
8.05,11.955494,-3.9054939270019524
7.749999999999999,12.578008,-4.828007698059083
9.45,13.372131,-3.9221313476562507
12.25,14.236932,-1.9869318008422852
14.95,15.041659,-0.09165935516357493
17.1,15.760977,1.3390232086181655
18.35,16.326597,2.0234027862548842
18.9,16.73838,2.1616195678710923
18.8,16.850185,1.9498146057128913
18.9,16.719027,2.1809734344482408
18.3,16.386993,1.9130065917968757
15.0,15.9612,-0.9611997604370117
12.35,15.350877,-3.0008768081665043
11.75,14.766555,-3.016554832458496
11.25,14.209203,-2.959202766418457
10.750000000000002,13.62493,-2.8749303817749006
10.25,13.008487,-2.758486747741699
9.6,12.514574,-2.9145740509033207
9.3,12.100052,-2.800051879882812
8.9,11.637137,-2.737137413024902
8.9,11.381113,-2.4811130523681637
8.5,11.187937,-2.687936782836914
8.5,11.234271,-2.7342710494995117
9.25,11.404521,-2.1545209884643555
9.1,11.787058,-2.6870578765869144
7.749999999999999,12.32263,-4.572629928588868
9.75,13.055423,-3.305422782897949
12.8,13.902456,-1.1024562835693352
15.6,14.784422,0.8155780792236325
17.3,15.570357,1.7296426773071296
18.25,16.240711,2.009288787841797
18.6,16.701908,1.8980918884277358
18.05,16.874563,1.1754367828369148
17.9,16.932978,0.967022323608397
17.05,16.659182,0.3908184051513679
14.7,16.174353,-1.4743526458740241
13.4,15.429716,-2.029716110229492
12.050000000000002,14.761323,-2.711322975158689
10.9,14.1219425,-3.221942520141601
11.350000000000001,13.49079,-2.1407903671264634
11.5,12.912624,-1.4126243591308594
11.350000000000001,12.362813,-1.012812995910643
10.9,11.841929,-0.9419294357299801
10.4,11.417151,-1.0171514511108395
11.5,11.154455,0.34554481506347656
10.8,11.020289,-0.22028942108154226
10.15,11.05277,-0.9027696609497067
9.95,11.2616205,-1.3116205215454109
9.9,11.657634,-1.7576337814331051
9.5,12.162363,-2.662363052368164
10.45,12.89606,-2.4460599899292
11.5,13.765,-2.265000343322754
12.35,14.71458,-2.364579582214356
12.7,15.551595,-2.8515947341918952
13.55,16.209475,-2.659474563598632
14.15,16.60977,-2.459769821166992
14.300000000000002,16.697374,-2.397374343872068
14.35,16.560226,-2.210226440429688
13.600000000000001,16.272364,-2.672363662719725
12.35,15.726207,-3.376206779479981
11.6,15.115991,-3.5159906387329105
10.95,14.4325905,-3.4825904846191413
10.5,13.766906,-3.2669057846069336
10.2,13.2144165,-3.0144165039062507
9.75,12.69,-2.939999580383301
9.4,12.191376,-2.7913757324218746
9.0,11.707465,-2.707465171813965
8.55,11.285629,-2.735629272460937
8.35,11.089955,-2.73995532989502
7.8,10.942228,-3.1422283172607424
7.3,11.002816,-3.702816200256348
6.85,11.260635,-4.410635375976563
6.6499999999999995,11.631123,-4.981122589111329
6.45,12.209208,-5.759207534790039
7.65,12.978777,-5.328776931762695
9.7,13.8143425,-4.114342498779298
11.5,14.5551,-3.055100440979004
13.15,15.240522,-2.0905223846435543
14.5,15.732883,-1.2328834533691406
16.0,16.085337,-0.08533668518066406
16.65,16.149889,0.5001110076904283
16.6,15.995812,0.6041875839233413
16.4,15.556513,0.843487167358397
14.849999999999998,15.033759,-0.18375911712646698
13.4,14.528716,-1.1287160873413082
12.45,13.994039,-1.5440385818481452
11.7,13.439866,-1.7398660659790046
11.1,12.866289,-1.7662891387939457
10.700000000000001,12.420258,-1.720257568359374
10.35,11.940735,-1.5907348632812504
10.0,11.536918,-1.5369176864624023
9.65,11.289491,-1.639490699768066
9.85,11.086595,-1.2365945816040043
9.3,11.04722,-1.7472202301025384
8.65,11.109551,-2.459551429748535
8.2,11.303224,-3.103223609924317
8.0,11.680085,-3.6800851821899414
7.8,12.242234,-4.442234230041504
9.35,13.031662,-3.681661987304688
11.7,13.75799,-2.0579898834228523
13.95,14.443998,-0.4939983367919929
15.6,15.013991,0.5860086441040036
16.4,15.517169,0.8828310012817369
16.9,15.881743,1.01825656890869
16.75,16.04144,0.7085609436035156
16.25,15.974594,0.2754058837890625
15.200000000000001,15.696714,-0.4967144012451161
13.75,15.189887,-1.4398870468139648
13.0,14.662902,-1.6629018783569336
12.75,14.120749,-1.3707494735717773
12.050000000000002,13.578521,-1.528520774841306
11.350000000000001,13.067589,-1.7175888061523423
10.750000000000002,12.576896,-1.8268957138061506
10.25,12.123474,-1.87347412109375
9.5,11.698771,-2.1987714767456055
8.9,11.380542,-2.4805418014526364
8.8,11.197666,-2.39766616821289
8.2,11.093863,-2.8938625335693366
7.7,11.078537,-3.3785369873046873
7.35,11.269622,-3.919621849060059
7.0,11.53158,-4.531579971313477
5.6,11.930914,-6.330913925170899
7.95,12.549707,-4.599707412719726
10.0,13.234124,-3.234124183654785
11.9,14.033873,-2.133872604370117
13.4,14.742945,-1.3429447174072262
14.7,15.383403,-0.6834028244018562
15.15,15.793633,-0.6436334609985348
15.35,15.992553,-0.642552757263184
15.3,15.952961,-0.6529609680175774
15.15,15.612602,-0.4626022338867184
13.2,15.1180525,-1.9180524826049812
11.0,14.642563,-3.6425628662109375
10.25,14.095593,-3.8455934524536133
9.5,13.589913,-4.089913368225098
9.15,13.051399,-3.901399230957031
7.25,12.530021,-5.280020713806152
6.35,12.011588,-5.661588096618653
6.85,11.588074,-4.73807373046875
6.9,11.224591,-4.324591255187988
5.75,10.886978,-5.1369781494140625
7.8,10.737962,-2.937961769104004
7.9,10.7128105,-2.8128105163574215
7.65,10.871182,-3.2211824417114254
7.2,11.206061,-4.006061363220215
6.75,11.64201,-4.892009735107422
7.4,12.278297,-4.878297424316406
10.85,12.998894,-2.148893737792969
14.15,13.777045,0.3729547500610355
16.0,14.561995,1.4380054473876953
17.0,15.302369,1.6976308822631836
17.65,15.765455,1.884544754028319
17.6,16.017183,1.5828166961669936
17.7,15.994792,1.7052080154418938
17.1,15.695698,1.4043022155761733
13.95,15.226754,-1.2767541885375984
11.8,14.627557,-2.8275568008422844
10.5,14.059711,-3.559711456298828
9.6,13.455135,-3.8551353454589847
8.55,12.873947,-4.323947143554687
9.8,12.28363,-2.4836303710937493
9.15,11.707733,-2.5577331542968746
7.150000000000001,11.231248,-4.081247901916503
6.2,10.9246235,-4.724623489379883
6.85,10.571877,-3.7218765258789066
5.6,10.548257,-4.948256874084473
4.65,10.647836,-5.997835731506347
4.3,10.867104,-6.567103576660156
3.85,11.264275,-7.414274597167969
3.75,11.748472,-7.998472213745117
7.2,12.371275,-5.171274948120117
10.750000000000002,13.180668,-2.430667877197264
14.05,14.119905,-0.0699054718017571
16.2,14.929566,1.2704336166381829
17.65,15.676026,1.9739736557006822
18.65,16.12069,2.529310607910155
18.85,16.26738,2.582620239257814
19.05,16.193771,2.856228637695313
18.55,15.88796,2.6620395660400398
16.25,15.416312,0.8336877822875977
15.449999999999998,14.758407,0.6915933609008764
14.0,14.120411,-0.12041091918945312
14.35,13.426715,0.9232851028442379
12.649999999999999,12.812722,-0.16272220611572408
12.4,12.309236,0.09076442718505895
14.199999999999998,11.751728,2.4482719421386694
9.45,11.166182,-1.7161815643310554
8.25,10.616109,-2.3661088943481445
7.2,10.292834,-3.0928342819213865
6.75,10.099677,-3.349677085876465
7.4,10.06467,-2.664669609069824
7.9,10.20946,-2.3094602584838864
8.15,10.507361,-2.3573614120483395
7.7,11.016272,-3.3162715911865233
8.4,11.697074,-3.297073936462402
11.949999999999998,12.5947485,-0.6447484970092798
15.65,13.482031,2.167969131469727
18.25,14.414566,3.8354339599609375
19.9,15.283101,4.616898918151854
20.85,15.911903,4.938096618652345
20.65,16.163494,4.486505889892577
20.75,16.14856,4.6014404296875
20.05,15.893262,4.156738090515137
15.4,15.38177,0.018229866027832387
12.9,14.85329,-1.9532896041870114
13.55,14.259293,-0.7092926025390618
13.5,13.69729,-0.19729042053222656
13.4,13.11363,0.28636970520019567
13.75,12.543915,1.206085205078125
13.95,12.235345,1.7146551132202141
12.9,11.682612,1.2173875808715824
12.3,11.135997,1.1640031814575202
13.15,10.788568,2.361432456970215
12.7,10.525987,2.1740133285522454
12.15,10.523767,1.6262325286865238
11.75,10.765398,0.9846019744873047
11.0,11.122128,-0.12212753295898438
10.3,11.673338,-1.3733379364013665
11.0,12.468574,-1.4685735702514648
12.25,13.453306,-1.2033061981201172
13.55,14.499557,-0.9495565414428704
14.75,15.518964,-0.7689638137817383
15.6,16.355677,-0.7556766510009769
16.15,16.898067,-0.7480674743652358
16.2,17.055553,-0.8555534362792976
17.2,16.953423,0.24657745361328054
15.499999999999998,16.53748,-1.0374794006347674
15.05,15.839453,-0.7894527435302727
14.75,15.101373,-0.35137271881103516
13.85,14.483024,-0.6330236434936527
13.05,13.84801,-0.798010063171386
12.599999999999998,13.344341,-0.744341278076174
12.35,12.794834,-0.444834136962891
12.3,12.311839,-0.011839103698729758
12.25,11.861951,0.3880491256713867
12.2,11.529497,0.670502853393554
11.7,11.2816105,0.4183895111083977
11.8,11.224749,0.5752513885498054
11.15,11.210848,-0.06084785461425746
10.9,11.326318,-0.4263177871704098
10.700000000000001,11.617627,-0.9176271438598622
10.25,12.245984,-1.9959840774536133
11.15,13.081352,-1.9313522338867184
12.75,13.958425,-1.2084245681762695
14.300000000000002,14.764048,-0.4640476226806616
15.6,15.585637,0.014362907409667613
16.6,16.23089,0.36910972595214986
17.55,16.65202,0.8979804992675788
17.85,16.760757,1.089242553710939
18.15,16.731218,1.4187816619873033
17.5,16.360285,1.1397151947021484
16.0,15.787003,0.2129974365234375
14.250000000000002,15.234609,-0.9846086502075178
12.85,14.604963,-1.754963302612305
11.85,14.007474,-2.157473945617676
11.350000000000001,13.373324,-2.023324394226073
10.95,12.8754635,-1.9254634857177741
10.65,12.212928,-1.5629278182983395
10.3,11.837547,-1.537547302246093
9.75,11.455126,-1.7051258087158203
9.55,11.317209,-1.7672092437744134
8.85,11.295749,-2.4457487106323246
8.3,11.370459,-3.0704586029052727
7.9,11.613518,-3.7135177612304684
7.55,12.097934,-4.547933769226074
7.3,12.779818,-5.479817581176758
8.65,13.634989,-4.984988784790039
10.65,14.555935,-3.905934906005859
12.55,15.454645,-2.904645156860351
14.35,16.130949,-1.7809490203857425
15.75,16.62225,-0.8722496032714844
16.55,16.985731,-0.435731124877929
16.5,17.125725,-0.6257247924804688
16.6,17.055912,-0.4559120178222642
16.25,16.678894,-0.42889404296875
15.200000000000001,16.240505,-1.0405052185058583
14.4,15.733283,-1.3332830429077145
13.899999999999999,15.1289,-1.2288995742797866
13.45,14.551032,-1.1010320663452156
12.950000000000001,13.981292,-1.0312917709350575
12.45,13.451937,-1.0019367218017585
12.050000000000002,12.885511,-0.8355113983154272
11.6,12.457479,-0.8574785232543949
11.3,12.189071,-0.8890707015991204
11.5,11.858033,-0.3580331802368164
11.25,11.649182,-0.3991823196411133
10.8,11.606437,-0.8064367294311516
10.95,11.722872,-0.7728717803955085
10.3,11.929681,-1.6296808242797844
9.95,12.381004,-2.4310043334960945
11.2,13.006284,-1.8062837600708015
12.8,13.722679,-0.922679138183593
13.7,14.5150585,-0.8150585174560554
14.45,15.305129,-0.8551290512084968
15.1,15.961806,-0.8618062973022464
15.4,16.377708,-0.9777084350585934
15.1,16.582424,-1.4824241638183597
14.65,16.484848,-1.8348480224609371
12.7,16.256138,-3.5561378479003913
11.45,15.865791,-4.415791320800782
10.05,15.3027935,-5.2527935028076165
10.05,14.788657,-4.738657188415527
9.75,14.206766,-4.456766128540039
9.75,13.723958,-3.9739580154418945
9.5,13.204318,-3.704318046569824
9.25,12.728282,-3.4782819747924805
8.45,12.399868,-3.94986801147461
8.1,12.067723,-3.9677232742309574
7.8,11.893905,-4.093904685974121
7.25,11.710205,-4.460205078125
7.099999999999999,11.728492,-4.628491783142091
7.35,11.880374,-4.53037395477295
7.2,12.166508,-4.9665077209472654
7.25,12.621613,-5.371612548828125
8.2,13.211828,-5.011828231811524
9.6,13.873181,-4.273181343078614
11.75,14.591634,-2.8416337966918945
13.650000000000002,15.3039465,-1.6539464950561502
15.449999999999998,15.866833,-0.41683273315429936
16.85,16.26802,0.5819793701171889
15.95,16.431767,-0.48176651000976634
16.0,16.263002,-0.2630023956298828
16.2,15.896957,0.3030426025390618
15.549999999999999,15.285729,0.2642705917358388
14.7,14.598721,0.10127944946288991
14.300000000000002,14.010789,0.2892110824584986
13.5,13.427235,0.07276535034179688
12.8,12.918442,-0.11844177246093679
12.3,12.393949,-0.09394855499267507
12.3,11.90972,0.39027957916259837
11.3,11.46663,-0.1666299819946282
10.3,11.142598,-0.8425981521606438
10.5,10.906372,-0.4063720703125
9.95,10.838607,-0.8886068344116218
9.3,10.846249,-1.5462486267089837
9.1,11.136613,-2.0366128921508793
8.9,11.484796,-2.584795570373535
9.5,12.060122,-2.560121536254883
10.15,12.733539,-2.5835386276245114
13.249999999999998,13.529871,-0.27987098693847834
15.35,14.3159485,1.0340515136718746
16.85,14.98279,1.8672100067138686
17.75,15.706914,2.043086051940918
18.35,16.17363,2.176370239257814
18.4,16.361782,2.038217926025389
18.6,16.3362,2.2637992858886733
18.3,16.122452,2.177548217773438
15.95,15.729154,0.2208463668823235
13.7,15.194678,-1.4946783065795906
12.25,14.712603,-2.4626026153564453
11.65,14.093733,-2.4437328338623043
9.75,13.55947,-3.8094701766967773
9.55,13.025617,-3.4756166458129876
10.05,12.555186,-2.5051862716674798
9.3,12.094593,-2.7945930480957024
8.35,11.753027,-3.403026962280274
7.85,11.457431,-3.6074308395385746
7.150000000000001,11.340238,-4.1902376174926745
6.800000000000001,11.281146,-4.481146049499511
6.4,11.428473,-5.0284734725952145
5.75,11.654171,-5.904170989990234
5.75,12.086106,-6.336106300354004
9.05,12.6591625,-3.609162521362304
12.55,13.405132,-0.8551322937011712
15.35,14.236759,1.113240814208984
17.2,15.045424,2.154575538635253
18.1,15.718464,2.3815361022949233
18.7,16.193584,2.5064155578613274
18.75,16.276943,2.4730567932128906
18.75,16.147558,2.6024417877197266
18.1,15.884073,2.2159267425537124
16.5,15.405794,1.0942058563232422
14.8,14.851176,-0.05117626190185476
13.85,14.296124,-0.44612445831298864
13.55,13.672923,-0.12292308807372976
13.1,13.058728,0.041271781921386363
12.2,12.418155,-0.21815471649169993
11.6,11.912,-0.31199970245361364
11.0,11.348472,-0.34847164154052734
10.45,10.918508,-0.46850757598877024
10.4,10.618975,-0.21897468566894496
9.75,10.449967,-0.6999673843383789
9.15,10.43815,-1.2881504058837887
7.8,10.623013,-2.8230125427246096
9.4,10.894327,-1.4943271636962887
8.95,11.35673,-2.406730461120606
10.4,12.002778,-1.602778053283691
12.85,12.9277725,-0.0777725219726566
15.4,13.886277,1.5137228012084964
16.2,14.820045,1.379954528808593
17.55,15.505574,2.044425773620606
17.95,16.010935,1.9390651702880852
18.1,16.2526,1.847400283813478
17.75,16.240898,1.5091018676757812
17.6,16.028788,1.5712123870849624
16.45,15.530098,0.919902038574218
15.549999999999999,14.9722,0.5777996063232411
15.3,14.378978,0.9210222244262702
14.6,13.780887,0.8191133499145504
14.35,13.224536,1.125464057922363
12.9,12.625257,0.2747434616088871
14.0,12.045994,1.9540061950683594
11.7,11.536311,0.16368885040283132
12.050000000000002,11.096041,0.9539592742919947
11.25,10.763866,0.4861335754394531
10.2,10.593433,-0.39343338012695384
10.45,10.591771,-0.14177112579345774
10.85,10.704325,0.14567527770996058
10.05,11.187208,-1.137208175659179
10.700000000000001,11.726294,-1.0262935638427724
11.55,12.4995575,-0.9495574951171868
14.65,13.386642,1.2633575439453129
17.7,14.386008,3.313991737365722
19.85,15.196619,4.653380966186525
22.05,15.906131,6.1438692092895515
23.3,16.335114,6.964886474609376
23.55,16.552002,6.997998046875001
23.899999999999995,16.497126,7.4028743743896435
23.25,16.102457,7.147542953491211
18.9,15.677027,3.222973251342772
16.7,15.1336,1.5663997650146477
16.0,14.510328,1.4896717071533203
13.95,13.895845,0.05415458679199148
12.649999999999999,13.350478,-0.7004781723022475
11.2,12.729253,-1.5292528152465827
10.05,12.270302,-2.2203018188476555
8.8,11.769196,-2.9691955566406243
8.55,11.323336,-2.773335647583007
9.4,10.983422,-1.5834222793579098
7.55,10.748652,-3.198652458190918
7.65,10.737214,-3.087214088439941
8.05,10.994032,-2.944031906127929
7.4,11.412855,-4.012855148315429
7.099999999999999,12.10866,-5.008659744262697
8.5,12.96375,-4.463749885559082
10.55,13.929675,-3.379675102233886
13.600000000000001,15.038875,-1.4388746261596665
16.2,15.982449,0.21755142211913991
18.2,16.807384,1.3926155090332024
19.7,17.370674,2.329325866699218
19.5,17.561516,1.9384841918945312
20.0,17.519388,2.480611801147461
19.75,17.133331,2.616668701171875
17.1,16.487951,0.612048721313478
14.250000000000002,15.809091,-1.5590906143188459
12.950000000000001,15.165646,-2.2156455993652333
13.0,14.490929,-1.4909286499023438
12.85,13.801766,-0.951766395568848
13.1,13.0421295,0.057870483398437145
12.000000000000002,12.332749,-0.33274936676025213
10.35,11.624921,-1.2749208450317386
9.45,11.084299,-1.6342990875244148
9.5,10.753338,-1.2533378601074219
9.05,10.504551,-1.45455093383789
8.85,10.50965,-1.6596502304077152
8.5,10.77533,-2.27532958984375
8.9,11.102971,-2.2029710769653317
10.25,11.694698,-1.4446983337402344
10.95,12.417781,-1.4677808761596687
13.75,13.227532,0.5224676132202148
16.3,14.105844,2.194156455993653
18.3,15.080559,3.219441223144532
19.85,15.975428,3.874572372436525
20.9,16.680471,4.219528579711913
21.0,17.05529,3.9447097778320312
21.3,17.12938,4.170620727539063
20.8,16.945694,3.854306030273438
17.4,16.40152,0.9984802246093736
14.05,15.638947,-1.5889465332031243
14.6,14.900837,-0.3008369445800785
13.299999999999999,14.210669,-0.9106685638427745
14.05,13.56408,0.48591976165771555
14.15,13.023499,1.1265014648437504
14.1,12.35511,1.7448898315429684
14.199999999999998,11.788661,2.4113389968872045
13.650000000000002,11.2202,2.4298004150390646
13.45,10.845657,2.604342651367187
12.8,10.709111,2.0908887863159187
12.649999999999999,10.81622,1.8337797164916978
12.649999999999999,11.099726,1.550274276733397
12.5,11.572117,0.9278831481933594
12.050000000000002,12.327695,-0.2776948928832983
13.249999999999998,13.247473,0.002527236938474786
15.200000000000001,14.263594,0.9364063262939464
17.15,15.319787,1.8302129745483384
18.85,16.381945,2.468055343627931
20.1,17.109646,2.990354156494142
20.65,17.584267,3.0657333374023423
19.9,17.835262,2.064737701416014
20.05,17.715708,2.3342922210693366
19.4,17.39572,2.0042804718017564
17.75,16.728373,1.021627426147461
14.900000000000002,15.914769,-1.014769172668455
13.249999999999998,15.192186,-1.942186355590822
11.1,14.436604,-3.3366035461425785
10.25,13.691346,-3.4413461685180664
9.65,13.092123,-3.4421230316162106
9.7,12.579241,-2.879240798950196
9.45,12.220459,-2.7704589843750007
7.55,11.904807,-4.3548070907592775
8.85,11.672256,-2.822256469726563
7.4,11.617996,-4.217996215820312
6.55,11.646797,-5.096797180175781
6.6,11.853843,-5.253842735290528
6.5,12.273192,-5.773192405700684
7.150000000000001,12.85062,-5.700620269775389
10.85,13.596959,-2.7469591140747074
14.35,14.565882,-0.21588172912597692
17.7,15.572854,2.1271459579467766
19.85,16.416805,3.433194732666017
21.1,17.07835,4.0216499328613295
21.95,17.44578,4.50422019958496
21.95,17.573345,4.376654815673827
21.95,17.46347,4.486529541015624
21.25,17.010715,4.239284515380859
17.75,16.358208,1.3917922973632812
14.250000000000002,15.681101,-1.4311008453369123
13.2,14.956946,-1.7569463729858406
12.599999999999998,14.186235,-1.5862354278564474
10.95,13.480141,-2.530140686035157
10.9,12.824242,-1.9242416381835934
10.85,12.305956,-1.4559558868408207
10.65,11.900642,-1.250642395019531
10.1,11.497624,-1.3976243972778324
10.45,11.188032,-0.7380321502685554
10.45,11.089966,-0.6399658203125007
10.3,11.062601,-0.7626010894775384
10.2,11.350549,-1.1505487442016609
10.2,11.819518,-1.6195180892944343
10.2,12.459015,-2.2590148925781257
12.050000000000002,13.442024,-1.3920242309570288
15.4,14.565892,0.8341077804565433
18.4,15.652816,2.7471841812133775
20.4,16.598518,3.8014816284179673
21.8,17.292994,4.507006454467774
22.9,17.787876,5.112123870849608
23.5,17.93149,5.568510055541992
23.55,17.799997,5.750002670288087
22.6,17.442205,5.157794570922853
20.1,16.87808,3.2219196319580092
17.4,16.182777,1.2172225952148423
15.499999999999998,15.434634,0.065365791320799
14.300000000000002,14.778528,-0.4785282135009741
13.7,14.101952,-0.40195159912109446
12.75,13.501293,-0.7512931823730469
11.7,13.040027,-1.3400266647338874
10.8,12.640921,-1.8409206390380852
9.85,12.288918,-2.4389175415039066
10.750000000000002,12.115286,-1.3652858734130842
9.85,12.053318,-2.203318023681641
8.25,12.180913,-3.930912971496582
8.45,12.425343,-3.975342559814454
7.25,12.798858,-5.548857688903809
7.0,13.328268,-6.328268051147461
10.25,14.096771,-3.846771240234375
12.5,14.951103,-2.4511032104492188
14.4,15.897175,-1.4971748352050778
15.449999999999998,16.758427,-1.3084266662597681
16.35,17.426386,-1.0763858795166001
16.85,17.83556,-0.9855598449707017
16.7,17.971136,-1.2711360931396491
16.7,17.892773,-1.1927726745605476
16.05,17.555285,-1.5052845001220696
14.849999999999998,16.902338,-2.0523380279541037
13.35,16.13714,-2.787140274047852
12.45,15.382786,-2.9327857971191413
11.350000000000001,14.72534,-3.3753398895263658
10.9,14.054096,-3.1540962219238278
10.55,13.524412,-2.9744121551513665
10.5,12.948602,-2.448601722717285
10.35,12.399444,-2.049443626403809
9.9,11.953017,-2.0530172348022457
10.45,11.715214,-1.2652137756347663
10.65,11.560537,-0.9105373382568356
10.3,11.660853,-1.3608533859252923
9.8,11.9578495,-2.157849502563476
9.2,12.487937,-3.287936973571778
8.55,13.226972,-4.676971626281738
10.3,14.178977,-3.8789770126342766
12.55,15.135844,-2.5858442306518548
14.95,15.935306,-0.9853055953979499
16.6,16.594849,0.005151367187501421
17.75,17.138508,0.6114921569824219
18.35,17.465649,0.8843513488769545
18.55,17.52849,1.0215099334716804
18.65,17.407694,1.2423061370849595
18.2,16.988096,1.211903762817382
16.5,16.333755,0.1662445068359375
12.5,15.624385,-3.124384880065918
11.400000000000002,14.920731,-3.5207305908203104
10.5,14.259541,-3.759540557861328
10.4,13.628742,-3.2287422180175778
10.1,13.110941,-3.0109409332275394
9.7,12.655543,-2.9555433273315437
9.55,12.211882,-2.6618816375732415
9.2,11.930085,-2.730085182189942
9.65,11.754023,-2.104022598266601
9.2,11.706379,-2.506378936767579
8.65,11.837011,-3.187011337280273
8.3,12.106546,-3.8065464019775384
8.05,12.567651,-4.5176507949829094
7.749999999999999,13.179288,-5.429287910461427
9.65,13.990925,-4.340924835205078
12.5,14.821992,-2.3219919204711914
15.35,15.593289,-0.24328937530517614
17.45,16.379574,1.070426177978515
18.6,16.914352,1.685647583007814
19.4,17.319782,2.0802177429199205
19.75,17.42452,2.325479507446289
20.15,17.363962,2.7860378265380845
19.75,16.985449,2.7645511627197266
17.25,16.459667,0.7903327941894531
14.5,15.693242,-1.193242073059082
13.95,14.924664,-0.9746635437011726
13.35,14.204067,-0.8540672302246097
13.55,13.592612,-0.04261226654052663
12.9,12.989229,-0.08922920227050746
11.55,12.476878,-0.9268781661987298
10.05,12.044892,-1.9948923110961907
8.45,11.724443,-3.274443435668946
8.5,11.493641,-2.993640899658203
8.85,11.346268,-2.496267700195313
9.1,11.477057,-2.377057456970215
8.65,11.704489,-3.0544887542724606
8.15,12.077696,-3.927695846557617
8.2,12.655851,-4.455851364135743
10.6,13.317654,-2.7176536560058597
13.8,14.117055,-0.3170549392700188
15.8,14.962047,0.8379533767700202
17.3,15.818203,1.4817970275878913
18.95,16.514345,2.4356548309326165
19.55,16.968546,2.5814540863037116
19.3,17.217054,2.082945632934571
19.3,17.193869,2.1061313629150398
18.75,16.896105,1.8538951873779297
17.25,16.352026,0.8979740142822266
12.85,15.684755,-2.834755325317383
13.0,15.049848,-2.0498476028442383
13.05,14.399438,-1.3494379043579094
12.000000000000002,13.901713,-1.9017133712768537
10.95,13.31955,-2.3695495605468757
10.750000000000002,12.779367,-2.0293674468994123
10.55,12.303176,-1.7531759262084954
9.2,11.861132,-2.661131668090821
9.2,11.567381,-2.367380905151368
9.05,11.449405,-2.3994047164916985
8.55,11.433245,-2.8832447052001946
8.1,11.627832,-3.527832412719727
7.7,11.987302,-4.287301826477051
7.55,12.5162115,-4.96621150970459
9.85,13.213557,-3.3635572433471683
13.1,14.072413,-0.9724134445190433
16.15,15.048953,1.1010469436645494
18.55,15.865983,2.684016990661622
19.7,16.528807,3.171193313598632
20.2,17.012545,3.1874553680419915
19.85,17.180582,2.6694179534912124
20.05,17.038656,3.0113437652587898
19.55,16.70125,2.8487499237060554
17.85,16.124247,1.7257534027099624
15.7,15.348143,0.3518573760986321
14.45,14.786065,-0.33606510162353587
11.75,14.223127,-2.4731273651123047
10.700000000000001,13.656162,-2.9561622619628896
10.15,13.08207,-2.9320703506469723
9.7,12.627976,-2.9279764175415046
9.1,12.223441,-3.1234411239624027
9.15,11.830284,-2.6802841186523434
9.3,11.533086,-2.2330858230590813
9.4,11.392112,-1.992111778259277
9.15,11.400063,-2.250062561035156
8.4,11.56179,-3.1617904663085934
8.2,11.920168,-3.7201679229736335
8.3,12.493011,-4.193011474609374
10.6,13.2539425,-2.653942489624024
14.199999999999998,14.218119,-0.01811866760254155
17.35,15.161446,2.18855438232422
19.8,16.133295,3.666704940795899
21.3,16.914534,4.385466384887696
22.2,17.390251,4.8097488403320305
22.25,17.576063,4.67393684387207
22.55,17.407932,5.14206771850586
21.850000000000005,17.046394,4.803605651855474
19.95,16.536955,3.413045120239257
17.4,15.850668,1.5493320465087876
16.15,15.227508,0.92249240875244
13.7,14.511546,-0.8115461349487312
14.250000000000002,13.824461,0.4255390167236346
13.5,13.124306,0.37569427490234375
12.15,12.603715,-0.45371494293212855
10.3,12.095861,-1.7958614349365227
9.35,11.758005,-2.4080051422119144
9.45,11.633746,-2.1837461471557624
9.1,11.62992,-2.52992000579834
8.6,11.77843,-3.178429985046387
8.25,12.045711,-3.795710563659668
7.5,12.506037,-5.006036758422852
7.65,13.148875,-5.49887523651123
10.750000000000002,13.99322,-3.243220329284666
14.95,14.881862,0.06813831329345632
17.8,15.906014,1.893985557556153
19.5,16.869316,2.6306838989257812
20.55,17.682854,2.867146301269532
21.2,18.201614,2.998385620117187
20.95,18.50041,2.4495899200439446
21.2,18.47208,2.7279197692871087
20.6,18.210274,2.38972625732422
19.1,17.652946,1.4470535278320327
15.549999999999999,17.041897,-1.4918968200683604
15.8,16.467375,-0.6673748016357415
15.05,15.681596,-0.6315958023071282
13.85,15.013774,-1.1637739181518558
12.55,14.349131,-1.7991306304931634
11.65,13.710285,-2.0602851867675778
10.9,13.032102,-2.1321016311645504
10.15,12.476828,-2.3268276214599606
9.95,12.130469,-2.1804693222045906
9.7,11.914426,-2.2144258499145515
9.45,11.890862,-2.440862464904786
9.25,12.030634,-2.7806339263916016
9.15,12.369146,-3.219146347045898
9.15,12.904956,-3.7549558639526364
11.25,13.797976,-2.547975540161133
14.1,14.915212,-0.8152116775512699
16.55,16.018719,0.5312812805175788
18.8,16.966974,1.8330257415771491
20.6,17.702633,2.897367095947267
21.95,18.236446,3.713553619384765
22.35,18.438433,3.911567306518556
22.700000000000003,18.473324,4.2266761779785185
22.099999999999998,18.191223,3.908776855468748
20.4,17.646639,2.7533611297607408
18.25,16.872334,1.3776664733886719
17.0,16.202888,0.7971115112304688
15.499999999999998,15.548163,-0.04816341400146662
14.1,14.874225,-0.7742246627807621
13.05,14.144919,-1.0949193954467766
12.25,13.5041895,-1.2541894912719727
11.6,12.844904,-1.244903945922852
11.049999999999999,12.393696,-1.3436958312988292
10.4,12.120098,-1.7200981140136715
8.45,11.958435,-3.5084350585937507
8.05,12.028116,-3.9781162261962884
7.4,12.29005,-4.89004955291748
6.85,12.809654,-5.959654235839844
6.6,13.483486,-6.88348617553711
9.55,14.375884,-4.825884056091308
14.0,15.381648,-1.381648063659668
18.7,16.439049,2.2609512329101555
22.6,17.479801,5.120198822021486
24.9,18.292582,6.6074184417724595
26.350000000000005,18.987743,7.362256622314458
26.65,19.189245,7.460754776000975
26.85,19.16372,7.686280822753908
26.149999999999995,18.811872,7.33812751770019
22.099999999999998,18.22983,3.87017021179199
21.500000000000004,17.447765,4.052234649658207
20.55,16.65248,3.897520828247071
19.35,15.86108,3.488919830322267
14.5,15.019258,-0.5192575454711914
14.5,14.205164,0.29483604431152344
14.05,13.504139,0.5458610534667976
13.2,12.87231,0.3276903152465813
14.35,12.441557,1.9084430694580075
13.7,12.168899,1.5311014175415032
11.949999999999998,11.920047,0.029953193664548294
11.3,11.9869175,-0.6869174957275384
10.95,12.18387,-1.2338703155517585
10.6,12.601784,-2.0017837524414066
10.9,13.314141,-2.414141273498535
15.499999999999998,14.247753,1.2522468566894513
20.0,15.318655,4.681344985961914
24.05,16.504055,7.545944976806641
26.75,17.776175,8.973825454711914
27.449999999999996,18.838768,8.611231994628902
29.95,19.53358,10.416419219970702
29.800000000000004,19.918634,9.881365585327153
30.45,19.936903,10.51309700012207
30.25,19.605394,10.64460563659668
28.1,18.836983,9.26301727294922
26.149999999999995,18.20946,7.940540695190425
24.349999999999998,17.433006,6.916993713378904
21.9,16.650246,5.249754333496092
19.25,15.657345,3.5926551818847656
18.0,14.855554,3.14444637298584
16.75,14.179942,2.5700578689575195
14.7,13.581932,1.1180679321289055
14.300000000000002,13.214179,1.0858209609985376
13.4,12.970508,0.42949237823486364
13.1,12.751897,0.3481031417846676
13.1,12.71932,0.3806797027587887
12.35,12.882439,-0.5324386596679691
12.25,13.28116,-1.0311603546142578
11.3,13.989252,-2.689252090454101
10.750000000000002,15.070141,-4.320140838623045
11.9,16.40336,-4.503360366821289
12.599999999999998,17.813593,-5.213592910766604
14.5,19.152943,-4.652942657470703
15.449999999999998,20.10376,-4.6537597656250025
15.1,20.77685,-5.676849746704102
14.300000000000002,21.059744,-6.7597438812255835
14.0,21.055027,-7.055027008056641
13.299999999999999,20.742514,-7.442513656616212
12.4,20.081308,-7.681308364868164
11.7,19.271648,-7.571648406982423
11.3,18.377794,-7.07779426574707
10.15,17.571909,-7.421908950805664
9.5,16.721462,-7.221462249755859
8.9,15.873853,-6.973852729797363
7.749999999999999,15.151124,-7.401124000549317
8.05,14.44881,-6.398809623718261
7.55,13.915786,-6.365785789489746
8.1,13.594498,-5.494497680664063
8.15,13.478007,-5.328007316589355
7.9,13.572207,-5.672207450866699
7.5,13.832928,-6.332927703857422
7.3,14.387635,-7.087635231018067
7.2,15.182189,-7.982188987731933
9.3,16.065311,-6.765311431884765
12.15,16.956915,-4.806914901733398
14.8,17.768381,-2.9683811187744134
16.8,18.533346,-1.7333461761474602
17.9,19.17037,-1.2703701019287124
18.15,19.494999,-1.344998931884767
18.2,19.401482,-1.2014816284179695
18.25,19.101095,-0.8510951995849609
17.65,18.578072,-0.9280715942382827
16.4,17.866459,-1.466458892822267
14.7,17.046967,-2.3469665527343757
14.05,16.166355,-2.11635513305664
13.249999999999998,15.289157,-2.039156913757326
12.3,14.542793,-2.2427932739257805
11.6,13.826529,-2.2265285491943363
11.7,13.206248,-1.5062482833862312
11.15,12.699188,-1.5491882324218746
10.5,12.278879,-1.778879165649414
10.750000000000002,12.037098,-1.2870979309082013
10.95,12.004927,-1.0549266815185554
10.65,12.25576,-1.6057601928710934
10.15,12.738401,-2.588401412963867
9.75,13.429889,-3.6798887252807617
9.65,14.305192,-4.6551919937133786
11.6,15.151862,-3.551862144470215
14.15,16.137909,-1.9879089355468746
16.7,17.087296,-0.3872955322265632
18.55,18.042358,0.5076416015625007
19.0,18.87559,0.12441062927246094
19.2,19.315025,-0.11502532958984446
19.35,19.432283,-0.08228340148925639
19.5,19.285679,0.21432113647460938
19.0,18.85751,0.14249038696289062
17.7,18.21799,-0.5179908752441413
14.95,17.415518,-2.4655178070068366
14.4,16.583294,-2.1832939147949215
13.8,15.769893,-1.9698926925659173
12.75,14.981542,-2.231541633605957
11.2,14.258049,-3.0580490112304695
10.35,13.658588,-3.3085884094238285
9.6,13.236742,-3.6367420196533207
9.1,12.898299,-3.7982992172241214
9.45,12.6520405,-3.2020404815673835
9.5,12.592813,-3.0928125381469727
8.95,12.665481,-3.715480613708497
8.6,12.845046,-4.2450460433959964
8.7,13.088029,-4.38802890777588
8.25,13.442307,-5.192307472229004
11.15,14.108654,-2.9586540222167965
13.650000000000002,14.941014,-1.291014289855955
15.850000000000001,15.836495,0.013504600524903765
16.95,16.753204,0.1967956542968743
17.9,17.46756,0.4324401855468736
18.55,17.917408,0.6325920104980476
18.6,18.189991,0.4100090026855483
18.7,18.20078,0.49921913146972585
18.6,17.924368,0.6756320953369155
17.45,17.478815,-0.028815078735352273
14.4,16.766579,-2.366578674316406
13.600000000000001,15.991759,-2.391759300231932
13.4,15.294181,-1.894180870056152
13.75,14.600313,-0.8503131866455078
12.3,13.866777,-1.5667774200439446
11.55,13.182204,-1.6322042465209954
12.15,12.527008,-0.37700805664062464
11.049999999999999,12.075128,-1.0251276016235362
9.65,11.867606,-2.217606163024902
9.6,11.779952,-2.1799520492553714
8.7,11.852145,-3.152145195007325
9.0,12.0261345,-3.026134490966797
7.8,12.387489,-4.587489318847656
8.05,12.962143,-4.912142944335937
10.95,13.782469,-2.832468795776368
13.85,14.751876,-0.9018758773803714
15.95,15.676374,0.2736255645751946
16.8,16.573872,0.22612838745117259
17.45,17.262373,0.1876270294189446
18.25,17.840605,0.4093952178955078
18.6,18.123888,0.4761119842529311
18.75,18.180805,0.5691947937011719
18.1,17.994776,0.10522422790527486
17.5,17.523088,-0.023088455200195312
16.05,16.770174,-0.7201740264892571
14.45,16.043718,-1.593718338012696
13.8,15.314146,-1.5141460418701165
12.599999999999998,14.668796,-2.0687955856323264
11.3,14.032215,-2.7322151184082024
9.85,13.402443,-3.5524429321289066
10.4,12.9521,-2.552099800109863
10.8,12.579463,-1.7794630050659173
10.55,12.241531,-1.6915313720703118
10.2,12.122048,-1.9220483779907234
9.8,12.0891285,-2.2891284942626946
9.3,12.309848,-3.0098478317260735
9.15,12.640622,-3.4906221389770504
8.55,13.188179,-4.6381790161132805
11.15,14.026038,-2.8760381698608395
13.899999999999999,14.951361,-1.0513607025146499
16.1,15.861627,0.23837337493896626
17.65,16.685198,0.9648021697998033
17.95,17.359676,0.5903236389160149
18.6,17.853695,0.746305084228517
17.9,18.121885,-0.2218852996826186
18.6,18.153982,0.4460178375244155
18.5,17.889795,0.6102046966552734
17.7,17.368092,0.33190841674804616
14.4,16.63533,-2.235330200195312
12.4,15.924504,-3.5245042800903317
12.25,15.151948,-2.9019479751586914
10.6,14.425488,-3.8254884719848636
11.400000000000002,13.569432,-2.169432258605955
10.8,12.840992,-2.0409919738769524
9.65,12.307563,-2.6575628280639645
9.3,11.957399,-2.657399368286132
9.95,11.704504,-1.7545040130615241
9.05,11.634489,-2.5844890594482415
9.3,11.730665,-2.430665206909179
9.45,11.977354,-2.527354049682618
8.05,12.333982,-4.2839824676513665
8.0,12.878223,-4.878223419189453
11.7,13.693075,-1.9930751800537116
15.449999999999998,14.646015,0.8039848327636694
17.6,15.685725,1.9142747879028335
18.45,16.598307,1.8516933441162102
19.5,17.310492,2.1895084381103516
20.2,17.836748,2.363251876831054
20.05,18.031633,2.0183666229248054
20.3,18.011385,2.288615036010743
19.75,17.791374,1.9586257934570312
18.4,17.338196,1.0618041992187486
15.8,16.58284,-0.7828399658203118
15.200000000000001,15.825755,-0.6257551193237294
14.300000000000002,15.046951,-0.74695129394531
13.7,14.293592,-0.5935924530029304
12.85,13.653549,-0.8035491943359379
11.949999999999998,13.056924,-1.1069238662719751
10.8,12.391669,-1.5916692733764641
8.8,11.875345,-3.0753452301025384
11.1,11.649582,-0.5495819091796879
10.2,11.5471525,-1.347152519226075
9.15,11.687526,-2.5375257492065426
8.35,11.928447,-3.578446769714356
7.5,12.341751,-4.8417510986328125
7.150000000000001,12.924184,-5.774183845520018
9.8,13.755948,-3.955948066711425
12.5,14.839925,-2.3399248123168945
15.549999999999999,15.826947,-0.27694721221923935
18.2,16.769718,1.4302818298339837
20.0,17.578,2.4220008850097656
20.65,18.150074,2.4999259948730455
20.55,18.410067,2.139933395385743
20.45,18.357944,2.0920555114746087
19.85,18.08601,1.7639900207519545
18.95,17.535582,1.414418411254882
15.9,16.807915,-0.9079147338867184
15.05,16.0934,-1.0433990478515618
14.1,15.344827,-1.244826698303223
14.7,14.6537285,0.046271514892577414
14.250000000000002,13.938081,0.31191921234131037
11.75,13.267766,-1.517765998840332
11.15,12.664576,-1.5145755767822262
10.700000000000001,12.076897,-1.3768966674804677
11.3,11.844766,-0.544765663146972
11.65,11.735917,-0.08591709136962855
11.45,11.79182,-0.3418195724487312
10.55,11.93149,-1.381489944458007
9.9,12.260576,-2.360576248168945
9.55,12.865238,-3.315238189697265
10.700000000000001,13.65409,-2.9540899276733388
12.15,14.632894,-2.482893562316894
13.45,15.614377,-2.1643770217895515
14.8,16.64827,-1.8482696533203118
15.549999999999999,17.58275,-2.0327503204345714
16.05,18.302134,-2.2521335601806634
16.2,18.637686,-2.4376857757568366
16.3,18.659763,-2.35976333618164
15.4,18.325562,-2.9255615234374996
14.65,17.708067,-3.058066940307617
13.85,16.925316,-3.075315856933594
12.85,16.275127,-3.4251274108886722
12.000000000000002,15.540445,-3.5404453277587873
11.8,14.971862,-3.171861839294433
11.45,14.358103,-2.9081027984619148
11.15,13.675005,-2.525004959106445
10.6,13.053502,-2.4535020828247074
9.9,12.657611,-2.7576108932495114
10.6,12.472238,-1.872237586975098
10.15,12.491132,-2.341131782531738
9.9,12.629942,-2.729941940307617
9.75,12.780475,-3.0304746627807617
9.45,13.11785,-3.667850303649903
9.95,13.755887,-3.8058870315551765
11.400000000000002,14.556036,-3.1560359954833963
12.9,15.322875,-2.4228750228881832
14.4,16.049278,-1.6492782592773434
15.4,16.80283,-1.4028297424316403
15.549999999999999,17.48489,-1.9348899841308604
16.1,18.017597,-1.9175971984863267
14.8,18.287188,-3.4871875762939446
13.7,18.307966,-4.607966232299805
14.55,17.93898,-3.388980102539062
14.75,17.356102,-2.6061019897460938
13.600000000000001,16.72171,-3.1217102050781236
13.0,16.016525,-3.0165252685546875
12.15,15.280908,-3.13090763092041
12.2,14.6306095,-2.4306095123291023
12.15,14.040449,-1.8904491424560543
11.1,13.471518,-2.3715175628662113
10.25,12.925771,-2.6757707595825195
9.85,12.612692,-2.7626918792724613
9.7,12.360474,-2.6604736328125007
9.65,12.276726,-2.6267257690429684
9.5,12.362197,-2.862196922302246
9.0,12.580955,-3.5809545516967773
8.45,12.928353,-4.478353309631348
8.15,13.668925,-5.518925285339355
10.0,14.488458,-4.488457679748535
12.3,15.398586,-3.0985862731933587
14.6,16.210663,-1.6106628417968754
16.35,16.95823,-0.6082290649414048
17.15,17.453857,-0.3038574218750014
17.75,17.764463,-0.014463424682617188
18.25,17.828863,0.42113685607910156
18.0,17.580471,0.4195289611816406
17.5,17.26801,0.23199081420898438
16.8,16.883888,-0.08388824462890554
15.25,16.355782,-1.1057815551757812
13.35,15.742214,-2.3922142028808597
12.599999999999998,15.066831,-2.466830635070803
12.15,14.435349,-2.2853494644165036
11.25,13.793033,-2.543032646179199
10.4,13.157781,-2.7577806472778317
8.65,12.687462,-4.037461853027343
8.45,12.313911,-3.863911437988282
10.0,12.092651,-2.0926513671875
10.65,11.963313,-1.3133131027221676
9.9,12.004067,-2.1040674209594723
9.1,12.175753,-3.075752639770508
9.4,12.5040655,-3.1040655136108395
9.0,13.052355,-4.05235481262207
10.9,13.707814,-2.807814216613769
13.05,14.553766,-1.5037662506103509
15.3,15.541461,-0.241460990905761
17.65,16.468355,1.1816448211669908
18.6,17.17678,1.4232192993164077
19.15,17.697453,1.452547454833983
19.0,17.947891,1.0521087646484375
18.8,17.97059,0.8294094085693366
18.1,17.734865,0.3651348114013686
17.4,17.308914,0.09108581542968608
15.549999999999999,16.73459,-1.1845905303955089
14.65,16.035343,-1.3853431701660153
13.299999999999999,15.384565,-2.0845653533935558
12.599999999999998,14.717779,-2.1177791595459006
11.2,14.071974,-2.8719738006591804
10.25,13.499302,-3.2493019104003906
8.85,12.834461,-3.9844612121582035
8.45,12.466865,-4.0168645858764656
7.95,12.336839,-4.386838722229004
8.3,12.322014,-4.022013854980468
7.9,12.459339,-4.559339141845703
6.75,12.61215,-5.862150192260742
6.45,12.936405,-6.4864051818847654
6.9,13.343842,-6.443841552734375
9.9,13.912358,-4.012358283996582
12.35,14.633572,-2.2835716247558597
14.4,15.370645,-0.9706445693969723
15.449999999999998,16.217482,-0.7674816131591822
16.2,16.981163,-0.7811630249023445
16.45,17.5544,-1.104399490356446
16.6,17.74739,-1.147390747070311
16.9,17.838644,-0.9386440277099624
16.85,17.640812,-0.7908119201660142
16.65,17.245274,-0.595273590087892
15.65,16.609047,-0.9590469360351559
15.1,15.927294,-0.8272937774658207
14.0,15.279407,-1.2794065475463867
12.2,14.640662,-2.4406621932983406
10.45,13.975433,-3.5254333496093757
9.1,13.309157,-4.2091573715209964
8.45,12.711997,-4.261997032165528
9.4,12.282058,-2.8820577621459957
10.15,12.005938,-1.855937576293945
9.65,11.938177,-2.288177108764648
9.2,12.048071,-2.848070907592774
8.9,12.179993,-3.2799926757812496
8.55,12.520953,-3.970953178405761
7.450000000000001,13.037954,-5.587954330444335
10.3,13.773719,-3.473718833923339
13.55,14.606333,-1.0563327789306634
16.0,15.493428,0.5065717697143555
17.95,16.232378,1.717621994018554
18.95,16.919634,2.030366134643554
20.05,17.34697,2.703030395507813
20.0,17.59746,2.4025402069091797
20.15,17.588326,2.5616744995117173
19.95,17.392273,2.5577270507812493
18.65,16.982962,1.6670383453369126
16.05,16.439005,-0.38900489807128835
15.05,15.851993,-0.8019926071166985
13.75,15.265972,-1.5159721374511719
13.2,14.517445,-1.3174446105957038
12.9,13.771116,-0.8711162567138668
12.35,12.966793,-0.6167930603027347
11.55,12.383749,-0.8337490081787102
10.85,12.074112,-1.2241119384765629
10.05,11.86843,-1.8184301376342766
9.95,11.75381,-1.8038099288940437
9.9,11.8123255,-1.9123254776000973
9.15,12.009369,-2.8593688964843746
9.05,12.407439,-3.357439231872558
9.1,12.878122,-3.7781223297119144
12.15,13.707177,-1.5571771621704098
14.900000000000002,14.64969,0.2503103256225607
17.05,15.616252,1.4337480545043952
18.35,16.570839,1.7791610717773452
19.55,17.348703,2.2012966156005866
20.05,17.90604,2.14395980834961
19.65,18.257275,1.3927253723144517
19.85,18.267656,1.582343673706056
19.5,18.08368,1.41632080078125
18.45,17.590473,0.8595268249511712
15.65,16.914968,-1.2649684906005856
14.900000000000002,16.193731,-1.2937313079833963
13.35,15.400815,-2.050815010070801
14.15,14.69699,-0.5469900131225582
13.2,13.976763,-0.776762771606446
11.5,13.378454,-1.8784542083740234
10.05,12.818171,-2.768170547485351
9.5,12.363304,-2.8633041381835938
11.5,12.056057,-0.5560569763183594
11.8,11.895517,-0.09551734924316335
8.95,11.895876,-2.9458759307861335
8.95,12.026064,-3.0760639190673835
7.150000000000001,12.419838,-5.269837951660155
7.7,12.9048195,-5.2048194885253904
11.3,13.697846,-2.3978464126586907
14.45,14.623528,-0.17352752685546946
16.8,15.603899,1.1961009979248054
18.2,16.568155,1.6318447113037102
19.75,17.372913,2.377086639404297
19.45,18.015318,1.434682083129882
18.75,18.322376,0.4276237487792969
19.4,18.41497,0.9850296020507798
19.3,18.172016,1.1279838562011726
18.3,17.715435,0.5845649719238288
17.1,16.956001,0.14399871826172017
15.9,16.214893,-0.31489334106445277
15.6,15.502111,0.09788856506347621
14.8,14.757552,0.04244785308837962
13.7,14.072348,-0.37234764099121165
12.1,13.338185,-1.2381853103637699
11.350000000000001,12.774141,-1.4241413116455064
9.95,12.249578,-2.299578475952149
9.6,12.043376,-2.443375968933106
8.95,12.016375,-3.066374588012696
9.3,11.998214,-2.6982137680053704
9.25,12.117378,-2.8673782348632812
8.8,12.427855,-3.6278545379638665
8.45,12.949072,-4.499071884155274
11.65,13.889194,-2.239193534851074
14.300000000000002,14.946413,-0.6464130401611303
16.2,16.045599,0.15440101623535085
17.7,16.922773,0.7772266387939446
18.6,17.799679,0.800321197509767
19.55,18.259712,1.2902877807617195
20.0,18.428576,1.5714244842529297
19.9,18.399862,1.5001377105712876
18.95,18.09539,0.8546096801757805
18.1,17.541025,0.5589748382568374
16.8,16.90448,-0.10447998046874929
15.35,16.191133,-0.8411334991455082
15.15,15.522698,-0.3726984024047848
15.0,14.917431,0.08256912231445312
14.35,14.254102,0.09589824676513636
12.000000000000002,13.56403,-1.5640296936035138
11.25,12.888898,-1.6388978958129883
10.15,12.310141,-2.1601406097412106
9.65,11.957334,-2.3073335647583004
9.55,11.814837,-2.264837455749511
9.9,11.785436,-1.8854356765747067
10.35,12.059581,-1.7095808029174808
9.1,12.466289,-3.366288566589356
8.4,13.038692,-4.638692474365234
12.1,13.96075,-1.8607496261596683
14.95,15.002639,-0.052638816833496804
17.3,15.963378,1.3366220474243171
19.0,16.958498,2.041501998901367
19.35,17.723099,1.626901245117189
19.75,18.301603,1.4483966827392578
19.75,18.639828,1.1101722717285156
20.2,18.697803,1.5021965026855462
19.8,18.344126,1.4558742523193366
18.8,17.743881,1.0561187744140632
17.6,17.13119,0.46881065368652486
16.8,16.326694,0.4733055114746101
13.600000000000001,15.67366,-2.073660278320311
11.75,15.01065,-3.2606496810913086
13.2,14.370652,-1.1706521987915046
9.75,13.656182,-3.906182289123535
10.6,13.022973,-2.4229730606079105
8.55,12.555475,-4.005475234985351
11.7,12.147437,-0.44743709564209055
11.049999999999999,11.943671,-0.8936712265014659
9.85,11.972583,-2.122582817077637
9.85,12.203724,-2.3537239074707035
9.3,12.667068,-3.3670675277709954
8.75,13.255666,-4.5056657791137695
11.55,14.185831,-2.6358310699462884
15.850000000000001,15.161046,0.6889539718627944
19.2,16.209763,2.990237426757812
20.8,17.205126,3.5948741912841804
22.0,17.95756,4.042440414428711
22.85,18.481062,4.368938064575197
23.4,18.78663,4.6133693695068345
23.750000000000004,18.773554,4.976446151733402
23.4,18.505606,4.894394302368163
22.2,18.039831,4.160168838500976
19.8,17.39521,2.4047897338867195
19.0,16.798367,2.2016334533691406
18.35,15.992452,2.357548332214357
16.9,15.13593,1.7640699386596665
15.6,14.481876,1.118123626708984
14.849999999999998,13.688814,1.16118583679199
14.199999999999998,13.043252,1.1567480087280249
12.25,12.440374,-0.19037437438964844
12.3,12.272273,0.027726936340332742
11.3,12.237917,-0.9379169464111321
10.35,12.2293,-1.8792995452880863
9.25,12.435214,-3.185214042663574
9.0,12.796618,-3.7966184616088867
10.15,13.346167,-3.196166610717773
14.5,14.202015,0.2979850769042969
19.5,15.341289,4.1587114334106445
23.85,16.567595,7.282405471801759
26.4,17.751272,8.648727798461913
28.150000000000002,18.631351,9.518648529052737
29.0,19.210701,9.789299011230469
29.5,19.519903,9.980096817016602
28.55,19.492235,9.05776481628418
27.75,19.2357,8.514299392700195
25.65,18.691435,6.958565139770506
21.0,17.998966,3.0010337829589844
18.9,17.313246,1.586754226684569
18.7,16.551876,2.148123931884765
18.1,15.822196,2.277803993225099
18.65,15.0280075,3.62199249267578
18.25,14.364911,3.8850889205932617
17.6,13.833251,3.766749000549318
16.6,13.310355,3.289644813537599
15.7,13.060679,2.639320564270019
14.35,12.883359,1.4666410446166989
13.1,12.852708,0.24729213714599574
11.9,12.937759,-1.0377593994140621
10.85,13.205945,-2.3559450149536136
10.95,13.922872,-2.9728715896606452
13.15,14.993066,-1.8430658340454098
15.3,16.289001,-0.9890014648437493
17.1,17.706352,-0.6063522338867173
18.65,18.946503,-0.2965026855468764
19.8,19.82689,-0.026890945434569602
20.55,20.490908,0.0590923309326179
20.95,20.78067,0.1693298339843743
20.9,20.731571,0.16842880249023295
20.55,20.34963,0.20036964416503977
19.4,19.728794,-0.32879409790039205
18.15,18.84798,-0.6979804992675795
17.3,17.8958,-0.5957996368408196
16.1,17.10618,-1.0061801910400376
14.849999999999998,16.474926,-1.624925994873049
14.1,15.867444,-1.7674440383911136
13.299999999999999,15.357351,-2.057351303100587
12.7,14.844242,-2.1442420959472663
11.75,14.498061,-2.748061180114746
12.3,14.187686,-1.8876859664916985
12.1,13.951455,-1.851455116271973
11.7,13.884387,-2.1843870162963874
11.400000000000002,14.005128,-2.6051279067993143
11.25,14.323216,-3.073216438293457
11.400000000000002,14.978933,-3.578933334350584
12.950000000000001,15.975195,-3.0251949310302724
14.8,17.002234,-2.2022335052490227
16.75,17.964485,-1.2144851684570312
17.8,18.800793,-1.0007926940917962
18.7,19.495667,-0.7956665039062507
19.35,20.022541,-0.6725410461425767
20.2,20.217623,-0.017622756958008523
19.9,20.154837,-0.25483665466308736
19.8,19.768108,0.031891632080078836
19.5,19.169693,0.3303070068359375
18.05,18.430983,-0.380982589721679
17.5,17.624454,-0.12445449829101562
15.95,16.713549,-0.763548660278321
14.95,15.832043,-0.8820426940917976
14.199999999999998,15.045475,-0.8454750061035181
14.05,14.372948,-0.32294769287109304
13.5,13.772804,-0.27280426025390625
12.85,13.343574,-0.4935735702514652
12.35,13.127383,-0.7773832321166996
12.000000000000002,13.053123,-1.053123474121092
11.65,13.1547785,-1.5047784805297848
11.45,13.522436,-2.072436141967774
11.8,14.174109,-2.374109458923339
12.35,15.04077,-2.6907695770263675
13.75,15.997162,-2.247161865234375
15.0,16.953943,-1.9539432525634766
15.95,17.87307,-1.9230697631835945
16.15,18.66744,-2.5174404144287124
16.2,19.321783,-3.121783065795899
17.05,19.749842,-2.699841690063476
17.3,19.974245,-2.674245071411132
16.85,19.872902,-3.022901916503905
16.4,19.52201,-3.1220108032226577
15.35,18.959093,-3.6090930938720707
14.15,18.253777,-4.103776550292968
13.2,17.694262,-4.494261550903321
12.55,16.92999,-4.3799907684326165
12.25,16.116472,-3.8664722442626953
12.25,15.461403,-3.2114028930664062
12.050000000000002,14.808274,-2.7582742691040014
11.8,14.265828,-2.465828132629394
12.000000000000002,13.842475,-1.842474937438963
12.000000000000002,13.500671,-1.5006713867187482
12.45,13.388286,-0.9382856369018562
11.9,13.400436,-1.5004364013671871
11.7,13.635848,-1.9358480453491218
10.85,14.182201,-3.3322013854980472
11.049999999999999,14.874952,-3.8249523162841808
11.9,15.723578,-3.8235784530639645
13.7,16.556955,-2.8569553375244148
15.15,17.231075,-2.081075286865234
15.6,17.795639,-2.195639038085938
16.6,18.211668,-1.6116680145263658
16.5,18.57918,-2.0791797637939453
16.75,18.735332,-1.9853324890136719
17.1,18.622406,-1.5224060058593736
16.5,18.301233,-1.8012332916259766
16.6,17.813507,-1.2135070800781236
15.7,17.101059,-1.4010589599609382
14.45,16.363274,-1.9132736206054695
14.250000000000002,15.616075,-1.3660745620727521
13.35,14.945271,-1.5952705383300785
12.45,14.363652,-1.9136522293090827
12.9,13.862405,-0.9624048233032223
10.700000000000001,13.4011135,-2.701113510131835
10.0,13.162896,-3.162896156311035
9.65,13.134075,-3.4840751647949215
10.25,13.236818,-2.986818313598633
10.35,13.392708,-3.0427078247070316
9.0,13.692378,-4.692378044128418
9.35,14.143767,-4.793767356872559
10.25,14.70866,-4.458660125732422
13.0,15.451274,-2.4512739181518555
15.4,16.213766,-0.8137660980224606
17.6,16.89694,0.7030597686767592
18.55,17.609388,0.940611648559571
19.35,18.235117,1.1148830413818374
19.65,18.673279,0.9767211914062486
20.15,18.917171,1.2328285217285142
20.2,18.932861,1.2671386718749993
19.7,18.762661,0.9373390197753899
18.75,18.376444,0.37355613708496094
15.25,17.864079,-2.6140785217285156
13.8,17.126757,-3.3267566680908196
13.600000000000001,16.520643,-2.9206432342529283
13.0,15.898822,-2.8988218307495117
11.55,15.311973,-3.7619726181030266
10.85,14.810478,-3.960478210449219
10.750000000000002,14.249729,-3.499729156494139
10.700000000000001,13.800013,-3.1000125885009755
11.2,13.427963,-2.227963256835938
10.6,13.376731,-2.7767309188842777
10.1,13.482466,-3.382465744018555
9.8,13.610404,-3.8104040145874016
9.5,13.897999,-4.397998809814453
9.95,14.409663,-4.459663200378419
12.5,15.16981,-2.6698102951049805
15.549999999999999,16.070316,-0.5203163146972667
18.1,16.990103,1.1098972320556655
19.75,17.828241,1.9217586517333984
20.85,18.638014,2.2119861602783217
21.45,19.156162,2.2938377380371087
22.05,19.42044,2.6295593261718757
21.9,19.450733,2.4492668151855455
20.95,19.23934,1.7106601715087884
20.25,18.822355,1.4276447296142578
18.4,18.223183,0.17681732177734233
17.8,17.512205,0.2877948760986335
16.85,16.91234,-0.06234016418456889
15.549999999999999,16.354433,-0.8044330596923839
14.05,15.793442,-1.7434417724609368
13.5,15.245456,-1.7454557418823242
13.2,14.803179,-1.603178787231446
12.2,14.500143,-2.3001430511474616
12.000000000000002,14.343773,-2.343772888183592
11.9,14.228369,-2.328368759155273
11.45,14.24325,-2.7932498931884773
10.55,14.26554,-3.715540122985839
9.4,14.582168,-5.182167625427246
11.0,15.014234,-4.014233589172363
13.35,15.713692,-2.3636917114257816
15.95,16.601166,-0.6511657714843757
18.1,17.558434,0.5415664672851577
19.4,18.479187,0.9208129882812486
20.35,19.346798,1.003202056884767
20.4,19.936852,0.46314849853515483
20.9,20.363853,0.5361465454101548
21.25,20.425325,0.8246746063232422
20.5,20.160961,0.3390388488769531
19.9,19.672049,0.22795143127441264
17.2,18.885187,-1.6851871490478523
16.9,18.126299,-1.2262989044189467
16.6,17.450874,-0.8508743286132798
15.3,16.641977,-1.3419773101806634
14.75,15.84242,-1.0924196243286133
14.45,15.133554,-0.6835544586181648
13.650000000000002,14.568576,-0.9185758590698221
13.05,14.090443,-1.0404426574707024
12.15,13.8128,-1.6628004074096676
11.9,13.7748165,-1.874816513061523
10.6,13.779784,-3.179784202575684
11.65,13.978906,-2.32890567779541
11.7,14.371264,-2.6712644577026374
10.8,15.06907,-4.269069862365722
12.000000000000002,16.018375,-4.018375396728514
13.95,16.963299,-3.0132987976074226
15.65,18.022066,-2.3720661163330075
17.35,18.95079,-1.600790405273436
18.6,19.765572,-1.1655715942382798
19.4,20.309694,-0.9096942901611342
19.4,20.632298,-1.232297515869142
17.6,20.68175,-3.081749343872069
16.4,20.397455,-3.997455215454103
14.900000000000002,19.892149,-4.992148971557615
13.4,19.120953,-5.7209526062011715
12.3,18.398003,-6.098002624511718
11.8,17.734335,-5.93433494567871
10.750000000000002,16.895681,-6.145681381225584
10.2,16.207539,-6.007538604736329
10.05,15.644612,-5.594612312316894
9.6,15.096571,-5.49657096862793
8.75,14.661891,-5.911890983581543
8.6,14.347645,-5.7476448059082035
8.35,14.149383,-5.799382591247559
7.95,14.12224,-6.17224006652832
8.05,14.391689,-6.341689300537109
8.4,14.891834,-6.491834259033203
8.95,15.504219,-6.554219055175782
11.350000000000001,16.161993,-4.811993026733397
14.05,17.025166,-2.9751655578613274
16.5,17.929564,-1.4295635223388672
18.55,18.780706,-0.23070640563964773
19.3,19.59765,-0.29765052795410085
20.05,20.147936,-0.0979358673095696
20.05,20.452929,-0.4029285430908196
20.25,20.278322,-0.028322219848632812
20.2,19.790308,0.4096920013427727
19.1,18.979439,0.12056121826172017
15.05,18.058407,-3.0084068298339837
15.65,17.135616,-1.485616302490234
13.45,16.303413,-2.853413391113282
13.7,15.413649,-1.7136486053466804
13.4,14.710242,-1.3102422714233395
12.3,14.084261,-1.784260940551757
11.55,13.583964,-2.0339643478393548
10.85,13.160142,-2.3101419448852543
10.5,12.871066,-2.371066093444824
9.5,12.779742,-3.2797422409057617
9.45,12.789542,-3.339542198181153
9.15,13.094641,-3.944640731811523
8.25,13.580466,-5.330466270446777
10.0,14.227085,-4.227085113525391
12.4,15.112079,-2.7120786666870114
15.1,16.12856,-1.0285591125488285
17.4,17.135359,0.2646411895751939
19.1,18.185158,0.9148422241210952
20.55,19.02465,1.525349426269532
21.649999999999995,19.633387,2.0166133880615185
21.95,19.968801,1.9811985015869134
22.35,19.962908,2.387092208862306
22.15,19.77448,2.37551918029785
21.45,19.258768,2.1912319183349602
19.0,18.43217,0.5678291320800781
17.95,17.70237,0.24763031005859304
16.5,16.807158,-0.3071575164794922
15.200000000000001,16.03901,-0.8390090942382802
14.05,15.342143,-1.2921430587768548
12.950000000000001,14.63394,-1.6839397430419911
11.85,13.974377,-2.1243766784667972
10.750000000000002,13.457132,-2.7071323394775373
10.9,13.066174,-2.1661735534667965
10.65,12.879184,-2.229183769226074
10.0,12.915975,-2.9159746170043945
9.65,13.058961,-3.408960914611816
9.65,13.3223095,-3.6723094940185543
11.3,13.836354,-2.536354255676269
13.45,14.642609,-1.1926086425781257
15.9,15.611228,0.288772010803223
17.55,16.714266,0.8357341766357429
19.45,17.760046,1.6899539947509759
21.05,18.686476,2.363524246215821
22.099999999999998,19.382912,2.7170883178710916
22.55,19.668919,2.88108139038086
23.0,19.665766,3.3342342376708984
22.6,19.420067,3.1799331665039077
21.7,18.952684,2.747315597534179
18.85,18.265533,0.5844665527343764
18.1,17.534834,0.5651660919189467
17.05,16.746443,0.303557205200196
16.0,15.966259,0.033740997314453125
14.6,15.285507,-0.6855072021484379
13.4,14.560317,-1.1603170394897457
12.4,13.905843,-1.5058427810668942
11.65,13.2968445,-1.6468444824218746
11.7,12.933847,-1.2338474273681648
11.45,12.768208,-1.3182075500488288
11.15,12.795961,-1.6459613800048825
10.85,13.046947,-2.196946525573731
10.45,13.444648,-2.9946477890014656
10.85,14.122609,-3.27260913848877
13.249999999999998,15.05379,-1.8037900924682635
15.850000000000001,16.094208,-0.24420776367187358
18.2,17.175562,1.0244380950927727
20.25,18.164848,2.0851516723632812
21.95,19.043165,2.9068347930908196
23.049999999999997,19.826033,3.2239673614501925
23.45,20.171228,3.2787715911865227
23.85,20.229677,3.6203227996826186
23.45,19.921335,3.5286647796630852
22.4,19.39984,3.0001605987548814
20.0,18.681314,1.318685531616211
18.75,17.945606,0.8043937683105469
17.5,17.201796,0.2982044219970703
16.1,16.457079,-0.3570789337158189
14.65,15.702325,-1.0523248672485348
13.4,14.903586,-1.503586387634277
12.35,14.062138,-1.712137603759766
11.6,13.46849,-1.8684896469116214
11.5,13.004049,-1.504049301147461
11.7,12.836984,-1.1369836807250984
12.7,12.866421,-0.16642074584961009
12.7,13.089606,-0.38960628509521555
12.649999999999999,13.566375,-0.91637477874756
12.599999999999998,14.285525,-1.6855253219604514
13.5,15.277455,-1.7774553298950195
15.15,16.503408,-1.3534084320068356
17.75,17.625637,0.12436294555664062
20.2,18.742863,1.4571372985839837
22.45,19.641994,2.80800552368164
24.15,20.28841,3.8615898132324205
25.15,20.687492,4.46250762939453
25.7,20.73376,4.966239166259765
25.35,20.496468,4.85353240966797
24.249999999999996,19.909557,4.3404426574707
21.7,19.117785,2.582215499877929
19.45,18.259323,1.1906768798828118
17.6,17.419344,0.1806560516357436
16.1,16.596537,-0.49653663635253764
14.6,15.742988,-1.1429876327514652
12.45,14.907453,-2.457452583312989
11.25,14.110575,-2.860574722290039
11.350000000000001,13.5005045,-2.1505044937133775
11.8,13.123416,-1.3234159469604485
10.55,12.99945,-2.449449729919433
9.8,13.165439,-3.3654386520385735
9.95,13.517397,-3.5673969268798835
10.3,14.0594845,-3.7594844818115227
10.95,14.822174,-3.8721740722656257
13.35,15.6863575,-2.3363574981689457
16.25,16.659172,-0.40917205810546875
19.0,17.843536,1.156463623046875
21.45,18.957203,2.492797088623046
23.45,19.9757,3.4742996215820305
24.9,20.783966,4.116033935546874
24.950000000000003,21.227568,3.7224323272705107
25.4,21.386192,4.013807678222655
25.15,21.132523,4.017477416992186
24.249999999999996,20.567892,3.6821079254150355
20.2,19.805527,0.3944732666015618
17.9,18.921028,-1.0210281372070327
17.7,18.004147,-0.3041465759277351
15.850000000000001,17.069403,-1.219402694702147
15.75,16.076351,-0.3263511657714844
13.45,15.069353,-1.619353103637696
13.4,14.192497,-0.7924972534179684
12.2,13.624071,-1.424071121215821
12.4,13.32843,-0.9284301757812496
12.000000000000002,13.174157,-1.1741571426391584
11.85,13.187097,-1.3370965957641605
11.400000000000002,13.389154,-1.9891544342040994
11.45,13.920643,-2.470642852783204
12.599999999999998,14.700887,-2.1008867263793967
14.95,15.738691,-0.7886913299560554
17.8,16.904697,0.8953025817871101
20.15,18.17882,1.9711803436279283
22.75,19.39401,3.355989456176758
24.5,20.507624,3.9923763275146484
25.55,21.307432,4.2425678253173835
25.1,21.66017,3.4398303985595717
26.05,21.723654,4.32634620666504
25.6,21.46957,4.130429840087892
24.65,20.854567,3.795433425903319
20.95,19.987457,0.9625427246093743
18.3,18.950153,-0.6501533508300774
16.4,18.024952,-1.6249519348144545
16.95,17.00184,-0.05184059143066477
14.55,16.199791,-1.649790954589843
13.249999999999998,15.324038,-2.0740375518798846
13.249999999999998,14.6755085,-1.4255084991455096
13.1,14.160665,-1.0606645584106449
11.85,13.860242,-2.0102418899536136
10.750000000000002,13.798046,-3.048046112060545
12.000000000000002,13.858908,-1.8589076995849592
11.85,14.11019,-2.2601903915405277
11.6,14.561711,-2.9617113113403324
12.9,15.29684,-2.3968397140502926
16.3,16.393139,-0.09313888549804616
19.9,17.77341,2.126589202880858
22.25,19.09273,3.1572704315185547
21.850000000000005,20.369434,1.4805656433105518
22.35,21.424257,0.9257427215576186
22.099999999999998,22.137186,-0.037186050415041194
22.0,22.412441,-0.4124412536621094
20.85,22.385567,-1.5355667114257798
19.5,22.069986,-2.569986343383789
18.4,21.466198,-3.0661979675292983
17.05,20.46924,-3.419240188598632
16.15,19.354319,-3.2043186187744155
15.15,18.323322,-3.1733222961425778
14.45,17.450188,-3.0001876831054695
15.0,16.606256,-1.6062564849853516
14.55,15.734223,-1.1842233657836907
13.95,15.095591,-1.1455905914306648
13.55,14.592321,-1.0423213958740227
13.1,14.079101,-0.979100608825684
12.649999999999999,13.843774,-1.1937738418579116
12.050000000000002,14.041884,-1.9918844223022436
12.050000000000002,14.497029,-2.447029304504392
11.8,15.105472,-3.3054716110229485
12.45,16.094217,-3.6442173004150398
14.199999999999998,17.362213,-3.1622131347656275
16.3,18.82055,-2.520550918579101
18.45,20.151075,-1.7010753631591804
19.35,21.171766,-1.8217662811279283
19.1,21.748087,-2.6480869293212876
19.6,22.085043,-2.4850429534912095
19.55,22.213917,-2.6639167785644524
19.45,22.041357,-2.591357040405274
20.45,21.502283,-1.0522830963134773
19.55,20.719269,-1.1692687988281243
18.7,19.808807,-1.1088073730468757
17.2,18.876984,-1.6769836425781257
15.35,18.0493,-2.699299240112305
16.05,17.247341,-1.1973411560058587
12.950000000000001,16.538506,-3.5885055541992177
11.85,15.938015,-4.08801498413086
11.7,15.395356,-3.695356178283692
12.75,15.000389,-2.2503890991210938
12.649999999999999,14.616659,-1.9666591644287124
12.55,14.41219,-1.8621904373168938
10.9,14.478646,-3.5786462783813473
10.5,14.745502,-4.245502471923828
10.65,15.331129,-4.681129074096679
11.8,16.117363,-4.317362976074218
14.75,17.165014,-2.4150142669677734
17.95,18.24376,-0.2937591552734382
20.05,19.37717,0.6728294372558601
21.05,20.386038,0.6639621734619148
22.0,20.967161,1.0328388214111328
22.35,21.301195,1.048804855346681
23.0,21.42227,1.5777301788330078
23.4,21.229563,2.1704372406005845
23.1,20.900372,2.1996284484863295
22.3,20.303392,1.9966075897216804
20.55,19.581715,0.9682853698730476
19.45,18.713411,0.7365886688232415
18.5,17.856886,0.6431140899658203
15.4,17.077297,-1.677297210693359
14.05,16.21788,-2.167880249023437
12.15,15.39014,-3.240139579772949
11.15,14.778079,-3.628079032897949
11.2,14.435037,-3.2350366592407234
12.2,14.324399,-2.1243989944458015
13.4,14.514856,-1.1148563385009762
13.4,14.645753,-1.245752906799316
13.0,14.919265,-1.919264793395996
13.1,15.399279,-2.2992786407470707
13.1,16.074936,-2.974935913085938
14.55,17.073599,-2.5235988616943352
15.75,18.25486,-2.5048599243164062
17.1,19.384811,-2.284811401367186
18.3,20.210981,-1.910981369018554
18.4,20.908772,-2.5087715148925795
18.8,21.377079,-2.577079010009765
18.9,21.59857,-2.6985698699951186
19.2,21.516748,-2.3167484283447273
19.05,21.308777,-2.2587768554687493
17.95,20.80102,-2.8510196685791023
16.95,20.158707,-3.208706665039063
15.549999999999999,19.490658,-3.9406578063964854
14.45,18.69951,-4.249510574340821
13.600000000000001,17.803707,-4.203707122802733
12.7,16.932957,-4.232956695556641
12.15,16.068264,-3.918264007568359
11.7,15.321768,-3.6217678070068366
11.25,14.748237,-3.498236656188965
11.85,14.502716,-2.6527160644531254
12.599999999999998,14.4826145,-1.8826145172119162
12.85,14.660203,-1.8102029800415043
12.000000000000002,14.874705,-2.8747053146362287
11.5,15.311265,-3.811264991760254
12.75,15.899125,-3.149125099182129
15.15,16.699657,-1.5496574401855465
17.55,17.517906,0.03209381103515696
19.0,18.338703,0.6612968444824219
19.85,19.074524,0.7754760742187514
20.95,19.670456,1.2795440673828118
21.850000000000005,20.085691,1.7643085479736378
21.6,20.335655,1.2643447875976577
21.95,20.392881,1.557118606567382
21.6,20.179472,1.4205280303955092
20.85,19.665548,1.1844516754150405
17.3,18.937517,-1.6375171661376946
15.95,18.079985,-2.129984664916993
15.200000000000001,17.275202,-2.0752017974853505
15.8,16.383158,-0.5831577301025384
14.6,15.628833,-1.028832817077637
13.4,14.947398,-1.5473981857299801
12.2,14.408965,-2.2089651107788093
10.9,14.048521,-3.148521041870117
11.0,13.833322,-2.8333215713500977
10.55,13.828788,-3.2787878036499016
10.25,14.130257,-3.8802566528320312
10.15,14.594293,-4.444292640686035
9.4,15.207457,-5.807456588745117
11.7,16.082138,-4.382138061523438
14.95,17.111406,-2.161406326293946
17.7,18.023582,-0.32358245849609446
19.8,18.982025,0.8179748535156257
21.8,19.729958,2.0700424194335945
23.45,20.383844,3.0661556243896477
24.7,20.881037,3.8189632415771477
25.1,21.162945,3.9370552062988295
25.55,21.155739,4.3942611694335945
25.25,20.882528,4.367471694946289
24.349999999999998,20.34441,4.005590057373045
21.7,19.52893,2.1710693359374993
20.4,18.586483,1.8135169982910142
19.6,17.666578,1.9334217071533217
18.45,16.89226,1.557740402221679
16.7,16.161144,0.5388557434082024
15.35,15.483294,-0.13329353332519567
14.250000000000002,14.928965,-0.6789646148681623
13.249999999999998,14.427611,-1.1776113510131854
12.649999999999999,14.147442,-1.4974418640136733
12.25,14.020337,-1.7703371047973633
11.8,14.003673,-2.2036725997924798
11.5,14.158471,-2.65847110748291
11.65,14.440536,-2.7905355453491207
12.9,15.075514,-2.1755138397216793
14.15,15.972522,-1.8225217819213864
16.6,17.117643,-0.5176433563232408
19.25,18.203188,1.0468120574951172
21.8,19.244293,2.5557067871093757
24.05,20.182423,3.8675773620605476
25.55,20.892729,4.6572711944580085
26.1,21.321383,4.778617477416994
26.65,21.41527,5.234730148315428
26.350000000000005,21.144861,5.205138778686528
25.6,20.658358,4.941642379760744
22.9,19.836363,3.0636371612548814
21.500000000000004,19.024029,2.4759712219238317
19.75,18.22897,1.5210304260253906
18.1,17.476238,0.6237617492675795
16.6,16.65902,-0.05901947021484233
15.35,15.915876,-0.565876388549805
14.250000000000002,15.240573,-0.9905729293823224
13.299999999999999,14.715686,-1.4156858444213878
12.950000000000001,14.323995,-1.3739946365356435
13.899999999999999,14.067394,-0.1673942565917983
14.199999999999998,14.0176735,0.1823265075683569
13.95,14.16904,-0.21903972625732493
13.899999999999999,14.57783,-0.6778303146362319
14.250000000000002,15.281939,-1.0319385528564435
15.200000000000001,16.119223,-0.9192226409912099
17.05,17.185444,-0.13544387817382741
19.3,18.280638,1.0193622589111335
21.649999999999995,19.47419,2.1758102416992138
23.6,20.619837,2.980163192749025
24.950000000000003,21.477682,3.472317886352542
25.55,21.985481,3.5645187377929695
26.1,22.110119,3.9898811340332045
25.85,21.860003,3.989997482299806
25.0,21.329552,3.6704483032226562
22.55,20.491241,2.0587585449218757
21.35,19.601826,1.7481742858886733
19.7,18.770855,0.9291450500488274
17.95,17.870481,0.0795185089111321
16.75,16.964664,-0.21466445922851562
15.65,16.044128,-0.39412841796874964
14.7,15.220719,-0.5207193374633796
13.85,14.556268,-0.7062677383422855
13.899999999999999,14.0617485,-0.1617485046386733
14.5,13.963327,0.5366725921630859
14.8,14.157915,0.6420848846435554
14.55,14.453652,0.09634761810302805
14.55,15.135814,-0.5858137130737298
15.4,16.030506,-0.6305061340332028
16.65,16.994648,-0.34464797973632955
18.05,18.098747,-0.04874725341796804
20.35,19.263363,1.086637115478517
22.700000000000003,20.432842,2.267157745361331
24.55,21.465618,3.084381866455079
25.85,22.225193,3.624806976318361
26.149999999999995,22.638266,3.511734390258784
26.55,22.751001,3.798998641967774
26.350000000000005,22.458069,3.891931152343755
25.6,21.887959,3.7120414733886733
23.049999999999997,21.038292,2.0117080688476534
21.7,20.127365,1.5726348876953118
20.8,19.090475,1.7095249176025398
19.35,17.955215,1.394784545898439
17.85,16.958416,0.8915840148925795
16.5,16.04529,0.4547100067138672
15.35,15.288302,0.061697578430175426
14.4,14.605458,-0.20545825958251918
13.7,14.214333,-0.514332580566407
13.45,14.15374,-0.7037399291992195
13.0,14.323995,-1.3239946365356445
12.7,14.735277,-2.035277175903321
12.55,15.36461,-2.814609718322753
13.45,16.235209,-2.7852085113525398
15.1,17.314222,-2.21422233581543
18.05,18.450962,-0.4009620666503899
21.15,19.689188,1.4608119964599595
23.85,20.883478,2.96652183532715
25.5,22.00917,3.4908294677734375
26.4,22.796333,3.6036666870117173
26.55,23.146292,3.4037082672119148
26.95,23.183622,3.766377639770507
26.65,22.852282,3.7977184295654283
25.85,22.252089,3.5979114532470717
22.949999999999996,21.35216,1.5978404998779254
22.45,20.398846,2.0511543273925774
21.9,19.39795,2.5020507812499986
20.5,18.387716,2.112283706665039
19.35,17.419617,1.9303833007812514
18.5,16.534887,1.9651126861572266
17.6,15.745394,1.8546062469482436
16.55,15.108813,1.441186714172364
16.7,14.686916,2.01308364868164
16.65,14.517475,2.1325248718261705
16.15,14.527149,1.6228507995605455
15.850000000000001,14.761,1.0890003204345717
15.3,15.271173,0.028827476501465554
16.65,16.046919,0.6030811309814439
19.1,17.056843,2.0431571960449233
20.6,18.342863,2.2571369171142592
22.15,19.687185,2.4628147125244126
23.7,21.139109,2.5608913421630852
24.8,22.25373,2.5462692260742195
26.1,22.972391,3.1276088714599624
26.65,23.274265,3.375734710693358
26.75,23.249615,3.500385284423828
26.0,22.910767,3.0892333984375
24.950000000000003,22.269299,2.680701446533206
23.4,21.364443,2.0355571746826158
21.8,20.389788,1.4102123260498054
20.6,19.5308,1.0692001342773452
19.45,18.662447,0.7875530242919915
18.15,17.891098,0.2589019775390611
17.05,17.192585,-0.14258499145507741
16.05,16.58841,-0.5384094238281243
15.35,16.135878,-0.78587760925293
15.1,15.805876,-0.7058757781982425
14.95,15.749073,-0.7990730285644538
15.15,15.786284,-0.6362844467163082
14.6,16.085382,-1.485382461547852
14.5,16.60886,-2.1088600158691406
15.549999999999999,17.416868,-1.8668682098388683
17.55,18.493465,-0.9434654235839837
19.65,19.627539,0.02246131896972514
21.95,20.743586,1.2064144134521477
23.2,21.736664,1.4633361816406243
23.25,22.610046,0.63995361328125
23.15,23.199297,-0.049296951293946734
22.949999999999996,23.513048,-0.5630481719970746
23.049999999999997,23.453693,-0.40369338989258097
22.5,23.028658,-0.5286579132080078
21.3,22.371288,-1.0712882995605462
19.5,21.524422,-2.0244216918945312
17.95,20.5486,-2.598599243164063
16.75,19.567581,-2.8175811767578125
15.95,18.652271,-2.702271270751954
15.15,17.76692,-2.6169200897216793
14.95,16.957203,-2.007202911376954
14.35,16.138966,-1.7889656066894535
14.4,15.522507,-1.1225067138671871
13.650000000000002,15.149012,-1.4990116119384744
13.05,15.005085,-1.9550849914550774
12.5,15.208791,-2.7087907791137695
12.15,15.587169,-3.43716869354248
11.85,16.287977,-4.43797721862793
13.05,17.325058,-4.275057983398437
14.75,18.620813,-3.8708133697509766
16.05,19.965485,-3.9154846191406243
17.6,21.323895,-3.7238945007324205
19.3,22.529282,-3.229281616210937
20.4,23.274412,-2.8744121551513686
21.45,23.58417,-2.1341693878173835
19.55,23.644354,-4.094353866577148
20.0,23.42699,-3.426990509033203
19.8,22.963648,-3.163647842407226
19.55,22.236364,-2.6863643646240227
18.65,21.296106,-2.646106338500978
17.5,20.22435,-2.7243499755859375
16.55,19.158846,-2.608845901489257
15.499999999999998,18.156595,-2.656595230102541
14.35,17.325584,-2.975584411621094
13.4,16.602758,-3.202758407592773
11.400000000000002,16.084751,-4.6847511291503885
10.65,15.727026,-5.077025985717773
10.95,15.570044,-4.620043563842774
10.750000000000002,15.566749,-4.816748619079588
10.85,15.743897,-4.893897438049317
10.8,16.072731,-5.2727310180664055
10.95,16.600115,-5.650114822387696
12.599999999999998,17.314869,-4.714868927001955
14.8,18.149605,-3.3496047973632805
17.05,19.056175,-2.006175231933593
18.45,20.061737,-1.6117370605468757
19.35,21.13134,-1.7813400268554673
20.35,21.980421,-1.6304210662841783
21.500000000000004,22.550106,-1.0501060485839808
22.15,22.629042,-0.4790416717529311
22.700000000000003,22.449017,0.25098342895508097
22.6,22.113838,0.48616180419922017
21.850000000000005,21.54902,0.3009792327880909
19.85,20.83765,-0.9876502990722642
16.9,20.070992,-3.1709915161132827
17.35,19.159988,-1.809988403320311
15.0,18.19182,-3.1918201446533203
16.35,17.264273,-0.9142726898193345
14.849999999999998,16.402203,-1.552202606201174
13.05,15.61323,-2.5632297515869134
13.2,15.068281,-1.8682811737060554
12.5,14.790189,-2.290188789367676
12.950000000000001,14.73084,-1.780839729309081
13.4,14.863368,-1.4633680343627926
11.350000000000001,15.150998,-3.8009981155395494
10.3,15.648853,-5.348853302001952
13.55,16.377127,-2.8271266937255852
16.6,17.271318,-0.6713184356689439
19.35,18.29004,1.0599609375000014
21.7,19.21163,2.4883701324462884
23.1,20.063814,3.0361858367919936
23.899999999999995,20.784496,3.115503692626948
24.45,21.404125,3.0458747863769524
23.8,21.712034,2.0879657745361335
24.05,21.796282,2.2537181854248054
23.650000000000002,21.547201,2.102798843383791
22.75,21.073502,1.6764984130859375
20.35,20.351885,-0.0018848419189438914
17.35,19.402937,-2.0529369354248033
17.55,18.591274,-1.0412742614746087
17.3,17.720713,-0.42071266174316335
15.9,17.096586,-1.1965862274169918
14.15,16.418766,-2.2687660217285153
13.650000000000002,15.661105,-2.011105155944822
12.1,15.131366,-3.031365776062012
12.85,14.765028,-1.91502799987793
12.649999999999999,14.608754,-1.958754158020021
12.35,14.721509,-2.3715089797973636
11.5,14.85013,-3.350130081176758
11.400000000000002,15.096298,-3.6962982177734354
13.0,15.785319,-2.7853193283081055
16.4,16.784355,-0.38435516357422017
19.95,17.983788,1.9662124633789055
22.3,19.297825,3.00217514038086
24.100000000000005,20.38477,3.7152305603027393
25.45,21.217655,4.232344818115234
26.3,21.708334,4.59166603088379
26.45,21.963306,4.486693572998046
26.95,21.942856,5.007144165039062
26.45,21.736431,4.713568878173827
25.75,21.192913,4.557086944580078
23.85,20.450487,3.399512863159181
20.2,19.38226,0.8177406311035149
18.6,18.46596,0.1340404510498061
17.95,17.669884,0.28011627197265554
17.85,16.891647,0.9583526611328139
18.3,16.061192,2.23880844116211
17.45,15.321521,2.1284791946411126
15.1,14.75129,0.348709678649902
19.5,14.391942,5.108057975769043
18.65,14.307436,4.342564010620116
18.4,14.418265,3.9817346572875962
17.6,14.598558,3.001441574096681
17.95,14.9875765,2.9624235153198235
18.7,15.752925,2.9470750808715813
20.9,16.82367,4.076330566406249
24.000000000000004,18.213266,5.7867336273193395
24.6,19.607447,4.992553329467775
26.599999999999998,20.799726,5.800273513793943
25.95,21.732574,4.217425537109374
28.45,22.368423,6.081576538085937
28.95,22.62622,6.323779296874999
28.95,22.5659,6.384099197387695
28.7,22.250755,6.4492446899414055
23.750000000000004,21.660145,2.0898551940918004
22.75,20.884909,1.865091323852539
23.0,19.93252,3.0674800872802734
21.35,19.014977,2.3350234985351577
20.25,18.231129,2.018871307373047
19.4,17.47634,1.9236606597900376
18.5,16.910168,1.5898323059082031
17.75,16.33693,1.4130706787109375
18.25,15.761882,2.4881181716918945
17.7,15.797758,1.902241897583007
16.75,15.976904,0.7730960845947266
15.850000000000001,16.191067,-0.34106674194335795
14.8,16.559633,-1.759633255004882
14.7,17.313372,-2.613371658325196
14.849999999999998,18.27967,-3.4296707153320334
15.35,19.334606,-3.9846061706542972
17.05,20.470236,-3.4202358245849602
18.05,21.438652,-3.388652038574218
18.5,22.28649,-3.786489486694336
19.1,22.88638,-3.786379241943358
19.4,23.311522,-3.9115215301513686
17.55,23.551624,-6.001624298095702
15.499999999999998,23.485668,-7.985668182373049
16.3,23.15233,-6.85233039855957
16.65,22.054878,-5.404878234863283
15.8,21.072163,-5.272162628173827
14.849999999999998,20.28975,-5.439749145507815
14.300000000000002,19.528091,-5.22809143066406
13.85,18.72719,-4.877190017700196
13.7,17.958843,-4.258843231201173
13.15,17.289167,-4.139167404174804
12.55,16.704865,-4.154864501953124
12.599999999999998,16.318914,-3.7189144134521506
13.0,16.155397,-3.155397415161133
12.649999999999999,16.047096,-3.3970962524414077
12.35,16.108952,-3.758951568603516
11.7,16.339188,-4.639187622070313
10.95,17.007141,-6.057141113281251
11.65,17.862198,-6.212197875976562
12.649999999999999,18.77082,-6.120820617675783
13.75,19.819006,-6.069005966186523
14.7,20.750784,-6.050783920288087
16.1,21.539791,-5.439791107177733
17.25,22.105576,-4.8555755615234375
19.05,22.462885,-3.412884902954101
18.5,22.358288,-3.858287811279297
19.05,21.717957,-2.6679565429687493
17.95,21.19714,-3.247139739990235
17.55,20.563278,-3.013278198242187
17.0,19.801655,-2.801654815673828
16.15,19.021284,-2.871284103393556
15.200000000000001,18.212893,-3.0128925323486317
14.8,17.46719,-2.6671897888183587
14.35,16.81348,-2.463480377197266
14.250000000000002,16.239721,-1.9897212982177717
14.15,15.768831,-1.6188312530517575
14.300000000000002,15.692787,-1.3927871704101538
13.1,15.728602,-2.6286024093627933
12.9,15.82945,-2.929449653625488
12.4,16.05585,-3.6558490753173825
12.050000000000002,16.40946,-4.359460067749021
11.75,16.771204,-5.021203994750977
12.9,17.410383,-4.510383224487304
14.65,18.067137,-3.417136764526367
16.4,18.740301,-2.34030113220215
18.0,19.49079,-1.4907894134521484
19.3,20.236395,-0.9363948822021477
19.6,20.916157,-1.3161567687988267
19.15,21.561274,-2.411273574829103
19.15,21.694954,-2.5449539184570327
19.25,21.567486,-2.317485809326172
19.6,21.133938,-1.533937835693358
19.3,20.622896,-1.322896194458007
17.85,20.043592,-2.1935924530029283
16.55,19.327156,-2.7771560668945305
14.7,18.592882,-3.892882156372071
15.9,17.853231,-1.9532314300537106
13.0,17.218025,-4.218025207519531
12.5,16.619362,-4.119361877441406
12.35,16.18398,-3.8339809417724613
11.45,15.869188,-4.419188308715821
11.75,15.745025,-3.9950246810913086
11.0,15.696557,-4.69655704498291
11.3,15.747881,-4.447880935668945
9.95,15.957086,-6.007085609436036
10.4,16.308897,-5.908897018432617
13.15,16.874846,-3.724845504760742
15.850000000000001,17.616419,-1.7664188385009751
18.2,18.405382,-0.20538215637207102
19.9,19.247856,0.6521438598632798
20.65,20.092388,0.5576118469238267
21.25,20.731627,0.5183734893798828
21.7,21.126478,0.5735218048095696
22.25,21.308418,0.9415817260742188
22.35,21.429747,0.9202533721923842
22.25,21.28488,0.9651203155517578
21.6,20.995218,0.6047817230224624
18.65,20.311293,-1.661292648315431
16.7,19.499342,-2.7993419647216804
16.15,18.683893,-2.533893203735353
14.5,18.045002,-3.545001983642578
14.45,17.314302,-2.8643024444580085
14.849999999999998,16.62043,-1.7704299926757834
13.600000000000001,16.128796,-2.5287956237792955
13.0,15.720662,-2.7206621170043945
13.2,15.425052,-2.22505168914795
13.299999999999999,15.269328,-1.9693281173706065
11.65,15.292624,-3.642624473571777
11.65,15.32658,-3.6765800476074215
10.1,15.6154175,-5.51541748046875
12.9,16.303782,-3.4037815093994137
16.75,17.335314,-0.5853137969970703
20.4,18.49886,1.9011405944824205
22.700000000000003,19.766016,2.9339839935302763
24.3,20.861477,3.4385231018066413
25.5,21.723936,3.776063919067383
26.4,22.246357,4.1536430358886705
25.95,22.522083,3.427916717529296
26.0,22.554735,3.4452648162841797
25.7,22.338419,3.3615810394287102
24.950000000000003,21.87548,3.074519348144534
21.6,21.067755,0.532245254516603
21.8,20.185097,1.6149032592773445
20.6,19.347307,1.252692794799806
18.05,18.564678,-0.5146781921386712
17.0,17.8277,-0.8276996612548828
15.65,17.078445,-1.4284454345703121
14.75,16.380266,-1.6302661895751953
14.05,15.89436,-1.8443595886230462
13.85,15.709502,-1.859502220153809
13.5,15.650612,-2.1506118774414062
13.05,15.635439,-2.585438919067382
12.649999999999999,15.763999,-3.1139989852905288
12.5,16.020063,-3.5200634002685547
14.35,16.726507,-2.376507186889649
16.1,18.000786,-1.9007858276367173
18.4,19.566687,-1.1666866302490249
20.0,21.01252,-1.0125198364257812
21.649999999999995,22.342735,-0.6927352905273487
23.35,23.333307,0.01669273376464986
24.349999999999998,23.971384,0.3786159515380838
24.45,24.23692,0.21308059692382741
25.15,24.179445,0.9705547332763658
24.15,23.811808,0.3381923675537095
23.45,23.212307,0.23769302368163991
21.850000000000005,22.257244,-0.4072441101074169
19.2,21.328485,-2.1284854888916023
18.2,20.396582,-2.196581649780274
17.25,19.249645,-1.9996452331542969
16.5,18.255192,-1.7551918029785156
15.449999999999998,17.440174,-1.9901741027832056
14.4,16.6334,-2.233399963378906
13.45,16.004517,-2.5545166015625007
12.85,15.579759,-2.7297586441040043
12.15,15.405905,-3.2559047698974606
11.6,15.416893,-3.816893005371094
11.1,15.731681,-4.631680870056153
11.45,16.270967,-4.8209674835205085
13.75,17.133888,-3.3838882446289062
16.35,18.275179,-1.9251789093017564
18.25,19.63238,-1.3823795318603516
20.1,20.956238,-0.8562377929687486
21.8,22.214575,-0.4145748138427727
23.15,23.256924,-0.1069236755371108
24.15,24.06847,0.08152999877929545
23.899999999999995,24.382454,-0.4824539184570362
24.65,24.350262,0.2997383117675767
24.3,23.9154,0.38460044860839915
23.7,23.181496,0.518504333496093
21.6,22.240559,-0.6405586242675767
19.85,21.043413,-1.193413162231444
19.55,19.900465,-0.350465011596679
18.3,18.768656,-0.46865577697753835
19.25,17.780653,1.4693470001220703
18.65,16.943138,1.7068618774414048
18.25,16.251932,1.998067855834961
17.25,15.658371,1.5916290283203125
16.65,15.274519,1.375481033325194
16.7,15.066538,1.6334621429443352
16.55,15.117305,1.4326951980590827
16.4,15.498624,0.9013761520385728
16.9,16.255642,0.6443580627441392
18.05,17.273094,0.776905822753907
20.7,18.50446,2.1955406188964837
23.15,19.840342,3.3096584320068345
24.2,21.181643,3.0183574676513665
24.55,22.506598,2.0434024810791023
25.1,23.529112,1.5708881378173842
26.75,24.24799,2.5020103454589844
25.6,24.447268,1.1527324676513686
26.149999999999995,24.37985,1.7701496124267528
26.250000000000004,23.983519,2.2664813995361364
25.6,23.310627,2.2893730163574233
25.35,22.396606,2.9533935546875014
23.5,21.298117,2.201883316040039
22.4,20.201246,2.198753738403319
21.45,19.253235,2.1967651367187493
21.0,18.451305,2.548694610595703
21.0,17.755219,3.244781494140625
20.75,17.165894,3.5841064453125
20.45,16.676392,3.7736083984374993
19.35,16.380098,2.9699016571044936
19.05,16.284641,2.76535873413086
18.4,16.446848,1.9531520843505845
17.8,16.848835,0.9511650085449226
17.35,17.696415,-0.3464149475097642
19.2,18.70503,0.4949695587158196
22.15,20.009277,2.1407226562499986
25.1,21.364847,3.7351528167724624
27.65,22.582611,5.067388916015624
29.9,23.589573,6.310427093505858
31.349999999999998,24.286686,7.063314056396482
32.05,24.843493,7.206507492065427
32.0,24.860899,7.139101028442383
32.2,24.63955,7.560450744628909
31.700000000000003,24.221489,7.478511047363284
30.7,23.52811,7.171889495849609
27.75,22.634966,5.115034103393555
25.199999999999996,21.542198,3.657801818847652
24.65,20.597704,4.052296066284178
23.0,19.712038,3.287961959838867
20.95,18.914974,2.035025787353515
19.6,18.278494,1.3215061187744155
17.65,17.802715,-0.1527153015136733
16.8,17.42446,-0.6244594573974602
16.2,17.108782,-0.908781814575196
15.4,16.996912,-1.5969120025634762
15.65,17.157473,-1.5074726104736325
15.0,17.591646,-2.591646194458008
14.900000000000002,18.257902,-3.35790214538574
16.8,19.227846,-2.427846145629882
19.8,20.513926,-0.7139255523681634
22.800000000000004,21.9377,0.862299728393559
25.5,23.413546,2.086454391479492
27.5,24.665716,2.8342838287353516
29.0,25.591946,3.4080543518066406
30.0,26.143837,3.8561630249023438
29.65,26.124468,3.5255321502685533
30.049999999999997,25.788548,4.2614524841308565
29.6,25.067362,4.532638168334962
28.500000000000004,24.118479,4.3815212249755895
25.1,22.957512,2.1424880981445327
24.000000000000004,21.724194,2.2758064270019567
22.35,20.649063,1.700936889648439
21.95,19.506235,2.4437648773193352
19.8,18.403364,1.396635818481446
19.05,17.477032,1.5729682922363288
17.0,16.678076,0.32192420959472656
16.75,16.172348,0.5776519775390625
17.1,15.970894,1.1291061401367202
17.4,15.960932,1.439068222045897
17.6,16.276049,1.323951339721681
17.45,16.744385,0.7056152343749993
16.85,17.331923,-0.48192253112792827
18.4,18.32428,0.07572021484374858
20.05,19.65132,0.398680496215821
22.05,21.212753,0.8372467041015632
23.650000000000002,22.841448,0.8085521697998068
25.0,24.335503,0.6644973754882812
25.900000000000002,25.451225,0.4487747192382834
26.45,26.070206,0.3797943115234368
25.4,26.161314,-0.7613140106201186
25.5,25.811369,-0.3113689422607422
24.8,24.99819,-0.19818992614746023
23.85,23.957205,-0.10720481872558452
22.15,22.492403,-0.34240303039550923
20.45,21.160984,-0.7109840393066413
19.2,19.938435,-0.7384346008300788
18.0,18.541948,-0.5419483184814453
16.75,17.406303,-0.6563034057617188
15.449999999999998,16.676104,-1.2261035919189478
15.15,15.881339,-0.731339073181152
13.95,15.400651,-1.4506509780883796
13.650000000000002,15.387173,-1.7371726989746072
13.95,15.69395,-1.7439496994018562
14.6,15.8716545,-1.2716545104980472
12.649999999999999,16.415277,-3.765277481079103
12.55,17.118795,-4.56879539489746
15.850000000000001,18.134287,-2.2842868804931626
18.85,19.31177,-0.4617694854736314
21.1,20.685343,0.41465721130371236
22.85,22.177462,0.6725383758544936
24.3,23.596556,0.7034442901611335
25.15,24.71801,0.43199005126952983
25.8,25.471016,0.32898406982421946
25.1,25.718882,-0.6188816070556626
25.45,25.45115,-0.001150894165039773
25.050000000000004,24.780275,0.26972465515137145
24.4,23.790792,0.6092075347900376
22.65,22.551435,0.09856452941894389
19.9,21.23438,-1.3343807220458999
18.7,19.812073,-1.1120727539062507
19.05,18.65058,0.3994205474853523
17.8,17.53031,0.2696903228759773
16.75,16.582829,0.16717147827148438
16.0,15.877634,0.12236595153808594
15.3,15.344235,-0.04423542022705007
15.25,15.079164,0.1708364486694336
14.75,15.150355,-0.40035533905029297
13.7,15.511822,-1.8118217468261726
13.4,15.868692,-2.4686923980712887
14.95,16.40334,-1.4533393859863288
16.3,17.490915,-1.1909152984619134
19.15,18.846106,0.30389442443847514
21.15,20.311186,0.8388141632080064
22.949999999999996,21.7706,1.1794006347656207
24.55,23.070358,1.4796417236328132
25.85,24.203667,1.6463333129882827
26.95,24.977905,1.9720947265624993
27.1,25.145199,1.954801177978517
27.549999999999997,25.023159,2.526840972900388
27.15,24.492044,2.6579555511474595
26.3,23.688707,2.6112926483154304
24.4,22.719759,1.6802410125732408
22.65,21.562113,1.0878871917724595
20.8,20.383677,0.41632347106933665
19.15,19.24138,-0.09138069152832173
17.7,18.32026,-0.620259094238282
16.3,17.483475,-1.1834747314453118
15.05,16.886341,-1.8363410949707024
14.199999999999998,16.509827,-2.3098266601562525
14.300000000000002,16.369621,-2.0696212768554663
14.1,16.39373,-2.293730163574219
13.75,16.558634,-2.808633804321289
13.4,16.798134,-3.398133850097656
13.45,17.442999,-3.992998886108399
15.15,18.410713,-3.260713195800781
17.15,19.629736,-2.479735946655275
19.35,20.9375,-1.5874999999999986
21.649999999999995,22.233105,-0.5831047058105518
23.750000000000004,23.431702,0.31829833984375355
25.45,24.336428,1.1135723114013665
26.8,24.904116,1.895884323120118
27.0,25.061962,1.9380378723144531
27.449999999999996,24.857872,2.592127990722652
27.15,24.423687,2.7263130187988267
26.250000000000004,23.717901,2.532098770141605
24.3,22.775293,1.5247066497802741
22.45,21.719246,0.730754089355468
20.8,20.665232,0.13476829528808665
18.95,19.573435,-0.6234348297119148
17.45,18.552942,-1.1029422760009773
16.3,17.61747,-1.3174697875976555
15.449999999999998,16.767231,-1.3172309875488306
14.8,16.074835,-1.2748348236083977
14.7,15.735032,-1.0350320816040046
14.35,15.630769,-1.2807687759399418
14.05,15.761608,-1.7116081237792962
12.7,16.23906,-3.539059448242188
12.950000000000001,16.96766,-4.017660903930663
16.6,17.949104,-1.3491043090820298
20.9,19.097834,1.802166366577147
25.050000000000004,20.330145,4.719855117797856
27.449999999999996,21.679897,5.770102691650386
31.099999999999998,22.963667,8.136333084106443
32.9,24.033092,8.866907501220702
33.55,24.733967,8.816033172607419
33.45,24.942368,8.507632446289065
33.55,24.839338,8.710661697387692
34.25,24.434858,9.815141677856445
33.35,23.723764,9.626235580444337
31.2,22.733295,8.466704559326171
29.1,21.663944,7.436055755615236
28.2,20.445862,7.754138183593749
26.95,19.22743,7.72256965637207
26.149999999999995,18.15237,7.997629547119136
26.4,17.116547,9.283453369140624
25.299999999999997,16.276337,9.023663330078122
24.55,15.723482,8.826517868041993
22.949999999999996,15.439664,7.51033611297607
21.749999999999996,15.46066,6.289340019226071
20.2,15.77796,4.422040176391601
19.05,16.3255,2.7244995117187507
18.65,17.009943,1.640056991577147
18.85,18.281208,0.5687919616699233
19.7,19.93029,-0.23029022216796946
20.85,21.827467,-0.9774669647216783
23.0,23.565115,-0.5651149749755859
24.8,25.141857,-0.34185714721679616
26.350000000000005,26.379274,-0.02927436828612784
27.35,26.961927,0.38807258605957173
26.95,27.037128,-0.08712844848632884
27.200000000000003,26.729286,0.4707138061523466
26.8,26.138048,0.6619518280029304
25.95,25.1748,0.7751991271972649
24.349999999999998,23.999708,0.3502918243408182
21.45,22.66795,-1.2179496765136726
21.45,21.431631,0.018368911743163352
20.6,20.253752,0.34624824523925923
19.1,19.245253,-0.14525260925292827
17.9,18.433428,-0.5334278106689467
17.05,17.790455,-0.7404548645019524
16.45,17.51132,-1.061320114135743
16.35,17.383291,-1.0332912445068345
16.2,17.303354,-1.1033542633056648
16.0,17.434786,-1.4347858428955078
15.7,17.703754,-2.003754425048829
15.75,18.238558,-2.488557815551758
16.45,18.879278,-2.429278182983399
17.95,19.762167,-1.8121669769287116
18.6,20.776026,-2.176025772094725
18.05,21.99525,-3.945250701904296
17.45,23.234762,-5.784762191772462
17.95,24.242786,-6.292786407470704
18.7,24.8276,-6.127600479125977
19.25,24.820621,-5.570621490478516
19.45,24.412294,-4.9622943878173835
18.55,23.671091,-5.121091079711913
17.95,22.59114,-4.641140747070313
16.1,21.254017,-5.154016876220702
16.45,19.61411,-3.164110946655274
15.850000000000001,18.190048,-2.340048217773436
15.75,16.59847,-0.8484706878662109
14.900000000000002,14.7945,0.1054996490478537
15.3,13.852837,1.447163391113282
14.55,13.269748,1.2802522659301765
14.0,12.992247,1.0077533721923828
13.45,12.858099,0.5919010162353509
13.0,12.698344,0.30165576934814453
12.85,12.584629,0.265370941162109
11.9,12.884632,-0.9846321105957028
13.05,13.931012,-0.8810121536254876
14.4,15.346772,-0.946772193908691
16.45,16.672483,-0.2224834442138679
18.85,17.780203,1.0697971343994155
21.2,18.552658,2.647341918945312
23.15,19.251455,3.8985446929931626
24.55,20.153034,4.396965789794923
25.1,21.05995,4.040050125122072
26.0,21.622892,4.377107620239258
26.45,21.973978,4.47602195739746
26.250000000000004,21.827759,4.4222412109375036
24.950000000000003,21.266537,3.6834632873535185
22.9,20.27364,2.6263603210449205
20.3,19.297613,1.0023868560791023
18.55,18.448784,0.10121612548828196
17.15,17.598965,-0.4489646911621108
15.850000000000001,16.93212,-1.0821193695068345
14.65,16.405039,-1.7550388336181637
13.2,15.929498,-2.729497718811036
12.4,15.55344,-3.1534400939941403
13.249999999999998,15.354051,-2.1040506362915057
13.899999999999999,15.308248,-1.408247566223146
13.55,15.481647,-1.931646537780761
13.2,15.737023,-2.537023353576661
13.55,16.228855,-2.67885513305664
15.35,17.0602,-1.7101997375488285
17.2,18.105873,-0.905873107910157
19.35,19.580486,-0.23048629760742045
20.9,21.107376,-0.20737609863281392
22.0,22.50918,-0.5091800689697266
22.45,23.618368,-1.1683681488037116
22.800000000000004,24.302729,-1.5027286529540973
22.85,24.708134,-1.8581336975097642
22.5,24.673975,-2.1739749908447266
22.5,24.295238,-1.7952384948730469
22.4,23.569107,-1.169107055664064
20.6,22.543812,-1.9438117980957017
19.15,21.466164,-2.3161636352539077
17.6,20.350819,-2.7508186340332017
16.2,19.297365,-3.0973651885986335
14.95,18.267971,-3.31797103881836
13.05,17.389872,-4.339871597290038
11.85,16.561443,-4.711443328857422
11.6,15.924342,-4.324342155456543
12.35,15.610848,-3.260848426818848
11.400000000000002,15.618551,-4.218551254272459
10.750000000000002,15.788605,-5.038604736328123
10.95,15.986178,-5.036178398132325
11.55,16.432074,-4.882073593139648
13.899999999999999,17.217161,-3.3171611785888686
16.45,18.168604,-1.7186038970947273
18.3,19.225136,-0.9251358032226555
20.05,20.408596,-0.35859603881835866
21.55,21.476667,0.07333259582519602
22.75,22.261707,0.4882926940917969
23.25,22.683023,0.5669765472412109
23.25,22.837624,0.41237640380859375
23.4,22.731794,0.6682056427001939
22.9,22.351233,0.5487674713134751
22.2,21.760141,0.4398586273193352
21.15,21.007334,0.14266624450683452
19.7,20.070274,-0.37027435302734446
18.8,19.092678,-0.29267807006835866
17.75,18.080166,-0.3301658630371094
17.1,17.14147,-0.041469955444334516
15.4,16.193357,-0.7933574676513668
14.55,15.284516,-0.7345163345336907
15.3,14.680381,0.6196191787719734
13.1,14.437074,-1.3370737075805668
13.05,14.322534,-1.2725336074829094
12.5,14.399139,-1.899139404296875
11.85,14.770492,-2.9204916000366214
12.85,15.458188,-2.608188056945801
15.449999999999998,16.559467,-1.1094673156738306
17.65,17.968517,-0.3185173034667983
19.45,19.418146,0.03185386657714773
20.9,20.853455,0.04654541015624858
22.5,22.13722,0.3627796173095703
23.55,23.099588,0.45041160583496165
24.100000000000005,23.670359,0.4296413421630909
24.05,23.796438,0.2535617828369148
25.199999999999996,23.621477,1.5785228729248004
24.249999999999996,23.168247,1.0817527770996058
22.55,22.526213,0.023787307739258523
20.85,21.59887,-0.7488693237304673
19.05,20.619095,-1.5690948486328118
17.85,19.611233,-1.761232757568358
16.7,18.633278,-1.933277893066407
15.6,17.747952,-2.1479515075683597
14.6,16.85297,-2.252970123291016
13.600000000000001,16.135336,-2.5353359222412095
12.45,15.767295,-3.317294883728028
11.949999999999998,15.451193,-3.5011928558349634
12.35,15.28857,-2.9385704040527347
12.55,15.3863945,-2.836394500732421
11.350000000000001,15.645326,-4.295325660705565
12.75,16.31569,-3.5656890869140625
14.75,17.361618,-2.6116180419921875
16.65,18.549175,-1.8991752624511733
17.9,19.844168,-1.9441677093505874
18.65,21.030867,-2.380866622924806
20.75,22.126171,-1.3761711120605469
21.850000000000005,23.004751,-1.154751205444331
22.3,23.542143,-1.2421428680419915
22.25,23.749178,-1.4991779327392578
23.0,23.757002,-0.7570018768310547
22.6,23.325407,-0.7254070281982408
21.749999999999996,22.571136,-0.8211364746093786
20.25,21.63321,-1.383209228515625
18.65,20.575853,-1.9258533477783217
17.3,19.47006,-2.1700603485107415
16.25,18.45445,-2.2044506072998047
15.4,17.473988,-2.0739875793457028
14.65,16.53047,-1.8804698944091793
14.15,15.802201,-1.6522012710571286
13.7,15.260351,-1.5603511810302741
13.7,14.727342,-1.0273416519165046
13.4,14.662281,-1.2622810363769528
13.05,14.921176,-1.8711759567260735
12.950000000000001,15.277875,-2.327874946594237
13.650000000000002,16.073454,-2.42345390319824
14.849999999999998,17.19805,-2.348049545288088
16.1,18.414297,-2.3142971038818345
17.75,19.61437,-1.864370346069336
18.75,20.670513,-1.9205131530761719
20.35,21.797964,-1.4479640960693345
21.649999999999995,22.676962,-1.026961898803716
22.15,23.210356,-1.0603557586669936
21.649999999999995,23.377037,-1.7270370483398487
21.8,23.355778,-1.555777740478515
21.3,22.988071,-1.68807144165039
20.4,22.357014,-1.9570137023925795
18.8,21.46572,-2.6657192230224602
17.1,20.45269,-3.3526901245117173
15.95,19.430721,-3.480721282958985
15.05,18.428015,-3.3780147552490227
14.15,17.439304,-3.2893043518066403
13.249999999999998,16.56854,-3.318540573120119
12.15,15.945288,-3.795287704467773
11.55,15.43381,-3.8838102340698235
11.9,15.234043,-3.3340431213378903
12.25,15.243111,-2.9931106567382812
13.05,15.483481,-2.4334814071655266
12.55,15.9543,-3.404299926757812
12.4,16.72856,-4.328559494018554
14.1,17.646822,-3.546821975708008
16.15,18.677004,-2.5270038604736342
17.7,19.738575,-2.038574981689454
19.3,20.817457,-1.517457199096679
20.95,21.854418,-0.904417800903321
22.25,22.682781,-0.4327812194824219
23.35,23.217144,0.13285598754882955
22.6,23.3652,-0.765200042724608
23.650000000000002,23.149733,0.5002674102783224
23.45,22.718252,0.7317478179931634
22.6,22.055157,0.5448432922363295
21.05,21.190771,-0.14077110290527273
19.1,20.170029,-1.070028686523436
17.85,19.133352,-1.2833522796630845
16.65,18.197166,-1.5471664428710952
15.499999999999998,17.321878,-1.8218784332275408
14.35,16.494017,-2.1440166473388675
13.55,15.804248,-2.254247856140136
13.1,15.290471,-2.1904710769653324
13.05,15.090026,-2.040025901794433
12.75,15.0725975,-2.3225975036621094
12.35,15.421376,-3.07137622833252
12.1,15.900551,-3.8005508422851566
12.5,16.554363,-4.054363250732422
14.65,17.437824,-2.7878242492675778
16.9,18.450462,-1.5504623413085952
18.95,19.521196,-0.571196365356446
20.9,20.63692,0.26307907104492045
22.700000000000003,21.670778,1.02922172546387
24.349999999999998,22.493303,1.8566967010498026
25.7,23.03668,2.663319778442382
25.55,23.20845,2.341549682617188
26.2,23.129076,3.070923995971679
26.05,22.826828,3.223171997070313
25.55,22.21316,3.336840438842774
24.000000000000004,21.396967,2.603033065795902
21.9,20.38103,1.5189708709716783
19.95,19.37814,0.5718605041503899
18.25,18.434717,-0.18471717834472656
16.8,17.607643,-0.8076431274414055
15.850000000000001,16.870287,-1.020286941528319
15.25,16.245367,-0.9953670501708984
14.75,15.778445,-1.0284452438354492
14.95,15.508111,-0.5581110000610359
14.75,15.439067,-0.6890668869018555
14.5,15.607442,-1.1074419021606445
14.300000000000002,15.95059,-1.6505901336669897
14.6,16.495588,-1.895588302612305
16.15,17.34943,-1.199430084228517
18.2,18.394287,-0.1942871093750007
20.55,19.561415,0.988585281372071
22.949999999999996,20.78295,2.16705055236816
25.199999999999996,21.812572,3.387427520751949
27.15,22.778042,4.371958160400389
28.500000000000004,23.33503,5.164970397949222
28.45,23.572721,4.877278518676757
28.8,23.56011,5.239889907836915
28.849999999999998,23.227623,5.622377014160154
27.9,22.647358,5.2526420593261705
25.85,21.854332,3.9956680297851577
22.3,20.905188,1.3948123931884773
20.2,19.875294,0.32470626831054616
18.85,18.834774,0.015225982666017046
17.9,17.854267,0.045732879638670454
17.2,16.96766,0.23233909606933523
16.6,16.254698,0.34530220031738423
16.1,15.714471,0.38552913665771626
16.15,15.452245,0.6977552413940415
15.95,15.400689,0.5493108749389641
15.7,15.524467,0.17553253173828054
15.549999999999999,15.86431,-0.3143102645874034
16.05,16.457483,-0.40748329162597585
17.95,17.268417,0.6815826416015618
20.7,18.294243,2.4057571411132805
23.45,19.527859,3.92214126586914
26.3,20.82038,5.479620742797852
28.55,22.064775,6.485224533081055
30.25,23.147493,7.102506637573242
31.75,23.882671,7.867328643798828
31.6,24.221722,7.3782783508300795
31.949999999999996,24.23465,7.715350341796871
31.4,23.912453,7.487547302246092
30.1,23.351357,6.748643493652345
27.85,22.448845,5.401155090332033
25.0,21.230585,3.7694149017333984
22.85,19.956266,2.8937335968017592
21.1,18.818514,2.2814861297607436
19.85,17.807901,2.0420986175537124
18.9,16.96094,1.9390605926513658
18.05,16.256168,1.793831634521485
17.2,15.790075,1.4099246978759759
16.5,15.553319,0.946681022644043
16.2,15.516163,0.6838371276855462
15.65,15.729103,-0.0791030883789059
15.25,16.205229,-0.9552288055419922
15.65,17.024302,-1.3743015289306637
17.8,18.125662,-0.3256618499755852
20.65,19.49964,1.1503604888916001
23.650000000000002,20.936188,2.713812255859377
26.499999999999996,22.340076,4.159923553466793
29.05,23.6778,5.372200775146485
30.850000000000005,24.701588,6.148412322998052
32.1,25.345331,6.7546688079834
32.0,25.628563,6.371437072753906
32.55,25.4905,7.059500503540036
32.15,25.039652,7.1103481292724595
31.2,24.191542,7.00845832824707
29.2,23.06914,6.130860519409179
26.8,21.729876,5.070124435424805
25.050000000000004,20.369677,4.680323410034184
23.5,19.147202,4.3527984619140625
22.099999999999998,18.100601,3.9993988037109354
20.9,17.23068,3.6693195343017564
19.75,16.504763,3.245237350463867
18.8,16.096447,2.703553009033204
17.9,16.109123,1.7908767700195298
17.55,16.188292,1.3617084503173835
17.0,16.424957,0.575042724609375
15.7,16.764624,-1.0646236419677741
16.95,17.323376,-0.3733757019042976
19.5,18.16718,1.3328208923339844
22.55,19.257694,3.292305755615235
25.65,20.850407,4.799593353271483
28.35,22.398916,5.9510837554931655
30.55,23.838137,6.711863327026368
32.1,24.971128,7.128871536254884
32.9,25.682302,7.217697525024413
32.8,25.86616,6.933840560913083
32.95,25.513103,7.436896514892581
32.6,24.756126,7.843873596191408
31.949999999999996,23.566065,8.38393516540527
30.15,22.062824,8.08717575073242
27.75,20.463795,7.286205291748047
26.05,18.199518,7.850481796264649
24.15,16.183233,7.9667667388916
22.45,15.032529,7.4174711227416985
20.5,14.359118,6.140881538391113
18.45,14.06194,4.38805980682373
17.6,14.213282,3.386718368530275
17.25,14.664657,2.585343360900879
17.95,15.280554,2.669446182250976
17.25,15.967359,1.2826414108276367
14.849999999999998,16.555367,-1.7053665161132834
16.15,17.251045,-1.1010452270507827
19.1,18.207363,0.892636871337892
23.25,19.313292,3.936708450317383
27.25,20.324415,6.92558479309082
30.2,21.287195,8.912804794311523
32.2,22.23872,9.961280059814456
33.85,23.185457,10.664542770385744
35.15,23.551867,11.598133468627928
34.7,23.423498,11.27650184631348
35.55,23.055235,12.49476509094238
35.35,22.19163,13.158370590209962
34.55,20.860867,13.689133453369138
30.850000000000005,19.285301,11.564698791503911
29.0,20.183104,8.816896438598633
28.65,20.521986,8.128013992309569
27.65,20.35365,7.296350860595702
26.85,19.724037,7.125962829589845
25.75,18.599365,7.150634765625
24.4,17.044376,7.355623626708983
23.7,15.260219,8.439781379699706
22.9,13.422885,9.477115058898924
21.55,11.900271,9.649728584289551
19.9,10.592317,9.307683372497557
17.8,10.543175,7.256825256347657
19.05,10.973591,8.076409149169923
21.15,12.143864,9.006136322021483
23.2,13.652513,9.547487449645995
25.5,15.29503,10.204970359802246
27.95,16.866304,11.083695602416991
30.1,18.082384,12.017615890502931
31.949999999999996,18.981262,12.968737792968746
33.0,19.433813,13.566186904907227
32.8,20.717613,12.082386779785153
33.25,22.68268,10.567319869995117
33.05,24.585632,8.464367675781247
32.0,26.136038,5.863962173461914
30.15,26.83124,3.3187602996826158
28.399999999999995,26.75456,1.6454395294189403
26.9,25.828314,1.0716861724853501
25.4,24.795221,0.604778671264647
23.85,23.811644,0.038356399536134234
22.35,22.21893,0.13107070922851705
21.45,21.414415,0.03558464050292898
20.7,21.460508,-0.7605083465576179
20.45,21.962427,-1.5124271392822273
20.1,22.02575,-1.9257492065429673
19.75,21.534874,-1.7848739624023438
19.15,21.373459,-2.223458862304689
19.55,20.85377,-1.3037693023681634
20.75,20.602594,0.14740562438964844
21.6,20.586681,1.0133186340332045
23.650000000000002,21.42552,2.2244800567626974
26.05,22.742413,3.307587432861329
30.2,24.4357,5.764300537109374
32.9,26.374706,6.525293731689452
34.5,27.93737,6.562629699707031
34.45,27.886862,6.563138198852542
34.7,27.736456,6.963544082641604
34.1,27.6257,6.474300003051759
33.05,26.975328,6.074671554565427
30.850000000000005,25.420916,5.42908439636231
28.35,24.188856,4.161143875122072
26.4,23.249077,3.15092315673828
25.15,22.534336,2.615663909912108
24.05,21.992296,2.0577037811279304
23.049999999999997,21.058628,1.9913719177246065
22.15,19.962353,2.1876472473144517
21.6,18.930744,2.6692558288574233
23.1,18.016253,5.083747482299806
21.649999999999995,18.001373,3.64862670898437
20.75,18.647333,2.1026668548583984
20.15,20.096752,0.053247833251951704
21.0,21.099371,-0.09937095642089844
23.5,21.09183,2.408170700073242
27.15,20.928549,6.221451187133788
30.6,21.035711,9.564288711547853
33.85,21.659517,12.190482711791994
36.75,23.06371,13.686290740966797
37.95,25.135204,12.814795684814456
38.55,27.33322,11.216780471801755
39.4,28.334845,11.0651554107666
39.3,28.592892,10.707108306884763
38.6,28.72093,9.879069900512697
37.35,28.22161,9.128390884399415
34.5,27.517973,6.982027053833008
31.2,25.649193,5.5508071899414055
30.0,23.989294,6.010705947875977
28.2,22.5849,5.615100097656249
26.149999999999995,21.591984,4.558016204833979
24.75,20.932545,3.817455291748047
23.4,20.776167,2.623833084106444
22.85,21.255533,1.5944667816162124
23.15,21.165863,1.9841369628906236
22.700000000000003,20.726303,1.9736968994140653
21.6,21.059338,0.5406623840332045
21.6,21.888975,-0.28897514343261577
21.850000000000005,23.020414,-1.1704143524169872
23.2,24.363352,-1.1633518218994148
23.750000000000004,25.741411,-1.9914112091064418
25.900000000000002,26.43985,-0.5398498535156229
29.699999999999996,27.06139,2.6386100769042926
32.45,27.599487,4.850512695312503
34.65,27.652815,6.997185134887694
35.6,26.629992,8.970008468627931
34.5,25.15693,9.343069076538086
34.05,23.202026,10.847973632812497
33.6,22.1248,11.475200271606447
32.65,21.16222,11.487779998779295
30.45,20.479715,9.97028465270996
29.05,19.391047,9.65895347595215
27.5,18.089764,9.410236358642578
26.250000000000004,17.869427,8.380573272705082
25.25,17.895216,7.35478401184082
23.85,17.843636,6.00636444091797
22.4,17.727585,4.672415161132811
21.25,17.579296,3.670703887939453
20.7,17.437454,3.262545776367187
19.9,17.27627,2.623730087280272
19.2,17.102192,2.097808074951171
18.45,16.966797,1.4832031249999993
18.55,16.941008,1.6089923858642585
20.1,17.050613,3.049386596679689
22.45,17.31983,5.130170059204101
24.950000000000003,18.975853,5.974147033691409
27.200000000000003,20.600956,6.599044036865237
28.95,21.902918,7.047082138061523
29.85,22.802256,7.047744369506837
30.25,23.320637,6.929363250732422
29.1,23.445494,5.654506301879884
29.0,23.187439,5.81256103515625
28.1,22.576601,5.523398971557619
27.05,21.614712,5.435288238525391
25.55,20.893232,4.656767654418946
23.25,20.841654,2.408346176147461
21.7,20.712708,0.9872924804687493
20.4,20.493498,-0.09349784851074361
19.1,20.196918,-1.0969184875488267
17.9,19.848763,-1.9487625122070327
16.9,19.449026,-2.5490261077880874
16.2,19.049292,-2.849291610717774
15.95,18.617317,-2.667317199707032
15.549999999999999,18.256268,-2.706267547607423
14.849999999999998,17.97903,-3.1290306091308615
14.05,17.817846,-3.7678462982177727
15.35,17.779163,-2.4291633605957035
17.05,17.869427,-0.8194267272949212
18.9,18.049952,0.850048446655272
21.1,19.092068,2.007932281494142
23.25,20.538704,2.7112960815429688
25.25,21.753424,3.4965763092041016
26.9,22.66055,4.239450836181639
28.150000000000002,23.24945,4.900549316406252
28.500000000000004,23.403973,5.096027374267582
29.25,23.253704,5.996295928955078
29.2,22.766247,6.433753204345702
28.849999999999998,21.917768,6.932231521606443
26.9,20.703495,6.196504974365233
24.6,19.32008,5.2799201965332045
24.2,18.907448,5.292552185058593
22.2,18.430346,3.769654464721679
20.85,17.88232,2.967679595947267
19.7,17.30206,2.397940826416015
18.55,16.708902,1.8410976409912116
17.6,16.128641,1.4713588714599624
16.85,15.57417,1.2758298873901381
16.45,15.084171,1.3658287048339837
16.15,14.658647,1.4913534164428697
16.0,15.450517,0.5494832992553711
16.7,16.661707,0.03829307556152273
18.4,18.16431,0.23568954467773295
21.55,19.802094,1.7479064941406257
25.65,22.070316,3.579683685302733
29.800000000000004,24.038712,5.761288452148442
31.949999999999996,25.619768,6.3302318572998
34.15,26.40741,7.742590332031249
35.15,26.575033,8.574966812133788
35.25,26.466911,8.783088684082031
36.0,26.255869,9.744131088256836
34.7,26.07247,8.627530288696292
33.7,24.796688,8.903311920166018
30.8,23.306982,7.493017959594727
28.8,21.711607,7.0883930206298835
27.75,20.22634,7.523660659790039
25.900000000000002,19.086561,6.8134387969970724
26.149999999999995,18.327015,7.822985076904292
23.8,17.736368,6.063631820678712
22.949999999999996,17.384495,5.565505218505855
22.65,17.317171,5.332828903198241
23.750000000000004,17.410362,6.33963775634766
23.3,17.671724,5.628275680541993
23.45,18.074553,5.375447463989257
23.6,19.000547,4.599452590942384
24.7,20.414257,4.285742950439452
26.75,21.240044,5.509956359863281
30.25,21.670973,8.57902717590332
32.2,22.411896,9.788104248046878
31.349999999999998,23.272802,8.077197647094724
32.25,24.118435,8.13156509399414
32.45,24.943922,7.506077957153323
32.5,25.429144,7.070856094360352
31.55,25.71496,5.835039901733399
30.999999999999996,26.038286,4.961713790893551
30.6,25.862364,4.737636184692384
29.15,24.607155,4.542845153808592
27.449999999999996,24.007406,3.442593765258785
25.050000000000004,22.81468,2.2353199005126996
23.6,21.215399,2.384601211547853
21.9,19.357334,2.542665863037108
20.8,17.704039,3.0959613800048835
19.75,17.001488,2.7485122680664062
18.75,16.567062,2.1829376220703125
18.0,16.483246,1.516754150390625
17.5,16.45101,1.048990249633789
17.45,16.405878,1.0441219329833977
17.35,16.3543,0.9957004547119155
16.7,16.32851,0.37148971557617116
16.95,16.360746,0.5892536163330071
18.45,17.092707,1.3572933197021477
20.3,18.692116,1.6078842163085945
22.25,20.321926,1.9280738830566406
24.5,21.568403,2.9315967559814453
26.599999999999998,22.5095,4.090499496459959
28.150000000000002,23.1281,5.021900558471682
29.25,23.376684,5.873315811157227
28.399999999999995,23.272375,5.127624893188472
29.0,22.80228,6.197719573974609
28.849999999999998,22.03141,6.818589782714842
28.2,20.984463,7.21553726196289
26.499999999999996,19.835867,6.6641330718994105
24.45,19.642447,4.807553482055663
23.3,19.384554,3.915446090698243
21.9,19.087975,2.812025451660155
20.6,18.752712,1.847287750244142
19.65,18.372318,1.277681732177733
18.7,17.98548,0.7145206451416009
17.95,17.585743,0.36425704956054616
17.7,17.205349,0.4946510314941399
17.25,16.812061,0.4379386901855469
16.6,16.489693,0.11030731201172017
16.0,16.276932,-0.2769317626953125
16.7,16.20601,0.493989181518554
18.6,17.54866,1.051339721679689
20.85,19.093721,1.7562786102294936
22.700000000000003,20.560183,2.13981742858887
24.4,21.844513,2.5554870605468736
25.8,22.92467,2.8753307342529304
26.75,23.720903,3.0290966033935547
27.1,24.239874,2.860126113891603
26.7,24.417433,2.2825672149658196
26.85,24.277142,2.5728584289550795
26.2,23.821121,2.378878784179687
25.65,23.038744,2.6112560272216783
24.45,21.906502,2.543498229980468
22.65,20.573751,2.0762485504150376
21.1,19.160158,1.9398418426513686
19.5,17.861078,1.6389217376708984
18.35,17.289164,1.0608364105224624
17.7,16.721798,0.9782020568847649
17.0,16.135088,0.8649120330810547
16.15,15.57417,0.5758298873901353
15.65,15.087771,0.5622285842895511
15.25,15.46485,-0.21485042572021484
14.65,16.103678,-1.4536777496337887
14.05,16.984232,-2.9342319488525384
15.25,18.417093,-3.167093276977539
17.25,20.388662,-3.138662338256836
18.85,22.284084,-3.434084320068358
20.4,23.865955,-3.4659553527832045
21.850000000000005,24.269617,-2.4196170806884716
23.750000000000004,24.741743,-0.9917430877685511
25.35,25.05915,0.29084930419922017
25.75,25.215536,0.5344638824462891
25.35,25.130423,0.21957740783691548
25.6,25.065079,0.5349212646484389
25.45,25.48156,-0.03155975341796946
24.7,24.7205,-0.020500946044922586
23.7,23.564087,0.1359130859374993
21.1,22.588491,-1.4884914398193345
21.3,21.836508,-0.5365077972412102
19.4,20.72592,-1.3259197235107436
18.65,19.638119,-0.9881187438964858
17.7,18.639183,-0.9391830444335945
16.9,18.106993,-1.2069927215576186
16.15,18.019144,-1.8691440582275405
15.65,18.154547,-2.504546737670898
15.1,18.592129,-3.4921287536621097
14.8,19.113075,-4.3130752563476555
14.1,19.725945,-5.625944519042969
15.35,20.946863,-5.596863174438477
17.6,22.354128,-4.754127883911131
19.8,22.66888,-2.8688804626464837
21.749999999999996,23.11872,-1.368719100952152
23.45,23.772339,-0.3223388671875007
25.0,24.514967,0.4850330352783203
26.4,25.326727,1.0732730865478501
27.4,26.176289,1.2237113952636705
27.449999999999996,26.871378,0.5786220550537067
28.25,27.771198,0.4788017272949219
28.25,29.012344,-0.7623443603515625
27.75,29.473717,-1.7237167358398438
26.2,28.916761,-2.7167613983154304
24.349999999999998,27.628284,-3.2782844543457053
21.8,26.53318,-4.7331802368164055
21.35,25.82305,-4.4730495452880845
20.0,24.742373,-4.742372512817383
19.45,23.996489,-4.546488571166993
18.55,23.480078,-4.930077743530273
17.9,23.149267,-5.249267196655275
17.75,22.824242,-5.074241638183594
17.35,21.600079,-4.2500785827636705
16.1,20.110025,-4.010025405883788
16.3,18.209707,-1.9097072601318352
17.35,17.034264,0.31573638916015767
19.75,16.285938,3.464061737060547
23.049999999999997,16.215273,6.834727096557614
26.1,17.035938,9.064061737060548
28.3,18.537247,9.762753295898438
30.25,20.53842,9.711580276489258
31.700000000000003,22.717579,8.98242111206055
32.75,24.47478,8.27522087097168
32.6,25.981503,6.618497467041017
32.95,26.950829,5.999171447753909
32.75,27.259838,5.490161895751953
32.15,27.191343,4.958656692504881
30.25,26.654995,3.5950050354003906
27.95,25.765419,2.184580993652343
27.25,24.861341,2.3886585235595703
26.2,24.162407,2.0375930786132805
24.8,23.939451,0.8605487823486335
22.85,23.028597,-0.1785968780517564
20.75,21.992449,-1.2424488067626953
19.7,21.366522,-1.6665218353271491
20.85,21.014408,-0.1644081115722642
21.45,21.293404,0.15659637451171804
22.75,21.811527,0.9384727478027344
22.65,22.561966,0.08803405761718608
21.0,23.466442,-2.466442108154297
25.0,24.07096,0.9290409088134766
28.95,24.432652,4.517348480224609
31.700000000000003,25.047638,6.652362060546878
33.6,25.897333,7.7026668548584
35.15,26.757778,8.39222183227539
36.05,27.61816,8.431839752197263
36.55,28.39423,8.155770111083982
36.1,29.106535,6.993465042114259
36.7,28.704992,7.995007705688479
36.35,27.45445,8.895549392700197
35.4,25.62411,9.775890731811522
33.35,24.184633,9.165366744995119
30.999999999999996,22.724373,8.275627136230465
28.35,20.878582,7.4714179992675795
26.599999999999998,18.914755,7.685245132446287
25.5,17.29617,8.20383071899414
23.7,16.818508,6.88149185180664
22.75,16.64443,6.105569839477539
22.099999999999998,16.444561,5.655438995361326
22.0,16.302721,5.69727897644043
21.6,16.20601,5.393989181518556
20.15,16.128641,4.0213588714599595
19.1,16.077063,3.022937393188478
21.6,16.300144,5.299855804443361
25.25,17.705912,7.544088363647461
28.8,19.362688,9.437311935424805
31.75,20.94673,10.80327033996582
34.4,22.26359,12.13641014099121
36.2,23.240137,12.959862899780276
37.1,23.84418,13.255820846557619
37.55,24.065157,13.48484306335449
36.85,23.950682,12.899318313598634
36.85,23.468365,13.38163528442383
36.3,22.700438,13.59956245422363
35.2,21.626522,13.573477935791018
32.4,20.94481,11.455189132690428
30.049999999999997,20.893232,9.156767654418942
28.2,20.75139,7.448609542846679
26.7,20.570864,6.1291362762451165
25.8,20.351654,5.448345947265626
25.299999999999997,20.093761,5.2062385559082
24.85,19.797182,5.052817916870119
24.4,19.48771,4.9122890472412095
24.5,19.191132,5.308868408203125
24.4,18.907448,5.492552185058592
23.95,18.68824,5.261759948730468
23.5,18.552845,4.947154998779297
24.349999999999998,18.591528,5.758472061157224
27.1,18.881659,8.218341445922853
29.95,19.32008,10.629920196533202
32.25,19.861656,12.388343811035156
34.1,21.143787,12.956212615966798
35.55,22.303486,13.246514129638669
36.65,23.129469,13.520531082153319
37.4,23.611547,13.788452529907225
37.45,23.813997,13.636002731323245
37.55,23.85472,13.695280838012692
37.0,23.28007,13.719930648803711
36.0,22.884512,13.115488052368164
33.95,22.569542,11.380458068847659
31.6,22.440596,9.159404373168947
29.35,22.208492,7.141507720947267
27.65,21.886124,5.763876342773436
26.1,21.512177,4.587823486328126
24.85,21.099548,3.7504516601562514
23.8,20.686918,3.1130817413330085
22.9,20.312971,2.587028884887694
22.25,20.016392,2.2336082458496094
21.8,19.797182,2.002817916870118
21.400000000000002,19.655342,1.7446578979492209
21.05,19.590868,1.4591320037841804
22.35,19.70692,2.6430793762207045
26.05,19.964815,6.085184860229493
30.15,20.300076,9.84992446899414
33.55,20.699812,12.850188064575192
36.1,21.112442,14.987557983398439
37.75,21.52507,16.224929809570312
38.75,22.336266,16.413734436035156
39.45,23.471832,15.978167724609378
38.9,24.120813,14.779186630249022
39.05,24.32626,14.723740386962888
38.55,24.517317,14.032683181762692
37.9,24.302114,13.597885513305663
35.45,23.678648,11.771352005004886
32.25,22.72129,9.528709411621094
29.95,22.389017,7.56098289489746
27.7,22.092438,5.607562255859374
25.7,21.718493,3.981507492065429
24.2,21.318758,2.8812419891357415
22.949999999999996,20.919022,2.0309783935546832
22.45,20.545074,1.9049255371093743
22.6,20.222708,2.3772922515869155
22.099999999999998,19.977709,2.1222911834716776
22.05,19.848763,2.2012374877929695
22.3,19.835867,2.4641330718994148
23.899999999999995,19.977709,3.9222911834716747
27.549999999999997,20.261393,7.288607406616208
31.15,20.648233,10.50176658630371
34.65,21.086653,13.563347244262694
37.3,21.550861,15.749138641357419
39.4,21.976387,17.423612976074217
40.6,23.05287,17.54713020324707
41.0,24.0274,16.97260093688965
40.4,24.783205,15.616794967651366
40.8,25.310692,15.489308166503903
40.2,25.503757,14.696242523193362
39.5,25.347456,14.152544021606445
35.05,24.808498,10.241501617431638
33.05,23.922266,9.12773399353027
31.4,22.849125,8.550875091552733
29.75,22.337439,7.412561416625977
26.65,21.950598,4.699402236938475
28.7,21.537968,7.162032318115234
26.250000000000004,21.138231,5.111768722534183
24.7,20.77718,3.922820281982421
22.45,20.493498,1.956502151489257
21.1,20.300076,0.799924468994142
20.15,20.17113,-0.021129226684571734
19.55,20.196918,-0.6469184875488274
20.0,20.33876,-0.3387603759765625
21.3,20.622444,0.6775558471679695
23.2,21.009285,2.190715026855468
25.5,21.447704,4.052295684814453
27.75,21.911913,5.83808708190918
29.75,22.662182,7.087818145751953
31.099999999999998,23.845482,7.254518127441404
32.0,24.826305,7.173694610595703
31.949999999999996,25.591658,6.358342361450191
32.25,26.091171,6.1588287353515625
31.8,26.256351,5.543648529052735
30.95,26.089296,4.8607036590576165
29.6,25.424957,4.175042724609376
27.449999999999996,24.599808,2.8501922607421832
25.900000000000002,23.445328,2.4546722412109396
24.45,22.62112,1.82887954711914
22.700000000000003,22.247175,0.45282478332519815
20.35,21.911913,-1.561912918090819
20.35,21.550861,-1.2008613586425767
19.1,21.176916,-2.076916122436522
20.55,20.841654,-0.29165382385253835
20.5,20.55797,-0.05797004699707031
19.35,20.36455,-1.014549636840819
18.4,20.300076,-1.9000755310058608
20.95,20.351654,0.5983459472656243
24.05,20.493498,3.5565021514892585
27.7,20.738497,6.9615032196044915
30.850000000000005,21.02218,9.827819442749028
32.9,21.35744,11.54255905151367
34.2,21.692703,12.50729675292969
35.0,22.759283,12.240716934204102
35.8,23.686516,12.113484191894528
35.7,24.374723,11.32527656555176
35.75,24.844254,10.905746459960938
35.25,24.994396,10.255603790283203
34.4,24.803782,9.596218490600585
32.65,24.21873,8.431269073486327
29.9,23.291807,6.608192825317381
27.549999999999997,22.156914,5.393086242675778
25.55,21.834543,3.7154567718505866
23.899999999999995,21.434809,2.4651912689208935
22.55,20.996391,1.553608703613282
21.400000000000002,20.570864,0.8291362762451193
20.5,20.17113,0.3288707733154297
19.95,19.900341,0.049658966064452414
19.2,19.719814,-0.5198143005371101
18.25,19.590868,-1.3408679962158203
17.55,19.526394,-1.9763938903808587
18.35,19.603764,-1.2537635803222642
20.05,19.784288,0.2657115936279304
22.099999999999998,20.042183,2.0578170776367166
24.8,20.377445,4.422554779052735
27.35,20.75139,6.598609542846681
29.5,21.125336,8.374664306640625
31.25,22.194384,9.05561637878418
32.7,23.340809,9.3591911315918
32.9,24.015713,8.88428726196289
33.65,24.202631,9.447369003295897
33.55,24.295214,9.254786300659177
32.7,24.054312,8.645688247680667
30.95,23.45436,7.49564094543457
28.399999999999995,22.318525,6.08147468566894
26.350000000000005,21.834543,4.515456771850591
24.950000000000003,21.473492,3.476508331298831
23.35,21.07376,2.2762409210205092
21.9,20.596655,1.3033451080322251
20.75,20.132446,0.6175537109375
19.85,19.655342,0.19465789794922017
19.4,19.24271,0.15728988647460795
18.85,18.907448,-0.05744781494140483
18.3,18.63666,-0.3366596221923821
17.9,18.456135,-0.5561347961425795
19.1,18.456135,0.6438652038574233
22.05,18.643106,3.4068935394287116
25.299999999999997,18.984818,6.315182495117185
28.45,19.43613,9.013869476318359
30.899999999999995,20.18985,10.71015014648437
32.65,21.47739,11.172609710693358
34.05,22.455706,11.594294357299802
35.25,23.104643,12.145357131958008
35.4,23.584131,11.815868759155272
35.8,23.751425,12.048575210571286
35.55,23.32475,12.225249099731442
34.75,22.420439,12.329561233520508
32.95,22.092438,10.857562255859378
30.7,21.976387,8.723612976074218
29.25,21.744282,7.505718231201172
27.65,21.421915,6.2280849456787095
26.0,21.009285,4.990715026855469
24.65,20.53218,4.117819213867186
23.4,20.029287,3.3707126617431626
22.25,19.526394,2.7236061096191406
21.6,19.062185,2.5378147125244155
21.1,18.668898,2.4311023712158217
20.65,18.352976,2.2970241546630845
20.6,18.1789,2.421100234985353
22.099999999999998,18.153109,3.94689140319824
25.55,18.288504,7.261496353149415
29.85,18.585081,11.264918899536134
32.8,19.286022,13.5139778137207
34.6,20.766638,13.833362197875978
36.35,21.980608,14.369392013549806
37.95,22.895649,15.054351043701175
39.0,23.47741,15.522590637207031
39.35,23.739956,15.610044097900392
39.5,23.860323,15.639677047729492
39.0,23.279797,15.720203399658203
37.85,22.000181,15.849818801879884
35.15,21.550861,13.59913864135742
32.05,21.396126,10.653874206542966
29.85,21.18981,8.660190200805665
28.2,20.919022,7.280978393554687
27.25,20.609549,6.640451431274414
26.55,20.248497,6.301502990722657
26.1,19.861656,6.238343811035158
25.199999999999996,19.474815,5.725184631347652
24.000000000000004,19.087975,4.91202545166016
23.5,18.739819,4.760181427001953
23.2,18.449688,4.750312042236327
23.2,18.29495,4.905049514770507
24.6,18.32074,6.279260253906251
28.35,18.585081,9.764918899536134
32.9,19.036396,13.86360397338867
37.2,19.90908,17.29091949462891
39.7,21.389702,18.310298156738284
41.25,22.551346,18.698654174804688
42.35,23.353706,18.99629364013672
43.00000000000001,24.053556,18.946443557739265
42.85,24.660675,18.189324951171876
43.1,24.667847,18.4321533203125
42.7,23.971563,18.728436660766604
41.75,23.046488,18.70351219177246
39.0,22.363226,16.63677406311035
37.05,22.221386,14.82861404418945
34.5,22.01507,12.484930038452148
32.75,21.744282,11.005718231201172
31.65,21.473492,10.176508331298827
31.15,21.176916,9.973083877563475
30.400000000000002,20.880337,9.519663238525393
27.200000000000003,20.55797,6.6420299530029325
28.849999999999998,20.209814,8.640185928344724
31.099999999999998,19.887447,11.212552642822263
24.75,19.668236,5.081764221191406
24.4,19.590868,4.809132003784178
26.9,19.70692,7.193079376220702
31.55,19.977709,11.57229118347168
35.6,20.403234,15.196765518188478
38.35,20.893232,17.456767654418947
40.9,21.40902,19.490980529785155
42.95,21.895718,21.054282379150393
43.9,23.475069,20.42493095397949
44.3,24.673552,19.626448440551755
44.25,25.350327,18.899673461914062
44.25,25.63423,18.61577033996582
43.70000000000001,25.861784,17.838216018676768
42.7,25.688568,17.011431884765628
39.7,25.083435,14.616564941406253
34.3,24.182478,10.117522048950192
32.85,23.03375,9.816249465942384
32.75,22.737175,10.012825012207031
32.15,22.414804,9.735195541381835
30.049999999999997,22.06665,7.983349609374997
32.25,21.731386,10.518613815307617
26.65,21.370337,5.279663467407225
27.75,21.060863,6.689136505126953
29.55,20.919022,8.630978393554688
29.6,20.815865,8.78413543701172
29.15,20.77718,8.37282028198242
28.0,20.931917,7.068082809448242
27.85,21.228495,6.621505355834962
30.25,21.589546,8.660453796386719
32.75,21.963491,10.786508560180664
34.35,22.973581,11.376418685913087
36.95,24.24813,12.701869201660159
38.6,25.383247,13.21675262451172
39.6,26.33511,13.264890289306642
38.55,27.036123,11.513876724243161
38.65,27.479952,11.17004814147949
37.8,27.595827,10.204172897338864
36.2,27.381655,8.81834526062012
34.2,26.835197,7.364802551269534
31.45,25.949995,5.500004959106445
28.8,24.924282,3.8757179260253913
27.15,23.889963,3.2600368499755845
25.65,22.880987,2.7690128326416
24.45,22.272964,2.177035522460937
23.4,21.976387,1.4236129760742173
22.4,21.692703,0.7072967529296861
22.2,21.447704,0.7522956848144524
21.749999999999996,21.370337,0.379663467407223
21.3,21.35744,-0.057440948486327414
20.85,21.434809,-0.5848087310791001
21.500000000000004,21.576653,-0.0766525268554652
22.949999999999996,21.744282,1.2057182312011676
24.950000000000003,21.924807,3.02519340515137
27.300000000000004,22.43659,4.863409805297856
29.6,23.577597,6.0224033355712905
31.700000000000003,24.765009,6.934991073608401
33.4,25.851713,7.548286819458006
34.75,26.764803,7.985197067260742
34.85,27.420666,7.4293342590332045
35.5,27.797878,7.702121734619141
35.35,27.900768,7.4492317199707045
34.75,27.656391,7.093608856201172
33.2,27.101192,6.0988075256347685
28.35,26.207289,2.1427112579345717
27.1,25.060392,2.0396076202392592
25.45,23.88021,1.5697891235351555
24.05,22.675312,1.3746879577636726
22.75,21.530249,1.2197513580322266
21.8,21.176916,0.6230838775634773
20.95,20.893232,0.0567676544189446
20.5,20.686918,-0.1869182586669922
20.05,20.493498,-0.4434978485107415
19.45,20.403234,-0.9532344818115241
18.85,20.416128,-1.5661281585693345
19.45,20.53218,-1.0821807861328132
21.1,20.699812,0.40018806457519673
23.3,20.906126,2.3938739776611335
25.75,21.261961,4.488039016723633
28.150000000000002,22.349335,5.800665283203127
30.25,23.443756,6.806243896484375
32.1,24.47174,7.628259277343751
33.5,25.393576,8.106424331665039
33.65,26.101015,7.548984909057616
34.3,26.60057,7.69942932128906
34.35,26.812916,7.537084197998048
34.0,26.68874,7.311260223388672
32.2,26.195915,6.004084777832034
29.6,25.145575,4.454425430297853
26.7,23.998726,2.701274108886718
24.950000000000003,22.688925,2.261075210571292
23.750000000000004,21.396126,2.3538742065429723
22.75,20.983496,1.7665042877197266
21.749999999999996,20.55797,1.1920299530029261
20.95,20.222708,0.7272922515869134
20.35,19.95192,0.3980804443359389
19.95,19.694025,0.2559749603271477
19.45,19.48771,-0.03771095275878977
19.0,19.34587,-0.3458690643310547
19.7,19.29429,0.4057094573974602
21.3,19.397448,1.9025524139404304
23.650000000000002,19.642447,4.007553482055666
26.3,19.964815,6.335184860229493
28.95,20.33876,8.611239624023437
31.25,21.150515,10.099485397338867
33.15,22.504553,10.645447158813475
34.55,23.70116,10.848839569091794
34.35,24.377874,9.972125625610353
35.0,24.556545,10.44345474243164
35.0,24.596493,10.403507232666016
34.65,24.401772,10.248228454589842
33.1,23.762285,9.337714767456056
30.7,22.7048,7.99520034790039
29.0,21.782965,7.217035293579102
27.300000000000004,21.460598,5.839402008056645
25.55,21.099548,4.450451660156251
23.899999999999995,20.712708,3.187292480468745
22.55,20.274286,2.275713729858399
21.45,19.861656,1.5883438110351555
20.7,19.474815,1.2251846313476555
20.05,19.139553,0.9104469299316413
19.45,18.881659,0.5683414459228509
18.95,18.733372,0.21662826538085866
19.9,18.733372,1.166628265380858
21.7,18.907448,2.792552185058593
24.3,19.21692,5.083079147338868
27.25,19.616657,7.633342742919922
30.0,20.067972,9.932027816772461
32.55,21.17793,11.372069168090817
34.65,22.208225,12.441774749755858
36.2,23.443195,12.756804656982425
36.35,24.118792,12.231208419799806
37.05,24.218588,12.831412124633786
36.95,23.635721,13.314278793334964
36.0,23.330853,12.669147491455078
34.1,22.602839,11.49716148376465
31.45,22.092438,9.357562255859374
29.75,21.924807,7.825193405151367
28.0,21.679808,6.320192337036133
26.3,21.35744,4.942559051513673
24.65,20.996391,3.65360870361328
23.3,20.596655,2.7033451080322273
22.2,20.196918,2.003081512451171
21.7,19.797182,1.9028179168701165
21.35,19.43613,1.9138694763183608
20.75,19.139553,1.6104469299316406
20.15,18.946133,1.2038673400878892
21.2,18.946133,2.25386734008789
23.55,19.113764,4.436236190795899
27.05,19.449026,7.600973892211915
30.6,19.874552,10.725448226928712
33.75,20.351654,13.398345947265625
36.1,21.17753,14.922469711303712
38.0,22.172205,15.827795028686523
39.4,23.500786,15.89921417236328
39.05,24.229506,14.820494461059567
39.25,24.407322,14.84267807006836
38.5,23.992468,14.507532119750977
36.95,23.764769,13.185231399536136
34.7,23.058216,11.6417839050293
31.949999999999996,22.492174,9.457825851440425
29.6,22.324543,7.275457000732423
27.799999999999997,22.079544,5.720455932617185
26.3,21.770071,4.529928970336915
24.9,21.396126,3.5038742065429673
23.650000000000002,20.996391,2.6536087036132834
22.700000000000003,20.58376,2.1162406921386747
22.25,20.196918,2.053081512451172
21.649999999999995,19.848763,1.8012374877929638
21.0,19.552183,1.4478168487548828
20.5,19.410343,1.0896568298339844
21.55,19.410343,2.139656829833985
24.100000000000005,19.616657,4.483342742919927
27.25,19.977709,7.27229118347168
30.45,20.44192,10.008080673217773
33.5,20.94481,12.55518913269043
36.4,21.421915,14.97808494567871
38.75,22.799728,15.950271606445312
40.25,24.127066,16.122934341430664
39.5,24.895937,14.604063034057617
39.6,25.098946,14.50105438232422
39.05,25.185894,13.864105987548825
37.95,24.945215,13.004784774780276
36.0,24.218004,11.78199577331543
33.1,23.136826,9.963174438476564
30.899999999999995,22.659805,8.240194702148433
28.65,22.363226,6.28677406311035
26.7,22.01507,4.684930038452148
25.4,21.641125,3.7588752746582017
24.3,21.254282,3.0457180023193366
23.4,20.854548,2.545452499389647
23.1,20.480602,2.6193977355957045
22.65,20.158236,2.4917644500732408
22.05,19.913237,2.1367633819580085
21.400000000000002,19.797182,1.6028179168701193
22.45,19.835867,2.6141330718994134
24.8,20.055077,4.744923400878907
27.799999999999997,20.390339,7.409661102294919
30.95,20.828758,10.121241760253906
33.9,21.292967,12.607033157348631
36.35,21.982819,14.367181396484376
38.35,23.310331,15.03966865539551
39.45,24.449993,15.000006866455081
39.0,25.324799,13.675201416015625
38.8,25.897352,12.902647781372067
38.8,26.109873,12.690127182006833
37.75,25.880928,11.869071960449219
35.65,25.251255,10.398744964599608
32.55,24.190691,8.359309005737302
30.6,22.930593,7.6694065093994155
28.65,22.608227,6.041773223876952
26.7,22.221386,4.478614044189452
25.25,21.795862,3.4541378021240234
24.249999999999996,21.35744,2.8925590515136683
23.4,20.94481,2.4551891326904283
23.25,20.570864,2.679136276245117
22.800000000000004,20.261393,2.538607406616215
22.2,20.080866,2.1191341400146477
21.649999999999995,20.029287,1.620712661743159
22.700000000000003,20.14534,2.5546600341796903
24.7,20.403234,4.296765518188476
27.1,20.75139,6.348609542846681
29.800000000000004,21.151125,8.648875045776371
32.65,21.589546,11.060453796386717
35.2,22.902824,12.297175598144534
37.2,24.144264,13.055735778808597
38.45,25.18956,13.260440063476565
38.4,25.995787,12.404213333129881
38.5,26.467545,12.032455444335938
38.05,26.637186,11.412813949584958
37.1,26.401724,10.698276138305665
35.1,25.78477,9.315230941772462
32.65,24.813002,7.836998367309569
30.6,23.648256,6.951743698120119
28.9,22.685596,6.2144035339355455
27.300000000000004,22.311647,4.9883525848388715
25.95,21.886124,4.063876342773437
24.8,21.460598,3.3394020080566413
23.85,21.035074,2.8149257659912124
23.6,20.815865,2.78413543701172
23.15,20.596655,2.553345108032225
22.45,20.454813,1.9951869964599602
21.9,20.416128,1.4838718414306626
22.949999999999996,20.519287,2.4307128906249957
24.8,20.764286,4.035713958740235
27.200000000000003,21.099548,6.100451660156253
30.0,21.473492,8.526508331298828
32.5,22.49322,10.006780624389648
34.75,23.816004,10.933996200561523
36.7,25.043434,11.656565856933597
38.1,26.036125,12.063874816894533
38.4,26.769444,11.630556488037108
38.85,27.196268,11.653731918334962
38.4,27.245926,11.154074096679686
36.9,26.941887,9.95811309814453
34.75,26.245598,8.504402160644531
32.5,25.208374,7.2916259765625
30.850000000000005,23.98451,6.865489578247075
29.4,22.72941,6.6705898284912095
27.85,22.311647,5.538352584838869
25.95,21.937702,4.012297821044921
24.55,21.589546,2.9604537963867195
23.650000000000002,21.254282,2.395718002319338
23.750000000000004,20.983496,2.76650428771973
23.35,20.790075,2.559924697875978
22.949999999999996,20.661127,2.288872909545894
22.45,20.648233,1.8017665863037102
23.35,20.764286,2.585713958740236
25.4,20.9706,4.4293998718261705
28.1,21.26718,6.832820510864259
30.7,21.576653,9.12334747314453
33.05,22.60481,10.445189285278317
35.5,23.867405,11.63259506225586
37.2,25.051825,12.148175430297854
38.45,26.05942,12.390580368041995
37.75,26.79693,10.953069686889648
38.05,27.283684,10.766316223144528
37.8,27.42539,10.374609756469724
36.75,27.153435,9.596565246582031
35.3,26.472048,8.827952194213864
33.4,25.503405,7.896595382690428
31.349999999999998,24.333084,7.016915893554685
29.75,23.118681,6.631319046020508
28.55,22.156914,6.393086242675782
27.449999999999996,21.782965,5.667035293579097
26.4,21.434809,4.965191268920897
25.5,21.176916,4.323083877563477
25.4,20.919022,4.480978393554686
24.9,20.725601,4.174398803710936
24.249999999999996,20.609549,3.6404514312744105
23.7,20.596655,3.103345108032226
24.349999999999998,20.712708,3.637292480468748
26.05,20.957706,5.092293548583985
28.45,21.26718,7.182820510864257
30.5,21.821789,8.678211212158203
32.0,23.119007,8.880992889404297
33.2,24.404177,8.79582328796387
34.1,25.60466,8.495339965820314
34.2,26.612255,7.587744903564456
34.6,27.339014,7.260985946655275
33.65,27.802162,5.847837829589842
32.35,27.913887,4.43611297607422
32.4,27.652683,4.747316741943358
31.55,27.022743,4.5272567749023445
30.45,26.122679,4.327321243286132
29.55,24.952358,4.597641754150391
28.8,23.739023,5.060976791381837
28.05,22.552418,5.497582244873048
27.85,21.937702,5.912297821044923
27.05,21.628231,5.421768951416016
26.0,21.344545,4.655454635620117
25.95,21.138231,4.811768722534179
25.4,20.9706,4.4293998718261705
24.950000000000003,20.880337,4.0696632385253935
24.7,20.880337,3.81966323852539
25.050000000000004,20.996391,4.0536087036132855
26.7,21.2156,5.4844009399414055
28.0,21.499283,6.5007171630859375
29.35,22.143671,7.2063289642334
30.049999999999997,23.388239,6.661761093139646
31.55,24.556417,6.99358253479004
32.4,25.638884,6.761116409301756
33.05,26.528416,6.5215843200683565
34.7,27.19726,7.502740097045901
35.1,27.54462,7.555379486083986
35.4,27.549128,7.850872421264647
33.45,27.23429,6.215710830688479
31.949999999999996,26.606535,5.3434650421142535
30.25,25.667965,4.582035064697266
28.55,24.545923,4.004076766967774
27.6,23.368061,4.231938934326173
26.8,22.178776,4.621224212646485
25.900000000000002,21.808756,4.091244125366213
24.950000000000003,21.537968,3.412032318115237
24.6,21.280073,3.3199268341064467
23.899999999999995,21.086653,2.8133472442626903
23.5,20.957706,2.5422935485839844
23.2,20.893232,2.3067676544189446
22.65,20.94481,1.7051891326904283
23.35,21.086653,2.2633472442626967
25.1,21.318758,3.7812419891357436
27.449999999999996,21.589546,5.8604537963867145
30.1,22.236523,7.8634773254394545
32.65,23.351873,9.29812660217285
34.85,24.492167,10.357833480834962
36.45,25.495256,10.954743576049808
37.45,26.346235,11.103764724731448
37.0,27.04939,9.95060920715332
36.8,27.510399,9.289601135253903
35.8,27.64354,8.15646057128906
34.3,27.332987,6.967013168334958
32.65,26.683685,5.966314697265624
30.7,25.749218,4.950782012939452
29.15,24.616379,4.533621215820311
27.449999999999996,23.44164,4.00835914611816
25.85,22.232592,3.617408370971681
24.55,21.731386,2.818613815307618
23.5,21.421915,2.078084945678711
22.65,21.16402,1.4859794616699205
22.25,20.94481,1.3051891326904297
21.95,20.764286,1.1857139587402337
21.45,20.674023,0.7759773254394524
21.0,20.674023,0.3259773254394531
21.9,20.790075,1.1099246978759751
23.7,21.009285,2.690715026855468
26.149999999999995,21.318758,4.831241989135737
28.8,22.023783,6.776217269897462
31.25,23.271248,7.978752136230469
33.3,24.487883,8.812117385864255
34.9,25.566242,9.33375778198242
36.05,26.485935,9.564064788818357
35.7,27.129078,8.57092208862305
36.05,27.497814,8.5521858215332
35.75,27.583658,8.166341781616211
33.4,27.33941,6.060589218139647
30.6,26.786488,3.8135124206542983
28.600000000000005,25.976334,2.6236663818359425
27.300000000000004,24.938932,2.361067581176762
26.149999999999995,23.770708,2.3792919158935497
25.0,22.517977,2.482023239135742
23.899999999999995,21.795862,2.1041378021240185
22.85,21.473492,1.3765083312988295
21.9,21.18981,0.7101902008056626
21.25,20.957706,0.2922935485839844
20.6,20.77718,-0.1771797180175767
20.05,20.661127,-0.6111270904541009
20.0,20.622444,-0.6224441528320312
21.45,20.686918,0.7630817413330071
22.700000000000003,20.867443,1.832556915283206
24.3,21.138231,3.1617687225341804
26.45,21.473492,4.976508331298827
28.55,22.570234,5.979765701293946
30.5,23.869326,6.630674362182617
32.05,25.081589,6.96841125488281
33.15,26.129831,7.0201686859130845
32.9,26.890858,6.0091423034667955
33.55,27.339014,6.210985946655271
33.4,27.412098,5.9879020690917955
32.55,27.009361,5.540638732910153
31.349999999999998,26.28077,5.069230651855467
29.65,25.236988,4.4130119323730455
28.3,24.087015,4.212984848022462
26.85,22.876936,3.9730640411376967
25.55,21.937702,3.6122978210449226
24.349999999999998,21.589546,2.7604537963867166
23.0,21.254282,1.745718002319336
21.8,20.931917,0.8680828094482429
21.1,20.661127,0.43887290954589986
20.6,20.454813,0.14518699645996236
19.9,20.300076,-0.4000755310058608
19.35,20.261393,-0.9113925933837876
21.15,20.351654,0.7983459472656236
23.1,20.570864,2.5291362762451186
25.4,20.867443,4.532556915283202
27.65,21.2156,6.434400939941405
29.75,22.238495,7.511505126953125
31.45,23.553738,7.89626235961914
32.85,24.751097,8.098903274536134
33.75,25.763063,7.986936569213867
33.35,26.46849,6.881509399414064
33.75,26.912453,6.837547302246094
33.5,26.99638,6.503620147705078
33.05,26.745972,6.304028320312497
31.949999999999996,26.131157,5.818843078613277
28.0,25.192587,2.807413101196289
27.05,24.031992,3.0180080413818366
27.35,22.802414,4.547586059570314
26.350000000000005,22.131123,4.218877410888677
25.15,21.757177,3.392822647094725
23.55,21.396126,2.1538742065429695
23.6,21.060863,2.5391365051269545
23.1,20.75139,2.348609542846681
22.55,20.519287,2.0307128906250007
21.8,20.351654,1.4483459472656257
20.8,20.274286,0.5257137298583991
22.55,20.36455,2.1854503631591804
24.8,20.609549,4.190451431274415
27.300000000000004,20.94481,6.355189132690434
29.800000000000004,21.318758,8.481241989135746
32.15,22.327774,9.822225952148436
33.85,23.610935,10.23906478881836
34.85,24.775097,10.074903106689455
35.25,25.735662,9.514337539672852
35.15,26.389688,8.76031150817871
35.45,26.758688,8.691312026977542
35.25,26.722677,8.527322769165039
34.75,26.337296,8.412704467773438
33.25,25.658184,7.591815948486328
29.3,24.625288,4.674711990356446
28.25,23.477543,4.772457122802734
28.600000000000005,22.595333,6.004666900634771
28.45,22.272964,6.177035522460937
26.85,21.937702,4.912297821044923
26.149999999999995,21.589546,4.560453796386714
25.050000000000004,21.280073,3.7699268341064496
24.75,21.009285,3.7407150268554688
24.15,20.790075,3.359924697875975
23.35,20.648233,2.7017665863037124
21.95,20.596655,1.3533451080322259
24.000000000000004,20.674023,3.3259773254394567
26.75,20.919022,5.8309783935546875
29.699999999999996,21.280073,8.419926834106441
31.8,21.679808,10.120192337036134
34.05,22.646034,11.403965759277341
35.6,23.930225,11.669774627685548
36.65,25.056816,11.59318389892578
37.2,25.942198,11.257802200317386
37.55,26.60042,10.949580001831052
38.05,26.986511,11.063488769531247
37.3,26.997572,10.302428054809567
35.8,26.674257,9.125742721557614
34.6,25.920052,8.67994842529297
32.25,24.925709,7.324291229248047
29.65,23.760786,5.889213943481444
28.45,22.724277,5.725722503662109
27.4,22.440596,4.959404373168944
26.250000000000004,22.079544,4.170455932617191
25.1,21.731386,3.3686138153076186
24.15,21.434809,2.715191268920897
23.5,21.18981,2.310190200805664
23.0,20.983496,2.0165042877197266
22.25,20.854548,1.3954524993896484
21.7,20.815865,0.884135437011718
22.65,20.931917,1.7180828094482408
24.249999999999996,21.202703,3.047296524047848
26.149999999999995,21.576653,4.573347473144526
28.3,21.976387,6.3236129760742195
30.35,23.269142,7.080857849121095
32.05,24.52107,7.5289295196533175
33.4,25.62723,7.772770309448241
34.3,26.499672,7.800328063964841
33.9,27.179222,6.720777893066405
34.25,27.616581,6.633419036865234
34.3,27.670345,6.629654693603513
33.8,27.387548,6.412451553344724
32.7,26.753237,5.94676322937012
30.8,25.848803,4.95119743347168
29.3,24.65483,4.645169067382813
27.75,23.387821,4.362178802490234
26.4,22.247175,4.152824783325194
25.4,21.911913,3.4880870819091783
24.75,21.60244,3.1475601196289062
24.2,21.318758,2.8812419891357415
23.049999999999997,21.07376,1.976240921020505
22.5,20.893232,1.6067676544189453
22.0,20.790075,1.2099246978759766
21.8,20.790075,1.0099246978759773
23.4,20.919022,2.480978393554686
25.45,21.138231,4.311768722534179
27.449999999999996,21.421915,6.028084945678707
29.3,21.912407,7.387593078613282
30.8,23.173931,7.626068878173829
32.0,24.38075,7.61924934387207
33.05,25.47821,7.571789550781247
33.75,26.406338,7.343662261962891
34.15,27.072952,7.077047729492186
33.5,27.48452,6.015480041503906
32.65,27.600351,5.0496486663818345
32.25,27.368952,4.881048202514648
31.2,26.803268,4.396731567382812
29.6,25.993113,3.6068874359130874
28.500000000000004,24.981413,3.5185871124267614
27.449999999999996,23.779905,3.6700946807861285
26.4,22.455782,3.9442180633544908
25.45,21.615334,3.834666442871093
24.55,21.331652,3.2183483123779304
23.8,21.086653,2.713347244262696
23.6,20.880337,2.719663238525392
23.15,20.725601,2.424398803710936
22.6,20.635338,1.9646621704101577
22.3,20.699812,1.600188064575196
23.25,20.893232,2.3567676544189453
24.6,21.151125,3.4488750457763686
26.1,21.447704,4.6522956848144545
27.75,22.214752,5.535247802734375
29.15,23.423489,5.726511383056639
30.6,24.56704,6.032960510253908
31.45,25.638754,5.811246109008788
32.5,26.584013,5.915987014770508
32.3,27.31287,4.9871299743652315
33.15,27.655903,5.4940971374511705
33.1,27.694675,5.405324554443361
32.85,27.356148,5.49385223388672
32.65,26.659683,5.990316772460936
30.95,25.667347,5.282653045654296
30.15,24.59782,5.552179718017577
28.600000000000005,23.436064,5.163936233520513
27.25,22.236965,5.013034820556641
26.149999999999995,21.705597,4.44440307617187
25.299999999999997,21.396126,3.903874206542966
24.5,21.125336,3.374664306640625
23.95,20.906126,3.043873977661132
23.35,20.75139,2.598609542846681
22.65,20.648233,2.0017665863037095
22.099999999999998,20.648233,1.4517665863037088
23.3,20.764286,2.535713958740235
25.050000000000004,21.009285,4.040715026855473
26.7,21.30586,5.39413948059082
28.849999999999998,21.856058,6.993941879272459
31.099999999999998,23.0718,8.028199768066404
32.75,24.260458,8.489542007446289
33.65,25.304375,8.34562530517578
34.4,26.208942,8.19105758666992
34.35,26.858511,7.4914890289306655
34.8,27.278778,7.521221923828122
34.9,27.390461,7.5095390319824205
34.75,27.17856,7.571439743041992
33.95,26.630095,7.319905471801761
32.05,25.770771,6.279228973388669
30.55,24.674517,5.875483322143555
29.15,23.50843,5.641569519042967
27.549999999999997,22.333961,5.216038513183591
26.1,21.873228,4.226771926879884
24.85,21.576653,3.2733474731445327
23.85,21.318758,2.5312419891357436
23.2,21.086653,2.1133472442626946
22.65,20.919022,1.730978393554686
23.15,20.828758,2.321241760253905
21.95,20.828758,1.1212417602539055
23.4,20.931917,2.4680828094482408
25.35,21.151125,4.198875045776369
27.65,21.434809,6.215191268920897
29.95,21.917809,8.032191467285156
31.8,23.206188,8.593811798095704
33.05,24.432419,8.61758117675781
34.05,25.523539,8.526461410522458
34.9,26.410973,8.489027404785155
35.2,27.060497,8.139502716064456
35.5,27.433516,8.066484451293945
34.85,27.527973,7.322026824951173
34.3,27.328835,6.971165466308591
32.1,26.803843,5.296157455444337
30.6,25.948753,4.651246643066408
29.3,24.90493,4.395069885253907
28.1,23.749556,4.350444412231447
26.75,22.550991,4.199008941650391
25.050000000000004,21.911913,3.138087081909184
24.45,21.60244,2.8475601196289055
24.2,21.318758,2.8812419891357415
23.7,21.07376,2.626240921020507
22.949999999999996,20.880337,2.0696632385253864
22.65,20.790075,1.8599246978759751
22.25,20.790075,1.4599246978759766
23.5,20.893232,2.6067676544189453
25.25,21.125336,4.124664306640625
27.15,21.434809,5.715191268920897
29.35,22.080936,7.269063568115236
31.349999999999998,23.336926,8.013074493408201
32.75,24.520231,8.229768753051758
33.75,25.572712,8.177288055419922
34.5,26.485847,8.014152526855469
34.3,27.180347,7.119652557373044
34.85,27.617662,7.232337570190431
34.7,27.729254,6.970746231079104
34.35,27.527885,6.822114562988283
33.45,26.900002,6.549998474121097
32.3,26.014795,6.285204696655271
30.2,24.964544,5.235455703735351
29.05,23.790966,5.259033966064454
28.0,22.603687,5.396312713623047
27.05,21.808756,5.241244125366212
25.75,21.512177,4.237823486328125
24.45,21.254282,3.1957180023193352
24.100000000000005,21.04797,3.0520301818847706
23.45,20.867443,2.5825569152832024
22.800000000000004,20.764286,2.0357139587402386
22.05,20.77718,1.2728202819824226
24.15,20.893232,3.256767654418944
27.0,21.125336,5.874664306640625
29.25,21.434809,7.815191268920898
31.4,22.1339,9.266100311279295
33.45,23.43317,10.016829681396487
35.15,24.64856,10.501440429687499
36.35,25.73312,10.616880035400392
37.15,26.663347,10.486652755737303
36.95,27.372797,9.577202987670901
36.95,27.835766,9.114234161376956
36.45,27.977299,8.472701263427737
36.0,27.801676,8.198324203491211
35.2,27.253122,7.946877670288089
32.7,26.389425,6.310574722290042
30.400000000000002,25.227713,5.172287368774416
31.05,24.00162,7.048380661010743
29.65,22.819386,6.8306144714355455
28.55,21.731386,6.818613815307618
27.7,21.447704,6.252295684814452
26.95,21.18981,5.760190200805663
26.65,20.983496,5.666504287719725
26.149999999999995,20.854548,5.2954524993896435
25.4,20.77718,4.6228202819824205
24.65,20.802969,3.8470310211181626
25.85,20.94481,4.905189132690431
28.45,21.228495,7.22150535583496
31.25,21.563755,9.68624496459961
33.6,22.622972,10.977027511596681
35.35,23.869503,11.480496978759767
36.85,25.083862,11.766137695312501
38.05,26.189888,11.860111999511716
38.8,27.11583,11.68417053222656
38.65,27.780212,10.869787597656249
38.8,28.170322,10.629677581787107
38.4,28.24751,10.152489089965819
37.7,27.998892,9.701108169555667
36.45,27.475954,8.97404594421387
34.0,26.629343,7.370656967163086
32.15,25.519035,6.63096466064453
31.75,24.361475,7.388525009155273
30.3,23.172905,7.127095031738282
29.15,22.092762,7.0572380065917955
28.05,21.563755,6.48624496459961
27.15,21.35744,5.7925590515136705
26.45,21.202703,5.247296524047851
25.8,21.112442,4.687557983398438
25.1,21.07376,4.026240921020509
24.5,21.112442,3.3875579833984375
25.299999999999997,21.26718,4.032820510864255
27.25,21.52507,5.7249298095703125
29.35,21.937881,7.412118530273439
31.45,23.16786,8.28213996887207
33.5,24.400381,9.099618911743164
35.35,25.5728,9.777200317382814
36.9,26.655088,10.244911575317381
38.1,27.578802,10.521197891235353
37.9,28.26884,9.631159210205077
38.65,28.688845,9.961155319213866
38.7,28.804499,9.895501327514651
38.25,28.615849,9.634151458740234
37.15,28.101387,9.048612976074217
33.55,27.231133,6.318867492675778
31.65,26.167942,5.482057952880858
30.0,25.018948,4.981052398681641
28.55,23.781029,4.768971252441407
27.05,22.673887,4.3761127471923835
25.95,21.738264,4.211735916137695
25.050000000000004,21.38323,3.6667697906494183
24.6,21.254282,3.3457180023193374
24.000000000000004,21.18981,2.8101902008056676
23.45,21.176916,2.273083877563476
22.9,21.26718,1.6328205108642564
23.7,21.40902,2.2909805297851555
25.35,21.615334,3.734666442871095
27.7,22.245625,5.454375457763671
30.2,23.416214,6.783786010742187
32.55,24.627186,7.922814178466794
34.55,25.82526,8.724739837646482
36.1,26.933294,9.166705703735353
37.05,27.865574,9.184426116943357
36.1,28.538437,7.561563110351564
36.65,28.988424,7.661575698852538
36.45,29.17694,7.273059082031253
35.55,29.082527,6.467472839355466
33.8,28.662348,5.137652206420896
31.65,27.804941,3.8450588226318345
30.15,26.797392,3.3526081085205064
28.749999999999996,25.652725,3.097274780273434
27.449999999999996,24.43734,3.012660217285152
26.250000000000004,23.257423,2.9925765991210973
25.25,22.191154,3.0588455200195312
24.4,21.35744,3.0425590515136705
24.2,21.228495,2.9715053558349602
23.7,21.16402,2.535979461669921
22.9,21.125336,1.7746643066406236
22.05,21.176916,0.8730838775634773
23.85,21.280073,2.5699268341064467
25.7,21.460598,4.23940200805664
28.0,22.204311,5.795688629150391
30.2,23.423092,6.776908111572265
32.2,24.686625,7.513375473022464
33.9,25.921198,7.978802108764647
35.1,27.055021,8.04497871398926
36.2,27.985155,8.214844894409183
35.65,28.640928,7.009071731567381
36.1,29.078024,7.0219760894775405
35.7,29.232271,6.467728805541995
34.9,29.07789,5.8221096038818345
33.45,28.601978,4.84802169799805
31.55,27.800304,3.749695587158204
30.15,26.788605,3.3613952636718736
28.749999999999996,25.579643,3.1703567504882777
27.449999999999996,24.366486,3.0835144042968707
26.250000000000004,23.169437,3.080562591552738
25.25,22.11923,3.130769729614258
24.5,21.292967,3.207033157348633
23.95,21.151125,2.7988750457763665
23.55,21.04797,2.5020301818847663
22.949999999999996,20.996391,1.953608703613277
22.55,21.009285,1.5407150268554695
23.8,21.125336,2.6746643066406257
25.55,21.344545,4.205454635620118
27.300000000000004,22.045557,5.254442977905278
29.450000000000003,23.246176,6.203824234008792
31.65,24.515062,7.134937667846678
33.55,25.7346,7.815399932861325
35.05,26.844776,8.205223846435544
36.15,27.77924,8.370760345458983
36.2,28.469324,7.730675888061526
36.95,28.919357,8.030642700195315
37.05,29.082306,7.967694091796872
36.7,28.872282,7.827717971801761
35.9,28.285046,7.614954376220702
34.0,27.3977,6.602300643920898
31.75,26.285294,5.4647064208984375
30.3,25.003557,5.296442794799805
28.849999999999998,23.693888,5.156112289428709
27.65,22.457085,5.19291534423828
26.55,21.37114,5.178860473632813
25.55,21.151125,4.398875045776368
24.75,20.983496,3.7665042877197266
24.2,20.854548,3.3454524993896477
23.650000000000002,20.77718,2.872820281982424
23.0,20.790075,2.2099246978759766
23.899999999999995,20.931917,2.968082809448237
25.6,21.176916,4.423083877563478
27.9,21.76852,6.131479644775389
30.45,22.987698,7.46230239868164
33.05,24.274876,8.775124359130857
35.15,25.509495,9.640505218505858
36.8,26.64546,10.154539871215817
38.0,27.582111,10.417888641357422
37.65,28.276567,9.373432540893553
38.15,28.75239,9.397610092163085
38.1,28.906729,9.193271255493165
37.55,28.718166,8.831833648681638
36.05,28.199509,7.85049133300781
33.85,27.385025,6.464974975585939
32.35,26.315498,6.03450164794922
30.899999999999995,25.106583,5.7934173583984325
29.3,23.86014,5.439860153198243
27.95,22.658718,5.29128189086914
26.8,21.601686,5.198313522338868
25.75,21.241388,4.508611679077148
25.15,21.060863,4.089136505126952
24.6,20.94481,3.655189132690431
23.85,20.880337,2.969663238525392
23.2,20.919022,2.280978393554687
24.45,21.035074,3.4149257659912102
26.55,21.254282,5.295718002319337
29.05,21.796537,7.2534626007080085
31.9,23.010319,8.889681243896483
34.6,24.324272,10.275727844238283
36.95,25.60605,11.343949508666995
38.6,26.761292,11.838708496093751
39.8,27.719358,12.08064155578613
39.9,28.400877,11.499123001098631
40.5,28.855192,11.644807815551758
40.45,28.979458,11.470542144775393
40.0,28.777958,11.222042083740234
38.5,28.224945,10.275054931640625
34.0,27.346165,6.653835296630859
34.55,26.212254,8.337746429443357
32.9,24.960413,7.939587020874022
31.4,23.727934,7.672066116333006
29.95,22.583317,7.366683197021484
28.7,21.586384,7.113616180419921
27.549999999999997,21.18981,6.360190200805661
26.599999999999998,21.060863,5.539136505126951
25.75,20.983496,4.766504287719727
24.9,20.94481,3.9551891326904283
24.15,20.996391,3.15360870361328
25.15,21.125336,4.024664306640624
27.15,21.331652,5.818348312377928
29.75,22.057917,7.692083358764648
32.6,23.300922,9.299077606201173
35.25,24.618088,10.631912231445312
37.25,25.919054,11.33094596862793
38.8,27.102139,11.697861480712888
39.85,28.08792,11.76208076477051
40.3,28.837881,11.462118911743161
41.05,29.352121,11.697878646850583
41.0,29.55773,11.442270278930664
40.35,29.463316,10.886684036254884
38.9,29.000256,9.899744415283202
35.3,28.06142,7.238579559326169
34.05,26.95535,7.094649124145505
32.5,25.769993,6.730007171630859
31.15,24.550365,6.599634552001952
29.800000000000004,23.41873,6.381270217895512
28.55,22.405066,6.144934463500977
27.300000000000004,21.587233,5.712767410278325
26.7,21.2156,5.4844009399414055
25.900000000000002,21.16402,4.735979461669924
24.8,21.16402,3.6359794616699226
24.2,21.2156,2.9844009399414055
25.4,21.331652,4.068348312377928
28.3,21.550861,6.749138641357423
31.6,22.49523,9.104770278930665
34.6,23.761974,10.838025665283205
36.85,25.108988,11.741012191772462
38.5,26.403444,12.096555709838867
39.7,27.556364,12.14363594055176
40.7,28.507744,12.192256164550784
40.75,29.253336,11.496664047241211
40.85,29.754593,11.095407104492189
40.5,29.96444,10.535560607910156
40.0,29.852804,10.147195816040039
38.6,29.36391,9.236089324951173
34.1,28.339315,5.7606845855712905
33.6,27.203173,6.396827316284181
32.55,26.007109,6.542891311645505
31.15,24.817598,6.332401657104491
29.800000000000004,23.707466,6.092533874511723
28.65,22.716377,5.933622741699217
27.549999999999997,21.89462,5.655379104614255
26.7,21.300066,5.399934005737304
25.900000000000002,21.176916,4.723083877563479
25.299999999999997,21.176916,4.123083877563474
24.75,21.241388,3.5086116790771484
25.5,21.396126,4.103874206542969
27.05,21.98724,5.062760162353516
29.05,23.133778,5.916222381591798
31.3,24.42734,6.872660446166993
33.45,25.708988,7.741011810302737
35.15,26.909073,8.240927124023436
36.45,27.997656,8.45234413146973
37.35,28.906107,8.443893051147462
36.55,29.583076,6.966923522949216
36.95,30.054304,6.895695877075198
36.9,30.229795,6.670204544067381
36.45,30.122396,6.327603530883792
35.0,29.659294,5.340705871582031
33.45,28.801846,4.6481544494628935
32.25,27.665792,4.584207534790039
31.05,26.478336,4.571663665771485
29.699999999999996,25.243849,4.456151199340816
28.150000000000002,24.08022,4.069780731201174
26.85,23.0699,3.780099487304689
25.6,22.213917,3.3860832214355483
24.85,21.58755,3.262450790405275
24.100000000000005,21.228495,2.871505355834966
23.45,21.241388,2.2086116790771477
23.1,21.331652,1.768348312377931
24.5,21.473492,3.026508331298828
25.900000000000002,22.17589,3.724110031127932
27.85,23.206598,4.64340171813965
30.25,24.384241,5.865758895874023
32.45,25.6314,6.818600845336917
34.25,26.831396,7.418603897094727
35.6,27.928497,7.671502685546876
36.5,28.83267,7.667329788208008
35.8,29.45828,6.341719436645505
36.35,29.85669,6.493310546875001
36.35,29.976538,6.373462295532228
36.0,29.796366,6.203634262084961
35.35,29.23461,6.1153903961181655
33.75,28.458723,5.291276931762695
31.9,27.485708,4.414291763305663
30.3,26.345459,3.9545410156250007
29.0,25.15595,3.8440494537353516
27.85,23.983664,3.8663364410400405
26.599999999999998,22.911098,3.6889015197753885
25.4,22.008984,3.3910163879394517
24.4,21.339111,3.0608886718749986
23.750000000000004,21.035074,2.7149257659912145
23.3,21.035074,2.2649257659912116
22.55,21.112442,1.4375579833984382
24.3,21.280073,3.019926834106446
26.05,21.930576,4.11942367553711
27.95,22.986494,4.963505935668945
30.049999999999997,24.186668,5.863331604003903
32.1,25.457563,6.642436599731447
33.9,26.677013,7.222986602783202
35.25,27.752787,7.497213363647461
36.3,28.639957,7.6600425720214815
36.1,29.235628,6.864371871948244
36.85,29.629795,7.220204925537111
36.8,29.779718,7.020281600952146
36.55,29.625292,6.924708175659177
35.6,29.153667,6.4463325500488295
33.95,28.416243,5.533757400512698
32.25,27.456034,4.793966293334961
30.8,26.320023,4.479977416992188
29.75,25.117664,4.632335662841797
28.7,23.951801,4.748198699951171
27.549999999999997,22.885664,4.6643360137939425
26.499999999999996,21.972795,4.527204513549801
25.65,21.278517,4.371483230590819
25.0,21.060863,3.939136505126953
24.75,21.035074,3.714925765991211
24.8,21.07376,3.7262409210205085
25.65,21.202703,4.44729652404785
26.499999999999996,21.647602,4.852397918701168
28.1,22.657516,5.442483520507814
30.049999999999997,23.841759,6.208241271972653
32.4,25.08481,7.315189743041991
34.7,26.302116,8.397883605957034
36.3,27.384275,8.91572456359863
37.2,28.292862,8.90713806152344
36.5,28.95274,7.547260284423828
36.75,29.406967,7.3430328369140625
36.6,29.565413,7.034587478637697
36.05,29.428164,6.621836471557614
35.55,28.956535,6.593464660644528
32.7,28.176321,4.523678970336917
31.349999999999998,27.061731,4.288268661499021
30.55,25.80574,4.744259643554688
30.1,24.543365,5.556634521484376
28.8,23.328156,5.471844482421876
27.799999999999997,22.261974,5.5380256652832
26.95,21.381453,5.568547439575195
25.900000000000002,21.035074,4.864925765991213
25.35,20.996391,4.353608703613283
24.65,20.996391,3.65360870361328
24.100000000000005,21.086653,3.0133472442627003
25.1,21.254282,3.8457180023193374
27.15,21.87864,5.271360778808592
29.6,22.871954,6.728046035766603
32.2,24.00261,8.197390747070315
34.5,25.211351,9.28864860534668
36.0,26.449986,9.55001449584961
37.0,27.577032,9.422967910766602
37.75,28.49392,9.256080627441406
37.8,29.166473,8.633526611328122
38.4,29.615974,8.784025573730467
37.95,29.812662,8.137337875366214
37.25,29.696386,7.553613662719727
36.4,29.262957,7.137043380737303
34.55,28.319485,6.230515289306638
32.3,27.204584,5.095415878295896
31.2,26.029846,5.170153808593749
29.800000000000004,24.797367,5.002632904052739
28.55,23.580149,4.969851303100587
27.549999999999997,22.498037,5.051962661743161
26.45,21.627197,4.822802734374999
25.85,20.936441,4.913558578491212
25.25,20.514425,4.735574722290039
24.45,20.519287,3.9307128906249993
23.750000000000004,20.699812,3.050188064575199
24.7,20.919022,3.780978393554687
26.599999999999998,21.737339,4.862660980224607
29.3,22.866787,6.433213043212891
32.1,24.136744,7.963256454467775
34.15,25.42897,8.721029663085936
35.7,26.684605,9.015395355224612
37.2,27.807102,9.392897796630862
38.2,28.762276,9.437724304199222
38.0,29.490204,8.509796142578125
38.5,29.999495,8.500505447387695
38.35,30.174456,8.175544357299806
37.8,30.01513,7.784870910644528
36.25,29.495764,6.754236221313477
33.65,28.629349,5.020651245117186
32.15,27.518732,4.631267929077147
30.750000000000004,26.352558,4.397441864013675
29.3,25.143776,4.1562240600585945
28.05,23.990896,4.059103775024415
26.8,23.02042,3.77957992553711
25.7,22.290306,3.4096939086914055
24.85,21.65126,3.198739624023439
24.3,21.278996,3.021004486083985
23.5,21.133888,2.3661117553710938
22.800000000000004,21.23838,1.561619567871098
23.650000000000002,21.68997,1.96002998352051
25.45,22.535862,2.9141380310058587
27.85,23.736345,4.113654708862306
30.25,25.112452,5.137548446655273
32.4,26.443317,5.9566825866699205
34.45,27.656075,6.793925476074222
36.55,28.75287,7.797129440307614
38.0,29.639465,8.36053466796875
37.8,30.303093,7.496907043457028
38.15,30.735193,7.414806747436522
38.0,30.863083,7.1369171142578125
37.4,30.635216,6.764784240722655
36.2,30.000288,6.199711990356448
33.9,29.065426,4.834574127197264
31.85,28.010757,3.839242553710939
30.049999999999997,26.844807,3.205193328857419
28.399999999999995,25.59332,2.806679153442378
26.95,24.423529,2.526471328735351
25.7,23.37818,2.321820449829101
24.55,22.491587,2.0584133148193366
23.650000000000002,21.835451,1.8145488739013693
22.949999999999996,21.417183,1.5328170776367145
22.35,21.200281,1.1497188568115249
21.749999999999996,21.270554,0.47944641113280895
23.15,21.738295,1.411705398559569
24.950000000000003,22.570305,2.379695129394534
26.9,23.715015,3.1849845886230455
29.3,25.001036,4.2989643096923835
31.75,26.280455,5.469545364379883
33.8,27.488842,6.31115798950195
35.4,28.645695,6.754305267333983
36.6,29.613806,6.986194229125978
36.5,30.303183,6.196817398071289
37.3,30.761072,6.538927841186521
37.25,30.884632,6.365367889404297
36.85,30.708256,6.141744232177736
35.9,30.14619,5.753809356689452
33.6,29.284283,4.3157173156738295
31.85,28.178165,3.671834564208986
30.45,26.95216,3.4978401184082024
28.65,25.687824,2.9621757507324205
27.35,24.479437,2.870563125610353
26.2,23.354797,2.8452026367187493
25.050000000000004,22.35032,2.699679183959965
24.100000000000005,21.531366,2.5686336517334034
23.55,20.972727,2.5772731781005866
22.800000000000004,20.727983,2.072016525268559
22.800000000000004,20.795263,2.004736709594731
24.65,21.349478,3.3005222320556626
26.05,22.276842,3.7731578826904304
28.0,23.432306,4.567693710327148
30.6,24.731134,5.86886558532715
33.15,26.087654,7.062345886230467
35.4,27.390453,8.009546661376952
37.2,28.564486,8.635514450073245
38.5,29.536924,8.963075637817383
38.5,30.290731,8.209268569946289
39.3,30.78298,8.517020034790036
39.45,30.940983,8.509017181396487
38.55,30.743233,7.806767272949216
36.15,30.19839,5.951610946655272
34.3,29.26357,5.036429214477536
32.45,28.106054,4.343945693969729
30.55,26.867287,3.6827133178710945
28.8,25.54298,3.257019805908204
27.35,24.283192,3.0668083190917983
26.2,23.122189,3.077811431884765
25.25,22.130562,3.1194381713867188
24.7,21.346857,3.3531429290771477
24.4,20.815973,3.584026718139647
23.85,20.553158,3.296842193603517
22.65,20.645964,2.0040363311767564
24.55,21.292942,3.25705795288086
26.499999999999996,22.250204,4.2497959136962855
28.749999999999996,23.423738,5.326261520385739
31.3,24.776152,6.5238483428955085
33.85,26.164843,7.685157394409181
35.6,27.51909,8.080909347534181
37.05,28.714582,8.335417556762692
38.0,29.708485,8.291515350341797
37.8,30.449396,7.350603866577146
37.7,30.958822,6.741177749633792
36.95,31.133959,5.8160411834716825
35.8,30.944866,4.855133819580075
34.4,30.279995,4.120005035400389
32.45,29.328,3.1220008850097685
30.850000000000005,28.170486,2.6795135498046925
29.3,26.871658,2.428341674804688
28.0,25.543024,2.4569759368896484
26.0,24.266014,1.7339859008789062
24.5,23.141333,1.3586673736572266
23.2,22.190308,1.0096923828124993
22.85,21.468716,1.381284332275392
22.3,21.071733,1.2282665252685554
21.850000000000005,20.95438,0.8956199645996143
21.45,21.043749,0.406251144409179
23.6,21.669935,1.9300647735595717
25.900000000000002,22.603592,3.2964080810546896
28.150000000000002,23.760126,4.389873886108401
30.3,25.071846,5.2281539916992195
32.45,26.400436,6.049563598632815
34.3,27.655987,6.644013214111325
35.7,28.761349,6.9386512756347685
36.75,29.699389,7.05061149597168
36.7,30.384436,6.315564346313479
37.8,30.80806,6.991940307617185
37.8,30.888783,6.911217498779294
37.1,30.605276,6.4947238922119155
35.75,29.948885,5.801115036010742
33.6,28.99265,4.607350921630861
31.75,27.84794,3.902059555053711
29.95,26.596231,3.3537685394287102
28.399999999999995,25.340418,3.0595821380615185
26.75,24.110613,2.6393871307373047
25.45,22.955948,2.494052124023437
24.7,21.947142,2.752858352661132
24.000000000000004,21.217072,2.7829284667968786
23.35,20.783722,2.5662780761718764
22.55,20.636473,1.9135272979736335
22.35,20.772066,1.5779338836669936
24.000000000000004,21.377905,2.62209510803223
26.149999999999995,22.360912,3.789087677001948
28.600000000000005,23.575272,5.0247283935546925
31.15,24.921217,6.228783035278319
33.4,26.284119,7.115881347656249
35.25,27.565369,7.68463134765625
36.75,28.700716,8.049283981323242
37.8,29.647366,8.152634429931638
37.6,30.3968,7.203200912475587
38.3,30.897615,7.402384567260739
38.5,31.055618,7.4443817138671875
38.35,30.793573,7.5564266204834
37.6,30.16721,7.432790374755861
35.0,29.228065,5.771934509277344
33.05,28.053326,4.996674346923825
31.6,26.784487,4.815513229370119
29.95,25.550177,4.399823379516601
27.799999999999997,24.35464,3.4453609466552706
26.95,23.266457,3.683543395996093
26.2,22.369152,3.8308479309082024
25.0,21.685177,3.3148231506347656
24.45,21.235806,3.21419448852539
23.6,20.986736,2.6132637023925795
22.85,21.089132,1.7608676910400405
24.7,21.668287,3.0317127227783196
26.65,22.587044,4.062956237792967
28.55,23.77035,4.779650497436524
30.850000000000005,25.099203,5.750796890258794
33.3,26.44283,6.857170867919919
35.45,27.702662,7.747338485717776
37.2,28.829441,8.370558929443362
38.7,29.746021,8.95397872924805
38.95,30.413935,8.536065292358401
39.95,30.82899,9.121009063720706
40.0,30.931177,9.068822860717773
38.7,30.716204,7.9837963104248075
37.05,30.188496,6.861504364013669
35.0,29.292273,5.707727432250977
33.4,28.177635,5.222364807128905
31.700000000000003,26.998837,4.7011634826660185
29.85,25.76881,4.0811897277832045
28.25,24.521786,3.7282142639160156
26.9,23.431372,3.468628311157225
25.85,22.52965,3.320350265502931
25.35,21.799494,3.55050621032715
24.85,21.34785,3.5021492004394545
24.249999999999996,21.168299,3.08170127868652
23.650000000000002,21.3316,2.3183998107910178
24.85,21.97809,2.8719097137451186
27.1,22.94182,4.158179855346681
29.55,24.075953,5.474047470092774
32.1,25.317041,6.782958602905275
34.8,26.605116,8.194884109497067
37.0,27.82644,9.173559188842773
38.45,28.94898,9.501019668579104
39.55,29.891348,9.658652114868161
40.0,30.61932,9.380680084228516
41.05,31.09439,9.955609130859372
41.2,31.218039,9.981961441040042
40.9,30.955992,9.944008255004881
39.15,30.338196,8.811804199218749
36.85,29.429123,7.420877075195314
35.3,28.335861,6.96413879394531
33.5,27.127033,6.372966766357422
31.65,25.862648,5.787351989746092
30.049999999999997,24.667114,5.382885742187497
27.95,23.570274,4.3797256469726555
26.4,22.694302,3.705698394775389
26.599999999999998,22.066946,4.533053970336912
25.55,21.7331,3.8168991088867195
24.4,21.721584,2.678415679931639
23.7,21.98225,1.7177497863769524
26.149999999999995,22.62972,3.520279312133784
28.95,23.53451,5.415490341186523
31.75,24.655834,7.094165802001953
34.3,25.884207,8.415793228149411
36.45,27.131586,9.318413925170901
38.55,28.335823,10.214176940917966
39.95,29.406916,10.543084335327151
40.65,30.289137,10.360863113403319
40.8,30.978426,9.82157402038574
40.3,31.44484,8.855160522460935
40.3,31.594099,8.705900955200192
38.9,31.40059,7.499409103393553
37.2,30.77423,6.425770950317386
34.85,29.873634,4.976365661621095
33.05,28.788893,4.2611072540283175
31.349999999999998,27.579975,3.7700248718261697
30.0,26.34549,3.654510498046875
28.95,25.248297,3.701703262329101
27.799999999999997,24.245518,3.5544822692871065
26.7,23.40975,3.2902500152587884
26.149999999999995,22.961508,3.188492202758784
25.4,22.725054,2.6749462127685533
24.75,22.670778,2.079221725463867
24.05,22.876696,1.1733043670654304
24.75,23.460579,1.2894210815429688
26.2,24.314716,1.8852836608886712
28.1,25.378881,2.721118545532228
30.1,26.53706,3.5629402160644545
32.2,27.703318,4.496682357788089
34.1,28.822018,5.277982330322267
35.6,29.811724,5.788276290893556
36.55,30.638306,5.911694335937497
35.1,31.250446,3.8495536804199233
35.8,31.57546,4.224539566040036
35.9,31.634724,4.2652763366699205
35.75,31.364021,4.385978698730469
35.2,30.763361,4.436639022827151
33.2,29.862766,3.337233734130862
31.099999999999998,28.752237,2.347762680053709
29.4,27.56032,1.8396800994873033
28.0,26.409208,1.5907917022705078
26.85,25.350214,1.4997859954833999
25.85,24.438974,1.4110256195068374
24.8,23.703362,1.096638488769532
23.650000000000002,23.214336,0.43566360473633026
22.9,22.890734,0.009266281127928266
22.05,22.805773,-0.7557727813720696
21.500000000000004,22.963734,-1.4637336730956996
23.4,23.469189,-0.0691886901855483
25.6,24.268217,1.3317829132080092
27.7,25.30266,2.397340011596679
30.0,26.39235,3.6076507568359375
32.15,27.524296,4.625704193115233
34.05,28.630144,5.419855880737302
35.7,29.632656,6.0673439025878935
36.85,30.49355,6.356450653076173
36.3,31.041393,5.2586067199707
37.05,31.39211,5.657889175415036
36.8,31.464266,5.335734176635739
36.2,31.223595,4.976405334472659
35.0,30.708782,4.291217803955078
32.7,29.84687,2.8531295776367216
31.949999999999996,28.723625,3.226374816894527
30.3,27.50199,2.7980106353759773
29.55,26.280575,3.2694252014160163
28.399999999999995,25.140766,3.259233856201167
27.25,24.129776,3.1202239990234375
26.3,23.333223,2.966776657104493
25.45,22.714567,2.735432815551757
24.8,22.331593,2.4684074401855476
23.95,22.207859,1.7421409606933587
23.2,22.40561,0.7943908691406243
24.249999999999996,23.034067,1.2159328460693324
26.1,23.921854,2.1781459808349624
28.2,24.970274,3.229726028442382
30.6,26.119179,4.480821228027345
33.15,27.30213,5.8478702545166
35.25,28.480532,6.769468307495117
36.65,29.551537,7.098463439941405
37.2,30.463789,6.736211013793948
36.4,31.076017,5.323982620239256
36.65,31.452435,5.197565460205077
36.45,31.507458,4.942542266845706
36.05,31.211056,4.838944244384763
35.95,30.550425,5.399575424194339
33.8,29.602846,4.197153854370114
31.9,28.393972,3.5060276031494126
30.6,27.176754,3.423246002197267
29.65,25.993979,3.6560214996337876
28.65,24.884243,3.765756988525389
27.799999999999997,23.898998,3.9010017395019503
27.15,23.108738,4.041262054443358
26.55,22.534973,4.015026855468751
25.900000000000002,22.21179,3.688209915161135
25.5,22.130667,3.369333267211914
24.75,22.3153,2.4347000122070312
25.65,22.832169,2.817831420898436
28.05,23.659899,4.39010124206543
30.400000000000002,24.674093,5.725906753540041
32.5,25.866098,6.633901596069336
34.7,27.100674,7.5993263244628935
36.55,28.274923,8.275076675415036
38.15,29.298855,8.85114517211914
39.4,30.082516,9.317484283447264
39.25,30.634686,8.615314483642578
40.0,30.981073,9.018926620483398
39.9,31.040424,8.85957565307617
39.4,30.804167,8.595833206176756
37.8,30.276457,7.523543167114255
36.55,29.358906,7.191094207763669
32.25,28.205719,4.044281005859375
31.9,27.044186,4.855814361572264
31.65,25.874262,5.775738143920897
32.35,24.798796,7.551204299926759
32.0,23.839117,8.160882949829102
31.55,23.113066,8.436934280395509
31.949999999999996,22.607658,9.342341613769527
31.9,22.365686,9.534313583374022
31.55,22.372066,9.177933502197266
29.55,22.601408,6.9485919952392585
31.05,23.13327,7.916729736328126
33.0,23.984648,9.015352249145508
34.85,25.037617,9.812383270263673
36.35,26.178219,10.171781158447267
38.2,27.36563,10.83437080383301
39.55,28.501244,11.048756408691403
40.7,29.525085,11.174914550781253
41.55,30.360102,11.189898300170896
41.65,30.993614,10.656385803222655
41.55,31.369942,10.180058288574216
40.95,31.463472,9.486527633666995
40.15,31.235607,8.914392852783202
38.6,30.570648,8.029351806640626
36.3,29.81578,6.48421936035156
34.9,28.709667,6.190332794189452
32.2,27.616493,4.583506774902347
30.55,26.583242,3.9667575836181648
29.55,25.682514,3.8674858093261726
28.65,24.887989,3.7620109558105455
28.05,24.209782,3.840218353271485
27.65,23.70269,3.94730987548828
27.35,23.394188,3.9558120727539077
26.7,23.33161,3.368390274047851
25.95,23.51651,2.4334899902343743
26.9,24.016708,2.883291625976561
28.9,24.840641,4.059358978271483
30.899999999999995,25.829557,5.070442581176753
32.75,26.929754,5.820245742797852
34.4,28.085417,6.314583206176756
35.8,29.184992,6.615008163452146
36.7,30.187773,6.512227249145511
37.25,30.98671,6.2632904052734375
36.2,31.577566,4.622433853149417
36.4,31.953894,4.446106338500975
36.35,32.04071,4.309289550781251
35.5,31.81673,3.683269500732422
34.6,31.23479,3.3652091979980483
32.7,30.346472,2.3535282135009794
31.85,29.299797,2.5502029418945327
29.699999999999996,28.107748,1.5922519683837848
28.500000000000004,26.937428,1.5625724792480504
27.7,25.848713,1.8512870788574212
27.0,24.914558,2.0854415893554688
26.250000000000004,24.184244,2.0657558441162145
25.900000000000002,23.715534,2.184465789794924
25.5,23.484976,2.015024185180664
24.9,23.490456,1.4095443725585923
24.249999999999996,23.71077,0.539230346679684
24.950000000000003,24.29991,0.6500904083251982
26.599999999999998,25.163456,1.4365440368652322
28.45,26.206778,2.2432224273681634
30.6,27.290545,3.309455490112306
32.45,28.33104,4.118960571289065
34.2,29.334703,4.8652965545654325
35.75,30.2179,5.532100677490234
37.05,30.933638,6.1163623809814425
36.75,31.422047,5.327953338623047
37.6,31.717297,5.8827033996582045
37.7,31.802525,5.897475433349612
37.2,31.604776,5.595223617553714
36.4,31.145603,5.254396820068358
33.9,30.412199,3.4878009796142564
32.2,29.560974,2.639025878906253
30.7,28.583454,2.116545867919921
29.15,27.608229,1.541771316528319
28.05,26.669394,1.3806064605712898
27.200000000000003,25.84197,1.358029556274417
26.4,25.15383,1.2461704254150376
25.7,24.62431,1.0756904602050774
25.15,24.26653,0.8834709167480455
24.55,24.093643,0.4563568115234382
24.05,24.18285,-0.13284988403320241
24.5,24.619547,-0.11954689025878906
25.85,25.289804,0.5601955413818374
27.7,26.152689,1.5473110198974602
29.75,27.152336,2.5976638793945312
31.949999999999996,28.198656,3.7513439178466754
33.9,29.240208,4.659792327880858
35.45,30.212778,5.237221908569339
36.5,31.04369,5.456310272216797
35.5,31.621561,3.878438949584961
36.3,31.997978,4.302021789550778
36.35,32.0787,4.271298980712892
35.75,31.829462,3.9205379486083984
34.35,31.301756,3.0482440948486342
32.2,30.42262,1.7773792266845732
30.55,29.260778,1.2892215728759773
29.1,28.118544,0.9814563751220717
27.799999999999997,26.95723,0.8427703857421847
26.75,25.901016,0.8489837646484375
25.7,24.994904,0.7050964355468743
24.75,24.26446,0.48554039001464844
23.95,23.711712,0.23828811645507741
23.4,23.400915,-0.0009151458740248586
22.800000000000004,23.276651,-0.4766513824462848
22.25,23.41646,-1.1664600372314453
23.7,23.833197,-0.13319664001464915
25.5,24.550177,0.9498233795166016
27.25,25.45978,1.7902202606201172
28.9,26.50619,2.393810653686522
30.649999999999995,27.60365,3.046350860595698
32.4,28.679247,3.7207530975341783
34.1,29.67306,4.426940536499025
35.5,30.46087,5.039129257202148
35.2,31.02152,4.178479385375979
36.25,31.355015,4.894985198974609
36.25,31.367111,4.8828887939453125
35.4,31.062143,4.3378566741943345
33.8,30.422974,3.377026367187497
31.6,29.475395,2.1246047973632827
30.049999999999997,28.356564,1.6934364318847628
28.7,27.180105,1.5198947906494134
27.449999999999996,26.031689,1.4183113098144489
26.350000000000005,24.95419,1.3958106994628956
25.4,23.96254,1.437460327148436
24.6,23.148808,1.4511924743652358
24.249999999999996,22.54084,1.7091598510742152
24.15,22.19421,1.9557899475097642
24.15,22.1132,2.0368007659912095
24.15,22.295822,1.854177856445311
25.0,22.832142,2.167858123779297
26.45,23.636402,2.813597869873046
27.85,24.633554,3.2164455413818374
29.55,25.72262,3.827379989624024
31.949999999999996,26.888481,5.061518859863277
33.95,28.053991,5.896008682250979
35.6,29.133474,6.4665256500244155
36.9,30.04992,6.85008087158203
36.2,30.704895,5.495104980468753
37.45,31.124146,6.325854492187503
37.7,31.209198,6.490802001953128
37.5,30.947153,6.552846908569336
36.8,30.243687,6.5563133239746065
32.45,29.236137,3.213862609863284
33.0,28.087368,4.912631988525391
31.25,26.861668,4.388332366943359
29.6,25.629745,3.970254516601564
28.399999999999995,24.487995,3.912004852294917
27.25,23.468569,3.781431198120117
26.2,22.652765,3.5472347259521477
25.35,22.109135,3.240865325927736
24.65,21.850473,2.7995265960693345
23.95,21.863852,2.0861484527587884
23.4,22.121439,1.2785610198974595
24.249999999999996,22.706842,1.5431575775146449
25.75,23.573078,2.176921844482422
27.5,24.621367,2.878633499145508
30.25,25.774466,4.475534439086914
33.1,27.043043,6.056956863403322
35.55,28.276997,7.273003387451169
37.2,29.390749,7.80925102233887
38.2,30.298538,7.90146179199219
38.05,30.962082,7.08791809082031
38.55,31.377007,7.172993469238278
38.3,31.466295,6.833704757690427
37.65,31.199923,6.450077438354491
36.45,30.58213,5.867869567871097
34.15,29.604607,4.54539337158203
32.5,28.48145,4.018550872802734
30.999999999999996,27.255661,3.744338989257809
29.65,26.01071,3.6392902374267564
28.25,24.832352,3.4176483154296875
26.75,23.780556,2.9694442749023438
25.55,22.932295,2.617705154418946
25.15,22.396679,2.7533210754394517
24.4,22.12437,2.2756294250488267
23.6,22.115425,1.4845748901367202
22.800000000000004,22.368328,0.4316719055175824
23.650000000000002,22.924036,0.7259639739990256
25.6,23.730791,1.869208908081056
27.7,24.756138,2.9438621520996087
30.2,25.944036,4.255963516235351
32.9,27.230099,5.669901275634764
34.95,28.494307,6.455693435668948
36.4,29.655308,6.744692230224608
37.4,30.537443,6.862556838989256
36.55,31.175285,5.374714660644528
37.5,31.508776,5.99122428894043
37.55,31.490849,6.0591514587402315
37.3,31.13006,6.169939804077146
36.65,30.426508,6.223492050170897
34.65,29.42311,5.226890945434569
32.45,28.351265,4.098735046386722
30.750000000000004,27.185179,3.5648212432861364
29.55,26.034245,3.515755462646485
28.3,24.97971,3.32029037475586
27.0,24.06004,2.939960479736328
25.900000000000002,23.358515,2.5414852142334006
25.050000000000004,22.948273,2.1017272949218793
24.5,22.720583,1.7794170379638672
23.5,22.663088,0.8369121551513672
22.35,22.820827,-0.47082748413085795
23.8,23.29833,0.5016696929931648
26.0,24.088749,1.9112510681152344
28.45,25.088968,3.3610317230224602
30.899999999999995,26.294487,4.605513000488276
33.15,27.597994,5.552006149291991
35.0,28.83663,6.163370132446289
36.5,29.899069,6.600931167602539
37.55,30.751173,6.7988269805908175
37.4,31.337526,6.062473678588866
37.9,31.700958,6.199041748046874
37.75,31.725864,6.024135589599609
37.25,31.463642,5.786357879638672
36.3,30.811401,5.488598632812497
34.35,29.929972,4.420028305053712
32.2,28.817144,3.3828556060791044
31.3,27.61441,3.6855895996093757
29.9,26.473854,3.4261459350585923
28.600000000000005,25.431816,3.1681838989257862
27.35,24.550209,2.799790954589845
26.4,23.831375,2.568624877929686
25.199999999999996,23.314175,1.8858253479003864
24.55,23.018393,1.5316074371337898
23.899999999999995,22.922745,0.9772552490234325
23.4,23.020826,0.3791736602783189
24.100000000000005,23.513474,0.5865264892578175
25.4,24.349112,1.0508884429931626
27.15,25.448027,1.7019733428955064
29.65,26.692142,2.957857513427733
32.5,27.931355,4.568645477294922
34.95,29.105696,5.844304275512698
36.65,30.142387,6.50761260986328
37.65,30.981686,6.668314361572264
37.35,31.559473,5.790526962280275
37.95,31.918663,6.031336975097659
37.8,31.943573,5.856427001953122
37.3,31.64708,5.65292053222656
36.25,31.005527,5.244472503662109
32.9,30.102636,2.797363662719725
31.6,28.886917,2.713082885742189
30.1,27.731256,2.36874351501465
28.7,26.573298,2.1267024993896477
27.300000000000004,25.501055,1.798945236206059
26.0,24.555063,1.444936752319336
24.950000000000003,23.800108,1.1498920440673857
24.6,23.259945,1.340055084228517
24.15,22.921902,1.2280982971191392
23.55,22.839548,0.7104518890380866
22.9,23.008549,-0.10854873657226705
23.750000000000004,23.53136,0.21863937377930043
25.45,24.35419,1.0958091735839837
27.0,25.388811,1.6111888885498047
29.35,26.560019,2.7899814605712905
32.0,27.816277,4.183723449707031
34.15,29.020466,5.1295341491699205
35.45,30.095667,5.354333114624026
36.25,30.939205,5.310794830322266
35.55,31.529795,4.020205307006833
36.25,31.884663,4.365337371826172
36.4,31.935356,4.46464385986328
35.8,31.638954,4.161045837402341
34.65,30.973997,3.6760028839111314
32.8,29.910542,2.889458465576169
31.05,28.78067,2.2693298339843757
29.35,27.601694,1.7483058929443374
28.05,26.437817,1.6121833801269538
26.95,25.3446,1.605399322509765
26.0,24.405497,1.594503402709961
25.15,23.678452,1.471548461914061
24.3,23.210756,1.089243698120118
23.650000000000002,22.942839,0.7071613311767599
23.0,22.896248,0.10375213623046875
22.2,23.101152,-0.901152420043946
23.2,23.653551,-0.453551101684571
25.15,24.486715,0.6632846832275376
27.200000000000003,25.491083,1.7089168548584013
29.4,26.649263,2.7507366180419908
31.4,27.875402,3.524597549438475
33.05,29.096773,3.9532268524169893
34.35,30.137705,4.212295150756837
35.3,30.964111,4.335888671874997
34.55,31.520523,3.0294769287109347
35.3,31.836882,3.463118362426755
35.3,31.857635,3.442364501953122
34.8,31.51407,3.2859294891357393
33.95,30.797623,3.1523773193359403
31.65,29.776915,1.8730854034423814
31.8,28.655697,3.1443031311035163
30.0,27.448898,2.5511016845703125
28.7,26.289265,2.410735321044921
27.35,25.236807,2.1131931304931655
26.350000000000005,24.353565,1.9964347839355518
25.35,23.656635,1.6933647155761733
24.65,23.184568,1.4654315948486314
23.95,22.942177,1.007823181152343
22.800000000000004,22.89965,-0.09965057373046449
21.45,23.082912,-1.63291244506836
23.3,23.611595,-0.31159515380859304
25.6,24.423256,1.1767440795898452
27.85,25.513384,2.336616134643556
30.2,26.742395,3.4576045989990227
32.45,27.964384,4.485615921020511
34.45,29.130156,5.319844436645511
36.05,30.124104,5.925896453857419
37.25,30.954926,6.295074462890625
37.6,31.49005,6.109950637817384
38.7,31.80226,6.897740554809573
38.8,31.780176,7.019823837280271
38.35,31.402348,6.947652435302736
37.45,30.640944,6.809056472778323
33.95,29.663246,4.286753845214847
33.9,28.640594,5.259405517578124
32.25,27.536602,4.713397979736328
30.8,26.445412,4.3545883178710945
29.450000000000003,25.43782,4.01217956542969
28.05,24.580015,3.4699848175048835
26.9,23.897701,3.002298736572264
25.6,23.399624,2.200376129150392
25.199999999999996,23.08843,2.11156959533691
24.45,22.943012,1.5069877624511712
23.45,23.01071,0.4392902374267571
24.5,23.52875,0.9712505340576172
27.0,24.364035,2.635965347290039
30.55,25.449968,5.100031661987305
33.75,26.666216,7.083784103393555
36.35,27.894833,8.455167388916017
38.1,29.02638,9.073619461059572
39.3,30.06325,9.236750411987302
40.1,30.898397,9.20160255432129
39.35,31.523434,7.826566314697267
39.9,31.921312,7.978687667846678
39.4,31.980486,7.419514083862303
38.7,31.705278,6.9947216033935575
37.1,31.084923,6.015077209472658
34.8,30.145292,4.654707717895505
33.75,29.123962,4.62603759765625
32.45,28.046638,4.403361511230472
30.999999999999996,26.973557,4.026443481445309
30.1,25.926172,4.173827743530275
29.15,24.922155,4.227844619750975
28.05,24.083736,3.9662635803222663
27.1,23.417543,3.6824565887451186
26.350000000000005,23.049694,3.300305938720708
25.55,22.956652,2.5933483123779304
24.950000000000003,23.104193,1.8458072662353544
25.35,23.644049,1.705951309204103
26.7,24.543936,2.1560642242431634
28.749999999999996,25.773392,2.976608276367184
31.25,27.085821,4.164178848266602
33.8,28.354706,5.445294189453122
36.0,29.528736,6.471263885498047
37.8,30.552267,7.247732925415036
38.6,31.365335,7.234664535522462
37.65,31.96838,5.681620025634764
37.9,32.33552,5.564478302001952
37.6,32.39593,5.204068756103517
36.5,32.136974,4.363025665283203
35.5,31.562983,3.9370174407958984
32.15,30.715027,1.4349731445312486
31.2,29.575792,1.624207687377929
29.65,28.278288,1.3717121124267564
29.0,27.017616,1.9823837280273438
27.95,25.866636,2.083363723754882
27.15,24.855377,2.2946228027343736
26.55,24.054499,2.495501327514649
26.2,23.487488,2.7125122070312493
25.75,23.173603,2.576396942138672
25.199999999999996,23.099947,2.100053024291988
24.7,23.339516,1.360484313964843
24.950000000000003,23.93722,1.0127803802490263
26.499999999999996,24.82426,1.6757392883300746
28.399999999999995,25.96186,2.4381393432617138
30.55,27.25751,3.292490768432618
32.7,28.541853,4.158147048950198
34.8,29.76764,5.032360839843747
36.6,30.851406,5.748593902587892
38.0,31.731243,6.268756866455078
37.6,32.298164,5.30183563232422
38.35,32.63139,5.7186103820800795
38.1,32.677315,5.42268524169922
37.6,32.388863,5.21113739013672
36.7,31.793854,4.906146240234378
35.0,30.899176,4.100824356079102
33.1,29.882353,3.2176471710205092
31.45,28.525146,2.9248535156249993
30.15,27.324617,2.8253826141357408
29.0,26.201548,2.798452377319336
28.1,25.222261,2.8777385711669936
27.1,24.453264,2.646735763549806
26.149999999999995,23.88952,2.2604793548583935
25.4,23.568127,1.8318733215332017
24.55,23.484842,1.0651576995849616
23.85,23.693275,0.15672454833984517
24.7,24.240503,0.4594966888427727
26.55,25.104801,1.445198822021485
28.849999999999998,26.1679,2.682099914550779
31.5,27.356857,4.1431427001953125
34.05,28.583702,5.466297912597653
36.1,29.77142,6.328580474853517
37.4,30.832134,6.567865753173827
38.1,31.637606,6.462394332885744
37.1,32.113316,4.986684417724611
37.35,32.287518,5.0624824523925795
37.2,32.13357,5.0664283752441435
36.6,31.66743,4.9325691223144545
35.65,30.892797,4.757202529907225
33.1,29.899935,3.2000652313232436
31.65,28.770393,2.8796066284179673
31.75,27.64217,4.107830047607422
30.55,26.576618,3.9733818054199226
29.450000000000003,25.643415,3.806584548950198
28.500000000000004,24.801224,3.698776245117191
27.200000000000003,24.108183,3.0918170928955107
27.1,23.555527,3.544473266601564
26.7,23.206358,3.493642044067382
25.75,23.055244,2.6947555541992188
24.6,23.154694,1.4453063964843764
25.5,23.616074,1.8839263916015625
27.5,24.465004,3.0349960327148438
30.049999999999997,25.626402,4.42359809875488
32.25,26.984404,5.265596389770508
34.2,28.352413,5.8475868225097685
35.95,29.584148,6.365851593017581
37.3,30.585272,6.714728164672849
38.15,31.345863,6.804136657714842
37.25,31.815712,5.434288024902344
37.85,32.005863,5.844136810302736
37.35,31.865921,5.484078979492189
37.1,31.389015,5.710984802246095
35.9,30.593239,5.306761169433592
34.15,29.618826,4.531174087524413
32.7,28.538431,4.161568832397464
31.3,27.550856,3.749144363403321
29.85,26.641417,3.2085834503173842
28.600000000000005,25.840172,2.7598281860351612
27.5,25.195276,2.3047237396240234
26.55,24.686214,1.8637855529785163
26.1,24.285145,1.8148551940917983
25.7,24.056023,1.6439773559570305
25.199999999999996,23.94422,1.2557804107665973
24.349999999999998,23.969055,0.38094482421874787
25.299999999999997,24.305809,0.9941909790039034
27.300000000000004,24.963318,2.3366821289062543
29.6,26.000834,3.5991664886474624
31.9,27.181255,4.718744659423827
34.1,28.439533,5.660466766357423
36.0,29.635288,6.364711761474609
37.65,30.669289,6.980711364746092
38.8,31.432793,7.367207336425778
38.9,31.85278,7.047220611572264
39.45,31.99318,7.45682067871094
39.65,31.798185,7.851814651489256
39.45,31.29059,8.15940971374512
38.35,30.500366,7.849633789062501
36.1,29.491508,6.608491516113283
34.2,28.444004,5.755995941162112
32.25,27.394394,4.8556060791015625
30.15,26.389627,3.7603725433349595
28.45,25.510752,2.9392482757568352
27.5,24.745329,2.754671096801758
26.499999999999996,24.138016,2.361984252929684
26.2,23.73867,2.4613296508789055
25.7,23.54458,2.1554195404052727
25.199999999999996,23.522852,1.6771480560302692
24.15,23.666323,0.48367729187011577
25.25,24.124483,1.1255168914794922
26.85,24.88553,1.9644695281982436
28.35,25.918427,2.4315734863281264
30.6,27.115952,3.484048461914064
33.1,28.383467,4.716533279418947
35.15,29.553215,5.59678497314453
36.75,30.59423,6.155769348144531
37.9,31.35213,6.5478691101074205
37.6,31.841621,5.75837860107422
38.15,32.05112,6.098879241943358
38.2,31.934942,6.265057754516604
37.4,31.5436,5.856399917602538
35.5,30.853085,4.646915435791016
33.25,29.987215,3.262784957885742
31.85,29.046225,2.8037754058837905
30.3,28.037752,2.262247848510743
28.7,27.02281,1.6771900177001946
27.200000000000003,26.102055,1.0979454040527372
25.95,25.27911,0.6708900451660149
24.75,24.619144,0.13085556030273438
24.2,24.121357,0.07864303588867116
23.899999999999995,23.824501,0.07549896240233878
23.15,23.721945,-0.5719448089599624
23.25,23.78624,-0.5362396240234375
23.85,24.246008,-0.396007919311522
25.85,25.01969,0.830310440063478
27.95,26.038431,1.9115688323974602
30.1,27.256647,2.84335289001465
32.25,28.549109,3.7008914947509766
34.05,29.769999,4.280001449584958
35.35,30.813145,4.536855316162111
36.3,31.591286,4.708714294433591
36.0,32.026627,3.9733734130859375
36.45,32.199043,4.250956726074222
36.05,32.01827,4.031731414794919
35.0,31.501736,3.4982643127441406
33.5,30.692118,2.807882308959961
31.5,29.703384,1.7966156005859375
30.1,28.69959,1.400409317016603
28.65,27.655058,0.9949420928955064
27.25,26.621843,0.6281566619873047
25.95,25.687893,0.2621070861816399
24.9,24.880886,0.019113922119139204
23.55,24.224764,-0.6747638702392571
22.949999999999996,23.750107,-0.8001068115234418
22.800000000000004,23.479988,-0.679988098144527
22.0,23.366507,-1.366506576538086
21.8,23.527863,-1.7278625488281243
23.25,24.002909,-0.7529087066650391
25.55,24.833239,0.7167613983154304
27.449999999999996,25.914179,1.5358211517333942
29.0,27.1717,1.8283004760742188
30.850000000000005,28.521107,2.328893280029302
32.75,29.78071,2.969289779663086
34.35,30.870054,3.4799457550048842
35.4,31.638992,3.761007690429686
34.35,32.144897,2.2051025390625014
35.05,32.31295,2.7370498657226534
35.2,32.113903,3.086096954345706
34.85,31.533844,3.3161560058593764
34.05,30.658014,3.3919857025146456
31.65,29.566898,2.083101654052733
31.9,28.425554,3.4744457244873033
29.95,27.30467,2.6453296661376946
29.0,26.238388,2.7616119384765625
27.95,25.316349,2.6336509704589837
27.05,24.536032,2.5139682769775398
26.149999999999995,23.877142,2.2728580474853466
25.6,23.437141,2.16285858154297
25.199999999999996,23.208845,1.991154861450191
24.65,23.090883,1.5591167449951158
24.100000000000005,23.25162,0.8483806610107472
24.45,23.742535,0.7074653625488274
26.1,24.548498,1.551501846313478
27.85,25.603214,2.246785736083986
30.049999999999997,26.840752,3.2092483520507784
32.2,28.182621,4.017378997802737
33.95,29.485065,4.464934539794925
35.35,30.63505,4.714950180053712
36.7,31.494246,5.205754470825198
36.3,31.96229,4.337710189819333
37.2,32.13977,5.060229492187503
37.2,31.933685,5.266314697265628
36.8,31.348501,5.451498794555661
36.15,30.50463,5.645370864868163
33.1,29.457342,3.642657852172853
33.8,28.377499,5.422501373291013
32.6,27.216862,5.383138275146486
30.7,26.181684,4.518315505981445
29.2,25.269918,3.9300815582275384
28.0,24.497154,3.5028457641601562
27.1,23.902678,3.1973224639892592
25.900000000000002,23.428282,2.471718215942385
25.25,23.190636,2.0593643188476562
24.5,23.140545,1.3594551086425781
23.85,23.288317,0.5616832733154311
24.4,23.68549,0.714510345458983
26.4,24.457224,1.9427761077880845
28.849999999999998,25.505135,3.3448654174804666
31.4,26.75958,4.640419387817381
33.9,28.106483,5.793516540527342
35.9,29.378078,6.521921539306639
37.15,30.469505,6.680494689941405
38.05,31.281067,6.768933105468747
37.45,31.743864,5.706135940551761
37.95,31.866737,6.083262634277347
37.7,31.666567,6.03343315124512
37.0,31.120136,5.879863739013672
35.75,30.339912,5.410087585449219
33.85,29.362537,4.487462615966798
32.2,28.391058,3.8089420318603544
30.55,27.388395,3.1616046905517585
29.2,26.36982,2.830180358886718
27.05,25.442863,1.607136535644532
26.599999999999998,24.647593,1.9524074554443338
26.65,24.050255,2.599745178222655
25.299999999999997,23.555214,1.744786071777341
26.3,23.236591,3.0634086608886726
24.249999999999996,23.11985,1.1301498413085902
23.650000000000002,23.21139,0.43861045837402557
24.6,23.632545,0.9674545288085952
27.9,24.436337,3.463663482666014
31.05,25.519121,5.530878829956055
33.05,26.783768,6.266232299804685
34.85,28.126247,6.723752593994142
36.1,29.381159,6.71884117126465
36.95,30.435463,6.514537048339847
37.6,31.18482,6.415179824829103
37.4,31.651203,5.7487968444824205
37.8,31.809416,5.990584182739255
37.55,31.611809,5.938191223144528
36.7,31.074028,5.625971984863284
35.35,30.303757,5.046243286132814
32.25,29.343811,2.90618896484375
31.75,28.245459,3.5045413970947266
30.899999999999995,27.19425,3.7057498931884716
29.5,26.222775,3.2772254943847656
28.35,25.296808,3.05319175720215
27.5,24.562494,2.9375057220458984
25.35,24.045519,1.304481124877931
24.5,23.614447,0.8855533599853516
24.4,23.508266,0.8917335510253892
23.4,23.445408,-0.045407867431642046
22.35,23.588793,-1.238792800903319
23.5,24.040604,-0.5406036376953125
26.499999999999996,24.8975,1.6025009155273402
29.9,26.005924,3.894075775146483
32.7,27.194695,5.505305480957034
35.05,28.431686,6.61831359863281
36.85,29.595377,7.254623031616212
38.0,30.58496,7.4150390625
38.9,31.334076,7.565924072265624
38.4,31.83042,6.569580459594725
38.45,32.0208,6.42919845581055
38.15,31.830173,6.319826507568358
37.15,31.327187,5.822813415527342
35.75,30.563122,5.186878204345703
31.2,29.613136,1.586863708496093
31.05,28.559917,2.490082550048829
30.95,27.418737,3.531262588500976
29.15,26.42296,2.7270397186279283
28.7,25.577724,3.12227554321289
27.9,24.866474,3.0335258483886705
25.900000000000002,24.215998,1.6840023040771506
25.4,23.76199,1.6380104064941392
26.599999999999998,23.538641,3.0613590240478494
23.7,23.45601,0.24398918151855398
22.800000000000004,23.510878,-0.7108776092529254
24.15,23.913387,0.2366127014160142
26.599999999999998,24.74444,1.8555599212646463
29.95,25.911184,4.038815689086913
33.15,27.22928,5.920719528198241
35.7,28.554684,7.1453163146972685
37.4,29.733658,7.666342163085936
38.35,30.727692,7.622308349609376
38.8,31.460928,7.339072036743161
38.65,31.889757,6.760242843627928
38.4,32.03764,6.362360382080077
38.05,31.86528,6.18471984863281
37.45,31.392271,6.057728958129886
35.9,30.672028,5.227972412109374
33.45,29.701086,3.7489139556884794
31.9,28.729706,3.1702941894531236
30.899999999999995,27.74189,3.1581100463867138
29.85,26.629179,3.2208209991455092
28.7,25.789608,2.910391998291015
27.95,25.131823,2.818177413940429
26.85,24.500029,2.3499713897705092
25.85,24.10494,1.7450595855712905
25.35,23.986483,1.3635173797607436
24.75,23.735964,1.0140361785888672
24.2,23.649237,0.5507633209228509
24.4,24.013245,0.3867553710937486
26.350000000000005,24.825699,1.5243011474609425
28.8,25.961132,2.838867950439454
31.5,27.24194,4.258060455322266
34.15,28.571587,5.57841339111328
36.25,29.78739,6.462610244750977
37.7,30.769848,6.930152130126956
38.55,31.473158,7.0768421173095675
37.7,31.898655,5.801345062255862
37.95,32.04195,5.908049774169925
37.9,31.861006,6.038994216918944
37.2,31.40131,5.798690032958987
35.75,30.673914,5.076086044311523
32.4,29.797789,2.6022113800048814
33.15,28.860214,4.289785766601561
31.45,27.876823,3.5731765747070305
30.15,26.879854,3.2701457977294908
28.7,25.986805,2.713195037841796
27.5,25.238153,2.2618465423583984
26.7,24.636417,2.0635826110839837
25.199999999999996,24.213186,0.9868137359619098
25.15,23.943007,1.206993484497069
24.8,23.81423,0.9857700347900398
22.45,23.847422,-1.3974216461181648
23.25,24.152569,-0.9025688171386719
26.4,24.830156,1.5698436737060533
29.65,25.881113,3.7688869476318345
33.0,27.153355,5.846645355224609
35.55,28.529148,7.0208518981933565
37.35,29.780416,7.5695835113525405
38.7,30.854578,7.845421981811526
39.6,31.603647,7.996352767944337
39.2,32.023716,7.176284027099612
39.35,32.13364,7.216359710693361
39.0,31.96978,7.030220031738281
38.35,31.462515,6.8874851226806655
36.75,30.656973,6.093027114868164
32.6,29.705086,2.89491424560547
33.0,28.730797,4.269203186035156
32.55,27.66592,4.884079742431638
31.4,26.746012,4.6539882659912095
30.55,25.917727,4.632273483276368
29.95,25.17916,4.770840835571288
29.65,24.627394,5.022606277465819
27.200000000000003,24.19267,3.007329177856448
27.05,23.935265,3.114735412597657
28.150000000000002,23.853142,4.296858215332033
27.1,23.803713,3.2962871551513686
26.499999999999996,24.095953,2.404047012329098
29.55,24.927835,4.622164535522462
32.65,26.104162,6.545837783813475
35.7,27.502876,8.197123718261722
38.35,28.850636,9.499364471435548
40.0,30.027142,9.972858428955078
40.7,30.99187,9.70812911987305
41.9,31.703568,10.196432495117186
41.7,32.121006,9.578993988037112
41.9,32.245785,9.654215240478514
41.7,32.074745,9.625254821777347
41.0,31.598986,9.40101432800293
39.1,30.834753,8.265246963500978
37.15,29.87194,7.27805938720703
34.3,28.919987,5.3800132751464815
32.05,27.90318,4.146820831298825
30.5,26.903296,3.5967044830322266
29.35,26.102547,3.24745330810547
28.600000000000005,25.473186,3.126813507080083
27.799999999999997,25.035934,2.7640655517578097
27.35,24.62402,2.725980377197267
26.85,24.439362,2.4106384277343764
26.1,24.524508,1.5754924774169936
25.5,24.70619,0.7938098907470703
25.5,24.966427,0.5335731506347656
27.1,25.656305,1.4436946868896499
29.3,26.68634,2.6136596679687507
32.15,27.876066,4.273933792114256
35.05,29.08327,5.966730880737302
37.65,30.189974,7.460026168823241
39.4,31.095137,8.304863357543944
40.55,31.761679,8.788321304321286
39.8,32.20883,7.591168212890622
40.0,32.319813,7.680187225341797
39.65,32.134686,7.515314483642577
39.0,31.614157,7.385843276977539
37.3,30.82998,6.470019149780271
35.25,29.918987,5.331012725830078
33.4,28.816334,4.5836662292480455
32.3,27.71777,4.582230377197263
30.999999999999996,26.696259,4.3037414550781214
29.800000000000004,25.848127,3.9518726348876996
28.65,25.147863,3.502136611938475
27.4,24.619858,2.780142211914061
26.250000000000004,24.28683,1.9631690979003942
25.35,24.10494,1.2450595855712905
24.55,24.03962,0.5103805541992195
23.899999999999995,24.147432,-0.2474323272705128
24.15,24.49741,-0.34740982055664205
25.75,25.14413,0.6058692932128906
27.449999999999996,26.135294,1.3147060394287067
29.9,27.350792,2.549208068847655
32.65,28.614264,4.0357364654541
35.05,29.802946,5.247053909301755
37.1,30.821615,6.2783847808837905
38.45,31.570974,6.879025650024417
37.65,31.974314,5.6756862640380845
37.95,32.1136,5.83639831542969
37.75,31.95307,5.796930313110352
36.9,31.502861,5.39713897705078
35.3,30.7625,4.537499237060544
33.5,29.953047,3.5469532012939453
32.15,28.981974,3.1680263519287095
30.5,28.053024,2.4469757080078125
28.8,27.197535,1.6024654388427741
27.200000000000003,26.436565,0.763434600830081
26.0,25.767145,0.23285484313964844
25.199999999999996,25.172907,0.027093124389644174
25.15,24.718515,0.4314846038818345
25.15,24.393803,0.756197357177733
24.8,24.206537,0.5934627532958991
24.249999999999996,24.211636,0.03836441040038707
24.75,24.541933,0.2080669403076172
26.4,25.246601,1.1533988952636705
28.55,26.244898,2.305102157592774
30.3,27.449385,2.850615310668946
32.25,28.739994,3.5100059509277344
34.05,29.983149,4.066851425170896
35.35,31.053389,4.296611404418947
36.15,31.866985,4.283014678955077
35.4,32.308178,3.0918220520019517
36.05,32.43786,3.6121414184570284
36.1,32.20199,3.8980117797851577
35.2,31.650602,3.5493976593017607
33.3,30.781183,2.5188167572021456
31.5,29.77475,1.725250244140625
30.1,28.717901,1.382098770141603
28.749999999999996,27.650755,1.0992450714111293
27.25,26.648594,0.6014060974121094
25.900000000000002,25.728798,0.17120208740234588
24.85,24.962812,-0.11281242370605327
23.7,24.355894,-0.6558940887451179
23.25,23.987057,-0.7370567321777344
23.1,23.84126,-0.7412609100341783
22.0,23.839884,-1.839883804321289
21.55,23.999557,-2.449557495117187
22.6,24.42691,-1.8269104003906236
25.050000000000004,25.1666,-0.11659927368163636
27.05,26.209673,0.8403270721435554
28.500000000000004,27.438883,1.0611171722412145
30.15,28.736553,1.4134468078613267
31.75,29.964205,1.7857952117919922
33.1,31.01181,2.0881896972656264
34.0,31.756691,2.2433090209960938
33.7,32.147198,1.552802276611331
34.25,32.243084,2.006916046142578
34.1,31.9714,2.128600692749025
33.35,31.311783,2.038217163085939
32.0,30.375626,1.6243743896484375
30.35,29.273365,1.0766349792480483
29.3,28.196272,1.103728103637696
28.25,27.139816,1.1101837158203125
27.1,26.095991,1.0040088653564467
25.8,25.159159,0.6408412933349616
24.349999999999998,24.339413,0.010587310791013493
24.15,23.66023,0.4897693634033189
23.1,23.193993,-0.09399261474609233
22.55,23.021303,-0.4713031768798821
22.4,22.991571,-0.591571426391603
21.95,23.191782,-1.2417819976806648
22.55,23.727133,-1.1771327972412102
25.55,24.618551,0.9314487457275398
27.549999999999997,25.732962,1.8170383453369112
29.6,26.984074,2.615926361083986
31.75,28.32045,3.4295501708984375
33.7,29.601791,4.098208618164065
35.2,30.683481,4.516518783569339
36.3,31.446081,4.853918838500974
36.0,31.86308,4.136920928955078
36.6,31.957052,4.6429477691650405
36.25,31.654196,4.595804214477539
35.9,30.978329,4.921671295166014
34.7,30.050287,4.649712753295901
33.05,28.968615,4.081385421752927
31.9,27.8455,4.054499053955077
30.45,26.743073,3.7069274902343743
29.65,25.723898,3.9261020660400376
28.600000000000005,24.826551,3.7734485626220753
27.6,24.033253,3.5667472839355483
26.75,23.446037,3.3039627075195312
25.85,22.985506,2.8644939422607436
25.050000000000004,22.721449,2.3285511016845746
24.4,22.720434,1.6795658111572251
23.899999999999995,22.917122,0.9828781127929638
23.899999999999995,23.386263,0.5137371063232372
25.55,24.348211,1.2017887115478523
27.449999999999996,25.457691,1.9923088073730426
29.800000000000004,26.752287,3.047713088989262
32.2,28.11946,4.080540847778323
34.0,29.41587,4.584129333496094
35.55,30.531761,5.018238830566403
36.7,31.300451,5.399548721313479
36.5,31.72569,4.774309158325195
37.35,31.825811,5.524188613891603
37.2,31.522602,5.677397918701175
36.8,30.90555,5.894449996948239
35.85,30.045925,5.804074859619142
33.05,28.999786,4.050213623046872
31.5,27.891232,3.6087684631347656
29.9,26.819609,3.0803913116455064
28.749999999999996,25.851782,2.898218154907223
27.75,25.002415,2.7475852966308594
26.8,24.264048,2.5359523773193366
26.0,23.706532,2.293468475341797
25.5,23.28403,2.2159690856933594
25.1,23.018005,2.0819946289062514
24.6,22.958664,1.641336059570314
24.100000000000005,23.120548,0.9794517517089893
24.15,23.537369,0.6126312255859361
25.7,24.275928,1.4240715026855462
27.75,25.242048,2.5079517364501953
30.049999999999997,26.44716,3.602839279174802
32.25,27.83249,4.417509078979492
34.15,29.10951,5.040489578247069
35.75,30.210728,5.539272308349609
37.0,31.016918,5.983081817626953
36.8,31.461695,5.338305282592771
37.55,31.573105,5.97689514160156
37.4,31.3062,6.093799972534178
36.7,30.733807,5.966193389892581
35.2,29.924694,5.275305938720706
33.3,28.946375,4.353625106811521
31.75,27.840685,3.9093151092529297
30.15,26.734432,3.415567779541014
28.600000000000005,25.724098,2.8759017944335987
27.25,24.804787,2.4452133178710938
26.149999999999995,24.011707,2.138292694091792
25.199999999999996,23.353577,1.8464233398437457
24.6,22.892002,1.7079978942871108
24.100000000000005,22.665829,1.4341712951660206
23.5,22.671648,0.8283519744873047
22.949999999999996,22.918005,0.0319950103759723
23.15,23.44383,-0.2938304901123061
24.85,24.256893,0.593106842041017
26.7,25.324055,1.3759452819824212
29.25,26.610094,2.6399059295654297
32.0,27.9611,4.038900375366211
34.2,29.242659,4.957341384887698
35.85,30.329664,5.520335769653322
37.2,31.110779,6.089221191406253
36.6,31.542538,5.057462310791017
37.4,31.622906,5.777094268798827
37.4,31.328594,6.071405792236327
36.9,30.688198,6.211801910400389
35.45,29.801825,5.648175430297854
32.75,28.829054,3.9209461212158203
32.45,27.82718,4.622819137573245
31.099999999999998,26.83812,4.26188049316406
29.800000000000004,25.860975,3.9390247344970746
28.45,24.94593,3.504069519042968
27.15,24.142132,3.0078681945800767
26.149999999999995,23.455008,2.694992446899409
25.15,22.974623,2.175377273559569
24.8,22.726889,2.0731113433837898
24.100000000000005,22.719776,1.3802238464355518
23.3,22.939138,0.3608615875244148
23.55,23.427313,0.12268714904785227
25.35,24.250301,1.099698638916017
27.549999999999997,25.35246,2.1975391387939425
30.45,26.680872,3.7691280364990227
33.15,28.116528,5.033472442626952
35.15,29.444023,5.70597686767578
36.6,30.568464,6.031535720825197
37.6,31.386301,6.213698959350587
37.0,31.808332,5.191667556762695
37.5,31.885664,5.614336013793945
37.05,31.592377,5.457623291015622
36.35,30.967693,5.3823066711425795
35.1,30.069923,5.030076599121095
32.95,29.022173,3.9278270721435575
32.35,27.984009,4.365991210937501
31.05,26.985876,4.064123916625977
30.15,26.066347,4.083652877807616
29.1,25.239868,3.8601318359375014
28.2,24.506182,3.693818283081054
27.4,23.909199,3.4908012390136705
26.8,23.435553,3.3644474029541023
26.1,23.185667,2.9143329620361342
25.1,23.137922,1.9620777130126967
24.2,23.283226,0.9167739868164055
24.349999999999998,23.686596,0.663404083251951
26.4,24.444899,1.955101394653319
28.65,25.537271,3.1127285003662095
31.45,26.887392,4.5626079559326165
34.05,28.30359,5.746409225463864
36.0,29.63697,6.363029479980469
37.3,30.725414,6.57458572387695
38.0,31.50044,6.49955940246582
37.45,31.924385,5.525614929199222
37.5,32.001114,5.4988861083984375
37.1,31.670391,5.4296089172363295
36.1,31.04373,5.056270217895509
34.95,30.158792,4.791207504272464
31.8,29.13444,2.6655605316162116
32.45,28.003447,4.446553421020511
31.15,26.935106,4.214893722534178
30.1,25.975636,4.124364471435548
29.05,25.16104,3.8889606475830085
28.0,24.480875,3.519124984741211
26.85,23.968403,2.8815971374511733
26.2,23.642012,2.5579883575439446
25.45,23.491077,1.9589225769042962
24.7,23.494564,1.205435943603515
24.000000000000004,23.657093,0.3429069519043004
24.000000000000004,24.036406,-0.036405563354488635
25.75,24.752537,0.9974632263183594
27.9,25.784712,2.115288162231444
30.35,27.100752,3.2492481231689467
33.15,28.477465,4.672535324096678
35.45,29.755205,5.6947948455810575
37.15,30.804966,6.345034027099608
38.3,31.534021,6.765978622436521
38.0,31.94255,6.0574493408203125
38.6,32.02661,6.573388671875001
38.25,31.734442,6.515558242797852
37.65,31.094515,6.555485153198241
35.65,30.212433,5.437567138671874
34.15,29.15936,4.990639114379881
32.9,28.105556,4.794443511962889
31.55,27.055315,4.494684982299805
30.35,26.067078,4.282922363281251
29.35,25.207895,4.142104721069337
28.25,24.461143,3.7888565063476562
27.35,23.855759,3.494241333007814
26.499999999999996,23.465292,3.0347080230712855
25.85,23.281235,2.568765258789064
25.1,23.294844,1.8051563262939467
24.55,23.497292,1.0527084350585945
24.65,23.928308,0.721691513061522
26.350000000000005,24.703781,1.6462188720703175
28.25,25.770819,2.4791812896728516
30.5,27.047997,3.4520034790039062
32.8,28.455002,4.34499816894531
34.75,29.750954,4.999046325683594
36.45,30.829727,5.62027282714844
37.5,31.56631,5.933689117431641
37.2,31.97258,5.227420043945315
37.75,31.992828,5.757171630859375
37.55,31.659233,5.890766906738278
36.9,31.02576,5.874239349365233
35.65,30.130371,5.519628906249999
33.5,29.067802,4.432197570800781
32.1,28.077812,4.022187805175783
30.6,27.117344,3.482656097412111
29.450000000000003,26.226591,3.2234088897705107
28.3,25.391043,2.9089572906494148
27.449999999999996,24.693453,2.756547164916988
26.599999999999998,24.124569,2.4754310607910135
26.05,23.72822,2.3217800140380866
25.65,23.514374,2.1356262207031236
25.199999999999996,23.50237,1.6976291656494098
24.85,23.693207,1.1567932128906264
25.050000000000004,24.156557,0.8934429168701215
26.65,24.913403,1.7365974426269517
28.399999999999995,25.948385,2.451614761352534
30.2,27.182457,3.0175430297851555
32.6,28.502272,4.097728347778322
34.9,29.7098,5.190199279785155
36.5,30.757708,5.742292404174805
37.65,31.47554,6.174459838867186
37.4,31.864258,5.535742187499999
38.0,31.864813,6.135187149047852
37.7,31.495996,6.204003524780276
37.1,30.815424,6.2845760345459
36.15,29.914299,6.23570098876953
33.7,28.8734,4.8266002655029325
32.4,27.834211,4.565788650512694
30.750000000000004,26.833742,3.9162578582763707
29.6,25.89677,3.7032295227050795
28.3,25.049755,3.250244903564454
27.300000000000004,24.303715,2.9962852478027386
26.4,23.71844,2.681560897827147
25.65,23.32331,2.3266891479492173
25.199999999999996,23.150532,2.0494682312011676
24.65,23.207897,1.4421028137207017
24.100000000000005,23.495497,0.6045032501220753
24.349999999999998,24.019398,0.33060226440429474
25.95,24.84806,1.101939392089843
27.65,25.89223,1.7577709197998033
29.800000000000004,27.134802,2.665198135375981
32.7,28.460314,4.2396862030029325
35.25,29.772259,5.477741241455078
37.1,30.830313,6.2696872711181655
38.2,31.571968,6.628031921386722
37.75,31.970833,5.779167175292969
38.05,31.994726,6.055273818969724
37.9,31.642454,6.257545852661131
37.15,30.961943,6.188057327270506
35.2,30.092827,5.107173156738284
33.25,29.009308,4.240692138671875
31.5,27.903496,3.5965042114257812
30.0,26.881721,3.1182785034179688
28.500000000000004,25.915861,2.5841388702392614
27.300000000000004,25.03082,2.269179153442387
26.3,24.278456,2.021544265747071
25.45,23.67459,1.775410842895507
24.75,23.272455,1.4775447845458984
24.349999999999998,23.113054,1.2369457244873026
23.8,23.165688,0.6343124389648445
23.4,23.437717,-0.037717437744142046
23.4,23.944082,-0.5440822601318374
25.4,24.782244,0.6177562713623033
27.549999999999997,25.845856,1.7041442871093722
30.25,27.112522,3.1374778747558594
33.05,28.461826,4.5881736755371065
35.5,29.776693,5.723306655883789
37.05,30.861671,6.188328552246091
37.95,31.57766,6.372340393066409
37.65,31.936708,5.713291549682616
38.1,31.90747,6.192529296875001
37.8,31.512753,6.287247467041013
37.0,30.766865,6.233135223388672
35.55,29.77005,5.779949951171872
33.85,28.70993,5.140069580078126
31.05,27.650648,3.399351882934571
29.800000000000004,26.66609,3.1339099884033246
28.849999999999998,25.75518,3.094819641113279
27.75,24.904346,2.845653533935547
26.8,24.172787,2.6272132873535163
25.95,23.581306,2.368693542480468
25.25,23.126657,2.123342514038086
24.85,22.94042,1.9095798492431655
24.249999999999996,23.00044,1.2495594024658168
23.750000000000004,23.268557,0.48144340515137074
23.7,23.762402,-0.062401580810547586
25.15,24.598318,0.5516819000244126
26.75,25.690601,1.0593986511230469
28.8,27.029856,1.7701442718505866
31.5,28.478764,3.0212364196777344
33.8,29.828144,3.971855926513669
35.55,30.914621,4.635378646850583
36.6,31.624168,4.975831604003908
36.1,31.958803,4.141196823120119
36.75,31.90671,4.843290328979492
36.7,31.441431,5.258568954467776
35.85,30.668741,5.181258773803712
34.0,29.686192,4.313808441162109
32.35,28.636099,3.7139011383056655
31.55,27.52099,4.029009628295899
29.450000000000003,26.528484,2.921515655517581
28.749999999999996,25.617186,3.1328144073486293
27.65,24.800493,2.8495067596435533
26.7,24.078423,2.6215774536132805
25.95,23.481268,2.468732070922851
25.5,23.078497,2.4215030670166016
25.0,22.90754,2.0924606323242188
24.5,22.97204,1.5279598236083984
24.000000000000004,23.26824,0.7317600250244176
23.95,23.770084,0.17991561889648366
25.7,24.577105,1.122895431518554
27.549999999999997,25.659208,1.890791702270505
30.049999999999997,26.959715,3.09028511047363
32.75,28.365608,4.384391784667969
35.0,29.704893,5.295106887817383
36.35,30.78288,5.567119216918947
37.4,31.505795,5.894205474853514
36.7,31.85242,4.847579193115237
37.45,31.81297,5.637030792236331
37.35,31.405416,5.9445835113525405
36.75,30.664255,6.085744857788086
34.65,29.700758,4.949242019653319
32.9,28.665545,4.234455490112303
31.5,27.643648,3.856351852416992
30.15,26.461891,3.6881088256835923
28.600000000000005,25.515156,3.084844207763677
27.300000000000004,24.662138,2.637862014770512
26.2,23.946722,2.253277969360351
25.35,23.369507,1.9804931640625014
24.8,22.847324,1.95267562866211
24.4,22.606174,1.793825531005858
23.8,22.580421,1.2195785522460945
23.35,22.762783,0.587216949462892
23.35,23.175657,0.17434272766113423
25.1,23.932926,1.1670738220214858
27.1,24.982918,2.11708221435547
29.5,26.295135,3.204864501953125
31.85,27.733627,4.116372680664064
33.7,29.101816,4.598183822631839
35.2,30.198141,5.001858901977542
36.35,30.946903,5.403096771240236
35.75,31.29246,4.457540512084961
36.45,31.280834,5.169165802001956
35.9,30.865276,5.034723663330077
35.25,30.13647,5.113529205322266
33.8,29.161871,4.638129043579099
32.15,28.066776,4.083223724365233
30.55,26.969893,3.580107498168946
29.05,25.928503,3.1214969635009773
27.9,24.94312,2.956880950927733
27.05,24.04721,3.0027893066406257
26.149999999999995,23.26117,2.888830566406245
25.25,22.614853,2.6351470947265625
24.75,22.181993,2.5680065155029297
24.349999999999998,21.961575,2.3884254455566385
23.55,21.951694,1.59830551147461
22.85,22.14557,0.7044292449951186
22.700000000000003,22.582293,0.11770744323730753
24.6,23.374903,1.2250972747802749
26.55,24.496922,2.05307846069336
28.500000000000004,25.902866,2.597133636474613
30.55,27.408613,3.141386795043946
32.55,28.792494,3.7575061798095675
34.2,29.898838,4.301161956787112
35.4,30.67917,4.720829391479491
34.65,31.002913,3.647087478637694
35.35,30.99521,4.354789352416994
35.15,30.57057,4.579430007934569
34.35,29.828148,4.521852111816408
32.95,28.869307,4.080693435668948
31.55,27.827835,3.722164916992188
30.0,26.730818,3.2691822052001953
28.7,25.762085,2.9379150390624993
27.4,24.872288,2.527712249755858
26.499999999999996,24.073994,2.4260063171386683
25.7,23.440582,2.2594177246093743
24.9,22.909779,1.9902214050292955
24.5,22.501724,1.9982757568359375
23.95,22.316679,1.633320999145507
23.45,22.275602,1.174397659301757
23.0,22.412464,0.5875358581542969
23.1,22.770227,0.32977256774902486
25.15,23.532207,1.6177925109863267
27.25,24.612883,2.637117385864258
29.15,25.892042,3.257957839965819
31.25,27.240644,4.009355545043945
33.3,28.549288,4.750712203979489
34.95,29.603563,5.3464366912841825
36.0,30.328657,5.671342849731445
35.45,30.665298,4.78470153808594
35.9,30.624228,5.275772476196288
35.65,30.218945,5.431055450439452
35.15,29.473495,5.676504516601561
33.55,28.56518,4.984820175170896
31.9,27.601446,4.2985538482666
30.5,26.592007,3.9079933166503906
29.1,25.614449,3.48555145263672
27.4,24.681702,2.7182983398437486
26.05,23.818218,2.231781768798829
25.0,23.04756,1.9524402618408203
24.249999999999996,22.413696,1.8363037109374964
23.3,21.97153,1.32846908569336
22.5,21.699656,0.8003444671630859
22.75,21.665806,1.0841941833496094
21.9,21.861681,0.038319015502928266
23.3,22.332449,0.9675510406494148
25.050000000000004,23.219942,1.8300579071044965
27.6,24.352217,3.2477832794189467
30.15,25.65245,4.497549438476561
32.6,27.040838,5.559161758422853
34.7,28.336588,6.363412094116214
36.2,29.412596,6.787404251098636
36.95,30.124743,6.8252574920654325
36.3,30.421867,5.878132629394528
36.5,30.352146,6.147853851318359
35.75,29.938385,5.811614990234375
34.85,29.282364,5.567636108398439
33.45,28.449535,5.000464630126956
30.850000000000005,27.503197,3.3468032836914112
31.9,26.559721,5.340279006958006
29.9,25.610903,4.289097213745116
29.25,24.676748,4.573251724243164
28.25,23.796068,4.45393180847168
27.5,23.01923,4.480770111083984
26.75,22.354326,4.395673751831055
26.149999999999995,21.846786,4.3032135009765575
26.7,21.492556,5.2074443817138665
24.249999999999996,21.465992,2.7840080261230433
23.8,21.608194,2.1918056488037116
24.05,22.177917,1.8720825195312507
26.7,23.069887,3.6301128387451165
29.9,24.276909,5.62309112548828
33.2,25.705885,7.494115066528323
35.55,27.129616,8.420384216308591
37.15,28.46131,8.6886905670166
38.2,29.479956,8.72004432678223
39.0,30.131453,8.868547439575195
38.7,30.40112,8.298880767822268
38.75,30.320833,8.429166793823242
38.2,29.896624,8.303376388549808
37.5,29.206802,8.293197631835938
36.0,28.404621,7.595378875732422
32.2,27.448599,4.751401138305667
31.349999999999998,26.597612,4.7523876190185526
30.049999999999997,25.605162,4.44483833312988
28.849999999999998,24.725506,4.124494171142576
27.799999999999997,23.913834,3.8861663818359347
26.9,23.241251,3.6587490081787095
26.1,22.694725,3.4052749633789077
25.65,22.313475,3.3365253448486314
25.1,22.268036,2.8319641113281264
24.5,22.229343,2.2706565856933594
24.05,22.388596,1.6614044189453132
23.95,22.856058,1.0939418792724602
25.55,23.806608,1.7433917999267585
27.449999999999996,25.069519,2.3804809570312457
29.65,26.486143,3.1638568878173814
31.75,27.861115,3.888885498046875
33.6,29.099922,4.50007781982422
34.9,30.08173,4.818270111083983
35.6,30.692865,4.9071346282959
35.35,30.970762,4.379237747192384
35.7,30.898409,4.801591110229495
35.2,30.488161,4.71183891296387
34.9,29.796076,5.103924179077147
33.05,28.9516,4.098400878906247
31.65,27.866268,3.783731842041014
29.95,26.906124,3.043875885009765
28.45,25.968292,2.4817077636718743
27.300000000000004,25.083122,2.2168777465820355
26.3,24.268053,2.0319469451904304
25.4,23.547127,1.8528732299804673
24.8,22.951292,1.8487079620361335
24.55,22.511095,2.0389049530029304
24.45,22.291428,2.158572387695312
24.2,22.261374,1.9386264801025384
24.100000000000005,22.466654,1.633346176147466
24.3,22.880306,1.4196937561035163
25.75,23.691126,2.0588741302490234
27.449999999999996,24.784256,2.6657440185546832
29.25,26.07107,3.1789302825927734
31.3,27.40249,3.897509384155274
33.05,28.637413,4.412586975097653
34.45,29.612171,4.8378288269043
35.6,30.222528,5.3774715423584
34.55,30.479654,4.070345687866208
35.25,30.352077,4.897922515869141
35.15,29.91509,5.234909439086913
34.05,29.236677,4.8133228302001925
32.0,28.35992,3.6400794982910156
30.25,27.454643,2.7953567504882812
28.749999999999996,26.522448,2.227552413940426
27.25,25.565947,1.6840534210205078
26.0,24.64101,1.3589897155761719
25.199999999999996,23.779583,1.4204170227050739
24.55,22.985554,1.5644462585449226
23.95,22.357306,1.5926944732666009
24.249999999999996,21.9375,2.3124999999999964
24.4,21.726707,2.673292541503905
24.05,21.781633,2.2683666229248054
23.7,22.096376,1.6036235809326165
23.7,22.644917,1.0550834655761712
25.45,23.51359,1.9364101409912102
27.0,24.610569,2.3894309997558594
28.500000000000004,25.914932,2.585067749023441
30.35,27.247776,3.102223968505861
32.15,28.445139,3.7048610687255845
33.75,29.424906,4.325094223022461
34.85,30.047974,4.802026367187501
34.3,30.21889,4.081110763549802
35.05,30.038248,5.011751937866208
35.0,29.542223,5.45777702331543
34.3,28.796183,5.503817367553708
32.2,27.901472,4.298527908325198
30.35,27.013512,3.3364883422851577
28.8,26.125175,2.674824523925782
27.25,25.193802,2.0561981201171875
26.0,24.245632,1.7543678283691406
25.1,23.358177,1.7418228149414077
24.4,22.549105,1.8508953094482408
23.85,21.870504,1.9794956207275405
23.7,21.44193,2.258069229125976
23.7,21.265617,2.4343826293945305
23.650000000000002,21.334848,2.315151596069338
23.55,21.651148,1.8988521575927741
23.8,22.22622,1.573780822753907
25.25,23.169088,2.080911636352539
26.8,24.302982,2.497017669677735
28.55,25.532883,3.017117309570313
30.6,26.807095,3.792905426025392
32.6,27.999079,4.60092124938965
34.2,28.978245,5.221755218505862
35.25,29.621016,5.628984451293945
34.7,29.866505,4.83349533081055
35.3,29.743532,5.556467819213864
35.15,29.32252,5.8274806976318345
34.4,28.649426,5.750574493408202
32.55,27.81639,4.7336109161376925
30.8,26.929298,3.8707015991210945
29.35,25.9959,3.3541007995605483
27.9,25.046576,2.85342445373535
26.599999999999998,24.081156,2.518844223022459
25.4,23.153711,2.246288681030272
24.349999999999998,22.31947,2.030530548095701
23.35,21.634384,1.715615844726564
22.65,21.158403,1.4915966033935533
22.15,20.955101,1.1948989868164048
21.649999999999995,21.049826,0.6001743316650341
21.500000000000004,21.418926,0.08107376098633168
22.0,22.058508,-0.05850791931152344
24.249999999999996,23.04893,1.2010707855224574
25.95,24.207596,1.7424041748046868
27.75,25.48911,2.2608890533447266
30.0,26.831467,3.1685333251953125
32.1,28.072647,4.027352905273439
33.85,29.073725,4.7762752532959
35.15,29.715065,5.434934997558592
34.7,29.960613,4.739386749267581
35.4,29.864748,5.535251998901366
35.25,29.427769,5.822231292724609
34.5,28.780945,5.71905517578125
32.8,27.975151,4.824848937988278
31.099999999999998,27.078506,4.021493530273435
29.450000000000003,26.162859,3.2871410369873075
27.95,25.20281,2.7471897125244134
26.499999999999996,24.278908,2.22109222412109
25.199999999999996,23.362211,1.8377887725830035
24.249999999999996,22.538332,1.7116680145263636
23.5,21.817488,1.6825122833251953
22.949999999999996,21.252972,1.6970283508300739
22.5,20.916481,1.5835189819335938
22.4,20.83888,1.561119461059569
22.4,21.055157,1.3448432922363267
23.15,21.624056,1.5259441375732408
24.6,22.619253,1.9807468414306655
26.05,23.821442,2.2285583496093757
27.75,25.172174,2.5778255462646484
30.1,26.567242,3.5327583312988295
32.35,27.893253,4.456746673583986
34.45,28.95952,5.4904796600341825
35.8,29.657934,6.142065811157224
35.15,29.903955,5.246044540405272
36.0,29.803915,6.196084976196289
35.75,29.356247,6.3937530517578125
34.4,28.67575,5.724249267578124
32.1,27.877407,4.222592926025392
30.25,26.9912,3.258800506591797
28.65,26.07282,2.57717933654785
27.25,25.141605,2.1083946228027344
26.05,24.203394,1.8466060638427741
25.15,23.310326,1.8396743774414048
24.349999999999998,22.472504,1.8774963378906229
23.85,21.743547,2.106452560424806
23.35,21.193306,2.15669403076172
23.4,20.86022,2.5397800445556626
23.35,20.82256,2.5274406433105483
23.899999999999995,21.08507,2.8149303436279247
24.15,21.690708,2.459291839599608
25.299999999999997,22.628923,2.671076583862302
26.85,23.768486,3.0815139770507827
28.500000000000004,25.070414,3.4295864105224645
30.3,26.476973,3.823027420043946
32.1,27.78668,4.313319778442384
33.75,28.893953,4.856046676635742
34.85,29.609318,5.240682220458986
33.5,29.875212,3.624788284301758
34.2,29.806566,4.3934337615966825
33.95,29.371113,4.578887176513675
33.05,28.66539,4.38460998535156
31.55,27.817396,3.732603836059571
29.800000000000004,26.889107,2.910893249511723
28.3,25.936241,2.363758850097657
27.05,24.968061,2.081938552856446
25.85,23.987074,1.8629261016845717
25.050000000000004,23.086208,1.9637916564941449
24.2,22.228022,1.9719783782958977
23.55,21.49803,2.051970291137696
23.6,20.917166,2.6828342437744155
23.6,20.585373,3.014627075195314
22.6,20.535955,2.064044570922853
21.6,20.858196,0.7418037414550795
21.850000000000005,21.487656,0.3623443603515675
24.349999999999998,22.456251,1.8937488555908182
26.599999999999998,23.635365,2.9646354675292947
28.2,24.94911,3.2508899688720696
29.699999999999996,26.306273,3.3937274932861285
30.649999999999995,27.55909,3.0909103393554638
31.45,28.58745,2.862549972534179
32.25,29.240078,3.0099220275878906
31.949999999999996,29.417511,2.5324890136718707
32.3,29.29407,3.0059307098388643
32.1,28.863956,3.236043548583986
31.75,28.25107,3.498929977416992
30.049999999999997,27.494633,2.5553672790527315
28.7,26.676285,2.023715209960937
28.25,25.802721,2.4472789764404297
27.25,24.86158,2.3884201049804688
26.65,23.929638,2.7203620910644517
25.1,23.043652,2.0563484191894545
24.3,22.22233,2.0776699066162116
24.3,21.503614,2.796385574340821
24.6,20.950602,3.6493984222412124
24.000000000000004,20.643732,3.356267929077152
22.75,20.530886,2.219114303588867
22.0,20.665014,1.3349857330322266
22.65,21.182066,1.4679340362548814
24.65,22.193913,2.456087493896483
26.599999999999998,23.520985,3.0790153503417947
28.35,24.906693,3.443307495117189
30.15,26.263077,3.886923217773436
31.75,27.433151,4.3168487548828125
33.0,28.363182,4.636817932128906
33.5,28.944407,4.555593490600586
32.35,29.138489,3.2115112304687514
32.9,28.978184,3.921816253662108
32.7,28.536991,4.163008880615237
32.15,27.930983,4.219017410278319
31.3,27.20967,4.090330886840821
30.1,26.366148,3.7338520050048842
29.05,25.538225,3.5117748260498054
28.05,24.698647,3.3513534545898445
26.75,23.856806,2.8931941986083984
25.7,22.984692,2.7153083801269524
24.9,22.195751,2.7042488098144517
23.899999999999995,21.555468,2.3445323944091747
23.0,21.121191,1.8788089752197266
22.75,20.840849,1.9091510772705078
22.3,20.733341,1.566658782958985
21.7,20.904928,0.7950717926025384
21.7,21.454689,0.24531097412109304
24.100000000000005,22.426123,1.6738773345947315
26.2,23.626183,2.5738174438476555
28.399999999999995,25.001417,3.3985828399658153
30.55,26.414898,4.135102081298829
32.35,27.712664,4.637336349487306
33.6,28.719227,4.880773162841798
34.4,29.300682,5.099317932128905
33.95,29.440245,4.509755325317386
35.2,29.313921,5.8860790252685575
34.9,28.869232,6.030767822265624
33.75,28.237318,5.51268196105957
32.25,27.48092,4.769079208374023
31.099999999999998,26.645893,4.45410690307617
30.5,25.793795,4.706205368041992
29.4,24.920689,4.479311370849608
28.05,24.015236,4.0347640991210945
27.1,23.114382,3.9856182098388686
26.05,22.307608,3.7423923492431648
25.25,21.6054,3.6445999145507812
24.5,21.068325,3.4316749572753906
24.100000000000005,20.7656,3.3343997955322315
23.55,20.714453,2.8355472564697273
23.0,20.9121,2.087900161743164
22.700000000000003,21.4524,1.2475997924804716
24.4,22.459627,1.9403728485107408
26.65,23.724232,2.9257682800292955
29.2,25.127499,4.072501373291015
31.4,26.58913,4.8108695983886705
33.25,27.888151,5.361848831176758
34.75,28.90821,5.841789245605469
35.7,29.555338,6.144662094116214
35.2,29.7967,5.403300476074222
35.7,29.706621,5.9933788299560575
35.4,29.268858,6.131142044067381
34.5,28.582327,5.917673110961914
32.4,27.80971,4.590290451049803
30.5,26.967009,3.532991409301758
28.8,26.054468,2.745531845092774
27.25,25.149694,2.1003055572509766
25.85,24.252571,1.5974288940429702
24.55,23.38795,1.1620491027832038
23.55,22.597776,0.9522235870361335
22.75,21.90626,0.8437404632568359
22.6,21.33561,1.2643905639648452
22.2,20.966562,1.2334377288818352
21.7,20.827543,0.8724567413330071
21.15,20.981112,0.16888847351074077
20.85,21.44363,-0.593630218505858
22.75,22.331966,0.4180335998535156
25.199999999999996,23.547796,1.6522037506103473
27.75,24.986284,2.7637157440185547
30.3,26.42944,3.8705604553222663
32.45,27.682497,4.76750297546387
34.2,28.678858,5.521142196655276
35.5,29.283249,6.2167510986328125
35.5,29.465034,6.034965515136719
36.05,29.312366,6.737633514404294
35.7,28.895737,6.804263305664065
34.85,28.296665,6.553334808349611
32.55,27.536383,5.013617324829099
31.2,26.691013,4.508986663818359
29.1,25.817917,3.282083129882814
27.4,24.917234,2.4827655792236314
26.05,23.970661,2.0793388366699226
24.950000000000003,23.05738,1.8926193237304716
24.05,22.184967,1.8650329589843757
23.25,21.375559,1.874441146850586
23.0,20.771,2.2290000915527344
22.65,20.371153,2.2788471221923814
22.35,20.223743,2.1262565612792983
22.15,20.367426,1.782574081420897
22.2,20.82077,1.3792297363281243
23.750000000000004,21.776945,1.9730548858642614
25.95,23.026583,2.9234172821044915
27.6,24.50718,3.092820739746095
29.5,26.059372,3.4406280517578125
31.75,27.430265,4.319734573364258
33.5,28.509302,4.990697860717773
34.9,29.189445,5.71055450439453
34.95,29.445498,5.50450248718262
35.7,29.321362,6.378638458251956
35.5,28.867516,6.632484436035156
34.8,28.25821,6.541790771484372
32.85,27.509043,5.340957260131837
31.25,26.696611,4.553388595581055
29.65,25.809425,3.8405746459960923
27.95,24.851229,3.0987712860107415
26.65,23.86925,2.7807506561279283
25.7,22.898394,2.801606369018554
24.9,21.994118,2.9058822631835923
24.100000000000005,21.173235,2.9267650604248097
23.85,20.536047,3.313953018188478
23.45,20.133186,3.316813659667968
23.049999999999997,19.995033,3.054966735839841
22.85,20.191643,2.6583572387695327
22.65,20.729345,1.9206546783447251
23.6,21.704176,1.8958240509033217
25.7,23.011698,2.6883022308349602
27.9,24.427347,3.4726528167724595
29.95,25.860826,4.089173507690429
31.949999999999996,27.210947,4.739052963256832
33.7,28.274408,5.425591659545901
34.95,28.917244,6.032756042480472
34.2,29.143272,5.056727600097659
34.8,29.01422,5.78578071594238
34.55,28.62942,5.920580673217771
33.7,28.092861,5.6071388244628935
31.45,27.429361,4.02063865661621
30.1,26.65438,3.4456192016601577
27.549999999999997,25.838772,1.7112281799316378
26.149999999999995,24.930237,1.219763183593745
24.9,23.99132,0.9086803436279283
24.000000000000004,23.08563,0.9143695831298864
23.25,22.248785,1.0012149810791016
22.55,21.477211,1.0727890014648445
22.5,20.8831,1.6168994903564453
22.25,20.522562,1.727437973022461
22.05,20.419216,1.6307838439941413
21.9,20.609344,1.2906555175781236
22.0,21.108929,0.8910713195800781
23.55,21.980835,1.5691650390625007
25.45,23.191496,2.258504104614257
27.4,24.566042,2.8339580535888658
29.4,25.983225,3.4167751312255845
31.6,27.301826,4.29817352294922
33.45,28.336447,5.113553237915042
34.75,28.970985,5.779014587402344
34.75,29.12868,5.621320724487305
35.4,28.977509,6.422491455078124
34.9,28.557007,6.342993164062499
33.4,27.976414,5.423586273193358
30.8,27.274635,3.5253646850585945
29.3,26.467009,2.8329914093017585
28.0,25.6249,2.3750991821289062
26.55,24.709208,1.8407924652099616
25.4,23.700726,1.6992744445800767
24.349999999999998,22.772892,1.5771080017089822
23.55,21.900963,1.649037170410157
23.15,21.123547,2.0264533996582017
23.55,20.479591,3.0704086303710945
23.55,20.092106,3.457894134521485
23.45,19.961063,3.4889366149902337
23.650000000000002,20.144897,3.505102539062502
23.899999999999995,20.658812,3.241188430786128
24.45,21.606478,2.8435222625732415
26.149999999999995,22.824625,3.325374984741206
27.7,24.206806,3.493193817138671
29.2,25.591444,3.6085559844970696
31.2,26.943233,4.256766510009765
32.9,27.984182,4.915817642211913
34.05,28.642237,5.407763290405271
33.25,28.86494,4.385059356689453
33.75,28.77086,4.97913932800293
33.35,28.40932,4.940679168701173
32.4,27.857708,4.542292022705077
30.649999999999995,27.12383,3.526169204711909
29.55,26.315762,3.2342384338378913
28.150000000000002,25.436064,2.71393623352051
26.7,24.470404,2.229596328735351
25.55,23.517876,2.032124328613282
24.6,22.578493,2.0215068817138686
23.85,21.682543,2.167457199096681
23.2,20.913702,2.286297988891601
22.75,20.402426,2.347574234008789
22.4,20.122667,2.2773326873779283
21.95,20.12251,1.8274890899658196
21.55,20.44363,1.1063697814941413
21.400000000000002,21.072052,0.32794799804687713
23.15,21.980803,1.1691974639892564
25.5,23.183434,2.3165664672851562
28.05,24.509773,3.5402267456054695
29.800000000000004,25.873198,3.926802444458012
31.45,27.153528,4.296471786499023
32.8,28.179611,4.62038879394531
34.0,28.804832,5.195167541503906
33.75,28.949062,4.800937652587891
34.35,28.797018,5.5529819488525405
34.0,28.385468,5.614532470703125
33.2,27.817932,5.382067871093753
31.25,27.119368,4.130632400512695
29.4,26.326578,3.0734218597412095
28.2,25.45857,2.7414295196533196
26.9,24.51158,2.388420486450194
25.6,23.56932,2.030679321289064
24.5,22.660738,1.8392620086669922
23.750000000000004,21.79802,1.951980590820316
23.1,21.038183,2.061816787719728
22.65,20.440538,2.2094615936279283
22.3,20.056849,2.243151473999024
22.0,19.934464,2.0655364990234375
21.850000000000005,20.119383,1.7306171417236378
21.9,20.616858,1.2831424713134751
23.2,21.561544,1.6384555816650384
25.050000000000004,22.818407,2.231592941284184
26.599999999999998,24.248379,2.3516212463378885
28.399999999999995,25.667072,2.732927703857417
30.400000000000002,26.962624,3.437376403808596
32.25,27.95939,4.290609359741211
33.6,28.60287,4.997129058837892
33.15,28.789637,4.360363388061522
33.85,28.640072,5.209928131103517
33.6,28.234577,5.365422821044923
32.7,27.667055,5.03294486999512
30.25,26.993408,3.256591796875
29.35,26.200417,3.149583435058595
27.5,25.458885,2.0411148071289062
26.1,24.542238,1.5577617645263686
24.8,23.529943,1.2700565338134773
23.6,22.575922,1.0240779876708999
22.6,21.68814,0.9118591308593764
21.749999999999996,20.921234,0.8287658691406214
21.3,20.30194,0.9980590820312507
20.7,19.889599,0.8104011535644524
19.8,19.743862,0.056137847900391336
18.65,19.92735,-1.2773490905761733
19.15,20.43435,-1.2843490600585952
20.95,21.35071,-0.4007099151611335
23.15,22.611542,0.5384582519531236
25.7,23.970945,1.729054641723632
28.35,25.370806,2.979194259643556
30.8,26.66307,4.136929321289063
32.9,27.701689,5.198311233520506
34.4,28.353827,6.04617347717285
34.15,28.55725,5.592750930786131
34.95,28.469286,6.4807140350341825
34.65,28.115728,6.5342716217041
33.65,27.590832,6.059168243408202
30.850000000000005,26.917305,3.9326950073242237
29.6,26.144312,3.455688095092775
28.500000000000004,25.247036,3.252964019775394
27.25,24.294693,2.9553070068359375
26.9,23.329336,3.5706638336181626
25.6,22.401226,3.1987739562988295
24.65,21.50971,3.14028968811035
23.95,20.684208,3.2657920837402337
23.899999999999995,19.960514,3.9394859313964794
23.7,19.431967,4.268033218383788
24.65,19.12599,5.524010086059569
21.7,19.096422,2.603577804565429
21.95,19.544518,2.4054824829101555
24.05,20.51681,3.533190536499024
27.4,21.850197,5.549803161621092
30.999999999999996,23.405283,7.594717025756832
33.5,24.977007,8.522993087768555
35.25,26.41105,8.838949203491211
36.5,27.538681,8.961318969726562
37.2,28.232916,8.967084121704104
36.45,28.485235,7.964764785766604
36.75,28.435041,8.314958572387695
35.55,28.104982,7.445017623901364
34.4,27.593292,6.806707763671874
32.3,26.914858,5.385142135620114
30.95,26.198471,4.751528930664062
28.55,25.470255,3.0797451019287116
27.9,24.63403,3.265970611572264
26.85,23.705973,3.1440273284912124
26.0,22.648952,3.3510475158691406
25.299999999999997,21.765749,3.5342510223388643
24.55,21.01286,3.537140655517579
24.249999999999996,20.481415,3.7685852050781214
23.8,20.144377,3.6556232452392585
23.25,20.191666,3.0583343505859375
22.800000000000004,20.184639,2.615361022949223
22.4,20.583961,1.8160385131835923
23.95,21.539627,2.410372924804687
26.149999999999995,22.901796,3.248203659057612
28.399999999999995,24.44612,3.9538806915283153
30.55,25.95816,4.591839599609376
32.5,27.283924,5.216075897216797
34.0,28.319145,5.680854797363281
35.0,28.936815,6.06318473815918
34.25,29.120565,5.129434585571289
34.85,28.980785,5.8692146301269545
34.5,28.556543,5.943456649780273
33.65,27.95957,5.690430068969725
30.95,27.260433,3.689566802978515
29.9,26.502836,3.3971637725830064
28.45,25.462042,2.987958145141601
27.200000000000003,24.534748,2.6652519226074247
26.05,23.665426,2.3845737457275398
25.25,22.819859,2.4301414489746094
24.5,22.048452,2.451547622680664
23.899999999999995,21.375828,2.5241722106933544
23.95,20.845509,3.104491424560546
24.000000000000004,20.501663,3.498336791992191
23.6,20.383598,3.2164016723632827
23.45,20.501427,2.9485733032226555
23.55,20.930174,2.6198261260986335
24.9,21.810528,3.0894721984863267
26.3,23.100882,3.1991184234619148
27.799999999999997,24.5816,3.218399810791013
29.800000000000004,26.105703,3.6942966461181683
31.25,27.485853,3.7641468048095703
32.6,28.582441,4.017558670043947
33.7,29.259176,4.440823745727542
33.15,29.484053,3.665947341918944
33.8,29.348179,4.4518211364746065
33.55,28.921993,4.628006744384763
32.65,28.29894,4.351059341430663
30.5,27.509878,2.990121841430664
29.75,26.683268,3.066732406616211
28.1,25.67277,2.4272304534912124
26.9,24.74095,2.159050369262694
25.65,23.805515,1.844484710693358
24.65,22.892427,1.7575725555419908
23.7,22.046337,1.6536628723144524
22.800000000000004,21.288378,1.511622238159184
22.75,20.712303,2.0376968383789062
23.35,20.412523,2.937476730346681
23.650000000000002,20.31707,3.3329299926757834
23.85,20.527384,3.3226161956787124
23.750000000000004,21.064058,2.6859416961669957
24.3,22.003447,2.2965534210205085
25.7,23.201675,2.498324584960937
27.4,24.525429,2.8745712280273423
29.25,25.868948,3.381052017211914
31.45,27.094002,4.355998229980468
33.4,28.023489,5.376511001586913
34.7,28.581602,6.118397903442386
34.5,28.699533,5.800466537475586
35.0,28.536469,6.463531494140625
34.45,28.147202,6.302798461914065
33.3,27.628416,5.67158393859863
30.750000000000004,27.045225,3.7047748565673864
29.0,26.558758,2.441242218017578
27.4,25.719194,1.6808055877685533
26.1,24.802546,1.2974544525146499
24.85,23.810247,1.039752578735353
23.6,22.817947,0.7820526123046889
22.55,21.867184,0.6828163146972663
21.6,21.05696,0.5430408477783217
21.6,20.406296,1.193704223632814
21.35,20.0731,1.2769008636474624
21.05,19.979843,1.0701568603515632
20.85,20.226078,0.6239219665527358
20.8,20.762032,0.03796844482421946
22.5,21.581797,0.9182033538818359
24.55,22.725924,1.824076461791993
26.350000000000005,24.025454,2.324546432495122
28.399999999999995,25.395641,3.004358673095698
30.55,26.654116,3.895884323120118
32.25,27.63515,4.614849090576172
33.5,28.21941,5.280590057373047
32.75,28.417036,4.332963943481445
33.3,28.304237,4.995762634277341
32.9,27.983011,4.9169887542724595
32.0,27.508295,4.491704940795898
29.9,26.97999,2.9200099945068345
28.8,26.35979,2.4402091979980476
27.15,25.54877,1.601229095458983
25.7,24.61642,1.08357925415039
24.55,23.588898,0.9611022949218757
23.55,22.556149,0.9938514709472663
22.75,21.498652,1.2513484954833984
21.95,20.630472,1.3195278167724602
21.649999999999995,19.964638,1.6853622436523388
21.15,19.532051,1.6179489135742173
20.4,19.349615,1.0503849029541001
19.85,19.48623,0.36376914978027486
19.8,19.970606,-0.17060585021972585
22.05,20.901861,1.1481388092041023
24.000000000000004,22.181316,1.8186836242675817
25.45,23.579098,1.870902252197265
27.35,24.985548,2.3644519805908217
29.35,26.325678,3.0243221282959
31.099999999999998,27.381544,3.718455886840818
32.25,28.008154,4.241846084594727
31.75,28.218615,3.5313854217529297
32.05,28.145094,3.9049060821533175
31.45,27.803679,3.646321487426757
30.1,27.301638,2.7983623504638686
28.3,26.66005,1.6399505615234382
27.6,25.911047,1.688953018188478
27.15,25.068144,2.0818561553955064
25.7,24.117704,1.582295608520507
24.55,23.090658,1.4593418121337898
23.85,22.11792,1.7320800781250014
22.9,21.203985,1.6960147857666001
21.6,20.380053,1.219947433471681
21.35,19.36165,1.988349533081056
20.55,18.602234,1.9477661132812507
19.5,18.085205,1.414794921875
19.55,17.900148,1.649851608276368
19.15,18.109266,1.040733718872069
21.15,18.966343,2.183657073974608
23.899999999999995,20.192362,3.707638168334956
26.45,21.583094,4.866906356811523
28.749999999999996,23.030725,5.71927452087402
30.8,24.422792,6.377207565307618
32.4,25.52999,6.870010757446288
33.25,26.21576,7.03424072265625
32.7,26.410543,6.289456558227542
32.8,26.273977,6.526022720336911
32.1,25.831068,6.268931961059572
30.999999999999996,25.154665,5.845335006713864
28.55,24.346764,4.203236389160157
27.1,23.555223,3.544776535034181
25.95,22.619974,3.3300258636474602
27.1,21.459156,5.640843963623048
25.85,20.305973,5.544026947021486
24.65,19.248457,5.401543045043944
24.000000000000004,18.276611,5.7233886718750036
23.2,17.379482,5.82051773071289
22.45,16.728413,5.721587371826171
21.749999999999996,16.252743,5.497257232666012
21.05,16.060232,4.989767837524415
20.75,16.232927,4.517072677612305
21.400000000000002,16.704432,4.695568466186526
23.15,17.732466,5.417534255981444
26.350000000000005,19.166378,7.183621978759771
29.95,20.804228,9.145772171020507
32.6,22.407461,10.192538833618165
34.1,23.817171,10.282828903198244
35.05,24.881477,10.168522644042966
35.65,25.509075,10.140924835205077
35.2,25.677088,9.522912216186526
35.55,25.547152,10.00284843444824
35.2,25.102806,10.097193908691409
33.85,24.440699,9.409301376342775
30.7,23.623201,7.0767986297607415
28.500000000000004,22.620108,5.879892349243168
28.600000000000005,21.497814,7.102185821533208
28.0,20.457872,7.54212760925293
27.05,19.33798,7.7120197296142585
26.05,18.291399,7.758600997924805
25.15,17.416632,7.7333683013916
24.3,16.718052,7.58194808959961
24.45,16.340546,8.109454345703124
23.95,16.132109,7.817891311645507
22.55,16.090609,6.459391403198243
22.949999999999996,16.292562,6.657437515258785
21.7,16.836775,4.863225173950195
24.05,17.864853,6.185147094726563
27.6,19.280233,8.31976661682129
30.999999999999996,20.894917,10.105083465576168
33.6,22.469835,11.130164718627931
35.05,23.807978,11.242022323608396
35.85,24.865942,10.984057998657228
36.15,25.5298,10.620199584960936
35.55,25.830414,9.719586181640622
35.5,25.86878,9.631219863891602
34.8,25.74495,9.055050659179685
33.5,25.302967,8.197032928466797
31.099999999999998,24.506655,6.593345260620115
30.45,23.46383,6.986169052124023
28.749999999999996,22.415194,6.334806442260739
27.549999999999997,21.328571,6.221428680419919
26.499999999999996,20.269304,6.230695724487301
25.35,19.210226,6.1397739410400405
24.3,18.16976,6.13024024963379
23.55,17.260267,6.289732742309571
22.949999999999996,16.955904,5.994095993041988
22.3,16.902,5.397999572753907
21.850000000000005,16.980534,4.869466400146489
21.45,17.314665,4.135335159301757
21.05,17.676243,3.37375717163086
23.45,18.50622,4.943780136108398
27.1,19.918995,7.181005096435548
30.400000000000002,21.520714,8.879286193847658
32.75,23.076351,9.673648834228516
34.4,24.397354,10.002645874023436
35.7,25.403141,10.296858978271487
36.55,26.050364,10.499636459350583
36.2,26.324842,9.875157546997073
36.55,26.497534,10.052466201782224
36.0,26.379906,9.620094299316406
34.5,25.941977,8.558023452758789
31.25,25.171387,6.07861328125
30.5,24.22568,6.274320602416992
28.600000000000005,23.036318,5.563682174682622
27.1,21.916927,5.183072662353517
25.7,20.78183,4.918170166015624
24.2,19.674822,4.525178146362304
22.65,18.692022,3.9579776763916
22.099999999999998,17.986032,4.113967514038084
22.05,17.467236,4.582764434814454
21.55,17.166767,4.383232879638673
21.15,17.095882,4.054117584228514
20.6,17.322248,3.2777515411376967
19.9,17.81827,2.0817302703857408
22.099999999999998,18.891745,3.208255386352537
25.0,20.50667,4.493330001831055
27.65,22.22377,5.426229858398436
30.049999999999997,23.784676,6.265324401855466
32.15,25.0936,7.056400680541991
33.75,26.119131,7.630868911743164
34.95,26.749577,8.200423431396487
34.5,26.986492,7.513507843017578
34.65,26.906506,7.743494415283202
34.05,26.650349,7.399651336669919
32.85,26.222399,6.627601242065431
30.899999999999995,25.477964,5.422035598754878
28.849999999999998,24.591253,4.258746719360349
27.35,23.55797,3.792029953002931
26.2,22.406675,3.793324661254882
25.199999999999996,21.200657,3.999343109130855
24.3,20.01416,4.285839843750001
23.5,18.854795,4.645204544067383
22.75,17.854862,4.895137786865234
22.35,17.144485,5.205514526367189
21.55,16.729315,4.820685195922852
20.5,16.63657,3.8634300231933594
19.8,16.801725,2.9982746124267585
19.3,17.229698,2.070301818847657
22.05,18.281183,3.768816757202149
24.349999999999998,19.803871,4.546128845214842
26.499999999999996,21.494709,5.005290985107418
28.399999999999995,23.110765,5.289234542846675
30.15,24.47738,5.672619247436522
31.6,25.54426,6.055739974975587
32.4,26.245434,6.154566192626952
31.700000000000003,26.52169,5.178309631347659
31.75,26.50716,5.242839813232422
31.2,26.287271,4.91272850036621
29.699999999999996,25.946901,3.753098678588863
27.5,25.309565,2.1904354095458984
26.45,24.439035,2.0109645843505852
24.55,23.327236,1.2227638244628913
25.050000000000004,22.154055,2.8959453582763715
24.2,20.97517,3.2248298645019524
23.25,19.837214,3.4127864837646484
22.75,18.796831,3.9531688690185547
22.2,17.966806,4.233193588256835
22.4,17.341152,5.058847808837889
21.850000000000005,16.996712,4.853288269042974
21.35,16.82634,4.523660278320314
20.8,16.887777,3.9122226715087898
20.2,17.252333,2.9476673126220696
22.45,18.30752,4.142480087280273
26.1,19.737326,6.3626743316650405
29.55,21.311876,8.23812370300293
31.85,22.817902,9.032098388671876
33.1,24.136063,8.963937377929689
34.05,25.1339,8.916100311279294
34.75,25.725018,9.024982452392578
34.3,25.875921,8.424078750610349
34.55,25.71078,8.83922080993652
33.8,25.267027,8.53297309875488
32.55,24.691507,7.858492660522458
30.400000000000002,23.841888,6.558111572265627
28.45,22.816671,5.633328628540038
27.4,21.577303,5.822697067260741
26.75,20.402674,6.347326278686523
26.1,19.156664,6.943336105346681
25.199999999999996,17.986803,7.213196945190425
24.45,17.080133,7.369866561889648
23.6,16.467108,7.132892227172853
23.2,16.15345,7.046549987792968
22.800000000000004,16.047785,6.752215194702153
22.35,16.08253,6.267470932006837
21.95,16.25532,5.694680404663085
21.649999999999995,16.553074,5.096926116943354
23.25,17.451769,5.79823112487793
25.85,18.908754,6.941245651245119
28.1,20.542492,7.5575080871582045
30.1,22.080935,8.019065475463869
31.85,23.344015,8.50598487854004
33.25,24.313429,8.93657112121582
34.35,24.954576,9.395423507690431
33.75,25.216543,8.533456802368164
34.1,25.324865,8.775134658813478
33.55,25.16084,8.38916091918945
32.2,24.658432,7.541567993164065
30.2,23.818352,6.3816482543945305
28.500000000000004,22.542347,5.9576530456543
26.65,21.271595,5.3784049987792955
25.1,20.126835,4.973165130615236
23.95,19.059017,4.890982818603515
23.15,18.042038,5.107962036132811
22.4,17.158966,5.241033935546874
21.649999999999995,16.505709,5.144291305541987
21.649999999999995,16.131584,5.518415832519526
21.500000000000004,16.040173,5.459827423095707
21.25,16.152,5.097999572753906
21.1,16.429483,4.670516586303712
21.15,16.833122,4.31687774658203
22.75,17.706465,5.043535232543945
25.1,18.931803,6.168197250366212
26.7,20.298239,6.401761245727538
28.65,21.637089,7.012911224365233
30.55,22.865671,7.684328842163087
32.25,23.830353,8.419647216796875
33.2,24.492762,8.707238388061526
32.8,24.7484,8.051600265502927
32.85,24.789381,8.060618972778322
32.6,24.608221,7.991778945922853
31.4,24.108675,7.291324996948241
29.65,23.290737,6.359262847900389
28.1,22.266022,5.833978271484376
26.4,21.202478,5.197521591186522
25.199999999999996,20.126778,5.0732223510742145
24.100000000000005,18.92685,5.17315063476563
23.2,17.704426,5.495574188232421
22.700000000000003,16.756021,5.943978500366214
22.45,16.068735,6.381264877319335
22.0,15.713175,6.286825180053711
22.2,15.626055,6.573945236206054
22.0,15.753128,6.2468719482421875
22.25,16.045856,6.204143524169922
22.099999999999998,16.441904,5.658095932006834
23.15,17.17898,5.971020126342772
24.45,18.248943,6.201056671142577
26.55,19.520842,7.0291584014892585
28.65,20.777603,7.872396850585936
30.750000000000004,21.94184,8.808160781860355
32.5,22.93598,9.564020156860352
33.8,23.620504,10.179495620727536
33.85,23.935183,9.914817428588869
34.45,24.184282,10.265717697143558
34.05,24.1076,9.942400741577146
32.6,23.704416,8.895583724975587
30.5,23.016155,7.483844757080078
29.65,22.046396,7.6036037445068345
27.65,20.904366,6.745634460449217
25.85,19.70332,6.1466804504394545
24.2,18.481323,5.718676757812499
23.049999999999997,17.36046,5.689539718627927
22.099999999999998,16.439959,5.6600414276123026
21.400000000000002,15.779783,5.620216751098635
21.0,15.386141,5.613859176635742
20.75,15.319473,5.4305267333984375
20.5,15.449389,5.050610542297363
20.25,15.780183,4.469817161560059
20.1,16.229998,3.870002365112306
21.649999999999995,16.906868,4.743132019042964
23.750000000000004,17.82719,5.922809600830082
26.350000000000005,18.99638,7.353620147705083
29.3,20.249468,9.050532150268555
31.700000000000003,21.438372,10.261628341674808
33.6,22.427511,11.17248878479004
34.95,23.150476,11.799523544311526
35.1,23.571793,11.528207397460939
35.75,23.859692,11.890308380126953
35.55,23.835365,11.714634704589841
34.3,23.419102,10.880898284912107
32.3,22.786837,9.51316337585449
30.899999999999995,22.175081,8.724918746948237
29.25,21.29592,7.954080581665039
27.7,20.173315,7.526684951782226
26.3,18.89388,7.40611915588379
25.050000000000004,17.564722,7.485277938842778
24.000000000000004,16.335096,7.664903640747074
23.15,15.258171,7.89182891845703
22.85,14.795993,8.054007148742677
22.35,14.650792,7.699207878112794
21.749999999999996,14.787844,6.962156295776364
21.2,15.102934,6.097066116333007
21.05,15.5451355,5.504864501953126
22.75,16.261044,6.488956451416016
24.3,17.209097,7.090903091430665
26.7,18.53475,8.165250015258788
29.35,19.947906,9.402093505859376
31.949999999999996,21.235872,10.714127731323238
33.85,22.271288,11.578712081909181
35.1,23.002916,12.097083663940431
34.95,23.41007,11.53992958068848
35.05,23.763405,11.286595153808591
34.4,23.787855,10.612144851684569
33.5,23.543203,9.956796646118164
31.55,23.213894,8.336106109619141
30.6,22.676105,7.923894500732423
29.0,21.885422,7.1145782470703125
27.1,20.910345,6.189654922485353
25.6,19.799582,5.8004184722900405
24.5,18.628546,5.871454238891602
23.55,17.483236,6.06676368713379
22.800000000000004,16.456984,6.343016433715825
22.45,15.640823,6.809176635742187
22.2,15.417109,6.782891464233398
21.7,15.365229,6.334771347045898
21.25,15.519454,5.730545997619629
21.1,15.826492,5.273507690429689
22.55,16.491476,6.05852394104004
24.15,17.413486,6.736513519287108
25.95,18.679686,7.270314407348632
28.45,20.09987,8.350129318237304
30.999999999999996,21.46282,9.53717994689941
33.0,22.564833,10.43516731262207
34.35,23.355288,10.994712448120119
34.4,23.898369,10.50163116455078
34.9,24.208136,10.6918643951416
34.55,24.17522,10.374779510498044
32.2,23.990795,8.209204864501956
29.450000000000003,23.6594,5.790599060058597
29.800000000000004,23.141792,6.658207702636723
28.35,22.34306,6.0069404602050795
27.1,21.294569,5.805430984497072
25.85,20.112625,5.737374877929689
24.75,18.884886,5.865114212036133
23.85,17.67783,6.172170257568361
22.949999999999996,16.589426,6.360573959350582
22.4,15.898688,6.501311683654784
21.850000000000005,15.728284,6.121716117858892
21.35,15.756847,5.5931526184082045
21.05,15.9325,5.117500114440919
21.15,16.254784,4.895216369628905
22.65,16.945705,5.704294586181639
25.299999999999997,17.843447,7.456553268432614
27.200000000000003,19.115398,8.084601593017581
29.6,20.49578,9.104219055175783
31.75,21.821316,9.92868423461914
33.3,22.91243,10.387570190429685
33.95,23.688374,10.261626434326175
33.25,24.102127,9.147872924804688
33.4,24.400463,8.999536895751952
32.75,24.342821,8.40717887878418
31.45,23.844704,7.605296325683593
28.600000000000005,23.053165,5.546834564208989
29.3,22.448574,6.851425933837891
27.9,21.696484,6.203516387939452
26.250000000000004,20.762136,5.487863540649418
25.15,19.679981,5.4700187683105455
24.3,18.549053,5.750946807861329
23.6,17.489609,6.110391235351564
22.9,16.538357,6.361643218994139
22.35,15.839275,6.5107246398925795
22.700000000000003,15.654579,7.045420837402347
22.949999999999996,15.681214,7.268785667419429
23.2,15.90825,7.291750144958495
23.0,16.28953,6.710470199584961
23.8,16.966875,6.833124923706055
25.0,17.931482,7.068517684936523
26.499999999999996,19.03543,7.4645690917968714
28.7,20.39949,8.300509643554687
30.999999999999996,21.652424,9.347576141357418
32.8,22.662525,10.137474822998044
34.2,23.341793,10.858206939697268
33.5,23.821486,9.67851448059082
33.65,24.075356,9.574644470214842
33.1,23.968697,9.13130340576172
31.8,23.489145,8.310854721069337
30.1,22.887783,7.212216949462892
29.0,22.332775,6.667224884033203
27.4,21.50458,5.895420455932616
26.05,20.433472,5.616528320312501
25.050000000000004,19.286997,5.76300315856934
24.100000000000005,18.155796,5.944203948974614
23.049999999999997,17.065145,5.984854507446286
22.05,16.080507,5.969492721557618
21.35,15.42478,5.925220108032228
20.6,15.359544,5.2404561996459975
19.9,15.534203,4.365797424316405
19.85,15.902125,3.9478746414184585
19.6,16.330534,3.2694660186767592
21.0,16.984087,4.015913009643555
23.4,17.815897,5.5841030120849595
25.5,18.83198,6.668020248413086
27.7,20.098495,7.601504516601562
29.800000000000004,21.321636,8.478363800048832
31.55,22.345781,9.204218673706055
32.75,23.06275,9.687250137329102
32.85,23.465326,9.3846736907959
33.1,23.667318,9.43268165588379
32.65,23.509735,9.140264892578124
30.999999999999996,23.295006,7.704994201660153
29.0,22.860413,6.13958740234375
28.25,22.239714,6.010286331176758
26.8,21.399199,5.4008014678955085
25.45,20.42143,5.028569412231445
24.6,19.392124,5.207875823974611
23.750000000000004,18.314095,5.435905456542972
22.9,17.248608,5.651392364501952
22.15,16.25292,5.897079849243163
21.8,15.347151,6.452849197387696
21.25,14.830756,6.419243812561035
20.7,14.844532,5.855467987060546
20.4,15.109632,5.290368461608885
19.95,15.495185,4.4548151016235344
21.15,16.147306,5.002693557739256
23.35,17.03195,6.318050003051759
25.5,17.997036,7.502964019775391
27.549999999999997,19.045166,8.504833984374997
29.25,20.114685,9.13531494140625
30.8,21.110165,9.689835357666016
32.0,21.93951,10.060489654541016
32.25,22.484459,9.765541076660156
32.65,22.781658,9.868341827392577
32.1,22.92714,9.172860717773439
30.750000000000004,22.850048,7.899951934814457
29.15,22.432198,6.717802429199217
27.799999999999997,21.861088,5.9389122009277315
26.149999999999995,20.892767,5.257233047485347
24.75,19.768219,4.981781005859375
23.8,18.657623,5.142376708984376
23.15,17.563753,5.586246871948241
22.55,16.523108,6.026892471313477
22.0,15.5842495,6.415750503540039
21.850000000000005,14.818885,7.031115150451665
21.500000000000004,14.424944,7.075056076049808
21.2,14.407553,6.792447280883788
20.9,14.581516,6.318483734130858
20.75,14.842619,5.907381057739258
22.3,15.339361,6.960638809204102
25.25,16.081964,9.168035507202148
28.05,16.916674,11.13332633972168
30.15,17.833956,12.31604423522949
31.9,18.699335,13.200664901733397
33.3,19.485687,13.814312744140622
34.05,20.193075,13.856924819946286
33.9,20.909824,12.990175628662108
33.85,21.44988,12.400119400024415
33.05,21.711132,11.33886795043945
31.55,21.6602,9.889799880981446
29.800000000000004,21.307796,8.49220352172852
29.0,20.769104,8.23089599609375
27.65,19.919676,7.730324172973631
26.45,18.871592,7.578408432006835
25.15,17.790749,7.359251403808592
24.100000000000005,16.772865,7.327134704589849
23.3,15.841946,7.458054351806641
22.55,14.9803915,7.56960849761963
22.25,14.322115,7.927885055541992
21.9,13.786501,8.113499069213866
21.3,13.410407,7.889592933654786
21.15,13.223689,7.926310920715331
20.6,13.4444685,7.155531501770021
22.700000000000003,14.092336,8.607664299011233
26.65,14.987731,11.662269020080565
30.45,15.95679,14.49321002960205
33.1,17.055325,16.044675445556642
34.45,18.276772,16.173228454589847
34.95,19.407677,15.542323303222659
35.05,20.390133,14.659867095947263
34.95,21.150358,13.79964179992676
34.8,21.726145,13.073855209350583
33.95,22.050478,11.89952201843262
31.85,22.054352,9.795648193359376
30.3,21.764912,8.535088348388673
29.25,21.260685,7.989315032958984
27.85,20.509224,7.34077606201172
26.85,19.608604,7.241395568847658
26.0,18.625874,7.374126434326172
25.4,17.609837,7.790163421630858
24.950000000000003,16.614243,8.335757446289065
23.049999999999997,15.684999,7.365000534057614
23.2,14.9908695,8.209130477905273
24.15,14.448531,9.701468849182127
21.649999999999995,14.031593,7.618406677246089
20.75,13.814714,6.935285568237305
21.2,13.784272,7.415727806091308
22.55,14.419473,8.130527305603028
25.55,15.561144,9.98885612487793
28.45,16.852999,11.597001266479491
31.05,18.263088,12.786911773681641
32.8,19.590015,13.209984588623044
33.75,20.778124,12.97187614440918
34.1,21.842907,12.257093048095705
33.6,22.649742,10.950257873535158
33.75,23.234818,10.515182495117188
33.1,23.49279,9.607209777832033
31.15,23.382587,7.7674125671386705
29.450000000000003,22.976412,6.473588180541995
27.799999999999997,22.295853,5.504147338867185
26.9,21.348255,5.5517448425292955
25.95,20.266062,5.683938217163085
25.1,19.151247,5.948752975463869
24.2,18.141102,6.058898162841796
23.7,17.284998,6.415002059936523
23.15,16.389883,6.760116958618163
22.85,15.546752,7.303248023986818
22.85,15.092403,7.757596588134767
22.75,14.611328,8.138671875
22.35,14.335278,8.014722442626955
22.15,14.821965,7.3280347824096665
23.0,15.551668,7.448331832885742
24.950000000000003,16.688074,8.261925888061526
26.95,17.976774,8.973225784301757
28.3,19.265934,9.034066009521485
28.65,20.49153,8.158470535278319
29.450000000000003,21.601742,7.8482582092285185
29.699999999999996,22.624725,7.075274658203121
27.300000000000004,23.358046,3.9419544219970746
26.75,23.811216,2.938783645629883
24.05,23.955183,0.09481697082519602
23.3,23.68973,-0.3897296905517571
22.45,23.059565,-0.6095645904541023
22.55,22.068184,0.48181610107421946
22.45,20.96489,1.4851104736328118
21.95,19.812437,2.137562942504882
21.649999999999995,18.674513,2.9754871368408153
21.3,17.509975,3.7900245666503913
20.7,16.411833,4.288167190551757
20.45,15.363614,5.0863859176635735
18.6,14.61281,3.987189865112306
18.85,14.223469,4.626531219482423
18.6,14.40123,4.198770141601564
18.35,14.764162,3.5858379364013686
17.65,15.246357,2.4036430358886705
18.2,15.93704,2.262959671020507
18.75,16.875214,1.874786376953125
19.45,18.129074,1.3209259033203118
21.6,19.371592,2.2284084320068374
23.25,20.35323,2.896770477294922
25.25,21.13222,4.117780685424805
26.012500000000003,21.61601,4.396489334106448
25.624999999999996,21.717,3.9080009460449183
19.15,21.825602,-2.6756015777587905
20.75,21.401552,-0.6515522003173828
19.95,20.77444,-0.8244407653808601
18.85,19.993742,-1.1437419891357408
19.2,19.172808,0.027192306518553977
17.95,18.261635,-0.31163482666015696
17.45,17.288795,0.16120452880859304
17.15,16.29533,0.8546699523925767
17.35,15.3397455,2.0102544784545913
17.3,14.469824,2.8301761627197273
16.6,13.752866,2.8471342086792006
17.3,12.857076,4.442924308776856
17.7,12.35609,5.343910408020019
16.9,12.388091,4.51190891265869
16.85,12.694613,4.155386543273927
17.1,13.136815,3.9631849288940444
18.35,13.64783,4.702169990539552
20.8,14.234666,6.565334129333497
22.85,14.767953,8.082047080993654
24.349999999999998,15.370631,8.979368782043455
24.950000000000003,15.908117,9.04188270568848
25.45,16.745434,8.704566192626952
25.900000000000002,17.384897,8.515102767944338
25.95,17.924221,8.02577896118164
25.85,18.409077,7.440923309326173
24.3,19.079939,5.220061111450196
23.049999999999997,19.261444,3.788555908203122
21.8,19.049343,2.7506568908691413
20.7,18.522564,2.1774360656738274
19.9,17.637138,2.26286163330078
19.45,16.572315,2.877684783935546
19.55,15.481572,4.068427848815919
19.75,14.492755,5.257245063781738
19.8,13.629882,6.170118141174317
19.05,12.893649,6.1563508987426765
19.15,12.454807,6.695192718505858
19.0,12.363438,6.636562347412109
19.0,12.416478,6.583521842956543
18.95,12.723723,6.226276588439941
19.0,13.252431,5.7475690841674805
19.6,13.690699,5.909301376342775
20.9,14.64484,6.255159759521483
22.5,15.295561,7.204439163208008
23.55,15.110677,8.439323234558106
24.8,17.249279,7.550720977783204
25.4,19.280905,6.119095230102538
26.05,19.676317,6.37368278503418
24.2,19.371012,4.82898826599121
24.249999999999996,19.23164,5.01836013793945
22.5,18.82825,3.6717491149902344
21.7,18.338139,3.3618614196777337
21.3,17.501507,3.798493194580079
21.3,16.809479,4.490521240234376
20.9,16.16592,4.734079742431639
20.55,16.205303,4.344696807861329
20.35,16.336462,4.013537979125978
20.0,16.51515,3.4848499298095703
20.05,16.595074,3.454926300048829
20.2,16.374294,3.82570571899414
20.45,15.903592,4.5464078903198235
20.4,15.1946,5.205399894714354
20.25,14.134801,6.115199089050293
20.1,12.831556,7.268443679809572
19.9,12.086581,7.813418769836424
20.55,11.950511,8.59948902130127
21.6,12.349394,9.25060615539551
23.25,13.156589,10.093411445617676
24.55,14.03916,10.510840225219727
24.9,14.832942,10.06705799102783
26.350000000000005,15.29175,11.058250045776372
27.200000000000003,15.50006,11.69993991851807
25.5,15.342782,10.157217979431152
26.1,15.283056,10.816943740844728
25.4,15.205379,10.19462146759033
24.2,14.919353,9.280647468566894
23.0,14.745837,8.254162788391113
22.35,14.825718,7.524282073974611
21.6,14.952396,6.647603607177736
20.8,15.220369,5.579630661010743
19.75,15.944831,3.805169105529785
18.85,16.588055,2.2619453430175795
18.3,17.093285,1.206715393066407
18.15,17.447096,0.7029041290283189
18.0,17.600761,0.39923858642578125
17.9,17.56339,0.33660926818847514
18.4,17.24827,1.1517299652099595
18.9,16.802889,2.0971111297607408
18.2,16.19178,2.008219909667968
19.5,16.20374,3.2962608337402344
22.0,16.902184,5.097816467285156
23.750000000000004,17.548721,6.201278686523441
25.1,18.207396,6.892604446411134
26.0,18.602045,7.397954940795898
27.0,19.084906,7.915094375610352
27.9,19.500044,8.399956130981444
27.6,19.305065,8.294934844970705
27.300000000000004,19.183493,8.116507339477543
26.4,19.226519,7.173481369018553
24.249999999999996,19.099478,5.1505222320556605
22.85,18.836336,4.013663864135744
22.15,18.624271,3.525728607177733
21.35,18.570362,2.7796379089355483
20.35,19.182095,1.167905426025392
18.35,19.598047,-1.2480472564697251
19.15,19.85416,-0.704160308837892
19.05,19.905815,-0.855815124511718
16.55,19.789803,-3.2398025512695305
16.7,19.02861,-2.328610229492188
16.5,18.368567,-1.8685665130615234
16.6,17.934847,-1.3348468780517564
16.2,17.552572,-1.3525722503662116
16.5,16.290625,0.20937538146972656
17.9,15.731777,2.168222808837889
20.75,16.106749,4.643251419067383
23.4,16.89825,6.501749420166014
25.199999999999996,17.746616,7.453383636474605
26.4,18.436367,7.963632965087889
27.05,19.049524,8.000475692749024
27.05,19.642143,7.407856750488282
26.45,20.139137,6.310862731933593
26.4,20.690586,5.709413909912108
26.05,21.087914,4.962086486816407
23.85,21.023888,2.8261123657226577
22.45,20.729033,1.720967483520507
21.749999999999996,20.492247,1.2577533721923793
21.3,20.477646,0.8223541259765632
20.6,20.53033,0.06966934204101705
19.3,20.438154,-1.138154220581054
17.95,20.512453,-2.5624530792236335
17.6,20.491041,-2.8910411834716783
16.8,19.66407,-2.8640701293945305
16.4,18.60993,-2.20993003845215
16.6,17.772217,-1.1722167968749986
15.6,17.19661,-1.5966094970703129
16.1,15.905699,0.19430122375488423
17.0,13.968458,3.0315418243408203
18.1,13.285109,4.814891433715822
20.5,13.866879,6.633120536804199
22.55,15.047255,7.502745437622071
24.15,16.416857,7.733143234252928
26.05,17.665932,8.384068298339844
27.05,18.460167,8.589833068847657
27.549999999999997,18.753792,8.796208190917966
27.449999999999996,18.804737,8.645262908935543
27.449999999999996,18.693401,8.756598663330074
26.85,18.66062,8.189380264282228
25.25,18.252975,6.9970245361328125
23.95,17.517868,6.432131958007812
23.3,16.835623,6.464377212524415
22.949999999999996,16.840752,6.109248352050777
21.649999999999995,17.59901,4.050989532470698
20.1,18.118738,1.9812618255615249
19.5,18.413233,1.0867671966552734
18.6,18.477695,0.1223045349121108
17.9,18.142578,-0.24257812500000142
17.75,17.355343,0.3946571350097656
17.6,16.41215,1.1878505706787124
17.45,15.166968,2.2830316543579094
17.0,13.435578,3.5644216537475586
17.05,11.8198805,5.230119514465333
18.05,12.218475,5.831524658203126
20.75,13.40944,7.340559959411621
23.2,14.710226,8.489773941040038
24.8,15.958134,8.841866302490235
26.0,17.149372,8.850627899169922
26.85,17.928734,8.921266174316408
27.6,18.090887,9.509112930297853
27.5,17.86521,9.634790420532227
27.95,17.45208,10.49792022705078
27.449999999999996,17.248573,10.20142669677734
24.9,16.88418,8.015819931030272
24.100000000000005,16.477812,7.622188186645513
23.55,16.19193,7.358069229125977
23.0,16.073572,6.926427841186523
22.0,16.041883,5.95811653137207
20.75,16.641663,4.10833740234375
20.0,17.195932,2.804067611694336
19.65,17.41208,2.2379192352294908
19.25,17.222683,2.0273170471191406
18.85,16.2796,2.5703998565673842
18.65,15.400872,3.2491277694702134
18.35,14.643175,3.706824874877931
18.35,13.373402,4.976598358154298
18.1,12.610698,5.489302253723146
18.95,13.543239,5.406761360168456
21.0,14.876002,6.123997688293457
23.35,16.208117,7.141883468627931
25.25,17.393728,7.856271743774414
26.55,18.246286,8.303713607788087
27.549999999999997,18.735926,8.81407432556152
28.150000000000002,18.805164,9.344835662841799
27.95,18.46704,9.482960891723632
28.05,17.815493,10.234507369995118
27.300000000000004,17.627365,9.672634887695317
24.85,17.108019,7.741981124877931
23.3,16.634005,6.665995407104493
22.6,16.365059,6.23494110107422
21.35,16.251682,5.098317718505861
20.05,16.101097,3.948902893066407
19.15,15.930559,3.2194408416748033
17.95,16.533213,1.4167873382568352
16.6,17.013483,-0.41348304748535014
16.6,17.22504,-0.6250404357910142
17.5,17.082537,0.4174633026123047
17.8,16.545773,1.2542274475097663
17.45,15.72388,1.72612018585205
17.05,14.554637,2.4953630447387702
16.55,13.971349,2.5786512374877937
16.95,13.984667,2.965333175659179
20.25,15.174422,5.075577735900879
22.75,16.592077,6.157922744750977
24.349999999999998,18.00472,6.345279312133787
25.75,19.07736,6.672639846801758
26.95,19.675583,7.274417114257812
27.799999999999997,19.793678,8.006321716308591
27.549999999999997,19.453209,8.096791076660153
28.05,19.270752,8.779248046875
27.549999999999997,18.865746,8.684254455566403
23.95,18.102509,5.847491455078124
22.3,17.266672,5.033327865600587
21.2,16.57631,4.623690795898437
20.25,15.89871,4.351289749145508
19.55,15.412187,4.137813377380372
19.45,15.783539,3.6664611816406243
18.0,16.020378,1.9796218872070312
18.55,15.92018,2.6298196792602546
18.25,15.594641,2.6553592681884766
18.15,14.359916,3.7900842666625962
18.55,12.96974,5.580260086059571
19.15,11.605176,7.544824028015135
19.3,10.735189,8.56481056213379
19.5,10.262927,9.237072944641113
18.75,11.170049,7.579951286315918
22.45,12.777264,9.672736358642577
26.0,14.515344,11.48465633392334
28.399999999999995,16.203445,12.196554565429683
29.6,17.675947,11.924052810668947
30.400000000000002,18.853207,11.546793365478518
30.8,19.636461,11.16353874206543
30.750000000000004,19.930014,10.819986343383793
30.750000000000004,19.726505,11.023494720458988
29.75,19.052395,10.69760513305664
26.9,18.10505,8.794950866699217
25.5,16.963522,8.536478042602539
24.75,15.64101,9.108989715576172
23.85,14.313977,9.536022758483888
22.700000000000003,13.146912,9.553088378906253
22.0,12.216587,9.78341293334961
21.45,11.579346,9.870654296875
20.8,11.458052,9.341948318481446
18.5,11.198214,7.301786422729492
18.75,10.75487,7.995129585266113
18.35,10.2378025,8.112197494506837
17.3,10.445953,6.854046630859376
17.35,10.942282,6.4077182769775405
18.3,12.189299,6.1107013702392585
17.95,13.73757,4.212430191040038
21.15,15.21789,5.932110214233397
23.95,16.48274,7.46725959777832
26.75,17.37111,9.378889083862305
28.9,18.176643,10.723356628417967
30.35,19.190304,11.159696197509767
31.15,19.763815,11.386185073852538
30.400000000000002,19.997488,10.402511978149416
30.750000000000004,19.729168,11.020832061767582
30.049999999999997,19.016033,11.033966827392575
25.65,18.103128,7.5468715667724595
26.250000000000004,16.818846,9.431154251098636
24.7,15.381495,9.318504524230956
23.6,13.808555,9.791445350646974
22.55,12.346524,10.203475761413575
21.45,11.080356,10.369644355773925
20.15,10.1438,10.006200218200682
19.5,9.412959,10.087040901184082
18.95,8.686554,10.263446044921874
18.6,8.416655,10.18334541320801
18.3,8.3208275,9.979172515869141
17.8,8.4115095,9.38849048614502
17.35,8.774704,8.575296020507814
17.15,9.610921,7.539079093933104
18.55,10.612559,7.93744068145752
22.0,12.020038,9.979962348937988
25.5,13.625038,11.874961853027344
28.25,15.285444,12.964555740356445
29.9,16.801088,13.098911666870116
30.899999999999995,17.953545,12.946455383300776
31.349999999999998,18.5649,12.78510055541992
31.05,18.655756,12.3942440032959
30.8,18.260702,12.53929786682129
29.65,16.94411,12.70588912963867
26.8,15.656917,11.143083381652833
25.15,14.654132,10.495868110656737
24.4,14.055198,10.344802284240721
23.55,13.660727,9.88927345275879
22.2,12.771544,9.428455543518066
21.0,12.011276,8.988723754882812
19.95,11.428515,8.521484565734863
19.3,11.075666,8.224333572387696
18.75,10.8873825,7.862617492675781
18.65,10.832695,7.81730499267578
18.25,10.950646,7.29935359954834
17.85,11.231023,6.618977165222169
17.6,11.64375,5.956249809265138
17.25,12.326303,4.923697471618652
18.05,13.490616,4.559384155273438
20.6,15.074863,5.525136566162111
23.0,16.755238,6.244762420654297
25.4,18.383202,7.016798400878905
27.549999999999997,19.70902,7.840979385375974
29.2,20.665642,8.53435821533203
30.15,21.147314,9.002685928344725
29.800000000000004,21.195845,8.60415534973145
29.9,20.704288,9.195711517333983
29.2,19.781626,9.418374252319335
26.2,18.818096,7.381903839111327
25.1,17.607363,7.492637252807619
23.899999999999995,16.26932,7.630680465698237
22.75,15.02853,7.721469879150391
21.45,13.910712,7.5392877578735344
20.4,12.97773,7.422270202636717
19.4,12.223071,7.176928901672362
18.55,11.598311,6.95168857574463
17.95,11.21297,6.737030220031738
18.65,11.081965,7.568034553527831
18.9,11.097853,7.802147293090819
19.1,11.367509,7.7324911117553725
18.95,11.828881,7.121118736267089
18.8,12.490468,6.309531974792481
19.2,14.171563,5.028436851501464
21.500000000000004,16.154512,5.345487594604496
23.8,17.969885,5.830115127563477
25.85,19.542593,6.3074069976806655
27.35,20.707289,6.642711257934572
28.7,21.30183,7.398169708251952
29.699999999999996,21.480293,8.219706726074214
29.75,21.550882,8.199117660522461
29.3,20.929844,8.37015609741211
28.600000000000005,19.255728,9.344272232055669
26.9,17.625309,9.274691009521483
25.65,16.021528,9.628471755981444
24.55,14.683002,9.866997528076173
23.25,13.693097,9.556902885437012
22.2,13.186322,9.013677787780761
21.2,12.704149,8.495850753784179
20.65,11.879671,8.77032890319824
20.4,11.234205,9.165794754028319
20.25,10.914277,9.335722923278809
20.5,10.867536,9.632464408874512
20.45,11.062837,9.387163352966308
19.8,11.532595,8.267405319213868
19.3,12.242188,7.057811546325684
19.05,13.592833,5.4571674346923835
19.9,15.511899,4.388101005554198
21.25,17.362392,3.8876075744628906
23.049999999999997,18.971088,4.078911590576169
25.35,20.286722,5.063277816772462
27.4,21.165949,6.234051132202147
29.05,21.606468,7.443531799316407
30.15,21.52637,8.623630905151366
30.25,21.041172,9.20882797241211
30.7,19.92591,10.774089050292968
30.15,18.194683,11.955316925048827
26.7,16.565372,10.134627532958984
25.55,14.833558,10.716441917419434
26.7,13.345244,13.35475559234619
24.15,12.605969,11.544030570983885
23.049999999999997,12.161958,10.888042259216306
21.9,11.960434,9.939566040039061
20.6,11.575846,9.024154281616212
20.05,11.009817,9.040182876586915
18.6,10.647147,7.952852821350099
19.55,10.533016,9.016983795166016
18.35,10.594308,7.755692100524904
18.25,10.826231,7.423768997192383
17.9,11.2703495,6.629650497436522
18.9,12.063186,6.8368143081665025
19.15,13.2167635,5.933236503601073
20.0,14.912501,5.087498664855957
22.25,16.603905,5.646095275878906
25.15,18.1272,7.022800827026366
27.799999999999997,19.279118,8.520882415771482
29.699999999999996,20.158895,9.541104507446285
30.95,20.743027,10.206973266601562
30.049999999999997,20.766428,9.283572006225583
30.400000000000002,19.757135,10.64286460876465
29.75,17.923002,11.826997756958008
26.7,15.96084,10.739159774780273
26.149999999999995,14.110498,12.039501571655268
25.4,12.6680975,12.731902503967284
24.249999999999996,11.595151,12.654849052429196
22.800000000000004,11.129466,11.670533943176274
21.7,11.20185,10.498150062561034
20.9,10.379011,10.520988845825194
20.1,9.774036,10.325963592529298
19.35,9.373144,9.976855850219728
19.15,9.256693,9.89330711364746
19.1,9.350943,9.749057388305665
19.15,9.674601,9.47539939880371
19.55,10.226353,9.32364730834961
19.65,11.153607,8.49639263153076
20.25,12.345464,7.904536247253418
21.500000000000004,13.679993,7.8200073242187536
23.3,15.254718,8.045282173156739
25.45,16.987614,8.462386322021484
27.799999999999997,18.612814,9.187186050415036
29.800000000000004,19.907288,9.892712402343754
30.7,20.588982,10.11101837158203
30.55,20.586163,9.963837432861329
30.400000000000002,20.085997,10.314003372192385
29.5,18.675526,10.824474334716797
26.75,16.962423,9.787576675415039
25.199999999999996,15.26307,9.936929893493648
24.249999999999996,13.92714,10.322859764099118
22.949999999999996,13.122891,9.82710857391357
21.649999999999995,12.971458,8.678541564941401
20.45,12.151791,8.298209381103515
19.5,11.44282,8.057180404663086
18.55,10.944442,7.60555820465088
18.05,10.618657,7.431342887878419
18.35,10.448536,7.901464080810548
19.45,10.455551,8.994448852539062
19.75,10.672324,9.077675819396973
19.6,11.195383,8.404616928100587
19.75,11.978239,7.771760940551758
19.9,13.090924,6.80907573699951
20.9,14.942942,5.9570583343505845
23.3,16.878899,6.421101379394532
25.15,18.660225,6.489775085449217
27.35,20.092857,7.257142639160158
29.05,20.928352,8.12164764404297
30.0,21.512897,8.487102508544922
30.1,21.717813,8.382186508178712
30.25,21.347212,8.902788162231445
29.55,20.121777,9.428223419189454
26.7,18.488571,8.211428833007812
25.5,16.78832,8.711679458618164
25.0,15.00096,9.999039649963379
23.750000000000004,13.519776,10.230223655700687
22.5,12.633493,9.866506576538086
21.400000000000002,12.341572,9.058428192138674
20.55,11.5232115,9.026788520812989
19.85,10.910118,8.939881896972658
19.25,10.5803585,8.669641494750977
19.05,10.437604,8.612396049499512
18.8,10.611762,8.188237953186036
18.35,10.994257,7.3557430267334
17.95,11.623263,6.326736640930175
18.3,12.860181,5.439819145202637
19.4,14.538405,4.8615945816040025
21.2,16.470901,4.729098510742187
23.2,18.474854,4.725146484374999
25.8,20.219791,5.580208587646485
28.1,21.50877,6.5912300109863295
30.049999999999997,22.202456,7.847544479370114
31.349999999999998,22.240221,9.109778976440428
31.05,21.586391,9.463608551025391
31.2,20.752165,10.447835159301757
30.55,19.296675,11.253325271606446
28.35,17.722511,10.627488708496095
27.0,16.041483,10.958517074584961
26.250000000000004,14.284963,11.965037345886234
25.15,13.128576,12.021423721313475
23.750000000000004,12.5736065,11.176393508911136
22.45,12.354735,10.095264625549316
21.8,12.028327,9.771673011779786
21.35,11.393671,9.9563289642334
20.85,11.072318,9.777681922912599
20.85,10.868357,9.981643295288087
20.2,10.914354,9.285645675659179
19.5,11.160147,8.339853286743164
19.1,11.851005,7.248995399475099
19.15,13.240555,5.909445190429686
20.45,14.974776,5.475223731994628
24.5,16.92548,7.574520111083984
28.3,18.561258,9.738741683959962
30.3,20.186563,10.113436508178712
31.55,21.435482,10.114517974853516
32.4,22.107725,10.292274856567381
32.7,21.959978,10.740021896362308
32.3,21.20114,11.098860549926755
32.0,20.451054,11.548946380615234
30.95,19.021893,11.928107452392577
27.95,17.488657,10.461343002319335
26.8,15.906772,10.893228340148926
25.65,14.31151,11.338489913940428
24.6,13.061765,11.53823528289795
23.55,12.374308,11.175692367553712
22.5,12.177838,10.322161674499512
21.749999999999996,11.769223,9.980776786804196
20.95,11.070671,9.87932891845703
20.2,10.660864,9.539136123657226
19.6,10.425052,9.174948310852052
19.1,10.333118,8.766881561279298
18.6,10.448253,8.151747322082521
17.9,10.817047,7.082952880859374
16.55,11.518519,5.031480598449708
18.0,12.647838,5.3521623611450195
20.3,14.296345,6.003655242919923
24.05,16.22588,7.824120330810548
27.799999999999997,17.956972,9.843027877807614
30.750000000000004,19.276093,11.473907470703129
32.35,20.20579,12.144210433959962
32.95,20.620813,12.329186630249026
32.7,20.561563,12.138436508178714
32.6,19.987879,12.612121200561525
31.75,18.91984,12.830160140991211
27.1,17.70283,9.397170639038087
25.7,16.282862,9.417138290405273
24.249999999999996,14.659432,9.590567588806149
26.1,13.364418,12.735581970214845
22.0,12.136133,9.863866806030273
22.2,11.078734,11.121265602111816
23.750000000000004,10.297621,13.452379226684574
22.099999999999998,9.717185,12.38281497955322
20.05,9.387901,10.662098693847657
20.6,9.236299,11.36370143890381
19.75,9.286655,10.46334457397461
19.45,9.517536,9.932463836669921
19.8,10.022561,9.777438926696778
19.8,10.681602,9.118398475646973
19.95,11.804821,8.145178985595702
23.2,13.495823,9.704177093505859
26.499999999999996,15.571325,10.928674697875973
29.15,17.73359,11.416410827636717
31.4,19.558481,11.841518783569335
32.0,20.831118,11.168882369995117
31.8,21.394983,10.405016708374024
32.0,21.458435,10.54156494140625
31.5,21.028086,10.471914291381836
29.699999999999996,20.159758,9.540242385864254
27.4,19.055092,8.344908142089842
26.0,17.78268,8.21731948852539
24.950000000000003,16.30031,8.649689865112308
23.45,14.942631,8.507369232177734
22.55,13.551511,8.99848918914795
21.500000000000004,12.404032,9.095968246459964
20.4,11.472944,8.927055740356444
19.8,10.686651,9.113348770141602
19.2,10.04281,9.157189559936523
19.75,9.657922,10.09207820892334
19.25,9.54994,9.70005989074707
18.8,9.841934,8.958065795898438
18.3,10.528887,7.771113204956055
17.55,11.547008,6.00299243927002
18.75,12.789082,5.960918426513672
21.0,14.279288,6.720711708068848
23.2,15.884565,7.315434646606445
24.75,17.463219,7.286781311035156
25.85,18.843943,7.006057357788087
26.7,19.839836,6.8601638793945305
27.1,20.368544,6.731456375122072
27.0,20.580734,6.4192657470703125
26.9,20.324856,6.575144195556639
26.350000000000005,19.576368,6.773631668090825
24.6,18.743904,5.85609588623047
23.35,17.631784,5.718215560913087
22.25,16.36054,5.889459609985352
21.3,14.993974,6.306026268005372
20.4,13.83307,6.566930198669432
19.55,12.773227,6.7767732620239265
18.45,11.913937,6.536063385009765
17.55,11.420107,6.129893112182618
17.05,11.210729,5.839271354675294
17.6,11.187671,6.412329292297365
17.5,11.401832,6.09816837310791
16.8,11.7909355,5.009064483642579
16.2,12.41325,3.7867500305175774
16.0,13.396558,2.6034421920776367
17.55,14.848696,2.701304244995118
20.05,16.52107,3.528929519653321
22.45,18.220268,4.2297317504882805
24.3,19.749271,4.550728607177735
25.75,20.987652,4.762348175048828
26.85,21.910162,4.939838027954103
27.25,22.482784,4.767215728759766
26.65,22.693438,3.9565624237060533
26.599999999999998,22.476936,4.123063659667967
25.75,21.810793,3.939207077026367
24.55,20.555498,3.9945018768310554
22.949999999999996,19.50075,3.4492504119873004
21.9,18.564857,3.3351425170898423
20.95,17.763788,3.1862117767333977
20.15,17.26299,2.8870090484619126
19.35,16.464245,2.8857551574707045
18.55,15.547453,3.0025470733642585
18.15,14.891035,3.258964920043944
18.0,14.649882,3.3501176834106445
18.3,14.6912985,3.6087015151977546
18.25,15.12635,3.1236495971679688
17.5,15.867066,1.6329336166381836
16.35,15.820023,0.5299774169921889
16.0,16.136375,-0.13637542724609375
16.85,17.073174,-0.22317352294921733
19.05,18.632166,0.41783409118652415
21.55,20.341848,1.2081516265869148
24.100000000000005,21.826103,2.2738967895507862
25.4,22.826193,2.5738071441650376
26.350000000000005,23.353762,2.996238327026372
26.95,23.411257,3.5387432098388665
26.95,22.955585,3.994414520263671
26.7,22.00788,4.692120742797851
25.95,20.649149,5.30085105895996
24.000000000000004,19.451248,4.548751831054691
23.0,18.192469,4.807531356811523
22.099999999999998,17.091679,5.008321380615232
21.25,15.859683,5.390316963195801
20.65,15.043004,5.6069959640502915
20.0,14.544785,5.4552154541015625
19.4,14.100081,5.2999185562133775
19.2,13.753269,5.446730804443359
18.6,13.625805,4.9741950988769545
18.95,13.46739,5.482609939575195
18.25,13.390721,4.859278678894043
17.65,13.3024025,4.347597503662108
16.6,13.279483,3.320517158508302
15.25,13.479635,1.770364761352539
16.7,14.168004,2.5319959640502923
19.2,15.228048,3.9719516754150384
22.099999999999998,16.504993,5.595006561279295
24.75,17.827246,6.922754287719727
26.75,18.777248,7.972751617431641
28.150000000000002,19.269669,8.88033142089844
28.849999999999998,19.397251,9.452748870849607
28.45,19.14108,9.308919143676757
28.3,18.5881,9.711899566650391
27.25,17.83139,9.418609619140625
25.25,17.01489,8.235109329223633
24.349999999999998,16.156445,8.193555450439451
22.65,15.238859,7.411140823364256
21.25,14.273445,6.976554870605469
20.3,13.432196,6.867804336547852
19.1,12.648639,6.45136127471924
18.05,12.068592,5.981407928466798
17.2,11.981031,5.21896858215332
16.3,12.003178,4.296822357177735
15.8,12.017062,3.7829378128051765
15.1,12.078345,3.02165470123291
14.300000000000002,12.221935,2.0780647277832056
13.5,12.411726,1.0882740020751953
12.7,12.7199955,-0.019995498657227273
12.950000000000001,13.1627245,-0.21272449493408097
15.850000000000001,13.710369,2.1396308898925795
19.15,14.655703,4.494297409057616
22.0,16.008259,5.991741180419922
24.349999999999998,17.073854,7.276145553588865
25.8,17.68546,8.11454086303711
26.499999999999996,17.884209,8.615791320800778
26.350000000000005,17.617508,8.732492065429692
26.05,17.084635,8.965365219116212
24.75,16.340685,8.40931510925293
22.099999999999998,15.459083,6.640917396545408
20.8,14.562053,6.237947273254395
19.5,13.64041,5.859589576721191
17.95,12.642232,5.307768058776855
16.8,11.926532,4.873468208312989
15.9,11.574558,4.32544174194336
15.25,11.389837,3.8601627349853516
14.55,11.275496,3.274504470825196
13.899999999999999,11.273235,2.6267646789550767
13.5,11.301179,2.1988210678100586
12.9,11.382842,1.5171579360961918
12.1,11.482656,0.6173444747924801
11.55,11.75107,-0.2010700225830071
10.750000000000002,12.067579,-1.317579269409178
11.75,12.52768,-0.7776803970336914
14.7,13.095715,1.6042854309082024
18.15,13.7158785,4.434121513366698
21.400000000000002,15.160394,6.239606285095217
23.6,16.453417,7.146583175659181
24.75,17.357584,7.392416000366211
25.4,17.79814,7.601860427856444
25.35,17.863628,7.4863716125488295
25.25,17.609911,7.64008903503418
24.249999999999996,17.104828,7.1451721191406214
21.15,16.498146,4.651853942871092
19.9,15.823872,4.0761283874511705
18.75,15.086038,3.6639623641967773
17.5,14.30724,3.192760467529297
16.15,13.588311,2.5616888046264634
14.95,12.938265,2.0117351531982415
14.05,12.436406,1.6135938644409187
13.249999999999998,12.13539,1.1146097183227521
12.7,12.015636,0.6843635559082024
12.55,11.934561,0.6154392242431648
12.25,11.860245,0.3897552490234375
12.1,11.824439,0.2755609512329098
11.8,11.913407,-0.1134073257446282
11.45,12.083351,-0.633351135253907
12.25,12.476751,-0.22675132751464844
15.200000000000001,13.111437,2.0885631561279308
18.15,14.414814,3.7351860046386705
21.0,16.208708,4.791292190551758
23.15,17.517254,5.632746124267577
24.65,18.418074,6.231926345825194
25.299999999999997,18.891516,6.408484268188474
25.4,19.125078,6.274921798706053
25.45,19.231276,6.21872444152832
24.45,19.128376,5.321623992919921
20.85,18.822956,2.0270439147949233
18.6,18.334148,0.26585159301757955
16.55,17.695627,-1.1456272125244134
16.9,16.956703,-0.05670318603515767
17.45,16.128756,1.3212444305419915
16.3,15.188909,1.1110914230346687
15.3,14.276321,1.0236785888671882
13.299999999999999,13.34673,-0.0467302322387706
12.75,12.410397,0.3396034240722656
15.35,11.5189085,3.831091499328613
13.650000000000002,11.365335,2.284664535522463
12.15,11.434989,0.715011024475098
12.9,11.636379,1.263620758056641
11.1,11.977547,-0.8775466918945316
12.649999999999999,12.513068,0.13693180084228374
16.0,13.274828,2.7251720428466797
19.6,14.061506,5.538493728637697
22.700000000000003,14.756981,7.943019104003909
24.5,15.311083,9.18891716003418
25.5,15.820776,9.679224014282227
26.1,16.200499,9.899501419067384
25.4,16.072094,9.327906036376952
25.199999999999996,15.6846285,9.515371513366695
24.349999999999998,15.180642,9.169357872009275
20.25,14.756145,5.4938554763793945
19.9,14.272687,5.62731304168701
19.8,13.777828,6.022171783447266
19.1,13.296221,5.803779220581056
18.05,12.854751,5.195249366760255
16.5,12.412812,4.087187767028809
15.1,11.993692,3.1063076019287106
14.7,11.62735,3.0726501464843743
14.5,11.392468,3.1075315475463867
14.4,11.324797,3.075203323364258
14.4,11.315046,3.0849536895751957
14.6,11.344463,3.2555366516113278
14.35,11.58214,2.7678600311279293
14.65,11.97092,2.679080390930176
14.199999999999998,12.706871,1.4931289672851538
16.9,13.54419,3.355809593200682
19.85,14.410633,5.439366912841798
21.9,15.139954,6.760046386718749
23.35,15.598759,7.751241302490236
24.4,15.888678,8.5113224029541
25.050000000000004,15.910079,9.139920997619633
25.25,15.7994,9.450599670410156
25.199999999999996,15.51145,9.688550186157222
24.45,15.15533,9.294670295715331
21.9,14.69816,7.2018398284912095
20.85,14.318746,6.531254386901857
18.9,13.897271,5.002728843688963
20.5,13.412772,7.087227821350098
19.3,12.952888,6.347112464904786
15.499999999999998,12.532275,2.9677248001098615
15.7,12.195889,3.5041105270385735
14.4,11.941048,2.458952331542969
15.200000000000001,11.757866,3.4421340942382823
14.55,11.705727,2.8442733764648445
15.0,11.731581,3.2684192657470703
13.95,11.803495,2.146504592895507
13.600000000000001,12.020585,1.5794149398803725
14.45,12.40333,2.0466701507568352
14.55,12.937796,1.6122043609619148
17.0,13.668945,3.3310546875
20.75,14.46274,6.287260055541992
23.1,15.1553545,7.944645500183107
24.45,15.692165,8.75783462524414
25.299999999999997,15.987892,9.312107849121091
25.8,16.04747,9.752529907226563
25.65,15.91457,9.73543014526367
25.6,15.634827,9.965173339843751
24.65,15.238013,9.411986732482909
21.7,14.802563,6.897437286376952
20.5,14.366821,6.1331787109375
20.15,14.01435,6.135650062561034
19.7,13.911482,5.788518142700195
19.2,13.690917,5.509082984924316
18.35,13.109003,5.2409969329834
17.75,12.4790535,5.270946502685547
17.25,12.156078,5.093921661376953
16.15,12.085121,4.064878845214842
15.8,11.968037,3.8319633483886726
14.45,11.972408,2.477591705322265
14.45,12.091838,2.358162117004394
14.35,12.282018,2.0679822921752926
14.300000000000002,12.830483,1.4695165634155298
14.900000000000002,13.444309,1.4556907653808615
18.2,14.209834,3.9901659011840813
21.6,15.09363,6.506370162963869
24.5,15.742447,8.757553100585938
26.95,16.196884,10.753115844726562
28.45,16.37822,12.071780395507812
29.35,16.292435,13.057565307617189
29.35,16.063452,13.286548233032228
29.2,15.643359,13.556640815734863
27.95,15.121892,12.828108024597167
24.8,14.712932,10.087068367004395
23.55,14.314487,9.23551254272461
22.949999999999996,13.897642,9.052357864379879
22.15,13.44097,8.709029579162596
21.45,12.988547,8.461452674865722
20.8,12.578723,8.221277046203614
20.25,12.326755,7.923245429992676
19.75,12.09435,7.6556501388549805
18.95,11.99966,6.950340461730956
19.35,11.956451,7.393548583984376
18.75,11.977855,6.7721452713012695
18.0,12.116488,5.883511543273926
17.15,12.292223,4.857777023315428
16.4,12.604938,3.795062446594237
16.3,13.185004,3.114995765686036
18.9,13.9419775,4.958022499084471
21.7,14.697359,7.0026409149169915
24.2,15.241801,8.958198738098144
26.1,15.613674,10.486325836181642
27.25,15.664553,11.585447311401367
27.95,15.556923,12.393077087402343
27.449999999999996,15.4860735,11.963926506042476
27.200000000000003,15.458552,11.741447639465335
26.250000000000004,15.234242,11.015757560729984
23.7,15.0962,8.603800010681152
22.2,14.916281,7.283719253540038
21.45,14.6604,6.789599609374999
20.75,14.108513,6.641487121582031
20.1,13.518618,6.581382369995119
19.7,12.931242,6.768758010864257
19.2,12.3487015,6.851298522949218
18.5,11.624196,6.8758039474487305
17.65,11.087031,6.562968635559081
16.5,11.117914,5.382085800170898
15.850000000000001,11.243647,4.6063533782959
15.200000000000001,11.446697,3.753302764892579
14.75,11.758025,2.9919748306274414
13.899999999999999,12.165803,1.7341970443725572
13.95,12.744439,1.2055608749389641
16.6,13.323912,3.2760883331298842
19.35,13.905475,5.44452533721924
21.55,14.33278,7.217220115661622
22.5,14.676469,7.823531150817871
23.15,15.2762375,7.87376251220703
23.750000000000004,15.7730665,7.976933479309086
24.05,16.00994,8.040060806274415
23.899999999999995,16.081425,7.818575286865229
23.0,15.992994,7.00700569152832
20.5,15.854477,4.6455230712890625
19.0,15.57475,3.4252500534057617
17.1,15.182426,1.9175735473632827
16.35,14.523308,1.8266921997070327
15.449999999999998,13.61445,1.8355495452880835
14.65,12.837494,1.8125061035156254
13.95,12.096392,1.853608322143554
13.4,11.522902,1.8770984649658207
13.45,11.190896,2.2591039657592766
14.300000000000002,11.123512,3.1764877319335962
14.5,11.233093,3.26690673828125
14.300000000000002,11.378402,2.9215982437133814
13.95,11.65772,2.2922803878784173
13.650000000000002,12.040771,1.6092294692993185
13.8,12.532396,1.2676036834716804
16.25,13.3174925,2.9325075149536133
18.8,14.790055,4.009944725036622
21.0,16.244955,4.755044937133789
22.75,17.43441,5.315589904785156
24.05,18.310818,5.739182281494141
25.199999999999996,18.819307,6.380692672729488
24.65,19.04266,5.607340240478514
24.4,18.944921,5.455078506469725
23.7,18.719803,4.980197143554687
22.700000000000003,18.397957,4.302043151855472
21.25,18.03419,3.215810775756836
20.5,17.479197,3.020803451538086
20.05,16.751818,3.2981822967529304
20.05,15.986204,4.0637958526611335
19.55,15.233256,4.316743659973145
18.55,14.465318,4.084682273864747
17.5,13.708822,3.791177749633789
16.95,13.079929,3.8700706481933587
17.0,12.461573,4.538427352905273
15.6,12.289167,3.310832595825195
14.45,12.345795,2.1042053222656243
13.95,12.52309,1.4269096374511712
13.899999999999999,12.769779,1.130220794677733
13.8,13.161562,0.6384380340576179
17.15,13.741932,3.4080680847167955
19.85,14.30506,5.544939613342287
22.0,15.632163,6.367836952209473
23.4,16.815472,6.584528350830077
24.45,17.701567,6.748433303833007
25.35,18.346083,7.003917312622072
25.35,18.675285,6.674714660644533
25.45,18.753273,6.696726989746093
24.8,18.678888,6.121111679077149
22.700000000000003,18.57888,4.121119689941409
21.3,18.409445,2.8905551910400398
20.75,18.143486,2.6065139770507812
19.05,17.779953,1.2700469970703132
18.8,17.366493,1.4335067749023445
18.25,16.87691,1.3730907440185547
17.2,16.204279,0.9957210540771477
16.25,15.439689,0.8103113174438477
14.849999999999998,14.661062,0.18893775939941193
14.900000000000002,13.90016,0.9998401641845724
14.05,13.005639,1.0443609237670906
13.650000000000002,12.285738,1.3642620086669943
13.8,12.393792,1.4062078475952156
14.55,12.631893,1.9181068420410163
14.35,13.037758,1.3122421264648434
16.85,13.7296295,3.120370483398439
19.5,14.439465,5.060535430908203
21.45,15.146282,6.303717803955077
23.15,15.711357,7.43864288330078
24.349999999999998,16.038593,8.31140670776367
24.950000000000003,16.209637,8.740363311767581
24.950000000000003,16.177582,8.772418212890628
24.5,15.907061,8.592939376831055
23.750000000000004,15.5417595,8.208240509033207
21.9,15.095378,6.804622077941893
20.8,14.676726,6.123273658752442
20.15,14.232853,5.917147064208983
19.6,13.8473835,5.752616500854494
18.95,13.449474,5.500525665283202
18.7,13.136155,5.563844871520995
17.5,12.874518,4.625481605529785
16.75,12.641143,4.108857154846191
15.6,12.516651,3.0833488464355465
15.35,12.445864,2.904136276245117
15.499999999999998,12.384083,3.115917205810545
15.25,12.353281,2.896718978881836
15.449999999999998,12.457994,2.992005538940427
15.25,12.783795,2.4662046432495117
14.300000000000002,13.261858,1.0381420135498072
16.75,13.948994,2.801006317138672
19.55,14.712871,4.837129402160645
21.500000000000004,15.376417,6.123582839965824
22.85,15.8857765,6.964223480224611
23.15,16.25641,6.893589401245116
22.85,16.292793,6.55720672607422
23.0,16.162094,6.8379058837890625
23.35,15.8951025,7.454897499084474
22.85,15.498285,7.3517147064209
21.9,15.10072,6.799279594421385
20.85,14.654502,6.195498085021974
19.3,14.302372,4.997628021240235
18.45,13.911378,4.538622093200683
19.65,13.466589,6.183411026000975
18.05,13.046461,5.003538894653321
17.15,12.705229,4.444771194458006
16.75,12.451064,4.298935890197754
15.850000000000001,12.224674,3.625325775146486
16.0,12.016972,3.9830284118652344
16.2,11.888527,4.311473083496093
15.449999999999998,11.944222,3.50577754974365
14.7,12.051958,2.648041915893554
15.7,12.375172,3.324828338623046
15.65,12.911441,2.738559150695801
17.75,13.672994,4.0770063400268555
20.2,14.513553,5.68644733428955
22.15,15.281797,6.868202590942381
23.25,15.939046,7.3109540939331055
23.899999999999995,16.396955,7.50304450988769
24.45,16.54628,7.903720092773437
24.05,16.582586,7.467413711547852
23.899999999999995,16.476397,7.42360343933105
23.0,16.149408,6.850591659545898
20.05,15.744343,4.305657196044923
19.05,15.293787,3.756212997436524
18.05,14.809725,3.240275192260743
17.3,14.291949,3.008050727844239
16.55,13.801008,2.748991775512696
15.25,13.220254,2.0297460556030273
13.600000000000001,12.72996,0.870039558410646
12.85,12.317909,0.5320907592773434
12.35,11.994757,0.3552433013916012
12.85,11.780675,1.0693250656127926
12.9,11.759952,1.1400484085083011
13.75,11.849188,1.9008121490478516
14.0,12.035319,1.9646806716918945
14.05,12.521033,1.5289667129516609
14.05,13.193026,0.8569744110107429
15.8,13.98262,1.8173797607421882
18.3,14.865046,3.434954452514649
19.25,15.755674,3.494325637817383
20.5,16.38892,4.111080169677734
21.6,16.769981,4.830018615722658
22.25,16.896708,5.353292465209961
22.25,16.830387,5.419612884521484
22.35,16.611868,5.7381320953369155
21.749999999999996,16.272211,5.477788925170895
17.9,15.80537,2.0946296691894517
17.2,15.340323,1.859676551818847
16.7,14.914034,1.7859661102294915
18.05,14.366841,3.683158683776856
16.7,13.90224,2.7977602005004876
15.1,13.377054,1.7229457855224606
13.85,12.879633,0.9703670501708981
12.950000000000001,12.464757,0.48524303436279403
13.85,12.257721,1.5922790527343746
14.6,12.086339,2.5136610031127926
14.4,12.068679,2.3313211441040043
13.7,12.232231,1.4677688598632805
11.400000000000002,12.482691,-1.0826908111572244
12.45,12.898097,-0.4480970382690437
12.950000000000001,13.556195,-0.6061952590942372
14.8,14.386822,0.41317825317382884
17.9,15.211226,2.6887735366821275
20.5,15.881996,4.618003845214844
22.0,16.392447,5.607553482055664
23.049999999999997,16.743526,6.306473541259763
23.750000000000004,16.896763,6.853237152099613
23.7,16.872057,6.827943038940429
23.899999999999995,16.68821,7.211790466308589
23.3,16.276836,7.023163604736329
19.05,15.760032,3.2899682998657234
17.75,15.209437,2.540562629699707
16.95,14.721751,2.228248786926269
16.3,14.3032055,1.996794509887696
16.15,13.73526,2.4147399902343736
15.3,13.183306,2.1166942596435554
13.85,12.690263,1.1597372055053707
12.950000000000001,12.284591,0.66540927886963
12.85,12.030325,0.8196750640869137
13.249999999999998,11.9784155,1.2715845108032209
12.4,11.93705,0.4629501342773441
11.8,11.965173,-0.16517276763915945
11.85,12.135559,-0.28555908203125036
12.4,12.513214,-0.11321411132812464
13.35,13.184721,0.16527900695800746
15.65,14.032185,1.6178153991699222
18.7,14.932922,3.7670776367187493
21.1,15.739298,5.360702133178712
22.65,16.411987,6.238012695312499
23.750000000000004,16.848047,6.901952743530277
24.5,17.027628,7.472372055053711
24.4,16.896059,7.503940963745116
24.5,16.66261,7.837390899658203
24.05,16.20286,7.847140121459962
22.25,15.643374,6.606625556945801
18.9,15.0791025,3.820897483825682
19.45,14.517414,4.932585906982421
18.85,13.976732,4.873267745971681
17.65,13.414978,4.235021972656249
16.3,12.898936,3.4010637283325202
15.1,12.435386,2.6646142959594723
14.7,12.022637,2.677362632751464
14.05,11.790703,2.259297180175782
14.8,11.667045,3.1329553604125984
14.45,11.673514,2.776485633850097
14.900000000000002,11.6796255,3.2203744888305685
15.25,11.864695,3.385305404663086
16.05,12.286607,3.763393211364747
16.0,13.015736,2.984264373779297
17.8,13.820655,3.979345130920411
19.15,14.717046,4.4329542160034165
20.5,15.549199,4.950800895690918
21.35,16.258675,5.09132537841797
22.099999999999998,16.705015,5.394984817504881
22.5,16.904263,5.595737457275391
21.850000000000005,16.848417,5.001582717895513
22.0,16.617012,5.382987976074219
21.45,16.150784,5.29921646118164
19.85,15.703108,4.146892166137697
19.4,15.1581955,4.24180450439453
18.9,14.652829,4.247170829772948
18.15,14.06608,4.0839199066162095
17.15,13.42859,3.721410179138182
16.35,12.945312,3.404688453674318
16.15,12.5362425,3.613757514953612
15.95,12.199034,3.750966262817382
15.8,11.963909,3.836090850830079
16.2,11.802065,4.3979351043701165
15.850000000000001,11.684003,4.165997123718263
16.1,11.697822,4.402178382873537
16.2,11.996466,4.203534317016601
15.95,12.523975,3.426024627685546
14.5,13.318635,1.1813650131225586
17.15,14.173048,2.976951980590819
19.2,15.063313,4.136687469482421
20.55,15.811688,4.738311576843262
21.8,16.40005,5.399950790405274
22.5,16.770739,5.72926139831543
22.85,16.90357,5.946429824829103
22.15,16.771921,5.3780788421630845
22.05,16.480278,5.569721984863282
21.45,16.011213,5.438786697387695
19.55,15.448797,4.101202774047852
19.45,14.94989,4.500109863281249
18.95,14.450422,4.499577713012695
18.15,13.910442,4.239557647705077
16.65,13.361664,3.2883361816406236
15.25,12.8111,2.4388999938964844
15.850000000000001,12.435937,3.4140630722045913
15.449999999999998,12.196263,3.2537366867065405
14.1,11.98159,2.118409729003906
15.35,11.83177,3.518230056762695
13.95,11.805977,2.144023132324218
13.8,11.959628,1.8403718948364265
14.5,12.349561,2.1504392623901367
14.5,12.890071,1.609929084777832
14.8,13.582231,1.2177694320678718
15.850000000000001,14.418089,1.4319110870361342
17.85,15.260195,2.5898052215576186
20.0,15.987574,4.012426376342773
20.6,16.53052,4.069480514526369
21.55,16.884724,4.665276336669923
21.0,17.00782,3.9921798706054688
20.45,16.855852,3.594147872924804
21.15,16.571953,4.57804718017578
21.05,16.104675,4.945324707031251
19.9,15.511756,4.388244056701659
19.5,15.066876,4.433123588562012
18.8,14.484085,4.315914916992188
17.75,13.882304,3.8676958084106445
17.1,13.34182,3.7581802368164077
16.25,12.782764,3.467235565185547
15.8,12.457671,3.342328834533692
16.1,12.151441,3.948559379577638
15.7,11.948301,3.751698684692382
15.8,11.914663,3.8853366851806648
15.75,11.864801,3.8851985931396484
15.449999999999998,11.950009,3.4999906539916967
15.1,12.251802,2.848197555541992
14.45,12.678622,1.771377754211425
14.300000000000002,13.261397,1.0386026382446314
16.25,13.986619,2.263381004333496
18.1,14.769764,3.3302360534667983
20.2,15.471259,4.7287408828735344
20.95,16.024906,4.925093841552734
21.45,16.423052,5.026948165893554
22.0,16.523752,5.476247787475586
22.25,16.504435,5.745565414428711
22.25,16.319921,5.930078506469727
21.8,15.974867,5.825133132934571
21.0,15.545186,5.4548139572143555
20.6,15.1005335,5.499466514587404
19.45,14.577083,4.872917366027831
18.3,14.0250635,4.274936485290528
17.75,13.526434,4.223566055297852
17.15,13.064167,4.0858329772949205
17.7,12.745872,4.954128456115722
17.05,12.519224,4.5307758331298835
15.1,12.342783,2.7572170257568356
15.35,12.226337,3.1236625671386715
14.6,12.197158,2.4028421401977536
14.05,12.252555,1.7974451065063484
13.85,12.511359,1.3386407852172848
13.8,12.792423,1.007576751708985
13.600000000000001,13.409636,0.19036445617675923
16.1,14.145532,1.9544683456420913
18.4,14.867599,3.5324014663696275
20.4,15.648843,4.751157188415526
22.0,16.192118,5.807882308959961
23.2,16.552841,6.647158813476562
24.000000000000004,16.687765,7.312234878540043
24.349999999999998,16.686804,7.663196182250974
24.4,16.474148,7.925852203369139
23.650000000000002,16.086136,7.56386413574219
20.75,15.648662,5.1013383865356445
19.5,15.200774,4.299225807189941
17.55,14.699739,2.850260543823243
16.0,14.169677,1.8303232192993164
15.549999999999999,13.713657,1.8363426208496083
16.1,13.314783,2.785216903686525
15.65,13.014532,2.635467910766602
15.499999999999998,12.726589,2.773410797119139
15.0,12.480107,2.519892692565918
14.250000000000002,12.335186,1.91481399536133
13.4,12.218463,1.1815370559692386
12.8,12.260784,0.5392158508300788
12.599999999999998,12.393484,0.20651588439941193
12.25,12.730253,-0.4802532196044922
12.2,13.224732,-1.0247323989868171
13.75,13.945551,-0.19555091857910156
15.95,14.821056,1.1289436340332024
18.1,15.499999,2.600000953674318
19.65,16.045822,3.604177856445311
20.45,16.44507,4.0049297332763665
20.65,16.60233,4.047670745849608
20.6,16.65353,3.946469879150392
21.3,16.501108,4.798891830444337
20.8,16.146057,4.653942871093751
17.85,15.66532,2.1846796035766616
17.9,15.1878805,2.7121194839477525
15.9,14.526604,1.3733963012695316
15.7,13.969788,1.7302124023437493
15.9,13.435873,2.4641269683837894
15.35,13.055363,2.294637298583984
15.15,12.749062,2.400938415527344
14.6,12.473239,2.1267610549926754
14.4,12.253941,2.1460594177246097
14.4,12.113188,2.286812210083008
13.55,12.031412,1.5185878753662116
13.0,12.072449,0.92755126953125
12.599999999999998,12.231548,0.368451690673826
13.05,12.543683,0.5063169479370124
13.35,13.042554,0.30744609832763636
14.6,13.708239,0.8917613983154293
15.15,14.510788,0.6392120361328129
14.1,15.241311,-1.141311073303223
15.499999999999998,15.877052,-0.377052307128908
19.55,16.292395,3.2576053619384773
19.35,16.502943,2.8470569610595717
19.45,16.551441,2.898558807373046
18.65,16.436846,2.2131542205810533
17.55,16.123447,1.42655258178711
15.95,15.695779,0.25422115325927663
14.6,15.170755,-0.5707553863525394
13.75,14.562051,-0.8120508193969727
13.15,14.083472,-0.9334722518920895
12.5,13.654949,-1.1549491882324219
12.25,13.235534,-0.9855337142944336
12.15,12.817847,-0.6678472518920895
12.000000000000002,12.405018,-0.40501785278320135
11.7,12.1925335,-0.4925334930419929
12.050000000000002,12.034106,0.015893745422365768
12.25,11.939663,0.3103370666503906
12.000000000000002,11.959835,0.0401649475097674
11.65,12.13884,-0.48883972167968714
11.049999999999999,12.556041,-1.5060407638549815
10.700000000000001,13.200866,-2.5008657455444325
12.4,13.900768,-1.5007682800292965
14.7,14.534079,0.16592140197753835
16.9,15.027279,1.8727210998535142
18.55,15.594983,2.9550168991088874
19.65,16.20985,3.4401496887207017
20.25,16.527872,3.722127914428711
20.4,16.537096,3.8629039764404283
20.3,16.257599,4.042401123046876
19.55,15.813134,3.7368658065795906
17.9,15.306402,2.5935977935791
17.15,14.768869,2.3811305999755845
16.15,14.184254,1.9657463073730455
16.0,13.680105,2.319894790649414
14.6,13.183736,1.4162641525268551
13.8,12.760767,1.0392330169677741
13.05,12.41495,0.6350496292114265
12.3,12.040838,0.2591617584228523
11.8,11.780928,0.019072341918946023
11.400000000000002,11.557272,-0.1572719573974588
10.750000000000002,11.515739,-0.765739440917967
10.1,11.568462,-1.4684623718261722
9.65,11.766305,-2.1163049697875973
9.25,12.120815,-2.8708152770996094
8.95,12.630605,-3.6806047439575202
11.15,13.374856,-2.2248559951782223
13.899999999999999,14.170587,-0.2705865859985366
16.2,14.88584,1.3141595840454094
17.85,15.518483,2.331516838073732
19.0,16.01174,2.988260269165039
19.75,16.211958,3.5380420684814453
19.85,16.252752,3.597247695922853
20.05,16.077877,3.9721229553222663
19.25,15.688808,3.5611915588378906
17.5,15.214239,2.2857608795166016
16.45,14.681027,1.7689725875854485
15.7,14.245742,1.4542581558227532
15.9,13.767993,2.1320070266723636
15.8,13.314657,2.4853427886962898
15.1,12.857206,2.2427936553955075
14.4,12.472343,1.9276565551757816
13.8,12.132082,1.667918014526368
13.249999999999998,11.901734,1.3482656478881818
14.6,11.663052,2.9369483947753903
14.250000000000002,11.559056,2.6909437179565447
13.600000000000001,11.518999,2.081000900268556
12.8,11.595574,1.2044256210327156
10.45,11.791951,-1.3419511795043952
11.15,12.183192,-1.0331922531127926
12.35,12.700539,-0.3505386352539066
14.8,13.388351,1.4116485595703132
16.4,14.327285,2.0727151870727525
17.7,15.187107,2.5128929138183587
18.7,15.661384,3.0386163711547844
18.5,15.882734,2.6172657012939453
17.4,15.923801,1.476198577880858
18.15,15.69964,2.450359725952147
18.0,15.364478,2.63552188873291
16.15,14.927529,1.222470664978026
15.15,14.430022,0.7199777603149418
14.5,13.938136,0.561863899230957
13.600000000000001,13.493237,0.10676345825195455
12.9,13.090506,-0.19050559997558558
12.000000000000002,12.663125,-0.6631250381469709
11.5,12.299814,-0.7998142242431641
10.85,11.956575,-1.1065753936767582
10.4,11.733466,-1.3334661483764645
11.65,11.655854,-0.005854225158691051
9.95,11.632478,-1.6824777603149421
9.6,11.762681,-2.1626810073852543
9.5,11.87497,-2.3749704360961914
9.15,12.024851,-2.8748508453369137
8.9,12.456553,-3.55655345916748
11.7,13.063899,-1.3638990402221687
14.6,13.833115,0.7668853759765621
17.15,14.526654,2.6233457565307603
19.05,15.092962,3.9570377349853523
20.3,15.552091,4.747909355163575
21.15,15.750277,5.399723434448241
21.05,15.7445345,5.305465507507325
20.95,15.575998,5.374001693725585
20.55,15.272407,5.277593421936036
18.55,14.896014,3.653985786437989
16.65,14.421632,2.228368186950682
16.15,13.978334,2.1716655731201158
15.200000000000001,13.433372,1.7666284561157237
14.1,12.988072,1.1119276046752926
12.9,12.53468,0.3653196334838871
11.6,12.109539,-0.5095390319824222
10.55,11.676542,-1.1265422821044915
10.4,11.304998,-0.9049983978271481
10.35,11.1178255,-0.7678255081176761
9.85,10.887842,-1.037842178344727
9.65,10.88437,-1.234369850158691
9.75,11.066654,-1.3166542053222656
9.45,11.445664,-1.9956644058227546
10.05,12.05254,-2.0025398254394524
12.75,12.816387,-0.06638717651367188
15.850000000000001,13.729942,2.1200576782226577
18.6,14.651949,3.9480510711669936
20.6,15.412172,5.187827682495119
21.400000000000002,15.963939,5.436061286926272
22.099999999999998,16.244595,5.8554054260253885
21.95,16.304277,5.645722579956054
21.95,16.118898,5.8311016082763665
21.15,15.89116,5.258839988708495
18.35,15.440583,2.90941677093506
15.9,14.983421,0.9165786743164066
16.65,14.511283,2.1387170791625962
15.200000000000001,13.996348,1.2036516189575206
14.15,13.506469,0.6435312271118168
13.7,13.032647,0.6673528671264641
13.15,12.553973,0.5960268020629886
12.45,12.107295,0.3427049636840813
11.75,11.813569,-0.0635690689086914
11.7,11.487581,0.21241874694824148
11.7,11.265856,0.434144210815429
11.25,11.176938,0.07306194305419922
10.8,11.244921,-0.4449207305908196
10.4,11.609621,-1.2096210479736325
10.3,12.142428,-1.8424283981323235
13.75,12.8675585,0.882441520690918
16.5,13.658265,2.8417348861694336
19.05,14.41917,4.630829620361329
20.45,15.157822,5.292178344726562
21.400000000000002,15.651198,5.748801612854006
21.95,15.973623,5.976376724243163
22.0,16.10826,5.891740798950195
22.0,15.934299,6.065700531005859
21.2,15.571555,5.628444862365722
18.75,15.091663,3.658336639404297
17.5,14.520007,2.9799928665161133
16.85,14.056325,2.793675041198732
16.4,13.482799,2.917201423645018
15.35,12.921369,2.4286314010620114
14.250000000000002,12.4263735,1.8236265182495135
13.45,11.947108,1.5028917312622063
13.05,11.512802,1.5371978759765632
12.75,11.10843,1.6415700912475586
13.1,10.76194,2.3380599975585934
12.7,10.623852,2.0761482238769524
12.4,10.552795,1.8472045898437504
12.1,10.779591,1.3204093933105465
11.9,11.147364,0.7526363372802738
11.75,11.777187,-0.027187347412109375
13.4,12.725007,0.674992942810059
15.850000000000001,13.749635,2.100365257263185
18.25,14.672441,3.577559471130371
20.35,15.440468,4.909532165527345
21.95,15.916119,6.033881378173827
22.949999999999996,16.186726,6.763274383544918
23.3,16.192938,7.107062149047852
23.25,16.041338,7.208662033081055
22.25,15.665735,6.584264755249023
19.3,15.073896,4.226103591918946
17.95,14.558351,3.391649436950683
16.85,14.009167,2.8408332824707045
15.65,13.421169,2.228830718994141
14.45,12.828103,1.6218969345092766
13.299999999999999,12.227419,1.0725811004638661
12.5,11.692251,0.8077487945556641
11.8,11.228175,0.5718248367309577
11.15,10.8336935,0.31630649566650426
10.65,10.560933,0.08906688690185582
10.05,10.461931,-0.4119312286376946
9.7,10.543596,-0.843596267700196
9.35,10.71553,-1.3655303955078129
8.75,11.219077,-2.4690771102905273
8.4,11.905838,-3.505838012695312
10.65,12.746948,-2.0969482421874996
12.35,13.711008,-1.3610080718994144
14.95,14.579337,0.37066287994384695
18.45,15.352661,3.0973388671874993
21.0,16.000341,4.999658584594727
22.5,16.287668,6.212331771850586
22.2,16.322853,5.877146911621093
22.700000000000003,16.057766,6.6422340393066435
22.05,15.625901,6.424098777770997
20.05,15.114136,4.935864257812501
16.1,14.591002,1.5089975357055678
15.95,14.086808,1.8631917953491204
14.35,13.499059,0.8509412765502926
14.35,12.974723,1.3752771377563473
12.5,12.361338,0.13866233825683594
10.35,11.830563,-1.4805625915527347
10.15,11.341087,-1.1910873413085934
9.65,10.958969,-1.3089691162109371
8.75,10.640355,-1.890355110168457
8.3,10.43301,-2.1330101013183587
8.25,10.413773,-2.1637725830078125
9.4,10.599797,-1.1997972488403317
9.55,11.003529,-1.4535285949707024
9.1,11.693303,-2.5933031082153324
11.0,12.515934,-1.5159339904785156
12.5,13.427872,-0.9278717041015625
14.95,14.264549,0.6854507446289055
18.45,15.174683,3.2753173828124993
20.55,15.91909,4.630909729003907
21.7,16.287457,5.412543487548827
21.850000000000005,16.381247,5.468753433227544
22.0,16.183102,5.816898345947266
21.3,15.785188,5.514812278747559
17.45,15.285957,2.164042663574218
17.4,14.662877,2.7371229171752915
14.95,14.094411,0.8555891036987298
16.2,13.463137,2.7368633270263665
15.3,12.90305,2.3969495773315437
14.05,12.367287,1.6827133178710945
12.5,11.802899,0.6971006393432617
11.1,11.352546,-0.2525457382202152
10.4,10.925008,-0.5250078201293942
10.2,10.578775,-0.3787754058837898
9.65,10.332592,-0.6825920104980465
9.4,10.221516,-0.8215156555175778
10.2,10.399903,-0.19990329742431712
10.05,10.804463,-0.7544633865356438
10.65,11.449915,-0.7999149322509762
13.05,12.31563,0.7343700408935554
15.499999999999998,13.279529,2.2204713821411115
18.1,14.188403,3.9115968704223647
19.5,15.225991,4.274008750915527
20.8,16.042738,4.757262039184571
21.6,16.466688,5.133311843872072
21.749999999999996,16.528194,5.221805572509762
21.850000000000005,16.342802,5.507197952270513
21.1,15.941765,5.158235168457033
17.8,15.409423,2.390577125549317
15.75,14.826161,0.9238386154174805
14.65,14.199675,0.45032539367675817
14.250000000000002,13.614857,0.6351432800292987
14.900000000000002,13.028538,1.8714622497558615
12.85,12.48359,0.366409873962402
11.0,11.892393,-0.8923931121826172
10.8,11.293029,-0.4930288314819329
12.3,10.864264,1.4357364654541023
9.95,10.501281,-0.5512807846069343
11.5,10.250568,1.2494316101074219
9.2,10.188959,-0.9889591217041023
8.45,10.360119,-1.9101188659667976
8.3,10.805267,-2.5052673339843743
8.4,11.40544,-3.0054403305053707
10.4,12.400464,-2.000464057922363
13.7,13.54499,0.15501041412353445
16.7,14.715241,1.9847585678100579
18.95,15.638795,3.311205101013183
20.05,16.2748,3.7752006530761726
20.55,16.557749,3.9922512054443366
20.75,16.626024,4.12397575378418
20.75,16.407003,4.342996597290039
19.55,16.010386,3.5396144866943366
17.35,15.389735,1.9602647781372085
16.65,14.841153,1.8088468551635728
16.1,14.172871,1.9271293640136733
15.499999999999998,13.617723,1.882276535034178
15.05,13.103653,1.9463470458984382
14.5,12.464191,2.035808563232422
14.0,11.755468,2.2445316314697266
13.45,11.243803,2.206196975708007
12.9,10.856939,2.043060684204102
13.1,10.474117,2.6258827209472653
12.35,10.309099,2.0409008026123043
11.75,10.284712,1.4652881622314453
11.3,10.348276,0.9517238616943366
10.95,10.647113,0.30288715362548757
10.65,11.283906,-0.633905982971191
12.050000000000002,12.172957,-0.1229574203491186
14.4,13.37018,1.0298198699951175
16.65,14.461461,2.1885389328002915
18.3,15.461928,2.8380716323852546
19.4,16.104797,3.2952026367187486
20.4,16.36544,4.034559631347655
20.55,16.325142,4.2248580932617195
20.3,16.095558,4.2044418334960945
19.45,15.637046,3.812954139709472
18.05,15.073401,2.976598548889161
17.3,14.485581,2.814418601989747
16.9,13.970662,2.929337882995604
16.95,13.387537,3.5624629974365227
16.6,12.843312,3.756687736511232
15.549999999999999,12.286051,3.26394920349121
15.449999999999998,11.757379,3.6926214218139624
14.849999999999998,11.3535,3.4964996337890604
14.1,11.039608,3.0603919982910153
13.55,10.902192,2.6478078842163093
13.4,10.836504,2.563496017456055
12.950000000000001,10.8921585,2.05784149169922
12.55,11.105331,1.4446685791015632
12.2,11.479883,0.7201168060302727
12.000000000000002,12.136438,-0.1364383697509748
13.1,12.905037,0.1949630737304684
14.55,13.790323,0.7596767425537116
15.75,14.6237,1.1262998580932617
16.6,15.323345,1.2766548156738295
17.3,15.78127,1.5187299728393562
18.2,16.06048,2.1395198822021477
19.15,16.040651,3.1093486785888658
19.3,15.807129,3.4928710937500007
18.8,15.358933,3.441066551208497
17.6,14.882312,2.7176881790161147
17.15,14.3978,2.752199554443358
16.75,13.956686,2.793313980102539
16.3,13.5115795,2.788420486450196
15.8,12.927292,2.872708129882813
15.549999999999999,12.446637,3.1033628463745107
15.15,12.04884,3.1011604309082035
14.45,11.767634,2.6823656082153313
13.95,11.428818,2.521182250976562
14.05,11.322006,2.727993774414063
14.8,11.207735,3.592264938354493
14.7,11.228261,3.4717390060424798
14.45,11.487212,2.9627878189086907
14.35,11.8872175,2.462782478332519
14.4,12.443018,1.9569820404052738
15.0,13.158402,1.841597557067871
16.3,13.952829,2.3471706390380866
17.55,14.64828,2.9017198562622077
18.5,15.245269,3.2547311782836914
19.15,15.67729,3.472710037231444
19.75,15.905848,3.8441524505615234
20.1,15.98671,4.113290405273439
20.0,15.86282,4.137180328369141
19.45,15.543529,3.906471443176269
18.55,15.101443,3.4485567092895515
18.0,14.697197,3.3028030395507812
17.65,14.195399,3.4546007156372056
16.2,13.72413,2.4758703231811516
14.900000000000002,13.2270775,1.6729225158691428
14.900000000000002,12.805413,2.094586753845217
14.6,12.457564,2.1424356460571286
14.15,12.134478,2.015522384643555
13.95,11.85077,2.099230003356933
14.05,11.684548,2.365451622009278
13.5,11.644593,1.8554067611694336
12.85,11.6892185,1.1607814788818356
12.25,11.900076,0.34992408752441406
11.8,12.259358,-0.4593584060668938
11.55,12.817731,-1.2677309036254876
12.599999999999998,13.472634,-0.8726343154907248
14.250000000000002,14.136535,0.11346530914306818
16.1,14.779343,1.320657348632814
17.5,15.414113,2.0858869552612305
18.4,15.825835,2.57416477203369
19.15,16.070538,3.0794624328613267
18.85,16.17427,2.675729370117189
18.85,15.99975,2.8502498626709
18.3,15.714592,2.585408020019532
17.05,15.307059,1.7429407119750984
16.4,14.913513,1.4864868164062486
15.3,14.472207,0.827792930603028
13.95,13.971713,-0.02171306610107493
12.25,13.417813,-1.1678133010864258
11.400000000000002,13.069636,-1.6696363449096658
11.1,12.679031,-1.5790313720703129
10.9,12.387863,-1.4878631591796871
10.6,12.117611,-1.5176109313964847
10.25,11.978178,-1.7281780242919922
9.9,11.911413,-2.011413192749023
9.45,11.870427,-2.4204271316528327
9.25,11.971764,-2.7217636108398438
8.85,12.202111,-3.3521112442016605
8.4,12.635462,-4.235461807250976
10.3,13.184878,-2.8848783493041985
13.05,13.823147,-0.7731468200683587
15.549999999999999,14.513785,1.0362146377563466
17.3,15.168122,2.1318777084350593
18.8,15.677143,3.1228569030761726
18.45,16.005077,2.4449226379394524
18.5,16.11437,2.385629653930664
18.45,16.004456,2.4455444335937493
18.25,15.663511,2.586488723754883
17.15,15.35165,1.7983497619628892
16.1,14.914535,1.1854654312133803
15.7,14.452763,1.2472373962402337
14.75,13.930782,0.8192176818847656
13.95,13.440806,0.5091936111450188
13.7,12.940737,0.7592632293701165
13.249999999999998,12.4876995,0.762300491333006
12.9,12.130186,0.7698139190673832
12.000000000000002,11.855506,0.14449405670166193
11.55,11.691549,-0.14154930114746023
10.6,11.543781,-0.9437812805175785
9.85,11.517078,-1.6670783996582035
9.2,11.61557,-2.4155700683593757
8.95,11.870118,-2.920118141174317
9.25,12.198326,-2.9483261108398438
10.9,12.742845,-1.8428445816040036
13.249999999999998,13.450258,-0.2002582550048846
15.6,14.278131,1.3218694686889645
16.85,15.068226,1.7817741394042983
17.65,15.622126,2.027874374389647
19.0,15.950863,3.0491371154785156
18.7,16.070599,2.6294013977050774
19.35,15.955589,3.3944107055664077
18.7,15.710564,2.9894363403320305
17.05,15.302409,1.7475908279418952
16.1,14.84782,1.2521797180175795
16.15,14.310418,1.8395818710327134
16.3,13.805654,2.494346427917481
15.850000000000001,13.333924,2.516075706481935
15.0,12.903571,2.096428871154785
14.7,12.56104,2.1389600753784173
14.45,12.181691,2.2683088302612298
14.05,11.942023,2.107976722717286
14.4,11.681041,2.71895923614502
13.8,11.46576,2.3342397689819343
13.35,11.359717,1.9902826309204098
13.35,11.41563,1.9343696594238278
13.4,11.625659,1.7743410110473636
12.9,12.130894,0.7691062927246097
13.35,12.771159,0.5788408279418942
14.05,13.559773,0.4902265548706062
14.7,14.332011,0.3679887771606438
15.9,15.062646,0.8373540878295902
16.95,15.523173,1.4268266677856438
17.3,15.8239355,1.4760644912719734
17.5,15.864987,1.6350126266479492
17.3,15.770772,1.5292280197143562
16.35,15.476748,0.8732515335083022
14.65,15.013471,-0.3634706497192379
13.45,14.544062,-1.0940616607666023
12.8,14.021095,-1.2210952758789055
12.050000000000002,13.542766,-1.492765617370603
11.1,13.043676,-1.9436763763427738
10.5,12.669145,-2.169144630432129
10.0,12.25111,-2.251110076904297
9.45,11.899748,-2.449747848510743
8.85,11.619862,-2.7698616027832035
8.75,11.41651,-2.6665096282958984
8.4,11.324291,-2.9242912292480465
7.85,11.302551,-3.4525512695312504
7.5,11.476936,-3.9769363403320312
7.0,11.86327,-4.863269805908203
6.55,12.462159,-5.912159156799317
8.4,13.134066,-4.7340656280517575
11.15,13.85911,-2.7091098785400387
13.7,14.528413,-0.8284128189086921
16.0,15.166848,0.8331518173217773
17.7,15.622206,2.0777942657470696
18.9,15.842328,3.0576719284057603
18.8,15.903149,2.896851348876954
18.8,15.741664,3.0583360671997077
18.05,15.483794,2.566205787658692
15.75,15.040255,0.7097454071044922
14.6,14.55735,0.042649841308593395
14.1,14.014252,0.08574829101562464
13.75,13.515547,0.2344532012939453
13.299999999999999,13.014653,0.2853467941284169
11.9,12.534731,-0.6347309112548825
