date,temperature_mean,temperature_max,temperature_min,precipitation,temp_rolling_7d,temp_rolling_30d,month,month_name,temp_rolling_std_7d,temp_zscore
2022-01-01,12.2,18.29,7.63,0.51,,,1,Jan,,
2022-01-02,12.18,18.83,6.79,0.33,,,1,Jan,,
2022-01-03,12.91,19.76,8.35,0.4,,,1,Jan,,
2022-01-04,12.02,18.59,7.9,0.15,,,1,Jan,,
2022-01-05,12.67,19.56,7.71,0.0,,,1,Jan,,
2022-01-06,13.52,20.33,6.76,0.04,,,1,Jan,,
2022-01-07,12.99,19.52,6.94,2.3,12.641428571428571,,1,Jan,0.5416465197718453,
2022-01-08,13.44,21.61,8.1,0.0,12.818571428571428,,1,Jan,0.5749616964467738,
2022-01-09,11.02,15.94,6.75,0.0,12.652857142857144,,1,Jan,0.8773390504951942,
2022-01-10,10.59,17.62,5.5,0.04,12.32142857142857,,1,Jan,1.1574890722512032,
2022-01-11,11.45,18.99,5.96,0.0,12.239999999999998,,1,Jan,1.201443576147738,
2022-01-12,11.89,18.43,7.71,0.0,12.128571428571428,,1,Jan,1.191041960797751,
2022-01-13,12.09,18.44,7.24,0.44,11.924285714285714,,1,Jan,1.023455863612058,
2022-01-14,11.09,15.96,6.57,0.44,11.652857142857144,,1,Jan,0.9424562639845991,
2022-01-15,9.82,15.73,5.51,0.03,11.135714285714286,,1,Jan,0.7770426230878432,
2022-01-16,9.84,15.56,6.24,5.37,10.967142857142857,,1,Jan,0.9209906674466396,-0.22554946014318866
2022-01-17,9.88,15.15,5.04,5.84,10.865714285714287,,1,Jan,1.0047364022942706,-0.1722249080123989
2022-01-18,8.14,15.24,3.37,0.0,10.392857142857142,,1,Jan,1.3892409712466982,-1.049100469736696
2022-01-19,8.49,14.7,4.45,7.16,9.907142857142858,,1,Jan,1.372828154889436,-0.8714207737993469
2022-01-20,7.62,14.6,2.11,0.0,9.268571428571429,,1,Jan,1.2192679302410414,-1.320006081685548
2022-01-21,8.15,15.83,2.34,0.0,8.848571428571429,,1,Jan,0.9676850136869289,-1.0235919060569367
2022-01-22,8.61,15.86,3.51,0.0,8.675714285714287,,1,Jan,0.8681946237808028,-0.756287800784275
2022-01-23,9.29,15.95,3.96,0.7,8.597142857142858,,1,Jan,0.7638873015856423,-0.34659140106151587
2022-01-24,8.75,14.27,3.62,1.37,8.435714285714285,,1,Jan,0.5317222690733899,-0.68177716408278
2022-01-25,7.71,15.31,1.14,0.0,8.374285714285714,,1,Jan,0.5928984495076319,-1.2890377955017789
2022-01-26,6.67,11.79,3.45,3.64,8.114285714285716,,1,Jan,0.8686360408298469,-1.8972385014962512
2022-01-27,7.09,13.03,2.77,2.25,8.038571428571428,,1,Jan,0.9391384095972924,-1.6445204203560282
2022-01-28,8.99,15.46,4.81,1.51,8.15857142857143,,1,Jan,1.0069662121347134,-0.5072289596050207
2022-01-29,9.3,15.81,4.34,0.06,8.257142857142856,,1,Jan,1.0889553753592436,-0.32188068704200284
2022-01-30,10.43,17.79,5.92,0.0,8.42,10.294666666666666,1,Jan,1.3281440684905568,0.31269952420751257
2022-01-31,10.01,15.48,5.01,0.8,8.6,10.221666666666668,1,Jan,1.459234959376539,0.027464769980048213
2022-02-01,11.78,18.51,6.79,0.24,9.18142857142857,10.208333333333334,2,Feb,1.8133801639611051,0.9659784634855125
2022-02-02,11.76,19.27,5.95,0.0,9.90857142857143,10.169999999999998,2,Feb,1.6518013255375499,0.8995842987481859
2022-02-03,10.74,17.37,6.57,0.01,10.430000000000001,10.127333333333333,2,Feb,1.0965400129498188,0.29116435103689436
2022-02-04,9.8,14.69,5.59,0.93,10.545714285714286,10.031666666666666,2,Feb,0.952537963247954,-0.29784102904434184
2022-02-05,9.81,16.15,5.82,0.17,10.618571428571428,9.908,2,Feb,0.8559873163279201,-0.3737470869036388
2022-02-06,11.57,19.02,6.59,0.01,10.781428571428572,9.860666666666667,2,Feb,0.9201707916002739,0.5381106099270457
2022-02-07,12.42,21.03,6.13,0.0,11.125714285714285,9.826666666666666,2,Feb,1.0279730402245773,0.8323674019752567
2022-02-08,13.55,22.64,6.6,0.0,11.37857142857143,9.911000000000001,2,Feb,1.3748870083444218,1.1355176138100613
2022-02-09,10.44,17.36,5.24,0.12,11.190000000000001,9.906,2,Feb,1.404065525536465,-0.38912415250482574
2022-02-10,9.88,16.44,5.12,0.0,11.067142857142857,9.853666666666667,2,Feb,1.4852801563533837,-0.7160062059001254
2022-02-11,11.17,18.55,5.63,0.0,11.262857142857143,9.829666666666666,2,Feb,1.3767802328344922,-0.23884569222814545
2022-02-12,12.27,21.13,5.69,0.0,11.614285714285714,9.835666666666668,2,Feb,1.2524756437133726,0.2405475318397485
2022-02-13,12.69,21.83,5.75,0.0,11.774285714285714,9.889000000000001,2,Feb,1.3158122604543148,0.4160096881136681
2022-02-14,11.99,19.54,5.65,0.0,11.712857142857144,9.961333333333334,2,Feb,1.2904355115711124,-0.06745939186520485
2022-02-15,11.97,19.37,6.96,0.24,11.487142857142857,10.032333333333334,2,Feb,1.0267864803309719,-0.17307186576108327
2022-02-16,11.97,19.55,5.4,0.0,11.705714285714285,10.102,2,Feb,0.9244792614017326,-0.28511397285538037
2022-02-17,11.39,16.84,7.0,0.17,11.921428571428573,10.210333333333333,2,Feb,0.5113194882337329,-0.5854331761212019
2022-02-18,12.63,18.71,6.92,2.82,12.129999999999999,10.348333333333333,2,Feb,0.4475116385823421,-0.008180309780809154
2022-02-19,11.38,16.65,6.67,4.22,12.002857142857144,10.473666666666666,2,Feb,0.5214311806849135,-0.6760973899062411
2022-02-20,12.61,20.46,6.37,0.0,11.991428571428573,10.622333333333334,2,Feb,0.5044610514013339,-0.22770359083650307
2022-02-21,15.11,22.7,8.96,0.0,12.437142857142858,10.839,2,Feb,1.282038926680385,0.7227954712948094
2022-02-22,16.82,23.75,9.18,0.0,13.129999999999999,11.090000000000002,2,Feb,2.061253663833408,1.3437869682871204
2022-02-23,16.41,25.15,9.76,0.01,13.764285714285714,11.345333333333334,2,Feb,2.3126165350302275,1.1243141490416335
2022-02-24,11.5,17.01,6.94,1.83,13.78,11.471666666666666,2,Feb,2.2940938661411927,-0.8643415441439884
2022-02-25,12.18,17.98,7.81,0.02,13.715714285714286,11.655333333333335,2,Feb,2.337583204528818,-0.6028745921032959
2022-02-26,12.24,19.81,6.1,0.0,13.838571428571427,11.827,2,Feb,2.213680408817165,-0.5691463824333393
2022-02-27,12.8,21.14,5.94,0.0,13.865714285714285,11.954,2,Feb,2.197209268920134,-0.30052280927791
2022-02-28,13.88,22.84,6.82,0.0,13.69,12.106666666666666,2,Feb,2.129248693788487,0.15876799702066524
2022-03-01,15.81,24.91,8.42,0.0,13.545714285714286,12.286000000000001,3,Mar,1.9041170932381974,0.8877875357285399
2022-03-02,18.38,28.34,10.99,0.0,13.827142857142858,12.565,3,Mar,2.461901123696303,1.8078102067463542
2022-03-03,13.13,19.35,7.8,0.0,14.06,12.610000000000001,3,Mar,2.2751043932092387,-0.05303545845551684
2022-03-04,12.87,19.95,6.87,0.0,14.15857142857143,12.647,3,Mar,2.193562008632139,-0.15935129941614953
2022-03-05,16.14,24.96,8.53,0.0,14.715714285714286,12.827,3,Mar,2.119063135309695,0.9944242292300969
2022-03-06,19.74,27.64,12.26,0.0,15.707142857142857,13.158333333333333,3,Mar,2.6342469783331124,2.2852218398705806
2022-03-07,16.44,24.2,9.68,0.17,16.072857142857142,13.379333333333333,3,Mar,2.5132297566127537,1.1067592613707493
2022-03-08,16.55,23.31,12.12,0.59,16.178571428571427,13.545333333333334,3,Mar,2.5158923438244094,1.15271854520238
2022-03-09,15.57,22.44,10.6,0.04,15.777142857142858,13.650333333333332,3,Mar,2.322869735806078,0.8549170586181126
2022-03-10,12.81,18.78,8.58,0.01,15.731428571428571,13.625666666666667,3,Mar,2.385940964423528,-0.03381712063092544
2022-03-11,11.08,17.27,6.68,0.01,15.475714285714286,13.646999999999998,3,Mar,2.8031699742901592,-0.6054141735928397
2022-03-12,9.54,16.14,4.78,0.12,14.532857142857143,13.635666666666667,3,Mar,3.552349993481844,-1.1929616609208549
2022-03-13,9.1,16.32,3.64,0.86,13.012857142857143,13.566666666666666,3,Mar,3.213096711303668,-1.3729437580672457
2022-03-14,8.9,16.29,2.39,0.0,11.935714285714287,13.454333333333333,3,Mar,3.1356172020983686,-1.465799292055332
2022-03-15,9.59,17.14,3.4,0.03,10.941428571428572,13.350999999999999,3,Mar,2.459101655560605,-1.2236703967081564
2022-03-16,10.43,18.71,3.13,0.0,10.207142857142857,13.299,3,Mar,1.3751813733190832,-0.936635448793499
2022-03-17,11.39,19.91,3.71,0.01,10.004285714285714,13.279666666666666,3,Mar,0.9732224333428886,-0.6157744143121394
2022-03-18,13.12,21.07,6.35,0.37,10.295714285714286,13.318,3,Mar,1.5077008671357375,-0.07974130351135923
2022-03-19,12.83,19.76,6.82,0.01,10.765714285714285,13.366000000000001,3,Mar,1.7293626681801566,-0.24019069215273867
2022-03-20,11.77,17.96,7.6,24.88,11.147142857142857,13.337333333333333,3,Mar,1.5895357213739374,-0.559513641870421
2022-03-21,11.6,18.63,6.75,10.68,11.532857142857141,13.344666666666665,3,Mar,1.2432311971326033,-0.6141088951888294
2022-03-22,10.58,17.27,4.26,0.94,11.674285714285714,13.277,3,Mar,1.0220054980748368,-0.816976562449416
2022-03-23,10.56,17.55,4.05,0.17,11.692857142857141,13.125333333333334,3,Mar,0.9964890747973272,-0.8132331238630963
2022-03-24,10.22,16.35,4.59,0.64,11.525714285714287,12.905333333333333,3,Mar,1.1430931303974585,-0.875649437131797
2022-03-25,11.58,18.83,6.04,0.74,11.305714285714286,12.744333333333335,3,Mar,0.909429439133054,-0.6491146720631843
2022-03-26,13.51,22.64,5.63,0.0,11.402857142857142,12.811333333333334,3,Mar,1.1129347732566204,-0.34227380211350844
2022-03-27,14.05,23.46,7.03,0.05,11.728571428571428,12.873666666666669,3,Mar,1.5034230783052747,-0.30371267825378667
2022-03-28,14.33,23.75,7.15,0.0,12.11857142857143,12.943333333333333,3,Mar,1.79108373684228,-0.31554304813080813
2022-03-29,16.95,27.47,8.21,0.0,13.028571428571427,13.081666666666667,3,Mar,2.395366559084622,0.11276574517932447
2022-03-30,17.28,27.11,8.71,0.0,13.988571428571431,13.195,3,Mar,2.580577639285612,0.12731048421201185
2022-03-31,19.09,28.97,11.1,0.0,15.255714285714287,13.304333333333334,3,Mar,2.59933233185534,0.43515279970147247
2022-04-01,20.65,30.5,11.05,0.0,16.55142857142857,13.379999999999999,4,Apr,2.719512386264782,0.7046525355345493
2022-04-02,23.87,33.65,16.44,0.0,18.03142857142857,13.738,4,Apr,3.49649552443313,1.2911008228876684
2022-04-03,20.45,28.11,14.74,0.0,18.945714285714285,13.990666666666666,4,Apr,3.095673632361008,0.45354449343075165
2022-04-04,21.5,32.61,13.08,0.0,19.97,14.169333333333332,4,Apr,2.4281199860523013,0.5973309677668341
2022-04-05,26.88,38.36,15.28,0.0,21.388571428571428,14.407333333333334,4,Apr,3.160060276700575,1.6195404129138449
2022-04-06,25.74,36.23,18.47,0.0,22.59714285714286,14.717333333333332,4,Apr,2.936719906549444,1.3994222763894042
2022-04-07,25.69,35.82,15.82,0.0,23.54,15.021999999999998,4,Apr,2.6704806059334403,1.4073811671803116
2022-04-08,21.72,29.44,13.8,0.0,23.692857142857143,15.227,4,Apr,2.5028498042945184,0.5227669070260206
2022-04-09,19.28,28.83,10.77,0.0,23.037142857142857,15.442666666666666,4,Apr,3.0004928166648064,-0.13049602015593165
2022-04-10,20.98,31.79,12.77,0.0,23.11285714285714,15.772666666666668,4,Apr,2.930191770093516,0.2214361688421302
2022-04-11,19.05,28.45,12.52,0.0,22.762857142857143,16.089666666666666,4,Apr,3.2803491393738002,-0.41731382211662577
2022-04-12,16.58,24.93,10.01,0.0,21.291428571428575,16.339000000000002,4,Apr,3.4323287943291367,-1.2725453555053061
2022-04-13,17.14,26.73,8.52,0.0,20.062857142857144,16.613666666666667,4,Apr,3.097422123237929,-1.2731254717514202
2022-04-14,17.75,27.15,10.03,0.0,18.928571428571427,16.885666666666665,4,Apr,1.9253781323108698,-1.1737250268690085
2022-04-15,19.13,29.1,10.07,0.0,18.55857142857143,17.175666666666665,4,Apr,1.5018147752128288,-0.8077673870382619
2022-04-16,22.5,33.45,13.58,0.0,19.018571428571427,17.546,4,Apr,2.123907001820206,0.21601387358712204
2022-04-17,28.91,40.0,18.94,0.0,20.15142857142857,18.072333333333336,4,Apr,4.321949516022554,2.244974480605293
2022-04-18,22.41,26.74,17.42,0.0,20.631428571428568,18.391666666666666,4,Apr,4.365598197160109,0.16178888887145862
2022-04-19,20.46,28.2,14.19,0.0,21.185714285714287,18.68133333333333,4,Apr,3.9961517202714605,-0.5045245387858388
2022-04-20,18.33,26.34,10.81,0.0,21.35571428571429,18.905666666666665,4,Apr,3.8166383862541338,-1.178867177075161
2022-04-21,18.88,28.16,10.99,0.0,21.517142857142858,19.182333333333336,4,Apr,3.659370229450754,-0.9605708415009724
2022-04-22,18.79,27.8,12.41,0.0,21.468571428571426,19.456666666666663,4,Apr,3.698384460686532,-0.9582509881582085
2022-04-23,20.44,31.26,11.6,0.0,21.174285714285713,19.79733333333333,4,Apr,3.684566266391277,-0.3651130202336277
2022-04-24,22.63,34.69,11.95,0.0,20.277142857142856,20.165666666666667,4,Apr,1.7368526543311344,0.34344368854918833
2022-04-25,24.15,34.26,15.16,0.0,20.525714285714287,20.520333333333333,4,Apr,2.1647698656967074,0.7555853079857577
2022-04-26,23.89,33.28,15.44,0.0,21.01571428571429,20.848333333333333,4,Apr,2.5083451194154325,0.6331717596267304
2022-04-27,23.01,33.24,13.67,0.0,21.684285714285714,21.137666666666668,4,Apr,2.2871369084720827,0.3081940197106022
2022-04-28,22.72,32.88,13.17,0.0,22.232857142857142,21.33,4,Apr,1.935981355675674,0.1448799250541009
2022-04-29,27.22,37.77,16.01,0.0,23.437142857142856,21.661333333333335,4,Apr,2.055656539776003,1.7143681666109862
2022-04-30,24.01,33.04,16.52,0.0,23.947142857142858,21.825333333333333,4,Apr,1.5747456332766459,0.45831131976049944
2022-05-01,22.95,32.92,13.86,0.0,23.992857142857144,21.902,5,May,1.5342611064799885,-0.006258548135405101
2022-05-02,23.95,29.57,17.58,0.0,23.964285714285715,21.904666666666667,5,May,1.5327084648083906,0.40572558202635733
2022-05-03,24.9,32.77,18.09,0.0,24.10857142857143,22.052999999999997,5,May,1.5715960949666246,0.9313216966435118
2022-05-04,21.48,28.87,15.34,0.0,23.889999999999997,22.05233333333333,5,May,1.8342846016908212,-0.6042743228159212
2022-05-05,19.63,27.96,12.61,0.0,23.448571428571427,21.810666666666666,5,May,2.4359216501592034,-1.4423224887126327
2022-05-06,20.44,29.35,11.75,0.0,22.479999999999997,21.634,5,May,1.9942918542680854,-1.228510390085575
2022-05-07,21.28,29.02,13.17,0.0,22.09,21.487000000000002,5,May,1.9103926298015363,-1.0275512162522928
2022-05-08,25.51,34.21,17.69,0.0,22.455714285714286,21.613333333333333,5,May,2.306446452466494,0.8083352086352906
2022-05-09,26.32,36.0,18.57,0.0,22.794285714285714,21.848000000000003,5,May,2.702331444899992,1.1695893323599942
2022-05-10,23.99,32.76,14.92,0.0,22.664285714285715,21.948333333333334,5,May,2.604258417431332,-0.026685135727710037
2022-05-11,22.96,29.35,15.49,0.0,22.875714285714285,22.078666666666667,5,May,2.5516325306416308,-0.5493782218092261
2022-05-12,23.45,31.87,15.57,0.0,23.421428571428574,22.307666666666666,5,May,2.1124821780031646,-0.3548116816998832
2022-05-13,25.0,33.78,16.95,0.0,24.072857142857146,22.569666666666667,5,May,1.7033272761051688,0.26631474641877084
2022-05-14,25.26,34.79,17.72,0.0,24.641428571428573,22.82,5,May,1.207910435027227,0.2755360599329716
2022-05-15,23.5,32.01,15.96,0.0,24.354285714285712,22.965666666666667,5,May,1.2059278190513525,-0.4671908612042609
2022-05-16,21.37,26.97,16.47,0.0,23.647142857142857,22.928,5,May,1.3081247938138483,-1.2670640115598437
2022-05-17,24.51,34.18,13.86,0.0,23.721428571428568,22.781333333333336,5,May,1.3450827554643865,-0.21581094907672152
2022-05-18,25.69,35.12,15.7,0.0,24.111428571428576,22.890666666666668,5,May,1.4768370319868294,0.16723942430617952
2022-05-19,27.23,36.54,16.7,0.0,24.65142857142857,23.116333333333333,5,May,1.8408822936428246,0.680360180299079
2022-05-20,28.9,38.06,21.08,0.0,25.208571428571428,23.468666666666667,5,May,2.452518627665785,1.2033964901379897
2022-05-21,24.56,32.0,18.03,0.0,25.108571428571427,23.658,5,May,2.4643148376471027,-0.46388933846044483
2022-05-22,22.53,29.96,15.26,0.0,24.970000000000002,23.782666666666668,5,May,2.593716766855377,-1.3688381994367542
2022-05-23,24.73,33.72,15.18,0.0,25.45,23.925666666666665,5,May,2.0756123594415965,-0.6652672795970321
2022-05-24,26.22,36.11,16.32,0.0,25.694285714285716,24.045333333333335,5,May,2.0469722123407745,-0.12124882285044379
2022-05-25,26.66,35.91,16.65,0.0,25.832857142857144,24.129,5,May,2.0792123050626303,-0.002627513712858533
2022-05-26,26.71,35.72,17.45,0.0,25.75857142857143,24.223000000000003,5,May,2.0296750854215557,-0.09223892566422223
2022-05-27,28.12,37.75,18.32,0.0,25.647142857142857,24.393333333333334,5,May,1.841120259386621,0.27496983483232695
2022-05-28,28.9,38.05,18.84,0.0,26.267142857142858,24.599333333333334,5,May,2.1231557823651395,0.39317013780975096
2022-05-29,29.83,38.95,20.06,0.0,27.31,24.686333333333334,5,May,1.739808418571824,0.6531066484029596
2022-05-30,31.34,41.25,21.04,0.0,28.254285714285714,24.930666666666664,5,May,1.8931618802315782,1.1280795410825042
2022-05-31,28.96,37.73,20.92,0.0,28.645714285714284,25.130999999999997,5,May,1.6729002475029098,0.2999991395599044
2022-06-01,26.29,34.34,18.33,0.0,28.592857142857145,25.209,6,Jun,1.7501591764343043,-0.7581696046715647
2022-06-02,26.61,35.4,17.35,0.0,28.578571428571426,25.266000000000002,6,Jun,1.7684025613665235,-0.7217962311242895
2022-06-03,28.04,36.42,18.9,0.0,28.56714285714285,25.48466666666667,6,Jun,1.7721146904730907,-0.21909674486989492
2022-06-04,29.6,37.63,20.78,0.0,28.66714285714286,25.817,6,Jun,1.8133000697229358,0.38022297562618873
2022-06-05,30.6,38.98,21.62,0.0,28.777142857142856,26.155666666666665,6,Jun,1.9160437911289687,0.7895967926736918
2022-06-06,29.09,36.28,21.54,0.0,28.455714285714286,26.416,6,Jun,1.572353407505865,0.15736231685838287
2022-06-07,28.98,37.16,20.36,0.0,28.458571428571428,26.53166666666667,6,Jun,1.573440270780671,0.05805020027919708
2022-06-08,30.38,38.72,21.23,0.0,29.04285714285714,26.666999999999998,6,Jun,1.3816501521214386,0.7088967878695139
2022-06-09,33.22,41.39,24.63,0.0,29.98714285714286,26.974666666666668,6,Jun,1.6704162583591264,2.130949003277587
2022-06-10,32.89,41.73,23.35,0.0,30.68,27.30566666666667,6,Jun,1.7328492913888034,1.8835424640609477
2022-06-11,34.32,44.3,24.85,0.0,31.354285714285712,27.668,6,Jun,2.118064030688221,2.6579539677320208
2022-06-12,29.08,35.99,23.03,0.0,31.13714285714286,27.804,6,Jun,2.2800052213808217,-0.14915517615044688
2022-06-13,27.61,34.53,19.94,0.0,30.925714285714285,27.882333333333335,6,Jun,2.55367615502865,-0.9386500104292269
2022-06-14,29.2,35.9,21.72,0.0,30.95714285714286,28.072333333333333,6,Jun,2.5269528045039706,-0.05854301309553239
2022-06-15,28.76,36.54,21.27,0.0,30.725714285714286,28.318666666666665,6,Jun,2.659334861344452,-0.2603198879003572
2022-06-16,29.12,37.93,20.26,0.0,30.140000000000004,28.47233333333333,6,Jun,2.4626476267085717,-0.06435635491543715
2022-06-17,29.35,37.84,22.41,0.0,29.634285714285713,28.59433333333333,6,Jun,2.1470588964352944,0.010300664796276867
2022-06-18,28.69,37.27,21.02,0.0,28.830000000000002,28.643000000000004,6,Jun,0.5869128271444789,-0.4482320798761516
2022-06-19,27.92,36.61,19.24,0.0,28.664285714285715,28.610333333333333,6,Jun,0.6633464942461327,-0.9638832667881523
2022-06-20,27.57,36.26,19.52,0.0,28.65857142857143,28.71066666666667,6,Jun,0.6740284012668525,-1.1871173694722712
2022-06-21,26.88,35.47,18.92,0.0,28.327142857142857,28.855666666666668,6,Jun,0.8969525124129408,-1.5970554232122935
2022-06-22,27.76,36.49,19.12,0.0,28.184285714285718,28.956666666666667,6,Jun,0.896155811282458,-1.0840079909582132
2022-06-23,29.79,38.56,19.66,0.0,28.28,29.075666666666667,6,Jun,1.037400597647831,0.12314543131607616
2022-06-24,31.52,40.47,21.55,0.0,28.59,29.237666666666666,6,Jun,1.5883534451332708,1.1843545089132497
2022-06-25,29.32,37.21,22.56,0.0,28.680000000000003,29.324666666666666,6,Jun,1.6126272559605108,-0.06773780081864961
2022-06-26,29.13,38.5,19.68,0.0,28.852857142857143,29.358333333333334,6,Jun,1.5821474255550683,-0.1279722248095
2022-06-27,28.98,36.94,21.51,0.0,29.054285714285715,29.361,6,Jun,1.4779248643831493,-0.1450496468882449
2022-06-28,28.29,35.9,19.98,0.0,29.255714285714284,29.309666666666665,6,Jun,1.2026478723059135,-0.8505584721065894
2022-06-29,29.17,36.47,21.77,0.0,29.457142857142856,29.237333333333332,6,Jun,1.0136027210847964,0.0016976348524709766
2022-06-30,28.98,35.86,22.24,0.0,29.34142857142857,29.238,6,Jun,1.0155036282789203,-0.11872022113093815
2022-07-01,29.11,36.42,21.88,0.0,28.997142857142858,29.332,7,Jul,0.33295216301623787,0.03918925166702692
2022-07-02,29.83,37.61,21.47,0.0,29.069999999999997,29.439333333333334,7,Jul,0.4504442251822582,0.735134543502942
2022-07-03,30.48,38.12,22.29,0.0,29.262857142857143,29.520666666666667,7,Jul,0.7001836493786326,1.327800131766942
2022-07-04,31.02,38.41,22.77,0.0,29.554285714285715,29.568,7,Jul,0.9446843766193005,1.669314447884186
2022-07-05,30.53,37.91,23.16,0.0,29.874285714285715,29.56566666666667,7,Jul,0.8156154556091874,1.040629936129002
2022-07-06,29.53,37.77,21.04,0.0,29.925714285714285,29.580333333333332,7,Jul,0.7740985540798925,0.11873577338604989
2022-07-07,29.07,37.53,20.01,0.0,29.93857142857143,29.583333333333332,7,Jul,0.7563162603794091,-0.34550046131959633
2022-07-08,28.97,37.85,20.46,0.0,29.91857142857143,29.53633333333333,7,Jul,0.7832502488866263,-0.5076498686198695
2022-07-09,29.83,38.86,22.03,0.0,29.91857142857143,29.423333333333332,7,Jul,0.7832502488866263,0.2278582236558671
2022-07-10,29.38,37.25,21.6,0.0,29.76142857142857,29.30633333333333,7,Jul,0.7618930058616948,-0.14368685066124923
2022-07-11,28.89,36.24,21.45,0.0,29.45714285714286,29.125333333333334,7,Jul,0.5788124130699324,-0.609887212915853
2022-07-12,29.75,38.56,21.63,0.0,29.345714285714287,29.147666666666666,7,Jul,0.37814711171086596,0.08734181114242656
2022-07-13,28.23,36.74,20.97,0.0,29.16,29.168333333333333,7,Jul,0.5518755898449449,-1.2512776784400839
2022-07-14,27.26,36.11,19.35,0.0,28.90142857142857,29.103666666666665,7,Jul,0.9093299469285072,-2.1726970482259684
2022-07-15,27.69,35.78,19.26,0.0,28.718571428571426,29.068,7,Jul,1.0157169647008015,-1.831620163199519
2022-07-16,27.81,35.75,20.94,0.0,28.43,29.024333333333335,7,Jul,0.9307165698177959,-1.7788436911632814
2022-07-17,29.36,38.67,19.91,0.0,28.427142857142858,29.02466666666667,7,Jul,0.9273387422388943,-0.49281248009004197
2022-07-18,30.97,39.95,20.71,0.0,28.724285714285713,29.100666666666665,7,Jul,1.3412414292097556,0.8486634434847381
2022-07-19,32.0,40.14,22.52,0.0,29.045714285714286,29.236666666666668,7,Jul,1.8142294704443025,1.7421365248212524
2022-07-20,31.79,40.17,23.65,0.01,29.554285714285715,29.377333333333333,7,Jul,2.033214672571966,1.624020893222386
2022-07-21,30.12,38.68,22.41,0.0,29.962857142857143,29.485333333333333,7,Jul,1.7650091056017678,0.1956177854711038
2022-07-22,29.96,38.79,20.69,0.18,30.28714285714286,29.558666666666667,7,Jul,1.459996738417752,0.035015904850796094
2022-07-23,29.99,39.78,20.34,0.24,30.59857142857143,29.565333333333335,7,Jul,1.0052102362429476,0.03448289854586051
2022-07-24,30.82,40.61,21.65,1.32,30.807142857142857,29.541999999999998,7,Jul,0.8439137848088812,0.7494797386055565
2022-07-25,30.78,39.82,21.0,0.08,30.78,29.590666666666667,7,Jul,0.840852741764757,0.6746086121919396
2022-07-26,30.85,39.56,21.87,0.03,30.615714285714287,29.648,7,Jul,0.6544426927510317,0.6819012623085711
2022-07-27,30.14,38.88,21.1,0.03,30.38,29.686666666666664,7,Jul,0.4139645717530195,0.020703167752852972
2022-07-28,31.06,39.9,21.38,0.0,30.514285714285712,29.779,7,Jul,0.4648963018013363,0.8273239355789048
2022-07-29,30.97,39.14,22.24,0.01,30.658571428571427,29.839000000000002,7,Jul,0.41862587001713125,0.7412547977197358
2022-07-30,30.21,38.37,21.85,0.0,30.69,29.88,7,Jul,0.3648744076162544,-0.031170182439425157
2022-07-31,30.72,39.72,22.05,0.0,30.675714285714285,29.933666666666667,7,Jul,0.36087195988127335,0.5028000861134362
2022-08-01,30.93,40.58,22.66,0.18,30.697142857142858,29.970333333333333,8,Aug,0.37236694651529134,0.824570641205133
2022-08-02,30.01,38.79,21.79,0.06,30.577142857142857,29.954666666666665,8,Aug,0.44346041859124974,-0.5439829799764988
2022-08-03,29.69,38.35,21.44,0.02,30.512857142857143,29.91033333333333,8,Aug,0.5395897912832756,-0.880467999782616
2022-08-04,30.06,38.95,21.37,0.0,30.37,29.89466666666667,8,Aug,0.5016306742348657,-0.2614163854576919
2022-08-05,30.28,38.49,22.67,0.0,30.271428571428572,29.919666666666668,8,Aug,0.4262013832070658,0.20170066199717387
2022-08-06,30.0,38.4,22.85,0.0,30.24142857142857,29.950666666666667,8,Aug,0.4384605102487764,-0.331123682009391
2022-08-07,29.72,37.31,21.85,0.0,30.09857142857143,29.975666666666665,8,Aug,0.41902380884736945,-0.8319067023250298
2022-08-08,30.91,38.16,23.71,0.0,30.095714285714283,30.011666666666667,8,Aug,0.4124260395455683,0.9363743679823248
2022-08-09,31.05,38.3,24.45,0.0,30.244285714285716,30.067333333333334,8,Aug,0.5430425748458743,0.9121045051625263
2022-08-10,30.37,37.42,23.31,0.0,30.341428571428573,30.116666666666667,8,Aug,0.48509203839506676,-0.06413754953709962
2022-08-11,30.13,37.7,22.87,0.0,30.351428571428574,30.12933333333333,8,Aug,0.4790069091856753,-0.32390645377444816
2022-08-12,29.63,37.12,22.62,0.0,30.25857142857143,30.176,8,Aug,0.5525223546436397,-0.8366047055882906
2022-08-13,29.16,37.26,21.89,0.0,30.138571428571428,30.239333333333335,8,Aug,0.6917231761195787,-1.306010806423589
2022-08-14,29.84,38.27,21.69,0.03,30.155714285714286,30.310999999999996,8,Aug,0.6810251376382832,-0.5629398919737999
2022-08-15,29.46,37.17,21.84,0.0,29.94857142857143,30.366,8,Aug,0.6321241589917026,-0.9603710694807581
2022-08-16,29.64,37.93,21.73,0.27,29.747142857142855,30.375333333333334,8,Aug,0.40733746393357273,-0.74611218440978
2022-08-17,29.03,37.51,21.57,0.15,29.555714285714284,30.310666666666666,8,Aug,0.37977436910434886,-1.3405589494609778
2022-08-18,29.52,38.87,21.25,0.03,29.46857142857143,30.228,8,Aug,0.28392654985810256,-0.7929574556055297
2022-08-19,29.88,38.14,21.55,0.0,29.504285714285714,30.164333333333335,8,Aug,0.320928711858686,-0.4085874062712809
2022-08-20,31.17,39.88,23.03,0.0,29.791428571428575,30.199333333333335,8,Aug,0.6704334063730503,0.9417621582067602
2022-08-21,31.08,38.81,23.33,0.0,29.96857142857143,30.236666666666668,8,Aug,0.8301893071548755,0.8696796316799325
2022-08-22,31.55,39.58,23.65,0.0,30.267142857142858,30.288666666666664,8,Aug,0.979246551959105,1.3361975185271104
2022-08-23,32.51,40.3,25.0,0.0,30.677142857142858,30.345000000000002,8,Aug,1.239216342232905,2.1968586159845103
2022-08-24,33.35,41.9,25.14,0.0,31.294285714285714,30.430666666666664,8,Aug,1.3527115625396604,2.9707855213379215
2022-08-25,31.06,38.72,24.42,0.0,31.514285714285712,30.437666666666665,8,Aug,1.1215295677905577,0.9733383943918298
2022-08-26,29.86,37.06,22.76,0.0,31.511428571428574,30.428333333333335,8,Aug,1.1264017721847104,-0.07486483352094224
2022-08-27,30.15,38.54,21.99,0.0,31.365714285714287,30.398,8,Aug,1.2383437479533506,0.22833244813586093
2022-08-28,30.15,38.49,23.04,0.0,31.232857142857142,30.37066666666667,8,Aug,1.3212205756510649,0.2579289107384933
2022-08-29,30.08,38.77,22.75,0.13,31.02285714285714,30.366333333333333,8,Aug,1.3780144445990918,0.1958844712959432
2022-08-30,30.04,38.22,23.06,0.58,30.669999999999998,30.343666666666667,8,Aug,1.2434092916922492,0.19581047604502475
2022-08-31,29.58,37.07,23.28,0.29,30.131428571428568,30.298666666666666,8,Aug,0.4567431288090369,-0.11953023531057183
2022-09-01,29.44,37.86,22.04,0.0,29.900000000000002,30.279666666666667,9,Sep,0.2865309756378813,-0.12990490776135388
2022-09-02,29.5,37.54,22.04,0.0,29.84857142857143,30.273333333333333,9,Sep,0.32467566233748535,-0.0222701750440347
2022-09-03,29.45,37.61,22.84,0.0,29.74857142857143,30.252999999999997,9,Sep,0.32416192308930697,-0.0012445279930639972
2022-09-04,29.11,37.84,21.94,0.0,29.599999999999998,30.214,9,Sep,0.3470350606687299,-0.16054333390979048
2022-09-05,28.73,36.81,21.66,0.0,29.407142857142855,30.171666666666667,9,Sep,0.4059439323237946,-0.32266695103920523
2022-09-06,28.26,35.92,21.64,0.0,29.15285714285714,30.122999999999998,9,Sep,0.49185750937019973,-0.5194844724142879
2022-09-07,28.55,35.85,22.05,0.0,29.005714285714287,30.044333333333334,9,Sep,0.4968184491628995,-0.21417585247878862
2022-09-08,29.25,36.74,21.75,0.0,28.97857142857143,29.984333333333336,9,Sep,0.47379420889349333,0.30182910672453944
2022-09-09,29.14,37.39,21.62,0.0,28.927142857142858,29.943333333333335,9,Sep,0.4247632393744451,0.39335451655233755
2022-09-10,28.5,37.2,20.82,0.0,28.791428571428572,29.889000000000003,9,Sep,0.3791845887968346,-0.030800388805802145
2022-09-11,28.36,37.85,19.21,0.0,28.684285714285718,29.84666666666667,9,Sep,0.38012529262773,-0.12375682174937595
2022-09-12,29.26,37.79,21.5,0.0,28.759999999999998,29.85,9,Sep,0.43897608135304467,0.6417922662768768
2022-09-13,28.49,36.29,21.58,0.0,28.792857142857144,29.805000000000003,9,Sep,0.4023975764388781,0.022110708399364853
2022-09-14,27.31,34.48,20.46,0.0,28.615714285714287,29.733333333333334,9,Sep,0.6942347619948082,-0.990546354585345
2022-09-15,26.38,33.6,19.45,0.0,28.205714285714286,29.624666666666666,9,Sep,1.0256031906941445,-1.83065467079402
2022-09-16,26.32,33.18,20.57,0.0,27.802857142857142,29.534333333333336,9,Sep,1.1444170901339255,-1.8566850659546434
2022-09-17,27.05,34.2,20.21,0.0,27.595714285714287,29.451999999999998,9,Sep,1.1283152210687284,-1.2131086217473759
2022-09-18,27.53,34.64,20.89,0.04,27.47714285714286,29.373666666666665,9,Sep,1.0770594890057301,-0.7833147067765912
2022-09-19,27.68,35.34,20.35,0.58,27.25142857142857,29.257333333333335,9,Sep,0.7600751842511626,-0.5795020141891738
2022-09-20,26.9,33.94,21.55,3.32,27.024285714285714,29.118,9,Sep,0.5314400920411795,-1.0540760522460406
2022-09-21,25.51,33.22,18.86,0.0,26.767142857142858,28.916666666666668,9,Sep,0.7575335919002675,-1.970500884905128
2022-09-22,28.25,36.43,20.56,0.0,27.034285714285716,28.77466666666667,9,Sep,0.9121925444199829,0.1659705186435141
2022-09-23,28.77,36.62,22.29,0.0,27.384285714285713,28.622,9,Sep,1.0517898577006959,0.5622604723968256
2022-09-24,28.54,37.64,21.25,0.0,27.597142857142853,28.538,9,Sep,1.1213342392839922,0.4913413775945121
2022-09-25,29.02,38.53,21.23,0.0,27.81,28.51,9,Sep,1.2414507642271284,0.8012359781329097
2022-09-26,29.68,39.03,22.12,0.0,28.095714285714287,28.494333333333334,9,Sep,1.4233628858313008,1.156182230543877
2022-09-27,29.25,38.11,21.32,0.0,28.431428571428572,28.464333333333332,9,Sep,1.370491743516794,0.9836271768794088
2022-09-28,28.8,37.09,21.62,0.0,28.901428571428568,28.421666666666667,9,Sep,0.4698023900687833,0.8399936916266032
2022-09-29,29.79,38.72,22.14,0.0,29.121428571428574,28.413333333333334,9,Sep,0.47446210145208284,1.3283472297432686
2022-09-30,30.2,39.49,22.41,0.0,29.325714285714287,28.434,9,Sep,0.5913785348054148,1.502595389925889
2022-10-01,29.75,39.56,22.27,0.0,29.49857142857143,28.44433333333333,10,Oct,0.4919155947730961,1.3210177467789
2022-10-02,28.7,38.09,20.6,0.0,29.45285714285714,28.417666666666666,10,Oct,0.5546684981654919,0.8933755102933172
2022-10-03,27.13,34.14,22.27,0.0,29.08857142857143,28.340333333333334,10,Oct,1.0215254699293252,0.2799873728786645
2022-10-04,25.4,32.9,18.79,0.0,28.538571428571426,28.216666666666665,10,Oct,1.7186761239534627,-0.35033436009798813
2022-10-05,25.75,33.52,19.11,0.0,28.102857142857143,28.11733333333333,10,Oct,2.0042431180349807,-0.14599722117620528
2022-10-06,25.11,32.22,19.43,0.0,27.434285714285714,28.012333333333334,10,Oct,2.124608647436523,-0.34539600882694915
2022-10-07,23.51,30.11,17.56,0.0,26.478571428571428,27.84433333333333,10,Oct,2.1771880072809098,-0.906523456938684
2022-10-08,23.36,30.3,17.18,0.0,25.565714285714286,27.648,10,Oct,1.898726390178995,-0.895713546899697
2022-10-09,23.37,30.18,17.01,0.0,24.804285714285715,27.455666666666666,10,Oct,1.447409837639476,-0.8123350850880918
2022-10-10,23.56,30.74,17.14,0.0,24.294285714285714,27.290999999999997,10,Oct,1.0714920616110815,-0.6523408703284035
2022-10-11,24.07,31.56,17.37,0.0,24.104285714285716,27.148,10,Oct,0.9542511399498441,-0.37203266470148283
2022-10-12,23.76,30.55,17.82,0.0,23.82,26.964666666666666,10,Oct,0.6202150164797856,-0.41537202582463717
2022-10-13,23.56,31.04,16.98,0.0,23.59857142857143,26.800333333333334,10,Oct,0.24775179591946028,-0.425969216932543
2022-10-14,22.82,29.62,16.7,0.0,23.5,26.650666666666666,10,Oct,0.38699698534618726,-0.6728110204456014
2022-10-15,25.02,33.04,17.56,0.0,23.737142857142857,26.60533333333333,10,Oct,0.6826105352670008,0.38614886247697155
2022-10-16,24.67,30.93,19.63,0.01,23.922857142857143,26.550333333333334,10,Oct,0.7404663909934239,0.40646648845446065
2022-10-17,23.82,30.37,18.06,0.01,23.960000000000004,26.442666666666664,10,Oct,0.7256031973471092,0.13257382126279735
2022-10-18,22.85,29.7,16.75,0.0,23.785714285714285,26.28666666666667,10,Oct,0.8333038090010113,-0.33411648998827503
2022-10-19,22.92,29.58,16.93,0.01,23.665714285714284,26.127999999999997,10,Oct,0.895765169056935,-0.12310073343493752
2022-10-20,23.57,30.03,17.51,0.06,23.66714285714286,26.017,10,Oct,0.8955764304946306,0.46828077241308386
2022-10-21,23.12,29.31,17.85,0.08,23.71,25.937333333333335,10,Oct,0.8545174076637404,0.2794471915917544
2022-10-22,23.15,29.15,17.26,0.31,23.442857142857143,25.767333333333333,10,Oct,0.6427989391643745,0.42443398977048996
2022-10-23,22.45,27.92,17.88,0.86,23.125714285714285,25.55666666666667,10,Oct,0.45734221843416595,0.018953394205114875
2022-10-24,21.79,28.04,15.84,0.09,22.83571428571429,25.331666666666667,10,Oct,0.5727668851830525,-0.3286448793265199
2022-10-25,21.45,26.21,16.64,3.42,22.635714285714283,25.079333333333334,10,Oct,0.7754967685913577,-0.44695522481701877
2022-10-26,22.57,28.88,17.09,0.51,22.585714285714285,24.842333333333332,10,Oct,0.7653290608809867,0.32076236535322394
2022-10-27,22.68,29.83,16.78,0.27,22.458571428571425,24.623333333333335,10,Oct,0.6378722069359656,0.47509792065718
2022-10-28,22.87,29.58,16.96,0.01,22.422857142857143,24.425666666666668,10,Oct,0.6005751211887522,0.6586718576630721
2022-10-29,22.23,28.57,15.76,0.02,22.291428571428572,24.173666666666666,10,Oct,0.5085413313730752,0.3693253852446127
2022-10-30,21.7,28.16,16.52,0.04,22.184285714285714,23.890333333333334,10,Oct,0.5471092865497627,0.10963301367265002
2022-10-31,21.14,27.79,15.85,0.01,22.09142857142857,23.603333333333335,10,Oct,0.6671688584719077,-0.12586270150854253
2022-11-01,20.43,26.39,16.32,0.19,21.945714285714285,23.32766666666667,11,Nov,0.9010153003301337,-0.4354048479902846
2022-11-02,19.96,26.84,14.36,0.0,21.572857142857146,23.088666666666665,11,Nov,1.1143864423338923,-0.5975032038432863
2022-11-03,20.45,27.66,14.34,0.0,21.254285714285714,22.92366666666667,11,Nov,1.0626830374555247,-0.2047316771149562
2022-11-04,20.28,27.08,14.25,0.0,20.884285714285713,22.741333333333333,11,Nov,0.8322831477902922,-0.23109737467301597
2022-11-05,19.57,26.47,14.11,0.0,20.504285714285714,22.55666666666667,11,Nov,0.7143495209599681,-0.5882532397341941
2022-11-06,19.46,26.59,13.68,0.0,20.184285714285718,22.421666666666667,11,Nov,0.5781827030409608,-0.609789311759501
2022-11-07,19.78,27.57,12.83,0.0,19.990000000000002,22.302333333333333,11,Nov,0.4065300316916198,-0.3374987498385415
2022-11-08,19.56,25.42,14.73,0.2,19.865714285714287,22.175333333333334,11,Nov,0.3818314262809788,-0.4209134168764006
2022-11-09,19.09,25.83,13.96,0.03,19.74142857142857,22.026333333333337,11,Nov,0.4760052020529678,-0.6600713064169619
2022-11-10,18.45,25.57,13.14,0.0,19.455714285714286,21.839,11,Nov,0.5706387398600968,-0.9682222815565281
2022-11-11,19.4,26.68,13.35,0.01,19.330000000000002,21.69366666666667,11,Nov,0.4409837487563682,-0.2072287241207695
2022-11-12,19.96,27.21,13.83,0.03,19.385714285714283,21.573666666666664,11,Nov,0.49738841773385556,0.32448198192499866
2022-11-13,20.8,28.49,15.03,0.18,19.577142857142857,21.506333333333334,11,Nov,0.7328645687922267,1.0503759695794113
2022-11-14,20.26,26.15,15.65,0.12,19.645714285714288,21.34766666666667,11,Nov,0.7761841951253848,0.8272307365581228
2022-11-15,18.28,24.62,13.27,0.0,19.462857142857143,21.134666666666664,11,Nov,0.9343931058130848,-0.39874064637557094
2022-11-16,17.94,24.35,12.78,0.03,19.298571428571428,20.93866666666667,11,Nov,1.0977010608759445,-0.5829072926133934
2022-11-17,18.39,24.65,12.98,0.0,19.29,20.790000000000003,11,Nov,1.1056370712552508,-0.18805098460316694
2022-11-18,19.0,26.27,14.33,0.0,19.232857142857142,20.659333333333336,11,Nov,1.1093348500450024,0.29771276296747284
2022-11-19,18.78,26.83,12.98,0.0,19.064285714285713,20.499666666666666,11,Nov,1.0693589534993095,0.185243758109108
2022-11-20,19.54,28.25,12.9,0.0,18.884285714285713,20.380333333333333,11,Nov,0.8008299266568075,0.8418914536177838
2022-11-21,19.54,26.49,13.92,0.0,18.78142857142857,20.26,11,Nov,0.6206563346288081,0.9020820417908092
2022-11-22,18.89,25.7,13.47,0.02,18.868571428571432,20.141333333333332,11,Nov,0.5800123151406894,0.4728177171557969
2022-11-23,17.97,25.15,12.39,0.01,18.87285714285714,20.014,11,Nov,0.5720639324915705,-0.11686897405581961
2022-11-24,17.14,23.85,11.86,0.0,18.694285714285712,19.870333333333335,11,Nov,0.8669843740013378,-0.6766467714198399
2022-11-25,17.42,24.26,13.07,0.0,18.46857142857143,19.698666666666668,11,Nov,0.973283592988986,-0.45878585981200803
2022-11-26,16.44,23.36,11.31,0.0,18.134285714285713,19.490666666666666,11,Nov,1.2192601191279295,-1.114060976883069
2022-11-27,15.46,20.69,11.96,0.0,17.551428571428573,19.243666666666666,11,Nov,1.3974551700793836,-1.7766478412693656
2022-11-28,16.2,21.79,11.29,0.0,17.074285714285715,19.04266666666667,11,Nov,1.1543808895229992,-1.21458079955337
2022-11-29,16.33,23.47,10.0,0.0,16.708571428571428,18.863666666666667,11,Nov,0.8481829317517403,-1.1302701130474975
2022-11-30,18.02,24.98,12.62,0.0,16.715714285714284,18.759666666666668,11,Nov,0.8606946253439312,0.41381306424892544
2022-12-01,17.22,24.65,12.18,0.0,16.72714285714286,18.652666666666665,12,Dec,0.8677694449129334,-0.31700580786157295
2022-12-02,18.07,25.58,12.33,0.0,16.82,18.58966666666667,12,Dec,0.9815803584020448,0.4976970049694498
2022-12-03,18.75,26.24,13.58,0.03,17.15,18.533,12,Dec,1.197163313838456,1.1558633170386714
2022-12-04,17.63,24.18,13.13,0.0,17.46,18.444666666666667,12,Dec,0.9399290753388413,0.13520300207049557
2022-12-05,16.81,23.0,12.48,0.03,17.547142857142855,18.352666666666664,12,Dec,0.824878057366341,-0.626879103425727
2022-12-06,16.65,22.28,12.45,0.08,17.592857142857145,18.259000000000004,12,Dec,0.7518136800594061,-0.7196132361063027
2022-12-07,15.91,22.14,10.87,0.0,17.291428571428572,18.13,12,Dec,0.9491123672753152,-1.4130972486869107
2022-12-08,17.27,23.73,11.49,0.0,17.298571428571428,18.05366666666667,12,Dec,0.9486732590210495,0.2250425469636034
2022-12-09,18.51,25.89,11.84,0.0,17.361428571428572,18.034333333333333,12,Dec,1.020186724272384,1.5757414062328308
2022-12-10,16.39,24.87,9.33,0.0,17.024285714285714,17.965666666666667,12,Dec,0.8626095513590808,-0.41703096066638123
2022-12-11,16.72,24.25,11.51,0.0,16.894285714285715,17.87633333333333,12,Dec,0.8238093861826205,-0.030787158360648176
2022-12-12,17.25,25.34,12.15,0.0,16.95714285714286,17.786,12,Dec,0.833040901071383,0.44358349626313776
2022-12-13,17.12,23.03,13.49,0.0,17.024285714285718,17.663333333333334,12,Dec,0.823040240872774,0.36099154713885306
2022-12-14,17.64,24.09,12.52,0.0,17.271428571428572,17.576,12,Dec,0.6799859942540124,0.7280500597917673
2022-12-15,17.73,24.92,12.82,0.0,17.337142857142858,17.557666666666666,12,Dec,0.701705405559298,0.7942133912942205
2022-12-16,17.44,24.77,11.97,0.0,17.184285714285714,17.541,12,Dec,0.487471610895691,0.6882997035976229
2022-12-17,18.06,26.34,12.43,0.24,17.422857142857143,17.529999999999998,12,Dec,0.44032996285868914,1.092471785650368
2022-12-18,17.86,27.33,12.65,0.26,17.585714285714285,17.492,12,Dec,0.33535340278958853,1.0530290161769145
2022-12-19,17.02,25.35,11.82,0.26,17.552857142857142,17.433333333333334,12,Dec,0.3817815381311615,0.6661036115029615
2022-12-20,16.22,22.4,10.54,0.18,17.424285714285713,17.322666666666667,12,Dec,0.6255626039248435,0.2558999239468272
2022-12-21,15.39,20.69,12.44,0.27,17.102857142857143,17.18433333333333,12,Dec,0.9760927941839429,-0.1937995678722792
2022-12-22,15.38,20.85,11.19,7.8,16.767142857142858,17.067333333333334,12,Dec,1.1182235060686663,-0.12443635377736455
2022-12-23,14.65,20.02,10.27,7.8,16.368571428571432,16.956666666666667,12,Dec,1.317831913554101,-0.48805777815474655
2022-12-24,14.09,19.38,9.38,0.98,15.801428571428572,16.855,12,Dec,1.3228432581810383,-0.7566124367903668
2022-12-25,14.47,19.66,9.74,5.91,15.317142857142857,16.756666666666668,12,Dec,1.0322098347031514,-0.46093290994729313
2022-12-26,14.39,20.31,9.86,0.44,14.94142857142857,16.688333333333333,12,Dec,0.7488308347339896,-0.4189985314457759
2022-12-27,13.45,21.19,7.92,0.0,14.545714285714286,16.621333333333336,12,Dec,0.6901656115957806,-0.9244016417728737
2022-12-28,12.59,19.61,8.1,0.0,14.145714285714288,16.500999999999998,12,Dec,0.8990709490520755,-1.3625935426501485
2022-12-29,13.11,20.49,7.62,0.0,13.821428571428571,16.393666666666668,12,Dec,0.7813541359173388,-0.9296982417365
2022-12-30,14.69,21.07,10.06,0.63,13.827142857142857,16.282666666666668,12,Dec,0.7885369212607113,0.0834711968335344
2022-12-31,13.78,21.01,8.19,0.01,13.782857142857143,16.168,12,Dec,0.7799725269892461,-0.3854492041617038
2023-01-01,14.71,21.2,10.54,0.06,13.817142857142857,16.056,1,Jan,0.8194859015614536,0.3092746943993011
2023-01-02,14.61,22.84,9.76,0.18,13.848571428571429,15.918,1,Jan,0.8488114940207845,0.4160177427411339
2023-01-03,13.95,20.4,8.92,0.38,13.92,15.795333333333334,1,Jan,0.830521924254566,0.09931365977778848
2023-01-04,14.35,19.92,9.61,0.39,14.171428571428569,15.713333333333333,1,Jan,0.5933079181294597,0.5862400701578689
2023-01-05,13.09,19.47,7.82,0.05,14.168571428571427,15.594666666666667,1,Jan,0.5992892615827909,-0.496539298798537
2023-01-06,13.45,20.97,7.95,0.0,13.991428571428571,15.512666666666666,1,Jan,0.6027279256694421,-0.09256789420111489
2023-01-07,14.29,20.43,9.62,0.02,14.064285714285713,15.413333333333332,1,Jan,0.6037344102302526,0.8995799380941821
2023-01-08,13.47,19.75,9.11,0.7,13.887142857142859,15.245333333333333,1,Jan,0.5632558413882479,0.06821585005344344
2023-01-09,12.56,18.09,7.97,1.15,13.594285714285714,15.117666666666668,1,Jan,0.6508931592533126,-0.9441623450427303
2023-01-10,14.28,21.31,8.75,0.01,13.641428571428571,15.036333333333333,1,Jan,0.6916267917370394,1.01523712125276
2023-01-11,13.18,19.87,8.48,0.0,13.474285714285713,14.900666666666666,1,Jan,0.630525102404943,-0.18162994508983496
2023-01-12,11.78,18.81,7.46,0.34,13.287142857142857,14.722666666666667,1,Jan,0.9002909582599825,-1.761409912157303
2023-01-13,12.42,19.69,7.08,0.01,13.14,14.548666666666666,1,Jan,0.951927868416269,-1.0540629694424148
2023-01-14,13.17,19.03,9.7,0.31,12.979999999999999,14.396666666666667,1,Jan,0.8099588466917417,-0.2993630564781806
2023-01-15,12.74,19.08,7.51,0.01,12.875714285714285,14.24,1,Jan,0.7828975484885995,-0.7375361595543608
2023-01-16,11.2,16.88,8.0,0.36,12.68142857142857,14.011333333333333,1,Jan,1.0100895764148092,-2.3373168066307692
2023-01-17,12.21,19.52,5.8,0.0,12.385714285714286,13.823,1,Jan,0.7275955181941048,-1.0177475578148807
2023-01-18,12.78,22.0,6.27,0.0,12.328571428571427,13.681666666666667,1,Jan,0.6680925228204037,-0.3006750361302927
2023-01-19,13.9,23.86,6.77,0.01,12.631428571428572,13.604333333333333,1,Jan,0.837106695140182,0.7329060924593053
2023-01-20,13.48,22.41,6.84,0.0,12.782857142857141,13.540666666666665,1,Jan,0.8868805685423684,0.4606386861283285
2023-01-21,13.06,20.06,8.88,2.45,12.767142857142858,13.463333333333333,1,Jan,0.8798241166229582,0.15799620165525707
2023-01-22,13.02,20.64,7.72,9.47,12.807142857142859,13.408999999999999,1,Jan,0.884735634445699,0.18063610897028953
2023-01-23,13.76,21.74,7.82,20.53,13.172857142857142,13.398,1,Jan,0.5895397720748082,0.8273439658946182
2023-01-24,14.2,21.97,9.62,34.09,13.457142857142857,13.389000000000001,1,Jan,0.5240138129776142,1.1126804154735561
2023-01-25,12.82,20.66,7.94,5.16,13.462857142857143,13.336666666666668,1,Jan,0.5155487136938057,0.2840352484979736
2023-01-26,12.71,21.28,7.13,3.02,13.292857142857143,13.312,1,Jan,0.542854010016823,0.30915298711162853
2023-01-27,15.33,23.96,9.72,0.0,13.557142857142859,13.403333333333334,1,Jan,0.9481686609062051,1.8268965282850944
2023-01-28,14.76,21.9,9.66,0.0,13.8,13.458333333333334,1,Jan,1.0149712639614548,1.5113302075811414
2023-01-29,13.92,20.88,9.55,0.12,13.928571428571429,13.432666666666666,1,Jan,0.9549245794206959,1.072888082118569
2023-01-30,12.87,20.4,8.48,0.03,13.801428571428572,13.402333333333333,1,Jan,1.0368450313564053,0.5545170217349786
2023-01-31,10.62,15.75,5.91,1.74,13.290000000000001,13.265999999999998,1,Jan,1.5589526398624818,-0.5884418525079362
2023-02-01,10.3,16.25,6.27,3.23,12.930000000000001,13.122333333333334,2,Feb,1.9319247742430903,-0.7292248713521551
2023-02-02,10.73,17.7,4.34,0.01,12.647142857142857,13.014999999999999,2,Feb,2.106558918281511,-0.4919819829757749
2023-02-03,11.64,17.84,7.38,0.01,12.120000000000001,12.924666666666667,2,Feb,1.7557999126706458,0.0040281958410385375
2023-02-04,11.26,18.69,5.26,0.09,11.62,12.863666666666665,2,Feb,1.323946121764125,-0.16801169849173514
2023-02-05,11.25,18.76,5.64,0.0,11.238571428571428,12.790333333333333,2,Feb,0.8510273903045471,-0.15501656551767748
2023-02-06,9.73,13.8,6.03,0.46,10.790000000000001,12.638333333333334,2,Feb,0.6520736154767857,-0.9850331055108419
2023-02-07,8.32,14.07,3.41,0.16,10.461428571428572,12.466666666666667,2,Feb,1.1450972094318448,-1.7553634017288415
2023-02-08,8.57,13.75,3.82,2.04,10.214285714285714,12.333666666666666,2,Feb,1.3534752447297391,-1.6278570346559804
2023-02-09,9.23,15.41,3.96,0.0,10.0,12.165333333333335,2,Feb,1.3767594803260532,-1.2682230584259506
2023-02-10,10.19,18.11,3.93,0.0,9.792857142857143,12.065666666666667,2,Feb,1.184549341673089,-0.7359384276010177
2023-02-11,10.28,15.96,5.28,3.33,9.652857142857142,12.015666666666666,2,Feb,1.0300924600206953,-0.6878799982560505
2023-02-12,10.43,16.59,5.04,0.26,9.535714285714286,11.949333333333334,2,Feb,0.8488788123732705,-0.6119814669067303
2023-02-13,9.82,16.43,4.43,0.26,9.54857142857143,11.837666666666667,2,Feb,0.8529835592682709,-0.8993267919651778
2023-02-14,9.66,16.07,4.14,0.56,9.74,11.735000000000001,2,Feb,0.6597979488709715,-0.8984123747346893
2023-02-15,10.08,16.41,4.37,0.06,9.955714285714285,11.697666666666667,2,Feb,0.4149239746783788,-0.6886824768311153
2023-02-16,11.44,17.54,6.29,0.06,10.27142857142857,11.671999999999999,2,Feb,0.5790345001655249,-0.3173293458433555
2023-02-17,11.59,18.75,5.95,0.02,10.471428571428572,11.632333333333333,2,Feb,0.7597900712577991,-0.33764769088353896
2023-02-18,12.09,20.18,6.33,0.0,10.73,11.572000000000001,2,Feb,0.9642613753547165,-0.26789540812085383
2023-02-19,12.32,20.65,6.27,0.01,11.0,11.533333333333333,2,Feb,1.1185258155272766,-0.27194278531482824
2023-02-20,12.7,20.18,7.58,0.0,11.411428571428571,11.521333333333333,2,Feb,1.141584112413636,-0.21552271021988778
2023-02-21,13.42,20.77,7.48,0.0,11.948571428571428,11.534666666666668,2,Feb,1.061954621934734,-0.06867613241189371
2023-02-22,13.12,20.57,7.59,0.0,12.382857142857144,11.513333333333332,2,Feb,0.7446411727747695,-0.18705234702116838
2023-02-23,13.85,20.38,8.83,0.0,12.727142857142857,11.501666666666665,2,Feb,0.7917010017622632,-0.08027694449022582
2023-02-24,14.45,20.93,9.37,0.0,13.135714285714286,11.556000000000001,2,Feb,0.8433436852371936,-0.014533302740186741
2023-02-25,15.9,22.75,10.35,0.0,13.679999999999998,11.662333333333333,2,Feb,1.2070211265760256,0.2885460474859649
2023-02-26,15.7,23.24,10.48,0.0,14.162857142857144,11.674666666666665,2,Feb,1.2476740264152786,0.15579875799601703
2023-02-27,15.95,26.19,8.39,0.0,14.627142857142857,11.714333333333332,2,Feb,1.2169047386126655,0.15248611263065212
2023-02-28,19.18,30.74,10.47,0.0,15.450000000000001,11.889666666666667,2,Feb,1.9755505561743494,1.0310962743133185
2023-03-01,21.64,31.07,12.99,0.0,16.667142857142856,12.182,3,Mar,2.7668858203507183,1.762846749969153
2023-03-02,21.26,32.39,13.52,0.0,17.725714285714286,12.536666666666667,3,Mar,2.9225551442922764,1.6785980662768352
2023-03-03,18.09,27.29,11.4,0.0,18.245714285714286,12.796333333333333,3,Mar,2.541573378459864,0.6525780805708273
2023-03-04,19.88,29.96,11.07,0.0,18.814285714285717,13.101333333333333,3,Mar,2.3686554353533973,1.2662890349879667
2023-03-05,21.14,32.65,13.18,0.0,19.591428571428573,13.418000000000001,3,Mar,2.0471804070594763,1.7421487412053227
2023-03-06,15.84,23.15,10.2,0.0,19.575714285714287,13.570666666666666,3,Mar,2.079950777806009,-0.22145746786078024
2023-03-07,15.02,22.45,9.66,0.0,18.981428571428573,13.696333333333333,3,Mar,2.7105622330151786,-0.6063478270133656
2023-03-08,14.64,22.44,8.34,0.0,17.981428571428573,13.860000000000001,3,Mar,2.853736898474515,-0.8596749001947109
2023-03-09,17.32,25.64,9.95,0.0,17.41857142857143,14.16,3,Mar,2.4608157764682357,0.12783763212660915
2023-03-10,18.93,27.8,11.07,0.0,17.538571428571426,14.505333333333335,3,Mar,2.518812078285111,0.6564982812006593
2023-03-11,18.65,27.16,11.96,0.0,17.362857142857145,14.819333333333333,3,Mar,2.3665496282262555,0.5017979055631157
2023-03-12,19.21,28.28,12.34,0.0,17.087142857142858,15.12,3,Mar,1.924246296481952,0.7216823105743718
2023-03-13,18.46,26.86,12.45,0.11,17.461428571428574,15.392666666666667,3,Mar,1.8958325222396708,0.37403429151146367
2023-03-14,14.65,20.26,10.15,3.79,17.408571428571427,15.533333333333333,3,Mar,1.9785973867991185,-1.2964571658715236
2023-03-15,14.51,21.63,8.74,0.06,17.39,15.689666666666666,3,Mar,2.0092867722985726,-1.3748216154142037
2023-03-16,16.62,25.4,8.33,0.0,17.29,15.921666666666665,3,Mar,2.0306567082270095,-0.39074057804456197
2023-03-17,16.7,25.13,9.75,0.01,16.97142857142857,16.142333333333333,3,Mar,1.901292793263307,-0.2619181589304383
2023-03-18,14.87,21.08,10.48,0.1,16.431428571428572,16.256666666666668,3,Mar,1.881784867011906,-1.003434021600412
2023-03-19,14.09,20.87,8.31,0.18,15.700000000000001,16.34,3,Mar,1.5949712641092004,-1.3503945049447028
2023-03-20,14.73,21.9,9.74,0.42,15.167142857142858,16.428,3,Mar,1.0487566334432745,-1.0634284508662726
2023-03-21,16.28,23.76,10.84,0.03,15.400000000000002,16.56,3,Mar,1.0947450235865197,-0.39127212806157796
2023-03-22,18.3,25.93,10.33,0.0,15.941428571428572,16.746666666666666,3,Mar,1.4581201204684893,0.4393176272210557
2023-03-23,21.07,28.68,15.84,0.03,16.577142857142857,17.00166666666667,3,Mar,2.4416368436340408,1.601401954059761
2023-03-24,21.52,30.29,14.97,0.17,17.26571428571429,17.28166666666667,3,Mar,3.0786190472508825,1.5603285510877458
2023-03-25,18.3,23.98,12.76,0.96,17.755714285714287,17.43,3,Mar,2.9016366481859692,0.1452035674747303
2023-03-26,16.47,24.29,9.44,0.04,18.095714285714287,17.497333333333334,3,Mar,2.514072772368087,-0.5505433741276095
2023-03-27,18.32,27.49,10.26,0.0,18.608571428571427,17.578,3,Mar,2.033243948074501,0.047082306798353755
2023-03-28,19.7,29.59,10.71,0.01,19.09714285714286,17.711333333333336,3,Mar,1.7749433257218155,0.5264420658646373
2023-03-29,16.68,24.57,10.47,0.02,18.865714285714287,17.735666666666663,3,Mar,1.9889181074382776,-0.43305249892417824
2023-03-30,14.09,21.06,9.13,0.01,17.86857142857143,17.566,3,Mar,2.4056629617872405,-1.3346014999915208
2023-03-31,14.26,22.19,6.97,0.05,16.83142857142857,17.32,3,Mar,2.116698912390474,-1.365738458343481
2023-04-01,15.82,23.81,8.64,0.0,16.477142857142855,17.138666666666666,4,Apr,2.035933154483358,-0.8770078434088029
2023-04-02,18.6,27.81,10.2,0.0,16.78142857142857,17.15566666666667,4,Apr,2.188168401284893,0.005215580715283418
2023-04-03,20.6,31.11,11.17,0.0,17.107142857142858,17.179666666666666,4,Apr,2.588440420315779,0.5486297502150872
2023-04-04,21.31,31.56,13.17,0.0,17.337142857142858,17.185333333333332,4,Apr,2.9089214168699216,0.5993580889797693
2023-04-05,18.75,26.27,12.62,0.0,17.632857142857144,17.282333333333334,4,Apr,2.9360728549415285,-0.27622633161531907
2023-04-06,18.67,27.2,10.34,0.0,18.28714285714286,17.404,4,Apr,2.4916641981196275,-0.3477661449139793
2023-04-07,23.15,33.8,15.18,0.0,19.557142857142857,17.687666666666665,4,Apr,2.3590090736418086,1.0074849821174545
2023-04-08,23.91,34.16,15.77,0.0,20.712857142857143,17.907333333333334,4,Apr,2.199278020061201,1.2285675474515447
2023-04-09,23.69,30.97,17.17,0.0,21.44,18.066,4,Apr,2.2255710877586306,1.1529134968350963
2023-04-10,22.05,29.91,14.84,0.0,21.647142857142857,18.179333333333332,4,Apr,2.201709292691536,0.6050220655302035
2023-04-11,17.73,23.63,12.5,1.22,21.13571428571429,18.13,4,Apr,2.660970105950532,-0.7762043483478592
2023-04-12,14.59,19.8,10.29,1.88,20.541428571428575,18.001,4,Apr,3.586248869275732,-1.764777403537563
2023-04-13,17.05,25.07,9.64,0.0,20.310000000000002,18.081,4,Apr,3.7744756810273925,-1.050401195012117
2023-04-14,20.0,28.16,11.3,0.0,19.860000000000003,18.264,4,Apr,3.5612029802676552,-0.2266106985012789
2023-04-15,21.73,30.48,13.83,0.0,19.548571428571428,18.43433333333333,4,Apr,3.2277052146039504,0.26843777197357127
2023-04-16,21.2,31.43,11.47,0.0,19.192857142857143,18.584333333333333,4,Apr,2.804714568280418,0.05696227176706979
2023-04-17,24.36,34.62,13.75,0.0,19.52285714285714,18.900666666666666,4,Apr,3.290702631585599,1.1630677160519374
2023-04-18,27.04,36.59,19.37,0.0,20.852857142857143,19.332333333333334,4,Apr,4.200855921855802,2.134764836929653
2023-04-19,24.86,35.82,17.8,0.0,22.32,19.67,4,Apr,3.3578117874592652,1.2861480758449322
2023-04-20,20.4,27.95,13.84,0.0,22.798571428571424,19.807333333333336,4,Apr,2.6444812255679393,-0.40299037766981294
2023-04-21,20.1,27.66,12.04,0.0,22.812857142857144,19.867333333333338,4,Apr,2.627056110844259,-0.5771543343078732
2023-04-22,21.81,30.73,13.15,0.0,22.82428571428571,19.892,4,Apr,2.621728800765301,-0.024629442027071045
2023-04-23,22.01,30.78,14.2,0.0,22.94,19.908333333333335,4,Apr,2.5551190448457937,0.06420212543547395
2023-04-24,22.62,31.9,13.69,0.0,22.69142857142857,20.052333333333333,4,Apr,2.4774074390475187,0.31455158607527617
2023-04-25,23.02,31.42,14.3,0.0,22.117142857142856,20.270666666666667,4,Apr,1.6183604283937758,0.47976942942087814
2023-04-26,24.3,32.61,16.34,0.0,22.037142857142857,20.470000000000002,4,Apr,1.4669323352462074,0.9126305508616039
2023-04-27,24.53,33.67,16.06,0.0,22.62714285714286,20.631000000000004,4,Apr,1.5280021191709279,0.8435352894022446
2023-04-28,20.37,27.36,14.68,0.0,22.665714285714284,20.754,4,Apr,1.4552532098443465,-0.825247925683257
2023-04-29,18.24,25.35,12.23,0.0,22.15571428571429,20.892333333333333,4,Apr,2.2263786526020937,-1.9113580171245037
2023-04-30,18.54,26.16,10.83,0.0,21.66,21.035,4,Apr,2.6163779033873866,-1.87209068387691
2023-05-01,20.37,28.89,11.68,0.0,21.33857142857143,21.186666666666667,5,May,2.61699209380695,-1.0942667385653913
2023-05-02,22.05,31.47,13.09,0.24,21.2,21.301666666666666,5,May,2.5375972887754417,-0.4190583657340403
2023-05-03,23.05,33.1,14.35,0.03,21.021428571428572,21.383333333333333,5,May,2.3175305001332998,-0.046207867963055385
2023-05-04,26.12,36.93,15.28,0.15,21.24857142857143,21.54366666666667,5,May,2.7552944704782627,1.2722181865528508
2023-05-05,24.65,31.08,17.77,0.0,21.859999999999996,21.740333333333336,5,May,2.9925128793931304,0.7076054098213175
2023-05-06,22.82,30.02,16.03,0.0,22.514285714285712,21.878666666666668,5,May,2.534803458146007,-0.10304012052160462
2023-05-07,21.74,28.71,14.99,0.0,22.971428571428568,21.831666666666663,5,May,1.9101957017666993,-0.6426348327669277
2023-05-08,21.61,28.54,14.87,0.0,23.148571428571426,21.755,5,May,1.6713011754462337,-0.7417617684684538
2023-05-09,22.37,30.25,14.53,0.0,23.194285714285716,21.711,5,May,1.6403338800669753,-0.49390226764320616
2023-05-10,24.09,33.32,15.16,0.0,23.342857142857145,21.779,5,May,1.6718823152933964,0.11589362191840169
2023-05-11,27.8,38.04,17.98,0.0,23.58285714285714,22.114666666666665,5,May,2.1802730279005877,1.448819587290303
2023-05-12,24.63,32.93,17.87,0.05,23.580000000000002,22.449333333333332,5,May,2.1786540187312102,0.2297666638932458
2023-05-13,22.92,31.29,14.7,0.08,23.594285714285714,22.645,5,May,2.1731609630740403,-0.42485337530930767
2023-05-14,23.38,32.91,14.48,0.07,23.82857142857143,22.75766666666667,5,May,2.023161128625513,-0.3469815586139299
2023-05-15,24.45,34.95,15.21,0.03,24.23428571428571,22.848333333333333,5,May,1.7734604322516445,-0.06795564681401345
2023-05-16,26.92,37.7,16.34,0.01,24.884285714285713,23.039,5,May,1.8097408391154124,0.8251618828780666
2023-05-17,28.2,38.39,19.34,0.0,25.471428571428568,23.166999999999998,5,May,2.1447954725446055,1.237448316505178
2023-05-18,23.11,31.28,15.93,0.0,24.801428571428573,23.035999999999998,5,May,2.0253676914858065,-0.9515546209788084
2023-05-19,22.27,30.1,14.54,0.0,24.464285714285715,22.949666666666662,5,May,2.2433520836972627,-1.2397234590806718
2023-05-20,23.8,32.23,15.21,0.0,24.59,23.063,5,May,2.1657023495085697,-0.7364130561799815
2023-05-21,28.74,38.14,18.55,0.0,25.35571428571429,23.351,5,May,2.575389013611108,0.9002257304134981
2023-05-22,25.93,33.76,19.31,0.0,25.56714285714286,23.488333333333333,5,May,2.5492594629664556,-0.08605140427422026
2023-05-23,26.75,35.01,17.88,0.0,25.54285714285714,23.646333333333335,5,May,2.53499319056101,0.14335454372364728
2023-05-24,26.76,34.53,19.11,0.0,25.337142857142858,23.784333333333333,5,May,2.3338788477962398,0.047966437232658976
2023-05-25,26.72,35.33,17.91,0.0,25.852857142857143,23.907666666666668,5,May,2.1514469106915013,-0.07814722982535782
2023-05-26,27.04,34.15,20.85,0.0,26.534285714285716,23.999,5,May,1.4772932133112207,-0.049997627602213525
2023-05-27,29.15,36.86,22.8,0.15,27.298571428571428,24.153000000000002,5,May,1.1811777818690377,0.6870038703285407
2023-05-28,26.87,33.33,21.43,0.0,27.03142857142857,24.369666666666667,5,May,0.9981220461685748,-0.17718562772477678
2023-05-29,25.99,33.01,18.26,0.0,27.04,24.627999999999997,5,May,0.9872858417568121,-0.5952331836002918
2023-05-30,27.66,34.81,19.87,0.0,27.169999999999998,24.932000000000002,5,May,1.0025301325480365,-0.07539458560124848
2023-05-31,29.56,38.35,21.1,0.0,27.569999999999997,25.238333333333333,5,May,1.3200000000000363,0.6154631771723221
2023-06-01,31.35,41.87,24.9,0.38,28.231428571428573,25.548333333333336,6,Jun,1.868951832547061,1.2953951648300173
2023-06-02,33.9,42.56,25.55,0.0,29.21142857142857,25.91,6,Jun,2.737038719561887,2.184653088825732
2023-06-03,28.56,36.21,22.44,0.0,29.127142857142854,25.991333333333333,6,Jun,2.748306838071488,0.08201080692886722
2023-06-04,26.92,35.94,19.27,0.0,29.134285714285713,26.067,6,Jun,2.741519391036401,-0.746158831813472
2023-06-05,26.21,34.78,18.58,0.0,29.165714285714284,26.18,6,Jun,2.7004188387659287,-1.1991361735605492
2023-06-06,26.87,35.52,18.42,0.0,29.052857142857142,26.351000000000003,6,Jun,2.7888929361888093,-0.8484737814531657
2023-06-07,29.98,38.35,20.9,0.01,29.112857142857145,26.630000000000003,6,Jun,2.8060869212345922,0.6411009401512349
2023-06-08,31.46,40.39,24.74,0.01,29.128571428571426,26.933,6,Jun,2.82097163267924,1.3797469517095977
2023-06-09,31.49,39.14,24.76,0.0,28.784285714285716,27.179666666666666,6,Jun,2.225884521883816,1.3591579756658598
2023-06-10,28.98,36.83,21.43,0.16,28.844285714285714,27.219,6,Jun,2.224491381139055,0.00034706450186166985
2023-06-11,28.96,36.47,21.68,0.0,29.135714285714283,27.363333333333337,6,Jun,2.0577565222255836,-0.05089086235026414
2023-06-12,29.62,36.79,22.35,0.45,29.622857142857146,27.586666666666666,6,Jun,1.6031085873568083,0.3090717569725302
2023-06-13,31.59,40.47,23.4,0.03,30.29714285714286,27.860333333333333,6,Jun,1.192234796306405,1.337074422796532
2023-06-14,27.84,35.45,21.18,0.07,29.99142857142857,27.973333333333336,6,Jun,1.517195093711067,-0.8033527625675896
2023-06-15,28.31,36.76,19.83,0.0,29.541428571428575,28.01966666666667,6,Jun,1.4755951180391442,-0.5775437813571994
2023-06-16,31.38,40.65,20.0,0.0,29.525714285714287,28.12566666666667,6,Jun,1.451778875986942,1.2077334628145613
2023-06-17,30.02,37.63,24.13,0.0,29.674285714285713,28.356,6,Jun,1.439789997914708,0.46938643526317164
2023-06-18,28.57,36.31,21.41,0.0,29.618571428571432,28.566,6,Jun,1.4790473124213952,-0.36341963743458805
2023-06-19,26.74,34.07,19.72,0.0,29.207142857142856,28.663999999999998,6,Jun,1.8360620385825295,-1.6424626636110484
2023-06-20,27.36,35.46,19.67,0.0,28.602857142857143,28.618,6,Jun,1.6023182609968178,-1.3250089203195543
2023-06-21,28.37,36.8,20.2,0.0,28.678571428571427,28.699333333333335,6,Jun,1.5725078544735493,-0.7776005820537601
2023-06-22,28.18,36.32,20.72,0.0,28.659999999999997,28.747,6,Jun,1.5783430129939184,-1.0450953910286322
2023-06-23,29.92,38.88,20.15,0.0,28.451428571428572,28.852333333333334,6,Jun,1.2132384839954942,0.2878672718233717
2023-06-24,30.53,39.06,21.12,0.0,28.524285714285718,28.979333333333333,6,Jun,1.332577166531818,0.8056251784685866
2023-06-25,29.34,38.23,20.98,0.0,28.634285714285713,29.056,6,Jun,1.3682818562325878,-0.08541137862775221
2023-06-26,28.56,37.11,19.84,0.0,28.89428571428572,29.03633333333333,6,Jun,1.0937071080025416,-0.7605731983909627
2023-06-27,29.48,37.82,21.4,0.0,29.197142857142858,29.12333333333333,6,Jun,0.8683454436592837,-0.038676485643520324
2023-06-28,29.64,38.03,21.08,0.0,29.378571428571426,29.245,6,Jun,0.7964175741286553,0.07498336030552481
2023-06-29,29.47,37.59,21.37,0.0,29.562857142857144,29.305333333333333,6,Jun,0.5971798803742631,-0.03766338563095157
2023-06-30,29.38,38.36,20.4,0.0,29.485714285714288,29.299333333333333,6,Jun,0.5779232112445836,-0.22175061866926377
2023-07-01,29.33,38.4,21.6,0.0,29.314285714285713,29.232000000000003,7,Jul,0.3492781672181359,-0.3506627800539566
2023-07-02,29.66,38.9,20.91,0.0,29.359999999999996,29.090666666666667,7,Jul,0.37331845208439207,-0.12374361354554846
2023-07-03,31.39,41.27,20.49,0.0,29.764285714285712,29.185,7,Jul,0.7272060034327084,0.9456368118120142
2023-07-04,31.83,39.95,24.08,0.0,30.099999999999998,29.348666666666666,7,Jul,1.0464543309034808,1.1389204169451541
2023-07-05,29.06,36.9,21.87,0.0,30.017142857142858,29.443666666666665,7,Jul,1.109980694812812,-0.8049809547384758
2023-07-06,29.48,37.36,21.13,0.0,30.018571428571427,29.530666666666665,7,Jul,1.1091652803111034,-0.6526301843820076
2023-07-07,30.43,38.88,22.28,0.0,30.168571428571425,29.545666666666662,7,Jul,1.0790030672095423,-0.054856190025777976
2023-07-08,30.48,39.71,22.73,0.0,30.332857142857144,29.512999999999998,7,Jul,1.015738061472435,-0.13172857269987567
2023-07-09,29.39,38.33,22.03,0.0,30.294285714285714,29.442999999999998,7,Jul,1.0500929664059324,-0.9569641376549988
2023-07-10,30.04,38.51,21.9,0.0,30.101428571428567,29.478333333333335,7,Jul,0.9327276946574147,-0.5498847796363406
2023-07-11,30.42,38.53,23.11,0.0,29.900000000000002,29.526999999999997,7,Jul,0.5844370510727928,-0.37698924084492363
2023-07-12,30.26,38.57,22.37,0.0,30.071428571428573,29.548333333333332,7,Jul,0.4596530782894185,-0.5869554671812168
2023-07-13,30.57,40.54,20.63,0.0,30.227142857142855,29.514333333333337,7,Jul,0.40758288669151366,-0.47223971641449514
2023-07-14,31.84,42.26,20.9,0.0,30.428571428571427,29.647666666666666,7,Jul,0.7385668232332936,0.1991898229528812
2023-07-15,31.9,40.94,21.82,0.0,30.631428571428568,29.767333333333333,7,Jul,0.926218630983478,0.21580784810669446
2023-07-16,33.25,43.13,22.49,0.0,31.18285714285714,29.829666666666665,7,Jul,1.1785968251231644,1.027835253976306
2023-07-17,33.51,42.13,24.16,0.0,31.678571428571427,29.946,7,Jul,1.3369047407030106,1.191481763542023
2023-07-18,32.07,41.31,23.28,0.0,31.91428571428571,30.062666666666665,7,Jul,1.2182071135190675,0.2782899443418996
2023-07-19,31.27,40.07,22.61,0.0,32.058571428571426,30.213666666666665,7,Jul,1.0357674863183177,-0.24101689798569279
2023-07-20,32.47,40.74,24.3,0.0,32.33,30.384,7,Jul,0.8035960842777485,0.5328290331776276
2023-07-21,31.99,40.23,24.01,0.0,32.35142857142857,30.504666666666665,7,Jul,0.7902410723195896,0.18764276913419356
2023-07-22,32.77,42.84,22.34,0.0,32.47571428571428,30.657666666666668,7,Jul,0.7756901688787173,0.6642212037502654
2023-07-23,33.87,43.25,24.11,0.0,32.56428571428571,30.78933333333333,7,Jul,0.903675036408786,1.2393712488378459
2023-07-24,33.83,43.27,24.21,0.0,32.61,30.899333333333335,7,Jul,0.9654705243212661,1.1540757873006968
2023-07-25,32.68,41.57,23.66,0.0,32.69714285714286,31.010666666666665,7,Jul,0.9356764805157386,0.3916942741097351
2023-07-26,33.61,42.32,24.51,0.0,33.03142857142857,31.179,7,Jul,0.7379346983625622,1.0165874506703243
2023-07-27,34.96,43.54,26.48,0.0,33.387142857142855,31.361666666666668,7,Jul,0.981982930702101,1.9078315554866336
2023-07-28,33.82,43.89,24.1,0.0,33.64857142857143,31.500999999999998,7,Jul,0.7684058947245372,1.1492443203774048
2023-07-29,30.65,39.8,23.41,0.0,33.34571428571429,31.540333333333333,7,Jul,1.3613823506868743,-0.8969471413375079
2023-07-30,29.75,38.93,21.86,0.0,32.75714285714286,31.552666666666667,7,Jul,1.8863343136509476,-1.4058320926007861
2023-07-31,30.41,39.59,21.45,0.0,32.26857142857143,31.588666666666665,7,Jul,2.001527987741906,-0.929601399059489
2023-08-01,30.94,38.97,22.6,0.0,32.019999999999996,31.63133333333333,8,Aug,2.049390153191893,-0.5259064218513906
2023-08-02,31.95,40.27,23.35,0.0,31.782857142857143,31.65,8,Aug,1.9271370327138255,0.15988959966959806
2023-08-03,31.2,39.13,22.69,0.0,31.245714285714286,31.629,8,Aug,1.323440681744057,-0.256379403775534
2023-08-04,31.43,40.7,22.53,0.0,30.904285714285713,31.708000000000002,8,Aug,0.7187919759999134,-0.10713741928972344
2023-08-05,32.48,41.1,23.95,0.0,31.165714285714284,31.808,8,Aug,0.9164943560992856,0.5559945268417951
2023-08-06,35.05,43.53,27.51,0.0,31.92285714285714,31.962,8,Aug,1.533533113279171,2.081986632118155
2023-08-07,33.39,42.69,25.24,0.0,32.348571428571425,32.059,8,Aug,1.4551910363869163,1.1704913184335333
2023-08-08,30.71,38.66,24.33,0.0,32.315714285714286,32.103,8,Aug,1.494365608353073,-0.32289044735966616
2023-08-09,29.58,37.32,22.53,0.0,31.97714285714286,32.087666666666664,8,Aug,1.8233093930699327,-0.9659353605566496
2023-08-10,30.09,38.57,22.71,0.0,31.818571428571428,32.07666666666667,8,Aug,1.9462821701167077,-0.6061097429968532
2023-08-11,29.91,38.15,22.56,0.0,31.601428571428574,32.065000000000005,8,Aug,2.077245199548563,-0.6994717793579939
2023-08-12,29.92,38.63,23.68,0.0,31.235714285714284,32.04333333333333,8,Aug,2.121664889835778,-0.7114502404545221
2023-08-13,30.15,38.6,23.6,0.0,30.535714285714285,31.987000000000002,8,Aug,1.3044009754526877,-0.5350663697950231
2023-08-14,30.05,38.87,22.94,0.0,30.05857142857143,31.925333333333334,8,Aug,0.34256038744676176,-0.6229874999996975
2023-08-15,29.8,38.48,22.63,0.0,29.928571428571427,31.810333333333332,8,Aug,0.19505798893581958,-0.8231288302129319
2023-08-16,29.71,38.45,23.16,0.0,29.947142857142858,31.683666666666667,8,Aug,0.15923926292597654,-0.9097170932977908
2023-08-17,30.47,39.65,22.26,0.0,30.00142857142857,31.630333333333333,8,Aug,0.2531421584426682,-0.31169773266401374
2023-08-18,30.68,38.72,23.04,0.0,30.111428571428572,31.610666666666667,8,Aug,0.3539975786842856,-0.09118872737943368
2023-08-19,30.27,39.2,22.41,0.0,30.161428571428576,31.537333333333333,8,Aug,0.34710366229845474,-0.36952279750846717
2023-08-20,29.8,38.4,21.68,0.0,30.111428571428572,31.464333333333332,8,Aug,0.373248289633505,-0.6586567117982755
2023-08-21,29.99,38.39,23.38,0.0,30.102857142857143,31.371666666666666,8,Aug,0.3755757484944877,-0.39850746697221795
2023-08-22,30.2,39.1,22.19,0.0,30.16,31.249333333333333,8,Aug,0.3514730904825872,-0.1595242877824366
2023-08-23,30.28,39.32,22.06,0.0,30.24142857142857,31.130999999999997,8,Aug,0.2905987251308247,-0.030372848395614414
2023-08-24,30.28,40.87,20.66,0.0,30.214285714285715,31.051,8,Aug,0.2740959164756292,-0.12884209369452973
2023-08-25,31.07,41.12,22.13,0.0,30.27,30.966333333333335,8,Aug,0.39673668849759736,0.4609737085456154
2023-08-26,31.7,41.22,22.47,0.0,30.474285714285713,30.857666666666667,8,Aug,0.6704689190623191,0.938596225787808
2023-08-27,32.22,40.17,24.22,0.0,30.82,30.804333333333332,8,Aug,0.8615296473908065,1.3038853123723586
2023-08-28,30.87,38.45,24.4,0.0,30.945714285714285,30.811666666666664,8,Aug,0.7806377124474715,0.13416532340718235
2023-08-29,29.66,38.16,22.56,0.0,30.868571428571432,30.808666666666667,8,Aug,0.88616079375074,-0.8473989696614181
2023-08-30,30.83,40.37,21.62,0.0,30.947142857142858,30.822666666666667,8,Aug,0.848876007547898,0.13455971101704495
2023-08-31,31.96,41.46,23.32,0.0,31.187142857142856,30.85666666666667,8,Aug,0.8661353682828331,1.0098887805274148
2023-09-01,30.02,38.37,23.97,0.0,31.03714285714286,30.792333333333332,9,Sep,0.9740074312809178,-0.37123755202330305
2023-09-02,29.43,38.74,21.62,0.0,30.712857142857143,30.733333333333334,9,Sep,1.0877762374942495,-0.6748739444472162
2023-09-03,28.91,36.59,22.08,0.0,30.240000000000002,30.649333333333335,9,Sep,1.0418893095398267,-0.9682088768317041
2023-09-04,28.34,35.25,21.9,0.0,29.87857142857143,30.511333333333333,9,Sep,1.2118777244622057,-1.263697421311899
2023-09-05,30.44,38.06,22.88,0.0,29.990000000000002,30.357666666666667,9,Sep,1.2242276476756269,0.10758334763873977
2023-09-06,31.84,40.08,23.98,0.0,30.134285714285717,30.306,9,Sep,1.3882585871378421,0.9691698252247537
2023-09-07,34.25,43.49,25.16,0.0,30.461428571428574,30.424,9,Sep,2.0174359020914747,2.3835716828089546
2023-09-08,32.67,41.29,25.25,0.0,30.84,30.526999999999997,9,Sep,2.1641010450839224,1.4811461235750811
2023-09-09,31.68,39.25,25.42,0.0,31.16142857142857,30.580000000000002,9,Sep,2.0854370331054315,0.9308832551756975
2023-09-10,31.85,39.25,25.18,0.0,31.58142857142857,30.644666666666662,9,Sep,1.837783343881304,1.0633996768531992
2023-09-11,31.78,38.66,26.49,0.0,32.07285714285714,30.706666666666667,9,Sep,1.1623785138773397,1.0880699391840951
2023-09-12,29.85,36.11,26.13,0.0,31.988571428571426,30.696666666666665,9,Sep,1.312242718547465,0.03845647837036973
2023-09-13,28.97,35.84,23.55,0.0,31.578571428571426,30.660666666666664,9,Sep,1.7437930742247527,-0.4570509776597889
2023-09-14,27.86,36.01,20.15,0.0,30.66571428571429,30.596,9,Sep,1.7843286052262304,-1.126204304149955
2023-09-15,28.17,36.44,20.76,0.0,30.02285714285714,30.544666666666664,9,Sep,1.7522149248471814,-0.9291622307323021
2023-09-16,27.62,35.89,19.82,0.0,29.442857142857143,30.449666666666666,9,Sep,1.783925580339775,-1.2472003398943103
2023-09-17,29.01,38.58,20.19,0.0,29.037142857142857,30.394,9,Sep,1.43382605041801,-0.29337597376264296
2023-09-18,28.39,36.71,21.66,0.0,28.552857142857142,30.331333333333337,9,Sep,0.7734061952540567,-0.48961717113913017
2023-09-19,27.76,35.18,20.87,0.0,28.254285714285714,30.263333333333335,9,Sep,0.5643538234968201,-0.7082244394347728
2023-09-20,27.81,35.24,20.75,0.0,28.08857142857143,30.19066666666667,9,Sep,0.4837157764444029,-0.6118605677389031
2023-09-21,28.66,36.73,20.77,0.0,28.20285714285714,30.139333333333333,9,Sep,0.5142539672743324,-0.16912695083664883
2023-09-22,29.22,37.46,21.45,0.0,28.352857142857143,30.104,9,Sep,0.6406692928940597,0.17084408937831516
2023-09-23,28.54,37.38,20.22,0.0,28.484285714285715,30.046000000000003,9,Sep,0.5537405271684473,-0.013543314136367788
2023-09-24,29.43,38.81,20.93,0.0,28.54428571428571,29.991333333333333,9,Sep,0.6367327315513025,0.58200991951994
2023-09-25,29.03,38.0,20.52,0.0,28.635714285714283,29.90233333333333,9,Sep,0.6565276623484904,0.4810939644784579
2023-09-26,28.71,37.29,20.47,0.0,28.771428571428572,29.785333333333334,9,Sep,0.5316461408190668,0.4420224439325172
2023-09-27,29.32,38.7,20.62,0.0,28.987142857142857,29.733666666666668,9,Sep,0.3527848393246325,0.9638141455839296
2023-09-28,29.91,39.92,21.15,0.01,29.16571428571429,29.742,9,Sep,0.4597411279862279,1.3945480777965173
2023-09-29,29.91,38.61,22.69,0.02,29.264285714285716,29.711333333333336,9,Sep,0.5402424499815228,1.4453329384190865
2023-09-30,29.27,36.73,22.72,0.0,29.368571428571425,29.621666666666666,9,Sep,0.43788996225963056,1.0849140354544993
2023-10-01,26.59,30.7,23.38,0.0,28.962857142857143,29.507333333333335,10,Oct,1.133941713459724,-0.30179477805950267
2023-10-02,24.37,27.81,21.37,0.01,28.29714285714286,29.338666666666665,10,Oct,2.069723929140643,-1.3161295499191152
2023-10-03,25.42,32.14,19.17,0.0,27.82714285714286,29.22233333333333,10,Oct,2.3188985480591353,-0.6886438297234488
2023-10-04,25.64,30.85,20.85,0.15,27.301428571428573,29.13233333333333,10,Oct,2.341085421846307,-0.49231876446997497
2023-10-05,27.29,34.64,20.92,0.0,26.927142857142854,29.027333333333335,10,Oct,2.0452767888130774,0.33325107509748914
2023-10-06,26.61,33.47,20.78,0.0,26.455714285714286,28.853,10,Oct,1.567714441927808,0.06849966266528264
2023-10-07,25.66,32.05,19.41,0.0,25.94,28.566666666666666,10,Oct,0.9658847412263232,-0.29246188555828206
2023-10-08,26.13,32.72,20.03,0.0,25.874285714285715,28.348666666666666,10,Oct,0.9292444447483956,-0.0027883210145663658
2023-10-09,26.46,33.31,20.67,0.0,26.172857142857143,28.174666666666667,10,Oct,0.6629659188256137,0.21122643747621783
2023-10-10,24.93,31.52,19.36,0.0,26.102857142857147,27.944000000000003,10,Oct,0.7725221525567831,-0.46130743340250113
2023-10-11,24.74,31.98,18.46,0.0,25.974285714285713,27.709333333333333,10,Oct,0.9226927466726991,-0.5222355856848796
2023-10-12,24.91,32.01,18.37,0.0,25.634285714285713,27.544666666666668,10,Oct,0.7853419030985475,-0.4182147544116581
2023-10-13,25.34,31.9,19.32,0.03,25.45285714285714,27.42366666666667,10,Oct,0.6588807248086516,-0.13385199856213387
2023-10-14,24.24,30.62,18.36,0.01,25.25,27.303,10,Oct,0.7900210967650937,-0.7784339528658268
2023-10-15,24.0,30.23,19.76,0.0,24.945714285714285,27.164,10,Oct,0.8046501753945803,-1.0022985315775037
2023-10-16,23.44,30.3,17.18,0.0,24.514285714285712,27.02466666666667,10,Oct,0.6526831069484728,-1.65306528109029
2023-10-17,23.66,30.05,17.98,0.0,24.332857142857144,26.846333333333337,10,Oct,0.6931261137228236,-1.3798960196006147
2023-10-18,23.65,30.86,17.47,0.0,24.177142857142858,26.688333333333333,10,Oct,0.7086775074210577,-1.3382757363657147
2023-10-19,24.12,31.74,17.92,0.0,24.064285714285717,26.567,10,Oct,0.6311855813435263,-0.7449016990675933
2023-10-20,24.61,32.47,18.02,0.0,23.96,26.460333333333335,10,Oct,0.4050925820114951,-0.204976840021898
2023-10-21,23.89,31.18,17.92,0.0,23.91,26.301333333333336,10,Oct,0.3859188170251344,-0.7502636116069441
2023-10-22,24.26,32.05,17.83,0.0,23.947142857142858,26.136000000000003,10,Oct,0.4079098873418219,-0.29536979643249545
2023-10-23,24.86,32.75,19.34,0.0,24.150000000000002,26.013333333333332,10,Oct,0.46303347611238505,0.3361589253090349
2023-10-24,24.91,33.19,19.1,0.0,24.32857142857143,25.862666666666666,10,Oct,0.48316417401160644,0.48391447564175455
2023-10-25,25.61,34.59,18.25,0.0,24.608571428571427,25.74866666666667,10,Oct,0.5821634527475547,1.1873515880589554
2023-10-26,26.93,35.81,20.2,0.0,25.009999999999998,25.68933333333333,10,Oct,1.004639238732306,2.2318266442360444
2023-10-27,25.8,33.16,20.3,0.0,25.18,25.572000000000003,10,Oct,1.0261253984450165,1.3478481213617814
2023-10-28,25.63,33.51,19.19,8.9,25.428571428571427,25.429333333333332,10,Oct,0.8586312474212693,1.2528674109049536
2023-10-29,25.28,32.06,20.46,11.9,25.574285714285715,25.275,10,Oct,0.6989720343207425,1.0777517011400948
2023-10-30,25.02,31.74,20.34,20.43,25.59714285714286,25.133333333333333,10,Oct,0.6738870895961575,0.9175688236651374
2023-10-31,24.02,30.03,19.73,11.63,25.47,25.047666666666665,10,Oct,0.8781419778907709,0.26308163478652896
2023-11-01,23.71,30.04,18.69,2.21,25.19857142857143,25.025666666666666,11,Nov,1.0946145222778463,0.1114306895965391
2023-11-02,22.83,29.56,18.34,2.1,24.61285714285714,24.939333333333334,11,Nov,1.1105511287304457,-0.3384983003086259
2023-11-03,22.86,31.5,17.44,0.0,24.192857142857147,24.84666666666667,11,Nov,1.1422450741957708,-0.2623086032937946
2023-11-04,23.23,31.87,16.54,0.0,23.849999999999998,24.711333333333332,11,Nov,0.9888714105824824,0.016991822039967817
2023-11-05,22.74,31.66,16.38,0.0,23.487142857142857,24.58233333333333,11,Nov,0.829934019179374,-0.12222990417186627
2023-11-06,22.6,31.79,15.68,0.0,23.141428571428573,24.48033333333333,11,Nov,0.5375074750318085,-0.06811317452036837
2023-11-07,21.92,30.28,15.64,0.0,22.84142857142857,24.339999999999996,11,Nov,0.551284215006285,-0.2482869692499406
2023-11-08,21.69,29.01,16.19,0.0,22.552857142857142,24.180999999999997,11,Nov,0.5495366013208853,-0.21259000459182537
2023-11-09,21.63,28.99,16.31,0.0,22.381428571428575,24.071,11,Nov,0.6299584264445289,-0.13937948350783097
2023-11-10,21.35,28.11,16.83,0.0,22.165714285714284,23.958000000000002,11,Nov,0.6940426774313695,-0.14093032939037994
2023-11-11,21.5,26.28,17.66,0.1,21.91857142857143,23.844333333333335,11,Nov,0.5436122567742311,0.01899053737546652
2023-11-12,23.0,29.04,18.57,0.33,21.955714285714286,23.766333333333332,11,Nov,0.6134834184904991,0.6922303111155791
2023-11-13,23.15,30.29,17.88,0.07,22.034285714285716,23.73,11,Nov,0.733277054118097,0.8581645969267311
2023-11-14,20.88,26.27,16.78,0.05,21.88571428571429,23.625999999999998,11,Nov,0.8554697957435207,0.15005118967265507
2023-11-15,20.63,26.15,15.55,0.04,21.73428571428571,23.532333333333334,11,Nov,0.9805586357256464,0.17102646830581056
2023-11-16,20.03,26.18,15.15,0.02,21.505714285714284,23.41133333333333,11,Nov,1.1759373161140405,0.04084014892157624
2023-11-17,21.04,27.13,16.52,0.05,21.46142857142857,23.324333333333335,11,Nov,1.1885485345784346,0.48984527957925744
2023-11-18,20.35,26.76,16.51,0.0,21.297142857142855,23.198666666666664,11,Nov,1.2596787194326238,0.30030192220149093
2023-11-19,18.29,22.84,14.77,0.32,20.624285714285715,22.988,11,Nov,1.4430737696884743,-0.44533197366922367
2023-11-20,16.95,21.89,13.76,0.04,19.73857142857143,22.756666666666664,11,Nov,1.5343014542071023,-0.9451548366042888
2023-11-21,17.55,23.63,13.67,0.0,19.262857142857143,22.533,11,Nov,1.6343879005685662,-0.6527601124375133
2023-11-22,16.53,24.31,12.61,0.17,18.677142857142858,22.255333333333333,11,Nov,1.7900345833321138,-1.00765369413385
2023-11-23,17.61,24.64,11.73,0.0,18.33142857142857,22.012,11,Nov,1.7174247054962306,-0.4541668563586452
2023-11-24,17.48,24.91,11.75,0.0,17.822857142857142,21.741,11,Nov,1.2433384399236267,-0.4054668911629681
2023-11-25,18.18,25.51,13.52,0.0,17.512857142857143,21.449333333333335,11,Nov,0.6249990476193364,-0.012083092093450615
2023-11-26,16.29,23.01,11.05,0.0,17.22714285714286,21.132333333333335,11,Nov,0.6663010902425687,-0.7347138416454911
2023-11-27,15.67,21.3,11.22,0.0,17.044285714285714,20.800333333333334,11,Nov,0.8923350854713786,-0.9441360741296311
2023-11-28,15.09,20.64,10.05,0.0,16.692857142857143,20.46066666666667,11,Nov,1.1162842273327223,-1.12770225548645
2023-11-29,15.83,23.71,9.75,0.0,16.592857142857145,20.154333333333334,11,Nov,1.163653933174215,-0.760037979841876
2023-11-30,16.93,24.69,10.95,0.01,16.495714285714286,19.918000000000003,11,Nov,1.0906856733709263,-0.1322801781187781
2023-12-01,18.25,26.88,12.17,0.02,16.605714285714285,19.736,12,Dec,1.2356895125515612,0.692295572817505
2023-12-02,17.62,24.61,13.63,0.0,16.525714285714287,19.562333333333335,12,Dec,1.130425541450323,0.3969954714624291
2023-12-03,18.77,26.99,13.61,0.0,16.88,19.426,12,Dec,1.400583211856638,1.3722937585679944
2023-12-04,18.48,25.71,14.07,0.0,17.28142857142857,19.26766666666667,12,Dec,1.398671138038618,1.3658344358630505
2023-12-05,17.75,23.84,13.8,0.0,17.66142857142857,19.101333333333336,12,Dec,1.0119359098853768,0.8621955172157981
2023-12-06,16.18,22.69,11.67,0.0,17.71142857142857,18.887333333333334,12,Dec,0.9098613185804055,-0.33452897236183254
2023-12-07,15.54,21.4,10.95,0.0,17.512857142857143,18.674666666666667,12,Dec,1.2107534057458111,-0.6847960891527834
2023-12-08,14.77,20.27,11.69,0.0,17.015714285714285,18.444000000000003,12,Dec,1.5299984438216092,-1.0848235068008745
2023-12-09,14.58,21.24,9.01,0.0,16.58142857142857,18.209,12,Dec,1.7460758724586658,-1.1427363657991931
2023-12-10,15.84,23.33,9.33,0.0,16.162857142857142,18.025333333333332,12,Dec,1.4620842917533334,-0.27606143499320557
2023-12-11,15.92,23.52,10.35,0.0,15.797142857142857,17.839333333333332,12,Dec,1.0471980755927723,-0.18216755607513396
2023-12-12,14.16,21.6,8.09,0.74,15.284285714285714,17.544666666666668,12,Dec,0.7751528267144078,-1.3969787854240823
2023-12-13,15.65,20.19,12.62,14.47,15.20857142857143,17.294666666666668,12,Dec,0.6948004167018442,-0.36488553937630414
2023-12-14,17.1,22.42,12.57,1.6,15.431428571428572,17.16866666666667,12,Dec,1.0013728671424256,0.6268783194642962
2023-12-15,17.97,25.29,12.11,0.0,15.888571428571428,17.08,12,Dec,1.3266804258683937,1.2286033895303055
2023-12-16,17.22,24.84,11.53,0.0,16.26571428571429,16.98633333333333,12,Dec,1.2665682919197854,0.7210489585612784
2023-12-17,16.89,23.97,11.68,0.0,16.415714285714284,16.848,12,Dec,1.2699193825186672,0.5753179989067108
2023-12-18,17.93,23.43,13.74,0.0,16.702857142857145,16.767333333333333,12,Dec,1.3629834223222037,1.4190982041733349
2023-12-19,16.04,22.3,11.54,0.0,16.97142857142857,16.692333333333334,12,Dec,0.8769916109721954,0.10484141334718676
2023-12-20,14.51,19.38,10.46,0.0,16.80857142857143,16.611,12,Dec,1.207027044318236,-1.0728736705999804
2023-12-21,13.73,19.58,10.34,0.0,16.327142857142857,16.483666666666668,12,Dec,1.6589023909978855,-1.6721538469783497
2023-12-22,13.45,20.0,8.04,0.0,15.68142857142857,16.381,12,Dec,1.7875535290024231,-1.7851865348236093
2023-12-23,14.79,20.73,9.69,0.02,15.334285714285715,16.287,12,Dec,1.6711259392287956,-0.6562009420793725
2023-12-24,16.3,21.74,12.25,0.17,15.25,16.247666666666664,12,Dec,1.592618389111076,0.6134082883471481
2023-12-25,16.17,22.16,12.25,0.12,14.998571428571429,16.180666666666667,12,Dec,1.1860358141229945,0.5151373653594821
2023-12-26,15.73,22.09,10.62,0.02,14.954285714285716,16.162,12,Dec,1.1457727689628008,0.2433197193641361
2023-12-27,15.97,21.62,11.83,1.04,15.162857142857144,16.172,12,Dec,1.1836766772188714,0.45557312667240896
2023-12-28,16.3,21.23,12.97,5.97,15.530000000000001,16.212333333333333,12,Dec,1.0569610525786062,0.6653002591099371
2023-12-29,16.42,21.91,12.7,0.79,15.954285714285716,16.232000000000003,12,Dec,0.5639993245533359,0.7679150324595538
2023-12-30,16.1,22.57,10.42,0.5,16.141428571428573,16.204333333333334,12,Dec,0.23419568537654054,0.665710398168291
2023-12-31,15.29,20.71,11.36,0.61,15.997142857142856,16.105666666666668,12,Dec,0.3836541100937844,0.3250271712491061
2024-01-01,14.91,20.61,9.47,0.01,15.817142857142859,16.015333333333334,1,Jan,0.548990415391621,0.21095745873592017
2024-01-02,15.59,21.62,10.28,0.0,15.797142857142859,15.909333333333333,1,Jan,0.5552090983211032,0.6865281413010382
2024-01-03,14.39,20.92,10.22,0.0,15.571428571428571,15.773,1,Jan,0.757527305810835,0.09416457657719644
2024-01-04,14.18,21.03,9.94,0.0,15.268571428571429,15.654,1,Jan,0.837285864594071,-0.004972557866072358
2024-01-05,13.86,21.08,8.51,0.0,14.902857142857144,15.576666666666666,1,Jan,0.8091500537757222,-0.22188634078287656
2024-01-06,15.4,22.51,10.75,0.01,14.802857142857144,15.572,1,Jan,0.6673758133105565,0.6509887238434986
2024-01-07,14.6,22.89,9.36,0.0,14.704285714285716,15.566333333333334,1,Jan,0.6335312973826643,0.11265410691083284
2024-01-08,13.45,21.88,7.03,0.0,14.495714285714286,15.528666666666668,1,Jan,0.7783070761360039,-0.5525759677387942
2024-01-09,10.95,19.41,4.86,0.0,13.83285714285714,15.365666666666666,1,Jan,1.4102921007810127,-2.031540112797513
2024-01-10,11.74,19.63,4.36,0.01,13.454285714285716,15.226333333333333,1,Jan,1.5811373242374538,-1.4873549083794115
2024-01-11,13.03,17.77,8.8,0.29,13.290000000000001,15.188666666666668,1,Jan,1.5526536424247621,-0.6240142889170213
2024-01-12,12.28,18.4,8.16,0.02,13.064285714285715,15.076333333333334,1,Jan,1.5707201866543472,-1.0305872431277054
2024-01-13,12.1,19.96,6.87,0.02,12.592857142857142,14.909666666666668,1,Jan,1.2056494001956244,-1.1121925192302593
2024-01-14,12.28,18.64,7.95,0.25,12.26142857142857,14.719999999999999,1,Jan,0.8187272352352154,-0.9385629297906646
2024-01-15,11.71,18.77,6.53,0.01,12.012857142857142,14.536333333333335,1,Jan,0.6430063318963302,-1.196995091551871
2024-01-16,11.99,18.43,5.54,0.0,12.161428571428571,14.373,1,Jan,0.44667022031461434,-0.8176186299481673
2024-01-17,13.8,21.06,8.79,0.0,12.455714285714285,14.235333333333333,1,Jan,0.7185832622344516,0.3340258656800826
2024-01-18,14.62,21.96,9.6,0.0,12.682857142857143,14.187999999999999,1,Jan,1.087147863076621,0.8417964325719121
2024-01-19,15.49,22.6,9.36,0.0,13.141428571428571,14.220666666666666,1,Jan,1.490921734716205,1.326758909288295
2024-01-20,16.45,24.06,10.88,0.0,13.762857142857143,14.311333333333332,1,Jan,1.848239831891953,1.8239764681206247
2024-01-21,16.35,25.25,11.61,0.0,14.344285714285714,14.408,1,Jan,1.9418192255623044,1.8043409437959088
2024-01-22,14.28,22.37,7.87,0.05,14.711428571428572,14.390999999999998,1,Jan,1.567646097088162,0.9114168908895374
2024-01-23,14.53,19.56,10.45,0.08,15.074285714285713,14.332,1,Jan,1.036835845941879,1.089537609772898
2024-01-24,12.49,16.87,9.33,0.2,14.887142857142857,14.209333333333335,1,Jan,1.3698991968481697,0.07166453459325817
2024-01-25,11.91,16.22,8.23,0.52,14.5,14.081999999999999,1,Jan,1.779634793996081,-0.25478447437100665
2024-01-26,13.11,18.54,8.11,0.76,14.16,13.986666666666668,1,Jan,1.7863090438111466,0.3206472643542345
2024-01-27,13.18,18.44,9.76,0.4,13.692857142857141,13.882666666666667,1,Jan,1.4907572380701908,0.34560099972077896
2024-01-28,12.19,16.75,9.02,0.46,13.098571428571429,13.741666666666667,1,Jan,1.0049946694962315,-0.17566580008138208
2024-01-29,11.17,17.25,6.58,0.71,12.654285714285715,13.577333333333334,1,Jan,1.0802755380442612,-0.7078932036097447
2024-01-30,9.4,15.3,4.39,0.03,11.921428571428573,13.381,1,Jan,1.3111372744234588,-1.5886479957451416
2024-01-31,8.49,15.78,3.32,42.54,11.35,13.167,1,Jan,1.8018601499566103,-2.051062757305556
2024-02-01,8.91,15.62,4.44,1.96,10.921428571428569,12.944333333333333,2,Feb,1.9930916400697611,-1.8534591257690394
2024-02-02,10.76,14.33,8.11,31.46,10.585714285714285,12.823333333333334,2,Feb,1.745554898811152,-0.9378397109443956
2024-02-03,9.73,17.36,3.61,0.0,10.092857142857143,12.675,2,Feb,1.3281153851199121,-1.4239562232242915
2024-02-04,10.23,16.93,4.58,0.25,9.812857142857142,12.554,2,Feb,0.9708538215709395,-1.1821170130580536
2024-02-05,11.23,17.51,5.62,0.02,9.821428571428571,12.415000000000001,2,Feb,0.9849945612621624,-0.6564446948843822
2024-02-06,12.53,20.27,6.73,0.02,10.268571428571429,12.346,2,Feb,1.3892735340395277,0.13403781535993356
2024-02-07,13.46,21.31,8.75,0.06,10.97857142857143,12.346333333333332,2,Feb,1.5850176504956133,0.7175265599624174
2024-02-08,13.08,21.62,6.51,0.01,11.574285714285717,12.417333333333335,2,Feb,1.4563980355990875,0.5219253538855284
2024-02-09,13.34,20.58,8.93,0.0,11.942857142857141,12.470666666666666,2,Feb,1.5400401973732465,0.6657925089667499
2024-02-10,13.56,20.81,7.78,0.0,12.489999999999998,12.488333333333333,2,Feb,1.2814835153062183,0.6903032906110754
2024-02-11,13.97,22.16,7.83,0.03,13.024285714285712,12.544666666666668,2,Feb,0.907172477957446,0.8692581570310668
2024-02-12,14.13,20.69,9.46,0.0,13.43857142857143,12.612333333333334,2,Feb,0.5384368911170622,0.8540178040220661
2024-02-13,14.8,21.48,10.02,0.01,13.762857142857143,12.696333333333335,2,Feb,0.5818566342825718,1.1524599553791146
2024-02-14,12.68,18.88,7.01,0.04,13.651428571428571,12.728666666666665,2,Feb,0.7100804783373451,-0.0366990394064063
2024-02-15,12.21,17.32,8.45,1.06,13.527142857142858,12.736,2,Feb,0.8820754745817719,-0.40241081170084025
2024-02-16,12.35,18.7,8.34,0.27,13.385714285714284,12.687666666666667,2,Feb,0.9898629053712925,-0.4716740616670295
2024-02-17,12.33,19.03,6.61,0.08,13.210000000000003,12.611333333333334,2,Feb,1.060424443325189,-0.617079270549128
2024-02-18,13.42,19.27,8.71,0.03,13.13142857142857,12.542333333333334,2,Feb,1.0140911952987732,-0.18075387160502107
2024-02-19,12.78,19.89,7.45,0.03,12.938571428571427,12.42,2,Feb,0.9161773585843013,-0.6073529218381183
2024-02-20,12.98,19.97,7.22,0.0,12.678571428571429,12.307666666666668,2,Feb,0.4281521758859311,-0.6386453026692229
2024-02-21,13.63,20.66,8.71,0.01,12.814285714285713,12.286000000000001,2,Feb,0.5591915933710025,-0.39135921491661085
2024-02-22,13.38,21.67,6.61,0.02,12.981428571428571,12.247666666666667,2,Feb,0.5220928580075614,-0.5812381652580828
2024-02-23,13.22,18.53,9.48,0.1,13.105714285714287,12.271999999999998,2,Feb,0.44451685918171957,-0.6997126074744385
2024-02-24,15.37,23.48,9.92,0.16,13.540000000000001,12.387333333333334,2,Feb,0.8554336132442885,0.4488750140688234
2024-02-25,14.86,23.13,8.14,0.04,13.745714285714287,12.445666666666666,2,Feb,0.9850864114872034,0.13716837430476847
2024-02-26,15.96,25.0,9.08,0.0,14.200000000000001,12.538333333333332,2,Feb,1.1795620656278045,0.7298902273705968
2024-02-27,14.49,21.3,8.33,0.0,14.415714285714285,12.615,2,Feb,1.050251670519987,-0.1504580978962143
2024-02-28,15.25,23.62,8.39,0.0,14.647142857142857,12.751,2,Feb,1.0264780284344028,0.2082969515539698
2024-02-29,17.37,27.83,8.82,0.0,15.217142857142857,13.016666666666667,2,Feb,1.2816618675994615,1.31120091613835
2024-03-01,20.73,29.12,13.14,0.0,16.29,13.424666666666667,3,Mar,2.168017527604729,3.118941892988767
2024-03-02,16.1,24.27,9.91,0.0,16.39428571428571,13.664333333333333,3,Mar,2.1336733360013707,0.5580328581886976
2024-03-03,14.82,22.32,8.9,0.0,16.388571428571428,13.799666666666667,3,Mar,2.1385152838006403,-0.263685068776093
2024-03-04,14.9,22.86,8.38,0.0,16.23714285714286,13.972000000000001,3,Mar,2.2102467003010777,-0.2763951649560588
2024-03-05,17.41,26.7,9.06,0.0,16.654285714285717,14.211333333333334,3,Mar,2.0982600501597823,1.2514374207518792
2024-03-06,15.62,23.2,9.78,0.0,16.70714285714286,14.357666666666665,3,Mar,2.0613241236783777,0.05256694641535808
2024-03-07,15.14,22.26,9.29,0.0,16.38857142857143,14.444666666666668,3,Mar,2.1134681495231797,-0.35994922184478423
2024-03-08,15.03,22.75,8.53,0.0,15.574285714285717,14.497000000000002,3,Mar,0.9270716826455677,-0.45312278582052107
2024-03-09,14.94,22.51,8.91,0.0,15.408571428571431,14.559,3,Mar,0.9210940699601091,-0.5659736331665128
2024-03-10,14.99,23.19,8.87,0.0,15.432857142857143,14.614,3,Mar,0.9050914186930882,-0.5118873300764923
2024-03-11,14.9,24.29,7.21,0.0,15.432857142857143,14.658666666666667,3,Mar,0.9050914186930882,-0.5416334940091851
2024-03-12,17.2,28.72,7.73,0.0,15.402857142857142,14.766333333333334,3,Mar,0.8289092086542826,0.8871303466595968
2024-03-13,16.93,26.19,9.32,0.0,15.59,14.859666666666666,3,Mar,1.0134429765250952,0.43972515029213494
2024-03-14,15.97,24.0,10.38,0.0,15.708571428571428,14.898666666666665,3,Mar,1.0004903559666738,-0.1388714352186707
2024-03-15,15.47,23.32,8.2,0.0,15.771428571428572,14.991666666666669,3,Mar,0.9639057452446529,-0.42123830631801745
2024-03-16,15.85,22.35,10.06,0.0,15.901428571428571,15.113,3,Mar,0.8917478823723882,-0.28722388730111653
2024-03-17,17.25,25.94,10.16,0.0,16.224285714285713,15.276333333333334,3,Mar,0.9155664392949491,0.24341461268534414
2024-03-18,14.67,20.36,10.46,1.25,16.19142857142857,15.354333333333333,3,Mar,0.9733178407123486,-0.7623488172190993
2024-03-19,14.74,21.8,9.25,0.07,15.84,15.398333333333335,3,Mar,0.9923876930588624,-0.7849110191974342
2024-03-20,16.98,24.84,9.03,0.0,15.847142857142858,15.538333333333332,3,Mar,1.0016771649880516,-0.12908367341954632
2024-03-21,17.32,26.33,10.53,0.05,16.04,15.683,3,Mar,1.1484772527139326,-0.07341707109239756
2024-03-22,14.22,22.37,7.02,0.0,15.861428571428572,15.702666666666666,3,Mar,1.334059326160438,-1.0525507435742838
2024-03-23,14.78,22.19,7.67,0.0,15.708571428571428,15.749333333333334,3,Mar,1.395473976485763,-0.9296030085275747
2024-03-24,12.81,16.03,8.35,4.02,15.074285714285717,15.735666666666667,3,Mar,1.575519566607576,-1.580954485327296
2024-03-25,14.32,22.21,6.74,0.0,15.024285714285714,15.700666666666669,3,Mar,1.5959099509151495,-1.1696979572687871
2024-03-26,18.49,26.99,9.29,0.0,15.559999999999999,15.821666666666665,3,Mar,2.04951213707101,0.09954624493370416
2024-03-27,22.76,31.21,13.38,0.0,16.385714285714286,16.048333333333336,3,Mar,3.421840913616025,1.4383993697965471
2024-03-28,21.3,28.65,14.86,0.02,16.954285714285714,16.275333333333332,3,Mar,3.9001788725770643,0.9261907878061779
2024-03-29,20.15,27.2,14.39,0.53,17.80142857142857,16.438666666666666,3,Mar,3.8509973970884657,0.5152984674740164
2024-03-30,20.48,30.09,12.4,0.38,18.615714285714287,16.542333333333332,3,Mar,3.7055222625287714,0.5670328870059984
2024-03-31,23.09,32.58,14.56,0.05,20.084285714285716,16.621,3,Mar,2.988906473070521,1.3520371271751503
2024-04-01,23.84,32.73,16.78,0.0,21.444285714285716,16.879,4,Apr,1.8944027831384542,1.5339816918692404
2024-04-02,22.82,32.67,14.64,0.0,22.062857142857144,17.145666666666667,4,Apr,1.4153293407747523,1.1378273256759373
2024-04-03,22.2,32.45,12.69,0.0,21.982857142857142,17.389,4,Apr,1.3848551583196596,0.7846494956680607
2024-04-04,22.63,32.92,13.36,0.0,22.17285714285714,17.563,4,Apr,1.3666713124197842,0.8420800801288666
2024-04-05,20.62,30.44,12.7,0.0,22.240000000000002,17.729666666666667,4,Apr,1.2579480646410106,0.16109247493955395
2024-04-06,18.76,27.86,11.12,0.0,21.994285714285716,17.85033333333333,4,Apr,1.7361245840749242,-0.49128198118001437
2024-04-07,18.49,26.66,11.33,0.06,21.337142857142855,17.965666666666664,4,Apr,2.087316573064879,-0.701242824684859
2024-04-08,18.24,24.9,12.08,0.3,20.537142857142857,18.075666666666667,4,Apr,2.040806329907717,-0.9372613851421432
2024-04-09,17.99,24.71,11.4,0.08,19.84714285714286,18.175666666666665,4,Apr,1.955042320818525,-1.2842610924668203
2024-04-10,18.76,26.14,11.66,0.0,19.35571428571429,18.304333333333332,4,Apr,1.6777252172995938,-1.110841995640758
2024-04-11,20.5,28.57,13.29,0.0,19.05142857142857,18.41433333333333,4,Apr,1.0668400156765394,-0.5754744221854361
2024-04-12,20.64,29.07,12.61,0.01,19.054285714285715,18.538,4,Apr,1.0717564577659444,-0.5323420876009267
2024-04-13,21.1,30.06,12.88,0.19,19.388571428571428,18.709,4,Apr,1.3043571669786926,-0.38606483567109845
2024-04-14,21.31,30.02,14.51,0.36,19.791428571428572,18.903666666666666,4,Apr,1.4116471297915187,-0.34459819420582133
2024-04-15,21.88,30.58,14.87,0.22,20.31142857142857,19.104666666666667,4,Apr,1.4153259762501964,-0.16172593041545003
2024-04-16,22.26,31.49,13.06,0.0,20.92142857142857,19.271666666666665,4,Apr,1.141788488460903,-0.013727792021640303
2024-04-17,26.22,36.71,16.26,0.0,21.987142857142857,19.65666666666667,4,Apr,1.9695576007971696,1.3942759545069527
2024-04-18,23.59,30.68,16.85,0.0,22.428571428571427,19.951666666666664,4,Apr,1.9265031237231347,0.4535424204965404
2024-04-19,21.82,29.9,14.68,0.0,22.59714285714286,20.113,4,Apr,1.7907606790200918,-0.19869162731093332
2024-04-20,23.13,33.74,13.64,0.0,22.887142857142855,20.30666666666667,4,Apr,1.6680698854837592,0.25371279289412935
2024-04-21,21.49,30.31,13.97,0.0,22.912857142857142,20.549,4,Apr,1.6408708489268127,-0.3347006364491961
2024-04-22,23.21,33.46,13.91,0.0,23.102857142857143,20.83,4,Apr,1.5771040367895128,0.2526822258221678
2024-04-23,27.56,37.98,18.2,0.0,23.859999999999996,21.321666666666665,4,Apr,2.238541191639593,1.8566198474258115
2024-04-24,30.84,41.63,21.85,0.0,24.52,21.872333333333337,4,Apr,3.419746579304837,3.187031285038293
2024-04-25,26.74,33.86,20.02,0.0,24.97,22.147333333333336,4,Apr,3.4836283766594685,1.4958918618308192
2024-04-26,23.36,31.39,17.22,0.0,25.189999999999998,22.167333333333332,4,Apr,3.2950670200569605,0.006618040379401266
2024-04-27,22.46,31.31,15.05,0.0,25.094285714285714,22.206,4,Apr,3.3736718727170705,-0.41092497767307595
2024-04-28,22.62,32.39,14.42,0.0,25.255714285714284,22.288333333333334,4,Apr,3.194755374791986,-0.38544585898181577
2024-04-29,21.91,31.36,13.84,0.0,25.069999999999997,22.336,4,Apr,3.366655115491794,-0.6875732451874746
2024-04-30,21.97,31.2,14.69,0.0,24.271428571428572,22.29866666666667,4,Apr,3.340461188575829,-0.6787682067607753
2024-05-01,23.74,32.39,16.85,0.0,23.25714285714286,22.295333333333335,5,May,1.6776443235057534,0.051645748089705026
2024-05-02,23.3,32.19,15.19,0.0,22.76571428571429,22.31133333333333,5,May,0.7150724239049006,-0.1715854255167059
2024-05-03,24.42,33.11,17.13,0.0,22.917142857142856,22.385333333333335,5,May,0.9390547425600126,0.27136327494747003
2024-05-04,23.28,32.12,15.11,0.0,23.034285714285716,22.407,5,May,0.9235413209105483,-0.26264916516029513
2024-05-05,21.57,28.6,16.2,0.0,22.884285714285713,22.43866666666667,5,May,1.0749086339913814,-0.9097615230389192
2024-05-06,20.95,28.39,14.04,0.0,22.747142857142858,22.511666666666667,5,May,1.2644592294169885,-1.0925995420652992
2024-05-07,21.14,29.5,12.75,0.0,22.62857142857143,22.6,5,May,1.3828524694925437,-1.0870691889291961
2024-05-08,22.35,31.3,13.37,0.0,22.43,22.737000000000002,5,May,1.293573860795753,-0.7804577501490408
2024-05-09,26.75,36.78,14.72,0.0,22.92285714285714,23.029,5,May,2.0914565441794672,0.37753276888448695
2024-05-10,28.19,37.29,21.67,0.0,23.461428571428574,23.343333333333337,5,May,2.87854377866915,0.8345470303346174
2024-05-11,24.41,31.78,18.19,0.0,23.622857142857146,23.473666666666666,5,May,2.8982909578217027,-0.1912203538881452
2024-05-12,22.91,30.22,16.43,0.0,23.814285714285717,23.549333333333333,5,May,2.7820247850733555,-0.6462087991139351
2024-05-13,21.43,29.23,14.91,0.0,23.882857142857144,23.560333333333336,5,May,2.7044944955002244,-1.1016283038512036
2024-05-14,22.06,30.68,13.67,0.0,24.014285714285712,23.58533333333333,5,May,2.5678905554486597,-0.9682519271027855
2024-05-15,22.86,31.68,13.92,0.0,24.087142857142858,23.618,5,May,2.5195814089231154,-0.7900531194967902
2024-05-16,24.86,34.39,15.22,0.0,23.81714285714286,23.704666666666665,5,May,2.276178920074392,-0.26471159112130443
2024-05-17,27.85,37.53,18.05,0.0,23.768571428571427,23.759000000000004,5,May,2.168389791000419,0.5513205265986668
2024-05-18,31.17,40.82,22.36,0.0,24.73428571428571,24.011666666666667,5,May,3.5602661751750646,1.407297671555988
2024-05-19,30.74,39.27,22.94,0.0,25.852857142857143,24.309,5,May,4.083200192192899,1.2189832744769606
2024-05-20,32.68,42.58,23.48,0.0,27.460000000000004,24.627333333333333,5,May,4.262295938419432,1.7133907633416503
2024-05-21,30.81,39.82,22.32,0.0,28.71,24.938,5,May,3.6544037361335207,1.135606981171624
2024-05-22,31.13,40.47,21.37,0.0,29.891428571428573,25.202,5,May,2.645483122679254,1.1588312785713901
2024-05-23,31.1,40.54,22.51,0.0,30.782857142857146,25.32,5,May,1.447661496871256,1.0491953222257542
2024-05-24,25.73,34.19,18.24,0.0,30.479999999999997,25.14966666666667,5,May,2.193247212088297,-0.6423185047367368
2024-05-25,25.38,34.31,16.48,1.16,29.65285714285714,25.104333333333333,5,May,2.8753765798918125,-0.7776854922401712
2024-05-26,28.81,37.72,18.67,0.0,29.377142857142854,25.286,5,May,2.8461419166168973,0.20317775325097365
2024-05-27,28.22,34.74,20.67,0.0,28.74,25.478,5,May,2.455999457111771,-0.018917454177988118
2024-05-28,25.66,33.62,18.26,0.0,28.004285714285714,25.579333333333334,5,May,2.5034699728101355,-0.8746103906282653
2024-05-29,24.96,32.39,17.31,0.0,27.12285714285714,25.681,5,May,2.2972208882743503,-1.2867417585634169
2024-05-30,25.16,32.5,17.43,0.0,26.274285714285714,25.787333333333333,5,May,1.5630083934821097,-1.4371734576351762
2024-05-31,27.75,36.45,18.1,0.0,26.562857142857144,25.921,5,May,1.6307739909392904,-0.6765012476266926
2024-06-01,30.5,39.07,21.56,0.0,27.294285714285714,26.161,6,Jun,2.0941812810966,0.2123136300687516
2024-06-02,29.89,39.09,21.67,0.0,27.44857142857143,26.34333333333333,6,Jun,2.2578487443540354,-0.060256086523618566
2024-06-03,28.92,39.19,18.36,0.0,27.548571428571428,26.531333333333336,6,Jun,2.312548583788259,-0.40065150954659146
2024-06-04,30.07,41.01,19.07,0.0,28.178571428571427,26.814666666666664,6,Jun,2.3130025837385064,0.03246773795323106
2024-06-05,31.25,42.33,19.85,0.0,29.077142857142857,27.158,6,Jun,2.0624557715315395,0.508966897101302
2024-06-06,32.85,43.66,21.51,0.0,30.17571428571429,27.548333333333336,6,Jun,1.6311944206914923,1.114651329846754
2024-06-07,33.93,44.09,23.22,0.0,31.05857142857143,27.93433333333333,6,Jun,1.7663184742227707,1.5085267473466126
2024-06-08,31.16,40.87,23.38,0.0,31.15285714285714,28.081333333333337,6,Jun,1.749063695101897,0.4605757635270893
2024-06-09,28.86,37.54,20.29,0.0,31.005714285714284,28.103666666666662,6,Jun,1.9090211902337848,-0.4936798312438312
2024-06-10,29.84,38.7,20.73,0.0,31.13714285714286,28.284666666666666,6,Jun,1.767952811264158,-0.2156837423689256
2024-06-11,30.23,38.93,21.22,0.0,31.16,28.528666666666666,6,Jun,1.7528262891683517,-0.0991328922816109
2024-06-12,30.81,40.5,20.15,0.0,31.09714285714286,28.841333333333335,6,Jun,1.7569454012167953,0.10823913383160129
2024-06-13,32.61,43.26,21.91,0.0,31.062857142857144,29.192999999999998,6,Jun,1.7189697911414412,0.8333452615307296
2024-06-14,34.73,45.49,23.3,0.0,31.177142857142858,29.588666666666665,6,Jun,1.9521416810408079,1.9345650089931619
2024-06-15,34.82,45.27,24.71,0.0,31.7,29.920666666666666,6,Jun,2.388221095292398,2.2700676689683825
2024-06-16,31.85,41.24,23.3,0.0,32.12714285714286,30.054,6,Jun,2.0372098098927798,0.4373332417723021
2024-06-17,29.77,37.9,21.59,0.0,32.11714285714286,30.007333333333335,6,Jun,2.050436655005475,-0.9389589952207378
2024-06-18,29.98,39.28,22.05,0.0,32.08142857142857,29.982000000000003,6,Jun,2.090569528233998,-0.8025499288568599
2024-06-19,30.07,39.89,20.58,0.0,31.975714285714282,29.895,6,Jun,2.182276007160449,-0.8262664538225751
2024-06-20,30.53,39.32,21.35,0.02,31.678571428571427,29.885666666666665,6,Jun,2.2227492628980667,-0.5736632161382187
2024-06-21,31.65,39.74,23.97,0.01,31.238571428571426,29.903000000000002,6,Jun,1.7784865154714988,0.1755920667777545
2024-06-22,31.75,39.66,23.72,0.0,30.8,29.924666666666667,6,Jun,0.9189305378172241,0.30985010004951763
2024-06-23,32.16,41.16,22.98,0.0,30.844285714285714,30.139,6,Jun,0.9831896585916764,0.7011761672421678
2024-06-24,32.31,40.99,22.76,0.0,31.207142857142856,30.369999999999997,6,Jun,0.9893215568544005,0.8057854721339852
2024-06-25,31.91,40.06,23.66,0.0,31.482857142857142,30.473333333333336,6,Jun,0.849366710863718,0.4519985193102929
2024-06-26,30.47,39.87,21.91,0.0,31.54,30.548333333333332,6,Jun,0.7455870170541029,-0.6915556624749906
2024-06-27,31.53,42.28,21.24,0.0,31.68285714285714,30.744000000000003,6,Jun,0.6017395418202925,-0.010236918363795386
2024-06-28,31.09,41.35,21.68,0.0,31.602857142857143,30.94833333333333,6,Jun,0.6426692847207167,-0.3815057059339091
2024-06-29,29.95,38.19,23.34,0.0,31.345714285714287,31.108,6,Jun,0.8874656264300571,-1.114642169678856
2024-06-30,30.03,37.5,22.57,0.0,31.041428571428575,31.184,6,Jun,0.926056668018021,-1.0567969563535238
2024-07-01,30.86,39.27,23.97,0.0,30.834285714285716,31.196,7,Jul,0.7381024577217883,-0.44029966023481654
2024-07-02,29.94,38.52,21.22,0.0,30.552857142857142,31.19766666666667,7,Jul,0.6267565791625505,-1.1141413567075713
2024-07-03,31.16,39.36,23.0,0.0,30.65142857142857,31.272333333333332,7,Jul,0.6646660457558182,-0.23131761682318502
2024-07-04,33.35,42.42,23.74,0.0,30.91142857142857,31.381666666666668,7,Jul,1.2033208019396373,1.4869206192771278
2024-07-05,31.48,39.27,24.54,0.0,30.967142857142857,31.389333333333333,7,Jul,1.2218526136664372,-0.0493993929115569
2024-07-06,29.89,36.77,24.14,0.0,30.958571428571425,31.290666666666667,7,Jul,1.2303580586075937,-1.4040285885857187
2024-07-07,30.53,38.94,23.1,0.0,31.029999999999998,31.177333333333333,7,Jul,1.1809882867044117,-0.900621267917471
2024-07-08,31.26,39.23,22.82,0.0,31.087142857142858,31.180666666666664,7,Jul,1.1810689266607148,-0.3609732027771374
2024-07-09,32.45,40.64,23.72,0.0,31.445714285714285,31.300333333333338,7,Jul,1.1554920617475297,0.5380825519273356
2024-07-10,33.3,40.88,25.06,0.0,31.751428571428573,31.415666666666667,7,Jul,1.3362563198655324,1.2061369907312314
2024-07-11,34.1,41.61,26.33,0.0,31.85857142857143,31.544666666666668,7,Jul,1.5051846904551505,1.6965785708259562
2024-07-12,34.97,43.58,26.61,0.0,32.357142857142854,31.683333333333334,7,Jul,1.8881711988561962,2.3456202195037457
2024-07-13,32.63,40.22,25.74,0.0,32.74857142857143,31.684000000000005,7,Jul,1.54414408407392,0.6231380058598378
2024-07-14,31.04,38.25,23.76,0.0,32.82142857142857,31.561,7,Jul,1.429818503300499,-0.5600193186291836
2024-07-15,31.13,39.1,23.19,0.0,32.80285714285714,31.438,7,Jul,1.4541173071168203,-0.550789716113988
2024-07-16,30.85,39.0,22.7,0.0,32.574285714285715,31.404666666666667,7,Jul,1.633512137929025,-0.8130511966852894
2024-07-17,31.3,39.67,23.05,0.0,32.28857142857142,31.455666666666666,7,Jul,1.6601147407274373,-0.49199571094138084
2024-07-18,31.03,39.51,22.79,0.0,31.849999999999998,31.490666666666662,7,Jul,1.4995666040558555,-0.7764520210779127
2024-07-19,31.56,40.09,22.73,0.0,31.36285714285714,31.540333333333333,7,Jul,0.6028740688210079,-0.3406661120569267
2024-07-20,33.0,41.09,24.26,0.0,31.41571428571429,31.622666666666667,7,Jul,0.7343672365342063,0.9230388817282601
2024-07-21,33.57,41.75,25.31,0.0,31.777142857142856,31.686666666666664,7,Jul,1.0662350317152218,1.405639497480923
2024-07-22,33.16,41.32,24.53,0.0,32.067142857142855,31.733666666666668,7,Jul,1.134749815094381,1.0727483693157427
2024-07-23,32.41,40.75,25.03,0.0,32.29,31.742,7,Jul,1.001199280862491,0.42757459246691726
2024-07-24,31.59,40.49,22.72,0.0,32.331428571428575,31.718000000000004,7,Jul,0.9584958454337976,-0.2793027579824208
2024-07-25,33.82,42.63,25.21,0.0,32.730000000000004,31.781666666666663,7,Jul,0.905759349937682,1.674154875850716
2024-07-26,31.39,38.93,25.72,0.0,32.705714285714286,31.812333333333335,7,Jul,0.9438371530238179,-0.38222402050887416
2024-07-27,30.53,38.56,23.31,0.0,32.35285714285715,31.779,7,Jul,1.2329194929881029,-1.133764610107135
2024-07-28,31.76,39.93,23.48,0.0,32.09428571428571,31.801333333333336,7,Jul,1.119715099818473,0.20742354601699303
2024-07-29,31.54,39.25,23.98,0.0,31.86285714285714,31.854333333333333,7,Jul,1.0262506887647325,0.033994297387545114
2024-07-30,31.08,39.19,22.92,0.0,31.672857142857143,31.889333333333337,7,Jul,1.0311759352910832,-0.4877405616277033
2024-07-31,31.83,39.93,24.01,0.0,31.707142857142856,31.921666666666667,7,Jul,1.0319514569607606,0.3907980119442497
2024-08-01,31.41,39.54,23.82,0.0,31.36285714285714,31.970666666666666,8,Aug,0.44421144686226743,-0.08466893871305102
2024-08-02,31.21,38.76,23.51,0.0,31.337142857142855,31.97233333333333,8,Aug,0.44757547913561063,-0.2727792796500093
2024-08-03,31.29,38.91,24.27,0.0,31.44571428571428,31.903666666666666,8,Aug,0.2799319645227335,-0.2051673843561752
2024-08-04,31.0,38.88,23.62,0.01,31.337142857142855,31.88766666666667,8,Aug,0.2850563853991086,-0.49523948147415187
2024-08-05,30.45,38.88,22.1,0.0,31.181428571428572,31.906333333333333,8,Aug,0.4210474467095479,-1.0833807412082639
2024-08-06,30.76,39.29,22.62,0.0,31.135714285714283,31.913999999999998,8,Aug,0.4502538966275057,-0.7073200726749279
2024-08-07,31.26,39.76,23.44,1.77,31.054285714285715,31.913999999999998,8,Aug,0.34238658184610654,0.05110141496054051
2024-08-08,31.44,39.75,23.43,0.0,31.058571428571433,31.880333333333333,8,Aug,0.34772731516804173,0.39817271426781997
2024-08-09,31.53,40.0,23.28,0.0,31.104285714285716,31.82133333333333,8,Aug,0.389480728785036,0.5614232335189504
2024-08-10,31.08,39.93,23.06,0.0,31.074285714285715,31.720666666666666,8,Aug,0.3807824025541696,0.017981912535290225
2024-08-11,30.76,40.01,22.72,0.0,31.04,31.580333333333336,8,Aug,0.3989569734524729,-0.8008401029128568
2024-08-12,30.54,38.73,22.44,0.0,31.052857142857142,31.510666666666665,8,Aug,0.37765567587883403,-1.3841653258566835
2024-08-13,30.82,38.34,23.71,0.0,31.06142857142857,31.503333333333334,8,Aug,0.370514442877253,-0.7215380598581494
2024-08-14,30.6,39.19,23.07,0.0,30.967142857142857,31.485666666666667,8,Aug,0.39474524635960667,-1.237653864854823
2024-08-15,30.82,40.1,22.12,0.0,30.878571428571426,31.484666666666666,8,Aug,0.3361759743259332,-0.651484198443789
2024-08-16,30.44,39.37,21.95,0.0,30.722857142857144,31.456000000000003,8,Aug,0.21460927952178704,-1.3296735406476001
2024-08-17,31.58,40.85,23.46,0.0,30.794285714285714,31.474333333333334,8,Aug,0.37589258850760693,1.2660495468482615
2024-08-18,30.8,39.57,23.1,0.0,30.800000000000004,31.449,8,Aug,0.37558842722636865,-0.286986058436779
2024-08-19,31.01,39.16,23.93,0.0,30.867142857142856,31.38266666666667,8,Aug,0.3631672840306254,0.139459416757509
2024-08-20,30.97,40.71,22.18,0.0,30.888571428571428,31.296000000000003,8,Aug,0.36434546662106554,0.06937762155598354
2024-08-21,31.05,40.56,21.77,0.0,30.952857142857145,31.225666666666665,8,Aug,0.3440791713983486,0.26515146810853657
2024-08-22,31.27,39.35,22.97,0.0,31.017142857142858,31.187666666666665,8,Aug,0.35691802446804066,0.6501348738030589
2024-08-23,31.26,38.94,24.38,0.0,31.134285714285717,31.176666666666666,8,Aug,0.2563108232106501,0.6842966265182822
2024-08-24,30.71,38.39,23.75,0.0,31.009999999999998,31.073,8,Aug,0.2111081871135294,-0.05243850306800176
2024-08-25,31.3,39.46,23.79,0.0,31.08142857142857,31.07,8,Aug,0.2127932150719107,0.879299543618558
2024-08-26,32.17,40.4,24.02,0.0,31.247142857142858,31.124666666666666,8,Aug,0.4581380536368384,2.1525717903066646
2024-08-27,31.64,39.11,24.47,0.0,31.342857142857145,31.12066666666667,8,Aug,0.46056900625582237,1.41627643039075
2024-08-28,31.11,39.41,23.65,0.0,31.351428571428567,31.106333333333335,8,Aug,0.45473173672025347,0.5325651941266163
2024-08-29,30.65,38.6,23.72,0.0,31.262857142857143,31.092,8,Aug,0.5277535499866234,-0.13751631976425305
2024-08-30,29.95,38.27,22.46,0.0,31.075714285714287,31.029333333333334,8,Aug,0.7245195452355044,-0.8945700467519582
2024-08-31,30.07,37.94,23.24,0.0,30.984285714285715,30.984666666666666,8,Aug,0.8133030829657558,-0.5941073587536889
2024-09-01,29.99,37.51,22.77,0.0,30.797142857142855,30.944000000000003,9,Sep,0.8767879691560878,-0.5911110433450956
2024-09-02,31.18,38.54,23.8,0.0,30.655714285714282,30.94033333333333,9,Sep,0.6750767152170896,0.6086554640992552
2024-09-03,30.85,37.79,24.04,0.0,30.542857142857144,30.935333333333332,9,Sep,0.5345002115904245,0.35921658752137714
2024-09-04,29.32,36.55,22.53,0.0,30.287142857142857,30.89766666666667,9,Sep,0.6364148093213738,-0.7947405269028621
2024-09-05,29.2,36.57,22.58,0.0,30.080000000000002,30.845666666666666,9,Sep,0.7280109889278923,-0.8636401517163221
2024-09-06,29.56,36.65,22.64,0.0,30.024285714285714,30.789,9,Sep,0.7540746457933348,-0.5884740483472691
2024-09-07,30.15,37.45,23.05,0.0,30.035714285714285,30.746,9,Sep,0.755487858778469,-0.04616605246800344
2024-09-08,30.4,38.25,23.18,0.0,30.09428571428571,30.708333333333332,9,Sep,0.7671561584373409,0.22536992569327716
2024-09-09,29.51,36.71,22.45,0.0,29.85571428571429,30.656,9,Sep,0.6185158888514404,-0.2575668171758211
2024-09-10,30.22,37.83,22.72,0.0,29.765714285714285,30.637999999999998,9,Sep,0.48006447979588374,0.2712826321739552
2024-09-11,32.35,40.26,23.65,0.0,30.198571428571427,30.698333333333334,9,Sep,1.0449151252840494,1.5670258210228252
2024-09-12,33.0,41.94,26.17,0.0,30.74142857142857,30.771,9,Sep,1.374717286952975,1.9821273945139761
2024-09-13,29.93,37.31,24.41,0.0,30.794285714285714,30.748666666666665,9,Sep,1.3280418811524595,0.37597094926513486
2024-09-14,28.28,36.95,20.44,0.0,30.527142857142856,30.663999999999998,9,Sep,1.6324390165812879,-0.4329404956971077
2024-09-15,28.87,37.18,21.75,0.0,30.308571428571433,30.611666666666665,9,Sep,1.750461163726301,-0.05464124181134233
2024-09-16,28.58,35.57,22.69,0.0,30.175714285714285,30.511666666666667,9,Sep,1.8534369618167026,-0.1325154796902992
2024-09-17,28.48,35.37,22.55,0.0,29.927142857142858,30.43433333333333,9,Sep,1.960116614606619,-0.10736680313068124
2024-09-18,27.62,35.45,20.75,0.0,29.25142857142857,30.32133333333333,9,Sep,1.7939196244668882,-0.4008376125378633
2024-09-19,29.88,38.46,21.37,0.0,28.805714285714284,30.285000000000004,9,Sep,0.8427703748719042,0.7223752436236007
2024-09-20,32.23,40.91,25.83,0.0,29.134285714285713,30.324333333333335,9,Sep,1.5257550823865458,1.7643366680399593
2024-09-21,27.92,34.14,22.74,0.0,29.08285714285714,30.212666666666667,9,Sep,1.5649144202981033,-0.005338971972308158
2024-09-22,26.98,33.59,21.41,0.0,28.812857142857144,30.07,9,Sep,1.7587942298225128,-0.303624785830501
2024-09-23,26.34,33.29,20.56,0.0,28.49285714285714,29.924333333333333,9,Sep,1.9960019562925413,-0.4904575299160604
2024-09-24,26.06,34.04,18.63,0.0,28.147142857142853,29.749666666666666,9,Sep,2.1979590099734967,-0.562778884340313
2024-09-25,26.24,34.26,19.31,0.0,27.95,29.552,9,Sep,2.3120481540544398,-0.46424125055434345
2024-09-26,26.46,34.7,19.35,0.0,27.46142857142857,29.37933333333333,9,Sep,2.1946026866794948,-0.31909368239715097
2024-09-27,26.6,35.02,19.09,0.0,26.657142857142855,29.228999999999996,9,Sep,0.6288008239422305,-0.18252204863003485
2024-09-28,26.8,34.94,19.48,0.0,26.497142857142858,29.100666666666665,9,Sep,0.3211289608923012,0.005633397370733194
2024-09-29,26.24,34.3,19.43,0.0,26.39142857142857,28.977,9,Sep,0.24949472749455884,-0.24394716655960028
2024-09-30,26.16,34.25,19.32,0.0,26.365714285714283,28.846666666666668,9,Sep,0.26450312807577764,-0.25463783521335964
2024-10-01,25.69,32.56,19.69,0.0,26.312857142857144,28.703333333333333,10,Oct,0.35668446773553003,-0.45628490348335365
2024-10-02,24.6,31.64,18.52,0.0,26.07857142857143,28.483999999999998,10,Oct,0.742482964370856,-1.0075526479585737
2024-10-03,24.52,32.02,18.24,0.0,25.80142857142857,28.273000000000003,10,Oct,0.9177586569359887,-0.9912736296271442
2024-10-04,24.09,31.99,17.3,0.0,25.442857142857143,28.098666666666663,10,Oct,1.036415526155972,-1.1705705216457671
2024-10-05,24.23,32.43,17.14,0.0,25.075714285714287,27.933,10,Oct,0.924713597875189,-1.007127868677553
2024-10-06,23.93,32.26,17.0,0.0,24.745714285714286,27.745333333333335,10,Oct,0.8490554976533026,-1.3383779225905204
2024-10-07,25.11,34.34,16.94,0.0,24.595714285714287,27.577333333333332,10,Oct,0.6191891779539639,-0.25786682108203435
2024-10-08,26.6,35.59,18.74,0.0,24.725714285714286,27.450666666666667,10,Oct,0.9130326234196848,1.0063509585541852
2024-10-09,27.18,35.46,19.94,0.0,25.094285714285714,27.373,10,Oct,1.2947696982199617,1.4014964338650393
2024-10-10,25.77,33.69,19.24,0.0,25.272857142857145,27.224666666666668,10,Oct,1.2885484635267588,0.5092039344612951
2024-10-11,25.69,34.52,17.83,0.0,25.501428571428573,27.002666666666663,10,Oct,1.181191891994819,0.5245384261542487
2024-10-12,26.6,34.75,19.38,0.0,25.84,26.78933333333333,10,Oct,1.0923369443537074,1.0847707090990928
2024-10-13,26.61,35.71,18.78,0.0,26.222857142857144,26.67866666666667,10,Oct,0.7162335346731875,1.165031901212248
2024-10-14,26.27,33.48,20.49,0.0,26.388571428571428,26.611666666666668,10,Oct,0.5243226923510437,1.0709983466532609
2024-10-15,25.07,31.51,19.99,0.0,26.169999999999998,26.485000000000003,10,Oct,0.7081666470541895,0.5009827910967894
2024-10-16,24.45,30.88,18.8,0.0,25.78,26.34733333333333,10,Oct,0.8044252606675119,0.26980406416078123
2024-10-17,24.62,31.02,18.79,0.0,25.615714285714287,26.218666666666664,10,Oct,0.9164397987658046,0.43030071914942136
2024-10-18,24.35,31.63,18.91,0.0,25.424285714285713,26.109666666666666,10,Oct,1.0311135912668656,0.35881218280440985
2024-10-19,23.27,30.47,16.99,0.0,24.948571428571427,25.889333333333333,10,Oct,1.1585684927448165,-0.057914005299645965
2024-10-20,22.98,30.98,17.03,0.0,24.430000000000003,25.581,10,Oct,1.101983060970877,-0.13317685585130343
2024-10-21,23.25,31.28,17.68,0.0,23.99857142857143,25.425333333333334,10,Oct,0.8154840806014495,0.026187532135238112
2024-10-22,22.1,29.4,17.03,0.0,23.574285714285715,25.262666666666668,10,Oct,0.9297465092317926,-0.38228878648497105
2024-10-23,21.43,28.46,16.71,0.0,23.142857142857142,25.098999999999997,10,Oct,1.1339270153720817,-0.5918355045828233
2024-10-24,21.07,28.73,15.95,0.0,22.635714285714283,24.932666666666666,10,Oct,1.1568038892117507,-0.7061333777132348
2024-10-25,20.75,29.18,14.86,0.0,22.12142857142857,24.749666666666666,10,Oct,1.0641808833000055,-0.8096993618065554
2024-10-26,21.46,29.78,14.73,0.0,21.862857142857145,24.583000000000002,10,Oct,0.9526404408401176,-0.4224339550090171
2024-10-27,22.44,30.87,16.01,0.0,21.785714285714285,24.444333333333336,10,Oct,0.8649249898664548,0.13641943609639598
2024-10-28,22.17,30.67,15.52,0.0,21.631428571428568,24.290000000000003,10,Oct,0.6225599990211478,0.14736364967507512
2024-10-29,21.07,28.08,15.57,0.0,21.484285714285715,24.117666666666665,10,Oct,0.6150300031398253,-0.26154652741479234
2024-10-30,19.82,26.72,14.09,0.0,21.254285714285714,23.906333333333336,10,Oct,0.8818703068453558,-0.8535947645893336
2024-10-31,19.37,26.38,13.1,0.0,21.011428571428574,23.695666666666668,10,Oct,1.1379722986001246,-1.052819227646973
2024-11-01,20.19,26.91,14.25,0.0,20.931428571428572,23.54866666666667,11,Nov,1.1783806483396,-0.5280154151298252
2024-11-02,20.17,26.99,14.58,0.01,20.747142857142855,23.403666666666666,11,Nov,1.1828033689181492,-0.45698062042734944
2024-11-03,20.78,26.89,14.57,0.0,20.509999999999998,23.293333333333337,11,Nov,0.9251846662515514,0.07644928672686341
2024-11-04,21.06,27.17,15.89,0.0,20.351428571428574,23.187666666666665,11,Nov,0.6463597700826442,0.39600325792031277
2024-11-05,19.57,26.21,14.02,0.0,20.13714285714286,23.042333333333332,11,Nov,0.6163795985625721,-0.5411010892873994
2024-11-06,20.62,28.06,14.15,0.0,20.25142857142857,22.89266666666667,11,Nov,0.6219171587770307,0.3304067008596427
2024-11-07,22.18,29.95,16.63,0.04,20.65285714285714,22.745333333333335,11,Nov,0.8301749672152238,1.6195101643758585
2024-11-08,21.47,28.3,16.91,0.12,20.835714285714285,22.555,11,Nov,0.8519166066947029,1.1302055918711527
2024-11-09,20.48,27.0,15.61,0.14,20.88,22.378666666666668,11,Nov,0.8189627586162331,0.40975312319549223
2024-11-10,18.57,24.07,14.49,0.01,20.564285714285713,22.141333333333332,11,Nov,1.2008726985386766,-0.9049973974466874
2024-11-11,17.95,24.31,12.32,0.0,20.12,21.853,11,Nov,1.5198464834757752,-1.0782787886226899
2024-11-12,18.95,26.21,12.58,0.0,20.03142857142857,21.59766666666667,11,Nov,1.5743297893753505,-0.237929100745681
2024-11-13,19.93,27.05,14.94,0.0,19.93285714285714,21.386333333333333,11,Nov,1.552790115520284,0.4416591251433622
2024-11-14,19.34,26.75,13.28,0.0,19.527142857142856,21.195333333333334,11,Nov,1.1983699246021007,0.20909358621475868
2024-11-15,20.12,27.3,15.18,0.0,19.334285714285716,21.051000000000002,11,Nov,0.9067314402634781,0.6657950809040395
2024-11-16,19.07,26.88,13.28,0.0,19.132857142857144,20.866,11,Nov,0.7534523715477056,0.1878609460067313
2024-11-17,18.48,25.59,12.42,0.0,19.12,20.670333333333335,11,Nov,0.7653321718925185,-0.0219488983035697
2024-11-18,17.99,24.56,12.13,0.23,19.125714285714285,20.494333333333334,11,Nov,0.7552230827790495,-0.1747287586946644
2024-11-19,18.15,25.14,12.54,0.19,19.01142857142857,20.333333333333332,11,Nov,0.8418121043605937,-0.016821520783994917
2024-11-20,18.67,25.57,12.97,0.03,18.83142857142857,20.18066666666667,11,Nov,0.7413822354548424,0.3138119765209372
2024-11-21,18.74,25.18,14.17,0.0,18.745714285714286,20.06866666666667,11,Nov,0.706655435670249,0.4007535547276852
2024-11-22,20.13,28.43,14.5,0.0,18.747142857142855,20.025333333333336,11,Nov,0.7098993892500169,1.1205673743873366
2024-11-23,19.04,27.05,13.01,0.09,18.74285714285714,19.957666666666668,11,Nov,0.7077126131824606,0.7495451188574006
2024-11-24,16.81,22.88,13.35,0.49,18.504285714285714,19.82633333333333,11,Nov,1.0225435140352976,-0.3105375178223247
2024-11-25,15.55,19.91,12.35,0.05,18.155714285714286,19.62933333333333,11,Nov,1.5213136553964377,-0.961060139440695
2024-11-26,14.44,19.49,10.24,0.15,17.625714285714285,19.362666666666666,11,Nov,2.070691165954586,-1.5234204592952858
2024-11-27,15.07,21.27,9.82,0.08,17.111428571428572,19.125999999999998,11,Nov,2.210440593874466,-1.108879777735443
2024-11-28,15.64,22.8,10.28,0.0,16.66857142857143,18.945,11,Nov,2.1391698434318207,-0.7529627952548745
2024-11-29,15.75,22.78,11.18,0.0,16.042857142857144,18.80933333333333,11,Nov,1.5043239266165405,-0.6232948794998836
2024-11-30,15.65,23.03,10.38,0.1,15.558571428571428,18.685333333333332,11,Nov,0.7196857779949333,-0.6109218001539365
2024-12-01,15.42,23.38,9.75,0.13,15.36,18.526333333333337,12,Dec,0.4627454303760288,-0.6372542857335433
2024-12-02,15.41,22.97,9.93,0.02,15.34,18.367666666666665,12,Dec,0.45614325235306313,-0.5307647406399563
2024-12-03,15.35,22.51,10.57,0.0,15.47,18.186666666666667,12,Dec,0.23101226518785714,-0.48847890837910946
2024-12-04,14.98,22.19,9.22,0.0,15.457142857142856,17.983999999999998,12,Dec,0.2579220997207651,-0.6519026065379385
2024-12-05,15.8,22.59,11.17,0.0,15.48,17.858333333333334,12,Dec,0.28272483678285354,-0.06498519510214297
2024-12-06,16.51,23.79,11.55,0.0,15.588571428571429,17.721333333333334,12,Dec,0.48046604359535416,0.5113471348456022
2024-12-07,17.25,23.75,13.26,0.0,15.817142857142857,17.557,12,Dec,0.7932993189990483,1.1833921722066667
2024-12-08,16.27,23.7,10.71,0.0,15.93857142857143,17.383666666666667,12,Dec,0.787409858786912,0.7673555663911636
2024-12-09,16.27,24.61,11.53,0.0,16.06142857142857,17.243333333333332,12,Dec,0.757725292601582,1.115708656205794
2024-12-10,15.47,24.1,9.09,0.0,16.07857142857143,17.14,12,Dec,0.7400997358789909,0.37267473325305744
2024-12-11,15.45,23.65,10.47,0.0,16.145714285714284,17.056666666666665,12,Dec,0.6381185141458982,0.4116777768806302
2024-12-12,16.23,21.22,13.01,0.03,16.207142857142856,16.966,12,Dec,0.61972344062305,0.9599017922053257
2024-12-13,15.19,22.38,10.07,0.01,16.01857142857143,16.808,12,Dec,0.7069047218082661,0.3059017776970086
2024-12-14,15.0,21.8,9.99,0.0,15.697142857142856,16.663333333333334,12,Dec,0.5471353971894835,0.26292294598853777
2024-12-15,13.66,21.75,7.99,0.0,15.324285714285713,16.447999999999997,12,Dec,0.8798457657050693,-0.41726073709287964
2024-12-16,13.63,21.79,7.02,0.0,14.947142857142856,16.266666666666666,12,Dec,0.9682753445470602,-0.36698503230854534
2024-12-17,14.35,21.6,9.35,0.04,14.787142857142857,16.129,12,Dec,0.9599776783122279,0.08197825359987936
2024-12-18,14.47,22.06,8.76,0.03,14.647142857142857,16.011666666666667,12,Dec,0.9177275246631806,0.19133986809619535
2024-12-19,14.81,21.44,9.4,0.15,14.444285714285716,15.900333333333334,12,Dec,0.6173021178989376,0.4220614358758321
2024-12-20,14.26,21.04,9.84,0.1,14.31142857142857,15.753333333333334,12,Dec,0.5229221921550422,0.16102325354013172
2024-12-21,14.38,21.82,8.78,0.0,14.222857142857142,15.608,12,Dec,0.4313434163839331,0.2539410783361153
2024-12-22,14.5,21.75,8.65,0.0,14.342857142857143,15.420333333333334,12,Dec,0.35952349416659374,0.3713411435920442
2024-12-23,13.61,20.9,7.94,0.0,14.340000000000002,15.239333333333333,12,Dec,0.36615115275973287,-0.10575793862296212
2024-12-24,12.13,19.76,6.24,0.0,14.022857142857143,15.083333333333334,12,Dec,0.91144051343159,-0.986167894985799
2024-12-25,12.78,20.55,8.35,0.0,13.781428571428572,14.991000000000001,12,Dec,0.9934020430058836,-0.5707656145793368
2024-12-26,9.92,15.32,5.16,0.0,13.082857142857142,14.840333333333332,12,Dec,1.651148229624209,-2.4146930016581347
2024-12-27,10.05,16.6,4.4,0.0,12.481428571428571,14.673,12,Dec,1.8990473802361199,-2.349840711423107
2024-12-28,11.4,18.75,5.33,0.0,12.055714285714286,14.531666666666666,12,Dec,1.7289000081253918,-1.4860012095549184
2024-12-29,12.28,19.13,6.59,0.01,11.738571428571428,14.416,12,Dec,1.372727559416548,-0.8696959553577067
2024-12-30,12.29,17.75,7.49,0.13,11.549999999999999,14.304,12,Dec,1.1444940658069997,-0.860651770396082
2024-12-31,12.22,18.72,7.16,0.13,11.562857142857142,14.197333333333335,12,Dec,1.1525726916444703,-0.9207670477154027
2025-01-01,12.9,20.31,7.23,0.01,11.58,14.113666666666665,1,Jan,1.1743792686638488,-0.4944021127075908
2025-01-02,12.6,19.98,7.67,0.03,11.962857142857143,14.022,1,Jan,0.9603595556827791,-0.7010240690472982
2025-01-03,13.11,20.53,7.29,0.02,12.4,13.959666666666667,1,Jan,0.5557277510922586,-0.39534394126390826
2025-01-04,14.43,22.02,8.44,0.0,12.832857142857142,13.913999999999998,1,Jan,0.7812749043654102,0.41566092457912945
2025-01-05,14.36,20.33,10.38,0.01,13.13,13.842333333333332,1,Jan,0.9193113364546439,0.3882552878061016
2025-01-06,15.63,21.21,11.44,0.1,13.607142857142858,13.788333333333332,1,Jan,1.2262098010500255,1.1728937944552846
2025-01-07,14.82,21.55,10.23,0.06,13.978571428571428,13.74,1,Jan,1.1256617101576005,0.621364902515313
2025-01-08,14.27,23.05,6.94,0.0,14.174285714285714,13.673333333333334,1,Jan,1.0211244968640583,0.24005442781598083
2025-01-09,14.94,22.65,8.89,0.0,14.508571428571429,13.655666666666667,1,Jan,0.7726454247464174,0.595477409667667
2025-01-10,13.7,20.54,7.93,0.03,14.592857142857143,13.597333333333333,1,Jan,0.6096368942721214,-0.17392969660322818
2025-01-11,13.96,21.11,8.3,0.01,14.525714285714285,13.521666666666667,1,Jan,0.654773679548277,-0.12752184372796802
2025-01-12,15.06,22.21,8.79,0.0,14.625714285714285,13.517333333333333,1,Jan,0.6782786335736352,0.5835602078428824
2025-01-13,15.69,24.04,11.1,0.0,14.634285714285713,13.540333333333333,1,Jan,0.6932978470776587,1.106062235063824
2025-01-14,15.88,22.64,10.16,0.0,14.785714285714286,13.614333333333333,1,Jan,0.840711150215008,1.2734117480903837
2025-01-15,14.95,22.18,10.26,0.0,14.882857142857143,13.658333333333333,1,Jan,0.8099118117781348,0.37527050149439584
2025-01-16,15.77,23.37,10.08,0.0,15.001428571428571,13.705666666666668,1,Jan,0.8775995398708591,1.231487576742542
2025-01-17,15.77,21.85,11.59,0.0,15.297142857142857,13.748999999999999,1,Jan,0.6959337680587021,1.2671225519772946
2025-01-18,15.02,22.4,10.18,0.0,15.448571428571428,13.755999999999998,1,Jan,0.4151878519194872,0.3646549326286733
2025-01-19,13.52,19.12,9.45,0.0,15.228571428571428,13.731333333333334,1,Jan,0.842999180929731,-1.711803113111593
2025-01-20,14.37,21.49,9.11,0.0,15.040000000000001,13.731,1,Jan,0.8697892465039578,-0.5866579236395694
2025-01-21,16.06,24.82,10.17,0.03,15.065714285714288,13.783,1,Jan,0.900867306967287,1.6970430519734645
2025-01-22,15.89,22.12,10.97,0.02,15.200000000000001,13.859,1,Jan,0.9494910917612199,1.5519882310397999
2025-01-23,14.48,20.83,9.45,0.0,15.015714285714283,13.937333333333333,1,Jan,0.9456013455798884,-0.2799412142068621
2025-01-24,14.38,21.77,9.4,0.0,14.817142857142857,13.990666666666668,1,Jan,0.9059196852873208,-0.31380575277365386
2025-01-25,14.69,22.49,9.14,0.0,14.77,14.149666666666667,1,Jan,0.9021825388101558,0.14891848892669193
2025-01-26,15.01,22.59,10.43,0.0,14.982857142857142,14.315,1,Jan,0.7143228561776079,0.4681504290792457
2025-01-27,14.43,21.69,8.41,0.03,14.991428571428571,14.416,1,Jan,0.7060554409640065,0.035073390836776186
2025-01-28,14.89,20.88,10.62,0.08,14.824285714285713,14.502999999999998,1,Jan,0.526619949706782,0.45397537737699745
2025-01-29,14.47,22.2,8.45,0.0,14.62142857142857,14.575666666666667,1,Jan,0.2468757157928521,0.23352468174434163
2025-01-30,14.99,23.99,8.25,0.03,14.694285714285714,14.668,1,Jan,0.27214316960474033,0.6860016387743855
2025-01-31,14.1,21.95,7.87,0.0,14.654285714285715,14.708,1,Jan,0.3385191842360644,0.14290413960295809
2025-02-01,13.49,20.72,7.29,0.0,14.482857142857142,14.737666666666666,2,Feb,0.5531941878982759,-0.2043308723661214
2025-02-02,13.94,22.08,8.77,0.0,14.33,14.765333333333333,2,Feb,0.5306285580962449,0.1574249633353683
2025-02-03,15.59,23.76,10.2,0.0,14.495714285714286,14.804,2,Feb,0.7158644458013875,1.3353898167261435
2025-02-04,14.26,21.79,8.47,0.0,14.405714285714286,14.800666666666666,2,Feb,0.6973965190352855,0.36683350440896956
2025-02-05,14.29,20.58,8.66,0.1,14.379999999999999,14.756,2,Feb,0.6979493773433454,0.36884830955974834
2025-02-06,13.15,18.3,9.78,0.02,14.117142857142857,14.700333333333333,2,Feb,0.7724358503188399,-0.3698979394523578
2025-02-07,12.76,19.4,8.2,0.09,13.925714285714283,14.65,2,Feb,0.9278084777739584,-0.572809447733712
2025-02-08,11.55,18.32,5.94,0.06,13.64857142857143,14.536999999999999,2,Feb,1.2962436572837275,-1.3531746441455141
2025-02-09,11.13,16.27,6.51,0.13,13.247142857142858,14.451333333333332,2,Feb,1.5922595505102721,-1.4521356177159335
2025-02-10,11.98,18.51,6.43,0.02,12.731428571428571,14.385333333333334,2,Feb,1.256097509105755,-0.6896462794723072
2025-02-11,11.83,19.14,5.87,0.0,12.384285714285713,14.277666666666667,2,Feb,1.087747782390748,-0.6385849803930913
2025-02-12,11.61,18.86,6.3,0.0,12.001428571428573,14.141666666666667,2,Feb,0.7119089026800147,-0.7156946077870068
2025-02-13,11.25,19.01,5.66,0.0,11.73,13.987333333333334,2,Feb,0.5432310742223739,-0.9070898544349681
2025-02-14,11.91,20.44,5.86,0.0,11.608571428571429,13.886,2,Feb,0.3263141927372367,-0.4906331614432455
2025-02-15,12.87,22.14,6.1,0.01,11.797142857142857,13.789333333333333,2,Feb,0.574128739504128,0.1262203278203398
2025-02-16,13.6,21.97,6.88,0.0,12.15,13.717,2,Feb,0.8074032449778523,0.5720180501566866
2025-02-17,14.76,22.77,7.78,0.0,12.547142857142857,13.708333333333334,2,Feb,1.2642878665575135,1.255995483285005
2025-02-18,14.49,23.31,7.0,0.0,12.927142857142856,13.740666666666666,2,Feb,1.404762308313352,1.078519565830036
2025-02-19,15.02,22.49,9.88,0.0,13.414285714285713,13.762333333333334,2,Feb,1.4619719233838198,1.501541314115815
2025-02-20,12.9,18.97,8.31,0.37,13.65,13.657,2,Feb,1.1558258230953302,0.14306655424920092
2025-02-21,11.96,18.48,6.82,0.01,13.657142857142857,13.526,2,Feb,1.143368040567489,-0.46376097686302903
2025-02-22,11.33,17.94,6.15,0.01,13.437142857142858,13.421,2,Feb,1.4318369819423649,-0.8625160399967422
2025-02-23,10.28,17.45,5.38,0.0,12.962857142857144,13.284333333333333,2,Feb,1.8559518158771933,-1.4398265150272123
2025-02-24,9.27,15.36,3.82,0.17,12.178571428571429,13.103666666666665,2,Feb,2.1122296953018735,-1.9273854711801341
2025-02-25,9.57,16.49,2.65,0.0,11.475714285714286,12.922333333333334,2,Feb,2.031951911692149,-1.7869805231644207
2025-02-26,11.61,18.47,6.22,0.0,10.98857142857143,12.828333333333331,2,Feb,1.3271451637688796,-0.8464508886433979
2025-02-27,12.64,21.38,5.3,0.0,10.95142857142857,12.753333333333334,2,Feb,1.2670099785381048,-0.45364528964574413
2025-02-28,13.12,21.53,6.2,0.0,11.117142857142856,12.708333333333332,2,Feb,1.4790279948414229,-0.35803161921418936
2025-03-01,13.84,21.56,7.38,0.0,11.475714285714286,12.67,3,Mar,1.807105025013593,-0.22331534288081886
2025-03-02,14.54,23.4,7.23,1.0,12.084285714285715,12.684666666666667,3,Mar,2.0396638378491043,-0.11562562859437557
2025-03-03,14.46,21.56,8.13,0.75,12.825714285714286,12.717,3,Mar,1.7718714884069013,-0.22109902578840945
2025-03-04,14.23,20.46,8.19,2.09,13.491428571428571,12.726666666666667,3,Mar,1.0883692475664184,-0.32910318520337384
2025-03-05,13.99,20.8,8.14,13.86,13.831428571428573,12.673333333333334,3,Mar,0.7079178052911715,-0.4067154724250362
2025-03-06,14.34,20.54,9.1,14.4,14.074285714285717,12.676,3,Mar,0.4887350046421261,-0.32035446838140524
2025-03-07,15.05,22.61,8.2,0.01,14.35,12.701333333333334,3,Mar,0.39631637193949304,-0.139404347756251
2025-03-08,15.7,23.53,9.0,0.01,14.615714285714287,12.786333333333335,3,Mar,0.578874112476829,0.008101019686874359
2025-03-09,16.67,24.62,10.54,0.0,14.92,12.916666666666666,3,Mar,0.964088515991787,0.22044383723548738
2025-03-10,17.53,25.82,10.62,0.0,15.358571428571427,13.116000000000001,3,Mar,1.343557821252279,0.3930363438449139
2025-03-11,17.31,26.18,10.24,0.0,15.79857142857143,13.322000000000001,3,Mar,1.4148077439643434,0.26061804268113026
2025-03-12,18.33,29.22,9.43,0.0,16.41857142857143,13.533666666666667,3,Mar,1.4408611842857841,0.4141138362572249
2025-03-13,21.78,31.84,12.61,0.0,17.481428571428573,13.865333333333334,3,Mar,2.1974714906868225,1.1187229575034427
2025-03-14,23.69,32.91,16.09,0.0,18.715714285714284,14.268,3,Mar,2.913862597669213,1.5029429261565928
2025-03-15,21.09,31.5,12.76,0.0,19.485714285714288,14.596,3,Mar,2.687501052048574,0.8316812859302994
2025-03-16,22.97,34.68,13.73,0.0,20.385714285714283,14.964666666666666,3,Mar,2.641904976482337,1.2832090811057029
2025-03-17,24.55,34.75,15.96,0.0,21.388571428571428,15.354000000000001,3,Mar,2.7087538867619174,1.62227121456357
2025-03-18,20.86,29.51,13.83,0.04,21.895714285714284,15.596,3,Mar,2.0763899532831935,0.5944540270635396
2025-03-19,17.33,25.52,11.51,0.02,21.752857142857145,15.681666666666668,3,Mar,2.375462862164754,-0.39408190808581434
2025-03-20,14.24,20.59,9.74,0.01,20.675714285714285,15.673333333333334,3,Mar,3.7008461066034783,-1.3138128301034002
2025-03-21,13.78,20.26,9.06,0.09,19.259999999999998,15.632,3,Mar,4.215305445635025,-1.5341619548060454
2025-03-22,13.93,20.67,8.85,0.01,18.237142857142857,15.666333333333334,3,Mar,4.552456165945752,-1.60183647437349
2025-03-23,14.96,23.75,7.15,0.0,17.092857142857145,15.766333333333334,3,Mar,4.1537762509381215,-1.3914744693485386
2025-03-24,16.88,26.94,8.53,0.0,15.997142857142856,15.951333333333332,3,Mar,2.567597543007396,-0.8906807514574309
2025-03-25,20.22,31.22,11.41,0.0,15.905714285714286,16.282666666666668,3,Mar,2.369316759059958,0.03360719768976109
2025-03-26,22.57,33.84,13.31,0.0,16.654285714285713,16.726000000000003,3,Mar,3.4675536868848917,0.6967179071567491
2025-03-27,26.39,35.59,17.39,0.0,18.389999999999997,17.28666666666667,3,Mar,4.83063142870581,1.8242180344621657
2025-03-28,23.12,32.76,14.35,0.0,19.724285714285713,17.670333333333335,3,Mar,4.6308489399636175,0.8641801104766885
2025-03-29,18.14,25.72,11.35,0.0,20.325714285714287,17.853666666666665,3,Mar,3.9806358668888713,-0.5110958033168118
2025-03-30,20.09,27.46,11.55,0.0,21.05857142857143,18.086000000000002,3,Mar,3.22949649621234,0.11192416200022638
2025-03-31,22.59,31.06,14.33,0.0,21.874285714285715,18.377666666666666,3,Mar,2.6709851936620708,0.8523693291519095
2025-04-01,21.63,28.34,15.07,0.0,22.075714285714287,18.614,4,Apr,2.5769481765767033,0.6314618058753232
2025-04-02,19.68,28.26,11.57,0.0,21.662857142857145,18.788,4,Apr,2.712500164581979,0.12975201946469825
2025-04-03,19.72,28.04,12.04,0.0,20.71,18.971,4,Apr,1.7897485856958197,0.14147136291582196
2025-04-04,18.37,25.8,11.94,0.0,20.03142857142857,19.117,4,Apr,1.615729232384307,-0.3115486961882173
2025-04-05,20.59,29.31,11.36,0.0,20.381428571428575,19.325333333333333,4,Apr,1.3868721230576717,0.2757327108294493
2025-04-06,22.38,31.05,16.27,0.0,20.708571428571428,19.569666666666667,4,Apr,1.565284091056467,0.7578732908805692
2025-04-07,22.21,29.74,13.12,0.01,20.654285714285713,19.78666666666667,4,Apr,1.4941313768972122,0.5528268677502649
2025-04-08,26.23,36.74,18.93,0.0,21.31142857142857,20.10533333333333,4,Apr,2.5983419621714705,1.4917674205940292
2025-04-09,20.84,28.42,15.19,0.18,21.47714285714286,20.215666666666667,4,Apr,2.5125267115377294,-0.13337804506559914
2025-04-10,16.9,23.14,11.47,0.38,21.07428571428571,20.201999999999998,4,Apr,3.0167137591694146,-1.235171640413986
2025-04-11,15.29,22.2,8.83,0.02,20.634285714285713,20.100666666666665,4,Apr,3.6376038685874112,-1.6779555679436147
2025-04-12,16.99,24.52,9.95,0.0,20.12,19.941,4,Apr,3.890595498549492,-1.2038381118049497
2025-04-13,16.38,22.15,10.44,0.41,19.262857142857143,19.697333333333333,4,Apr,3.969835069142141,-1.3781523181881388
2025-04-14,18.13,25.47,11.64,0.01,18.68,19.598666666666663,4,Apr,3.7589271519056733,-0.9141540774487952
2025-04-15,18.43,27.51,9.92,0.0,17.565714285714286,19.447333333333336,4,Apr,1.786326371288953,-0.8529421494897723
2025-04-16,18.6,28.02,9.8,0.0,17.245714285714286,19.249000000000002,4,Apr,1.209529621283574,-0.8065951010760287
2025-04-17,20.89,31.4,11.34,0.0,17.815714285714286,19.25,4,Apr,1.8103761776941112,-0.1269893771482751
2025-04-18,22.18,32.61,13.52,0.0,18.8,19.41166666666667,4,Apr,2.063605259410583,0.239662533052302
2025-04-19,22.72,33.78,12.09,0.0,19.618571428571425,19.694333333333336,4,Apr,2.3434549179323323,0.3941927924460612
2025-04-20,23.45,33.54,14.13,0.0,20.62857142857143,20.016666666666666,4,Apr,2.236123346116626,0.5996044016457196
2025-04-21,27.21,37.06,16.36,0.0,21.925714285714285,20.459333333333333,4,Apr,3.03578027939474,1.7104128239148264
2025-04-22,30.76,39.85,23.12,0.0,23.687142857142856,20.985999999999997,4,Apr,4.070256807154857,2.6796070502517835
2025-04-23,26.84,34.79,19.68,0.0,24.864285714285717,21.317999999999998,4,Apr,3.5062746476512365,1.4399069555809834
2025-04-24,20.41,24.08,16.1,0.0,24.79571428571429,21.324333333333335,4,Apr,3.6003835774486324,-0.376446773548005
2025-04-25,21.47,29.11,14.46,0.0,24.694285714285716,21.287666666666667,4,Apr,3.695108736076448,-0.1392962436692737
2025-04-26,21.87,28.75,14.88,0.0,24.572857142857146,21.137,4,Apr,3.783705037330967,-0.13631156194950733
2025-04-27,22.29,29.99,15.09,0.0,24.407142857142855,21.109333333333332,4,Apr,3.8655948842996657,-0.16425052718807043
2025-04-28,21.63,30.07,13.75,0.0,23.610000000000003,21.225666666666665,4,Apr,3.765310965467084,-0.4202151108346913
2025-04-29,23.14,31.65,14.1,0.0,22.52142857142857,21.327333333333332,4,Apr,2.0764105933993484,-0.13068009530136274
2025-04-30,23.2,31.49,15.7,0.0,22.00142857142857,21.347666666666665,4,Apr,0.9820459692470652,-0.17689329655368632
2025-05-01,20.88,28.06,13.45,0.0,22.068571428571428,21.322666666666667,5,May,0.8640877380496356,-0.9243700841695505
2025-05-02,21.0,27.93,14.9,0.0,22.00142857142857,21.366666666666667,5,May,0.9337992034592199,-1.002574424888337
2025-05-03,20.28,26.27,14.33,0.01,21.774285714285714,21.38533333333333,5,May,1.141400559880437,-1.2421886216707811
2025-05-04,20.1,26.43,13.93,0.01,21.46142857142857,21.442999999999998,5,May,1.2694411968977188,-1.3409590834607652
2025-05-05,21.98,29.96,13.97,0.0,21.511428571428574,21.489333333333335,5,May,1.283996736385173,-0.835326328760927
2025-05-06,25.5,33.56,17.32,0.0,21.84857142857143,21.59333333333333,5,May,1.9301418650057167,0.15995043748251436
2025-05-07,26.63,36.0,17.33,0.0,22.33857142857143,21.740666666666666,5,May,2.636528200566237,0.5147105081740057
2025-05-08,26.38,36.19,16.97,0.0,23.124285714285715,21.74566666666667,5,May,2.93234750750349,0.5331211776509527
2025-05-09,28.16,38.18,18.29,0.0,24.14714285714286,21.989666666666665,5,May,3.294291599548694,1.0733040294894451
2025-05-10,28.88,38.1,20.25,0.0,25.375714285714285,22.389,5,May,3.214383596393213,1.2103879711143999
2025-05-11,31.67,41.74,22.06,0.0,27.02857142857143,22.935000000000002,5,May,3.018136448049917,1.9109907785278082
2025-05-12,25.62,33.4,19.06,0.0,27.548571428571428,23.22266666666667,5,May,2.20824537111421,0.06899357631362114
2025-05-13,28.29,37.11,20.88,0.0,27.947142857142858,23.619666666666667,5,May,2.0206905938787774,0.8374870662620387
2025-05-14,24.23,31.41,18.04,0.0,27.604285714285716,23.823,5,May,2.4412623588548645,-0.3855347011012101
2025-05-15,23.65,31.74,15.09,0.0,27.214285714285715,23.997,5,May,2.8528164863449677,-0.5874067356850372
2025-05-16,29.17,39.46,18.39,0.0,27.358571428571427,24.34933333333333,5,May,2.9330327226917676,1.057998992358788
2025-05-17,32.46,43.09,21.68,0.0,27.869999999999997,24.735,5,May,3.499880950356221,2.090494285535146
2025-05-18,26.93,36.08,20.1,0.0,27.192857142857143,24.89333333333333,5,May,3.0748697223660635,0.298103133040906
2025-05-19,24.35,33.42,17.07,0.0,27.01142857142857,24.947666666666667,5,May,3.2173095829249485,-0.649857557525729
2025-05-20,22.93,32.42,14.63,0.0,26.245714285714286,24.930333333333337,5,May,3.488685794311144,-1.3210926594454653
2025-05-21,23.47,32.71,15.45,0.66,26.137142857142855,24.805666666666664,5,May,3.5726867307658376,-1.2367388131781978
2025-05-22,24.22,34.34,14.87,6.19,26.21857142857143,24.587666666666667,5,May,3.5125414757761115,-0.9562841832363643
2025-05-23,26.18,36.7,15.61,0.0,25.791428571428572,24.56566666666667,5,May,3.267034478807059,-0.17614033662145753
2025-05-24,28.7,39.02,19.23,0.0,25.25428571428571,24.842,5,May,2.082121171168582,0.8119582776158116
2025-05-25,30.33,39.88,20.97,0.0,25.740000000000002,25.137333333333334,5,May,2.808166661720743,1.4738740085713473
2025-05-26,29.23,39.98,19.61,0.0,26.437142857142852,25.38266666666667,5,May,3.0044617614791265,1.038870143794455
2025-05-27,24.1,31.47,18.15,1.18,26.604285714285716,25.442999999999998,5,May,2.8025991337973526,-1.0591974082260298
2025-05-28,23.84,32.59,15.32,0.0,26.657142857142855,25.516666666666666,5,May,2.736340099997971,-1.200970866173169
2025-05-29,25.42,33.02,17.84,0.0,26.82857142857143,25.59266666666667,5,May,2.591990410035121,-0.5452903255744456
2025-05-30,26.44,33.42,18.23,0.0,26.865714285714287,25.700666666666667,5,May,2.5829947550782313,-0.19619428416762966
2025-05-31,26.08,32.7,19.82,0.0,26.49142857142857,25.874000000000002,5,May,2.459786092132279,-0.4244560301593594
2025-06-01,25.73,32.94,18.87,0.0,25.834285714285716,26.03166666666667,6,Jun,1.7853837789380322,-0.5525182978023735
2025-06-02,24.85,32.07,18.11,0.0,25.208571428571428,26.184,6,Jun,0.9851299164987302,-0.9411962708232318
2025-06-03,25.08,33.53,16.57,0.0,25.348571428571432,26.35,6,Jun,0.8634509940045557,-0.8426091898476209
2025-06-04,26.62,35.67,17.09,0.0,25.74571428571429,26.504666666666665,6,Jun,0.6720579623527431,-0.17816879223286
2025-06-05,27.24,36.81,17.57,0.0,26.005714285714284,26.562666666666665,6,Jun,0.8527965201393045,0.0381793322989552
2025-06-06,28.19,38.0,17.9,0.0,26.255714285714284,26.614666666666665,6,Jun,1.1908380402452,0.46818630853365506
2025-06-07,28.35,38.35,18.51,0.0,26.580000000000002,26.680333333333333,6,Jun,1.4217125822987011,0.49119098738938827
2025-06-08,27.89,37.54,18.28,0.0,26.888571428571428,26.671333333333333,6,Jun,1.440757076116828,0.18792046942525847
2025-06-09,28.56,37.74,18.6,0.0,27.41857142857143,26.660666666666668,6,Jun,1.2333075930388793,0.6029945016860105
2025-06-10,29.4,39.25,19.96,0.0,28.035714285714285,26.584999999999997,6,Jun,0.9052965838671941,1.183361572337001
2025-06-11,29.06,38.38,18.82,0.0,28.384285714285713,26.699666666666666,6,Jun,0.720158712665663,0.9990642906217347
2025-06-12,29.42,38.65,20.27,0.0,28.695714285714285,26.737333333333332,6,Jun,0.6050029515863969,1.234532584826064
2025-06-13,29.56,39.67,19.67,0.0,28.891428571428573,26.915,6,Jun,0.6349915634982554,1.348623450616573
2025-06-14,28.65,38.78,19.43,0.0,28.934285714285714,27.081666666666667,6,Jun,0.6016049961795891,0.5833733777163735
2025-06-15,27.19,36.45,18.65,0.0,28.834285714285716,27.015666666666668,6,Jun,0.8219460068002716,-0.6120292987186753
2025-06-16,26.46,35.97,17.55,0.0,28.534285714285716,26.81566666666667,6,Jun,1.2237627376640139,-1.2727901643850095
2025-06-17,27.88,36.53,20.08,0.0,28.31714285714286,26.847333333333335,6,Jun,1.1785685425648786,-0.31517497214592194
2025-06-18,28.57,36.98,19.73,0.0,28.247142857142858,26.988,6,Jun,1.141047972782114,0.0775783881166807
2025-06-19,28.28,37.09,18.67,0.0,28.084285714285716,27.166333333333334,6,Jun,1.020765352449624,-0.35028904231855323
2025-06-20,28.67,38.18,18.61,0.0,27.957142857142856,27.33966666666667,6,Jun,0.8469497089694971,-0.11681270875712883
2025-06-21,28.91,37.9,19.57,0.0,27.994285714285713,27.496,6,Jun,0.8871463077916047,0.026141521918541268
2025-06-22,28.27,37.85,19.61,0.0,28.148571428571426,27.565666666666665,6,Jun,0.8149320742945301,-0.6260175271624577
2025-06-23,27.55,36.1,19.8,0.0,28.304285714285715,27.527333333333335,6,Jun,0.4693917036210442,-1.3408602218079346
2025-06-24,28.37,37.43,19.18,0.0,28.374285714285715,27.462,6,Jun,0.43049805043491607,-0.6433086058704055
2025-06-25,28.64,37.18,19.75,0.42,28.384285714285713,27.442333333333334,6,Jun,0.4365721453493454,-0.4141314347728697
2025-06-26,28.09,36.38,18.72,0.78,28.357142857142858,27.575333333333337,6,Jun,0.4498412418363122,-0.9398245398501528
2025-06-27,29.1,37.46,20.06,0.74,28.41857142857143,27.750666666666667,6,Jun,0.5230815287447808,-0.052943334497780416
2025-06-28,29.55,38.82,20.4,1.99,28.509999999999998,27.888333333333332,6,Jun,0.6610345427179698,0.32840666089607284
2025-06-29,29.53,38.93,20.21,0.82,28.69,27.991333333333333,6,Jun,0.7503110466109043,0.3164232321905856
2025-06-30,29.92,38.37,20.9,0.0,29.02857142857143,28.11933333333333,6,Jun,0.6817484524226132,0.6635922585673802
2025-07-01,31.27,38.45,24.64,0.09,29.442857142857143,28.304,7,Jul,1.0146873785507244,1.9145774430228508
2025-07-02,30.01,37.86,22.55,0.61,29.638571428571428,28.476000000000003,7,Jul,0.9649253610412637,0.6108671471712649
2025-07-03,30.81,39.33,21.56,0.66,30.027142857142856,28.666999999999998,7,Jul,0.7641708858997404,1.1318787008382305
2025-07-04,30.51,38.81,23.08,0.48,30.22857142857143,28.796666666666667,7,Jul,0.6574300614620028,0.6837032033691012
2025-07-05,29.81,38.9,20.67,0.0,30.26571428571429,28.882333333333335,7,Jul,0.6189199502048316,0.036549934796572
2025-07-06,29.76,39.12,20.41,0.0,30.298571428571428,28.93466666666667,7,Jul,0.5781126929188906,-0.043951187778505055
2025-07-07,30.07,39.98,19.93,0.0,30.32,28.992,7,Jul,0.5643580423805844,0.16937255306221483
2025-07-08,29.75,39.44,19.96,0.0,30.102857142857143,29.054,7,Jul,0.40893007901530143,-0.21223907739748402
2025-07-09,29.31,38.64,19.51,0.0,30.002857142857145,29.079,7,Jul,0.5088128105601608,-0.7022382095391222
2025-07-10,30.62,40.27,20.31,0.0,29.975714285714286,29.119666666666667,7,Jul,0.46144183970271535,0.19623075637325987
2025-07-11,30.24,39.01,21.38,0.0,29.937142857142856,29.159,7,Jul,0.4186372449469808,-0.19526890711704298
2025-07-12,30.06,38.45,22.53,0.0,29.97285714285714,29.180333333333333,7,Jul,0.41664190402566437,-0.44747116742649545
2025-07-13,29.38,38.07,21.87,0.0,29.91857142857143,29.174333333333333,7,Jul,0.47029879053704615,-0.993525406687831
2025-07-14,28.64,37.27,20.34,0.0,29.714285714285715,29.173999999999996,7,Jul,0.6641751059985844,-1.5470327332667968
2025-07-15,29.19,37.49,20.44,0.0,29.634285714285713,29.240666666666666,7,Jul,0.6922874437410848,-1.2391139495599972
2025-07-16,31.36,39.72,22.62,0.0,29.927142857142858,29.404,7,Jul,0.9262957462514131,0.23517211811198105
2025-07-17,32.55,40.74,24.23,0.0,30.20285714285714,29.559666666666665,7,Jul,1.3549503593084575,1.0677361482643644
2025-07-18,32.4,40.05,24.42,0.0,30.511428571428574,29.687333333333335,7,Jul,1.5903294058298905,0.9695483888420586
2025-07-19,30.66,38.75,22.61,0.0,30.59714285714286,29.766666666666666,7,Jul,1.5780654220247357,-0.1535282393625744
2025-07-20,30.01,38.7,21.26,0.0,30.687142857142856,29.811333333333334,7,Jul,1.513733951587961,-0.5716735488077599
2025-07-21,30.74,38.98,22.32,0.0,30.987142857142857,29.872333333333337,7,Jul,1.2199960967929753,-0.10050815686748128
2025-07-22,32.28,40.96,23.11,0.0,31.428571428571427,30.006000000000004,7,Jul,1.0006735826668078,0.907353110607423
2025-07-23,33.45,42.14,24.24,0.0,31.727142857142855,30.202666666666666,7,Jul,1.2560216861941815,1.6697362225854133
2025-07-24,33.08,41.72,23.86,0.0,31.802857142857142,30.359666666666666,7,Jul,1.327814172311048,1.4182326120364428
2025-07-25,33.12,42.03,24.88,0.0,31.905714285714286,30.509,7,Jul,1.4072888490858932,1.445894686102015
2025-07-26,33.2,43.04,23.2,0.0,32.26857142857143,30.679333333333332,7,Jul,1.3591961910312547,1.4779432169256548
2025-07-27,33.87,42.66,25.08,0.0,32.82,30.838333333333335,7,Jul,1.034359705324781,1.7915718280569006
2025-07-28,32.88,41.39,24.69,0.0,33.12571428571429,30.949333333333335,7,Jul,0.4903011708070801,1.066605101642067
2025-07-29,31.41,40.13,23.98,0.0,33.00142857142857,31.012,7,Jul,0.7705718346659925,0.08764490176633563
2025-07-30,30.0,38.03,22.83,0.0,32.50857142857143,31.014666666666667,7,Jul,1.3335220104597214,-0.8329678834118969
2025-07-31,29.49,37.0,23.09,0.0,31.995714285714286,30.955333333333332,7,Jul,1.7133676112930876,-1.217146506816968
2025-08-01,29.31,36.83,22.29,0.0,31.451428571428572,30.932,8,Aug,1.8924889129698805,-1.3375381599268708
2025-08-02,29.7,36.61,22.69,0.0,30.951428571428572,30.895,8,Aug,1.8142530930699665,-1.0633572298560956
2025-08-03,30.26,37.24,23.71,0.0,30.435714285714287,30.886666666666667,8,Aug,1.281104434239555,-0.675493591734694
2025-08-04,30.02,36.93,23.16,0.0,30.027142857142856,30.893666666666665,8,Aug,0.6924765768771558,-0.8110179513828826
2025-08-05,29.66,37.22,22.39,0.0,29.777142857142856,30.89033333333333,8,Aug,0.3322004558347958,-1.0689435152278401
2025-08-06,29.63,38.86,21.33,0.0,29.724285714285713,30.875666666666667,8,Aug,0.3200446397430783,-1.0892222633965383
2025-08-07,28.73,37.25,21.5,0.0,29.615714285714287,30.841666666666665,8,Aug,0.4942623170897694,-1.5535947536918016
2025-08-08,29.91,37.91,22.28,0.0,29.701428571428572,30.861666666666668,8,Aug,0.48433557827260443,-0.863206141588308
2025-08-09,31.41,39.67,23.62,0.0,29.945714285714285,30.887999999999998,8,Aug,0.8071525494569985,0.022961924128011138
2025-08-10,33.12,41.7,24.51,0.0,30.354285714285712,30.983999999999998,8,Aug,1.4558944231736877,1.069326326885413
2025-08-11,33.57,42.28,25.02,0.0,30.861428571428572,31.101,8,Aug,1.877342346433899,1.4093284501870706
2025-08-12,34.12,43.33,26.29,0.0,31.49857142857143,31.259,8,Aug,2.1400812178623596,1.8508540061125054
2025-08-13,34.41,44.52,25.53,0.0,32.181428571428576,31.451333333333334,8,Aug,2.206070628753124,2.059835636096211
2025-08-14,33.69,43.94,25.19,0.0,32.89,31.601333333333333,8,Aug,1.635512152201736,1.6553209613671003
2025-08-15,32.52,41.58,24.66,0.0,33.26285714285714,31.639999999999997,8,Aug,1.027354438768178,1.0101679899489464
2025-08-16,30.23,37.94,23.99,0.0,33.09428571428571,31.562666666666665,8,Aug,1.4082478136895684,-0.24975446757883044
2025-08-17,29.48,37.87,23.04,0.0,32.574285714285715,31.465333333333334,8,Aug,1.9608064424520548,-0.6637575317878524
2025-08-18,30.7,39.77,21.52,0.0,32.16428571428572,31.466666666666665,8,Aug,2.017150276527469,-0.009598239133554393
2025-08-19,33.45,41.49,25.55,0.0,32.06857142857143,31.58133333333333,8,Aug,1.9225627737598672,1.516516869636664
2025-08-20,30.87,38.12,25.05,0.0,31.562857142857144,31.585666666666665,8,Aug,1.6503304142474389,0.13224827202694803
2025-08-21,30.53,38.54,22.68,0.0,31.111428571428572,31.52733333333333,8,Aug,1.381851759673939,-0.038979819923200716
2025-08-22,30.73,39.32,22.58,0.0,30.85571428571429,31.436666666666664,8,Aug,1.2356355603878224,0.06531314235427024
2025-08-23,31.08,40.8,21.83,0.0,30.97714285714286,31.37,8,Aug,1.2052899275790416,0.24520220306780655
2025-08-24,30.59,40.14,22.02,0.0,31.13571428571429,31.285666666666668,8,Aug,1.0367233180048139,0.012671268233851691
2025-08-25,29.3,37.34,22.52,0.0,30.935714285714287,31.155666666666665,8,Aug,1.2482502038566856,-0.5820944456839838
2025-08-26,28.56,36.54,21.12,0.0,30.23714285714286,30.978666666666665,8,Aug,0.9358723966742873,-0.8403533992373297
2025-08-27,27.93,36.45,20.82,0.0,29.81714285714286,30.813666666666666,8,Aug,1.2208428002232323,-1.0596907619113227
2025-08-28,28.32,35.53,20.97,0.0,29.501428571428573,30.71066666666667,8,Aug,1.2895920358963915,-0.7996931363015729
2025-08-29,29.35,36.79,22.05,0.0,29.304285714285715,30.689,8,Aug,1.1704537174795506,-0.1451376362153764
2025-08-30,29.33,37.43,21.98,0.0,29.054285714285715,30.683666666666667,8,Aug,0.8784239132835493,-0.05173163473938964
2025-08-31,29.35,38.69,20.41,0.0,28.87714285714286,30.685000000000002,8,Aug,0.597096147637577,0.04880949933794168
2025-09-01,30.67,39.27,23.03,0.0,29.072857142857142,30.717333333333332,9,Sep,0.9042992551456384,1.0339851541731593
2025-09-02,29.23,38.34,22.26,0.0,29.16857142857143,30.683,9,Sep,0.8759838006763745,0.0887098371962156
2025-09-03,28.18,36.33,20.4,0.38,29.204285714285714,30.621666666666666,9,Sep,0.8204035011881105,-0.5372716568902967
2025-09-04,29.12,37.26,21.23,0.0,29.318571428571428,30.603666666666665,9,Sep,0.7271044989413484,0.2569964021048898
2025-09-05,29.72,38.44,20.86,1.66,29.37142857142857,30.60666666666667,9,Sep,0.7430439325598983,0.8510979883743396
2025-09-06,29.13,36.68,22.54,1.61,29.342857142857145,30.62,9,Sep,0.7487259019095515,0.4728116185835309
2025-09-07,28.28,35.57,20.95,1.06,29.189999999999998,30.565666666666665,9,Sep,0.8494704232636981,-0.1057378426478825
2025-09-08,27.9,34.78,22.57,0.0,28.794285714285714,30.448666666666668,9,Sep,0.6717106803491172,-0.2806588281928133
2025-09-09,26.99,34.55,19.88,0.0,28.474285714285713,30.244333333333334,9,Sep,0.917966178441104,-0.9702235149427494
2025-09-10,27.12,34.46,20.18,0.0,28.322857142857142,30.029333333333337,9,Sep,1.052215350038676,-0.7101860872472191
2025-09-11,27.67,35.76,20.31,0.0,28.115714285714287,29.814333333333334,9,Sep,1.011053199108957,-0.13927365221726676
2025-09-12,27.83,37.18,18.94,0.0,27.845714285714287,29.594999999999995,9,Sep,0.7223770285858195,0.026273601906129367
2025-09-13,28.1,37.26,19.65,0.0,27.69857142857143,29.408666666666665,9,Sep,0.4821282184725737,0.2707163315463648
2025-09-14,28.7,38.07,20.24,0.0,27.75857142857143,29.281333333333336,9,Sep,0.5822779568621268,0.7843239882880384
2025-09-15,27.55,36.0,20.0,0.0,27.708571428571428,29.192,9,Sep,0.5831360210512953,0.014374600685499462
2025-09-16,26.62,33.9,20.73,0.0,27.655714285714286,29.096666666666668,9,Sep,0.6694987463979989,-0.6377682201900693
2025-09-17,27.41,34.88,20.89,0.0,27.69714285714286,28.987000000000002,9,Sep,0.6391065191789712,0.10907336995664298
2025-09-18,27.73,36.29,20.26,0.01,27.705714285714286,28.796333333333333,9,Sep,0.6390841661537927,0.43919787200507937
2025-09-19,27.17,35.06,20.03,0.0,27.611428571428576,28.673000000000002,9,Sep,0.6658185080892614,-0.00704785872517903
2025-09-20,27.01,34.42,21.14,0.01,27.455714285714286,28.55566666666667,9,Sep,0.659945885227347,-0.05725250833752931
2025-09-21,26.3,33.56,19.43,0.0,27.112857142857145,28.408,9,Sep,0.5127934699829002,-0.5875935356784352
2025-09-22,25.85,32.66,18.71,0.0,26.87,28.233666666666668,9,Sep,0.654293512118206,-0.7647589522885703
2025-09-23,26.52,33.87,20.21,0.0,26.85571428571429,28.098,9,Sep,0.661711345498838,-0.06194635893686606
2025-09-24,25.62,33.03,19.0,0.0,26.599999999999998,27.97533333333333,9,Sep,0.7515761216714245,-0.7509668920936723
2025-09-25,24.92,32.38,18.03,0.0,26.19857142857143,27.854,9,Sep,0.7965222024825397,-1.113450236736386
2025-09-26,26.14,34.05,19.01,0.0,26.05142857142857,27.794333333333334,9,Sep,0.6726670442209711,-0.07122042749984756
2025-09-27,26.27,34.55,18.86,0.0,25.945714285714285,27.726,9,Sep,0.5424591272731395,0.12302032667424853
2025-09-28,26.43,34.6,19.36,0.0,25.964285714285715,27.628666666666668,9,Sep,0.5585951766965068,0.31986161685217124
2025-09-29,26.39,35.22,18.56,0.0,26.041428571428572,27.530666666666665,9,Sep,0.5771605372115384,0.39472737281839754
2025-09-30,26.97,35.31,19.48,0.0,26.10571428571428,27.45133333333333,9,Sep,0.6586566415277336,0.8669341472226711
2025-10-01,25.5,33.72,18.15,0.0,26.08857142857143,27.279,10,Oct,0.6747698020171834,0.07184629698447642
2025-10-02,27.66,37.05,18.97,0.0,26.479999999999997,27.226666666666667,10,Oct,0.6786260629634973,1.3942281764575895
2025-10-03,26.72,34.58,20.04,0.0,26.562857142857144,27.178,10,Oct,0.6654751256486917,0.93388839538454
2025-10-04,25.96,33.22,19.44,0.0,26.518571428571427,27.07266666666667,10,Oct,0.6977446660832457,0.6032665943742931
2025-10-05,24.93,31.91,19.64,0.0,26.304285714285715,26.913,10,Oct,0.9233427883304853,0.10341275434381905
2025-10-06,23.42,30.67,16.65,0.0,25.88,26.72266666666667,10,Oct,1.4240201309438572,-0.7227364161035146
2025-10-07,24.39,31.86,17.35,0.0,25.511428571428574,26.593000000000004,10,Oct,1.4287573688515696,-0.12295603730774744
2025-10-08,25.23,32.54,19.04,0.01,25.472857142857144,26.504,10,Oct,1.4327562514923877,0.3918844202945142
2025-10-09,23.28,29.49,17.25,0.0,24.84714285714286,26.380333333333333,10,Oct,1.2649863541519097,-0.7710819934406637
2025-10-10,22.99,29.86,16.96,0.0,24.314285714285717,26.242666666666665,10,Oct,1.1221238366428148,-0.9425123398963086
2025-10-11,22.78,30.31,15.99,0.0,23.860000000000003,26.079666666666665,10,Oct,0.9794556311203875,-1.0766019025194733
2025-10-12,22.74,30.24,16.82,0.0,23.547142857142855,25.91,10,Oct,0.9291880736377282,-1.078764091537842
2025-10-13,22.65,30.51,15.84,0.0,23.437142857142856,25.728333333333335,10,Oct,0.9903150051998255,-1.1099075579663378
2025-10-14,22.95,30.52,16.34,0.0,23.231428571428573,25.53666666666667,10,Oct,0.905307103905123,-0.8663305854101891
2025-10-15,22.83,29.88,16.86,0.0,22.888571428571428,25.37933333333333,10,Oct,0.2087605144204558,-0.872729738833859
2025-10-16,22.77,30.38,16.3,0.0,22.815714285714286,25.251,10,Oct,0.11914377069482543,-0.8614564407376656
2025-10-17,22.53,30.27,16.61,0.0,22.75,25.08833333333333,10,Oct,0.1330413469570465,-1.0069132591189625
2025-10-18,22.05,30.91,15.07,0.0,22.645714285714284,24.899,10,Oct,0.29415739227277565,-1.4557265994219457
2025-10-19,22.67,31.61,15.25,0.0,22.635714285714283,24.749000000000002,10,Oct,0.2915965902213536,-0.9779479662745731
2025-10-20,24.03,33.45,16.39,0.0,22.832857142857144,24.64966666666667,10,Oct,0.6030399181292107,0.33352684025304113
2025-10-21,24.68,33.67,17.57,0.0,23.080000000000002,24.595666666666666,10,Oct,0.9266966422011034,0.9170135635123101
2025-10-22,25.34,34.68,18.4,0.0,23.43857142857143,24.578666666666667,10,Oct,1.244835043575817,1.486087826144589
2025-10-23,25.16,34.16,17.55,0.0,23.78,24.533333333333335,10,Oct,1.3538833036861442,1.3510875965491358
2025-10-24,24.98,33.01,19.01,0.0,24.13,24.512,10,Oct,1.2921558213569921,1.2809830343422342
2025-10-25,25.24,33.36,18.61,0.0,24.58571428571429,24.522666666666666,10,Oct,0.9548098788565095,1.5081416986849487
2025-10-26,24.14,31.19,18.09,0.0,24.795714285714286,24.456,10,Oct,0.5307182913391761,0.5298608702362004
2025-10-27,23.9,31.07,18.54,0.0,24.777142857142856,24.377,10,Oct,0.563255841387565,0.2956964183534918
2025-10-28,23.16,30.96,16.89,0.0,24.56,24.268000000000004,10,Oct,0.834585725574917,-0.30147821510682693
2025-10-29,22.51,30.98,15.92,0.0,24.155714285714282,24.13866666666667,10,Oct,1.0511241148227892,-0.6538203877350904
2025-10-30,22.68,29.78,17.49,0.0,23.80142857142857,23.99566666666667,10,Oct,1.0739091918691486,-0.39631539572140045
2025-10-31,23.67,31.8,18.21,0.0,23.614285714285717,23.93466666666667,10,Oct,0.9401038443147317,0.2884395115243735
2025-11-01,23.73,32.42,16.95,0.0,23.398571428571426,23.80366666666667,11,Nov,0.6254978969171073,0.36299315429452406
2025-11-02,24.31,32.48,18.36,0.15,23.422857142857143,23.723333333333336,11,Nov,0.6613550303661268,0.6680123319094134
2025-11-03,24.96,30.79,21.19,0.01,23.574285714285715,23.69,11,Nov,0.875497137685407,0.9690391412814605
2025-11-04,25.61,33.86,19.53,0.0,23.924285714285713,23.712666666666667,11,Nov,1.1338703209635579,1.2457642847827897
2025-11-05,24.66,32.3,19.15,0.0,24.231428571428573,23.754,11,Nov,0.9656332735814941,0.8902692067527732
2025-11-06,22.3,28.8,17.28,0.0,24.177142857142858,23.68433333333333,11,Nov,1.0721895710137128,-0.05810427520638622
2025-11-07,21.93,29.15,16.48,0.0,23.928571428571427,23.574333333333335,11,Nov,1.3697618840688022,-0.2006084473622127
2025-11-08,22.03,29.18,15.89,0.0,23.685714285714287,23.532666666666668,11,Nov,1.5497188685141146,-0.15303527330473668
2025-11-09,23.27,30.65,17.75,0.0,23.537142857142857,23.541999999999998,11,Nov,1.5296155757326433,0.3882788020261861
2025-11-10,23.59,31.36,18.12,0.0,23.34142857142857,23.569000000000003,11,Nov,1.3993144580047219,0.6056536772451272
2025-11-11,21.23,27.25,16.43,0.0,22.715714285714284,23.518666666666665,11,Nov,1.177537786270715,-0.34522581081764075
2025-11-12,19.56,26.31,13.54,0.01,21.987142857142857,23.415666666666667,11,Nov,1.3405311669349254,-0.9146422381259388
2025-11-13,19.45,25.71,14.66,0.31,21.580000000000002,23.299,11,Nov,1.6310017371746641,-0.8567488750303351
2025-11-14,18.36,23.74,14.08,0.49,21.069999999999997,23.15,11,Nov,2.016027446903135,-1.1922006016904718
2025-11-15,18.3,25.69,12.08,0.0,20.537142857142857,23.000999999999998,11,Nov,2.2041605679995087,-1.1383238894073506
2025-11-16,19.04,25.35,14.1,0.12,19.93285714285714,22.884666666666664,11,Nov,1.8870940118404056,-0.7189662002238992
2025-11-17,18.92,25.55,14.08,0.0,19.26571428571429,22.780333333333335,11,Nov,0.9918309187702692,-0.661517961655195
2025-11-18,18.45,26.65,11.62,0.0,18.868571428571425,22.639666666666663,11,Nov,0.5172500546618852,-0.7371694552137177
2025-11-19,20.62,30.07,13.19,0.0,19.02,22.526,11,Nov,0.8199796745449072,0.09390581328140676
2025-11-20,22.02,30.63,15.54,0.0,19.38714285714286,22.437333333333335,11,Nov,1.4086484572776061,0.7118854561888706
2025-11-21,24.09,33.38,17.89,0.0,20.205714285714286,22.395666666666667,11,Nov,2.1709126893456587,1.6471581911477573
2025-11-22,24.78,33.99,18.02,0.0,21.131428571428568,22.383,11,Nov,2.5681019487255,1.9473667348340649
2025-11-23,24.8,33.78,18.7,0.0,21.954285714285714,22.377000000000002,11,Nov,2.705413444330088,1.9086455863205152
2025-11-24,20.66,26.46,16.12,0.0,22.20285714285714,22.224333333333334,11,Nov,2.447833833451642,0.5146816234148577
2025-11-25,18.42,24.05,14.26,0.0,22.19857142857143,22.033666666666665,11,Nov,2.4555137179514395,-0.13437879208193967
2025-11-26,17.2,23.89,11.96,0.0,21.71,21.810333333333336,11,Nov,3.082212408860464,-0.4645308458468585
2025-11-27,17.86,25.65,11.97,0.0,21.115714285714287,21.633666666666667,11,Nov,3.397410077999907,-0.16980719516582676
2025-11-28,18.1,24.51,12.77,0.0,20.259999999999998,21.486666666666668,11,Nov,3.2755864614854495,-0.044438173694763994
2025-11-29,18.36,23.38,14.88,0.0,19.342857142857145,21.342666666666666,11,Nov,2.6352843887375643,0.08299337370414371
2025-11-30,15.63,22.46,9.22,0.55,18.032857142857143,21.074666666666662,11,Nov,1.508892687654513,-0.8150301200362589
2025-12-01,16.6,23.08,11.52,2.02,17.452857142857145,20.837,12,Dec,1.0373799414184106,-0.4527738528868506
2025-12-02,16.95,23.88,11.53,0.21,17.242857142857144,20.591666666666665,12,Dec,0.9544407487409928,-0.29948069563128654
2025-12-03,17.85,24.6,13.53,0.0,17.335714285714285,20.354666666666667,12,Dec,0.9808305518430257,0.041576138923840725
2025-12-04,18.83,26.92,12.85,0.0,17.474285714285717,20.128666666666668,12,Dec,1.1251497254863572,0.4001685403214127
2025-12-05,18.58,25.38,13.92,0.0,17.54285714285714,19.926,12,Dec,1.182789278016416,0.39056933406477257
2025-12-06,15.56,22.41,11.08,0.0,17.142857142857142,19.70133333333333,12,Dec,1.3252636754713882,-0.502318829970445
2025-12-07,13.28,19.91,8.0,0.0,16.807142857142857,19.413,12,Dec,1.9314046208715407,-1.2519748129354775
2025-12-08,13.69,19.98,8.18,0.08,16.391428571428573,19.134999999999998,12,Dec,2.267373139203402,-1.1108636978047515
2025-12-09,13.93,19.75,8.32,0.36,15.959999999999999,18.823666666666668,12,Dec,2.425201022595889,-1.0366252735941317
2025-12-10,15.58,20.36,12.12,0.43,15.635714285714284,18.556666666666665,12,Dec,2.277636619706647,-0.12084440465551928
2025-12-11,15.28,21.36,10.62,0.12,15.128571428571428,18.358333333333338,12,Dec,1.7911116526841966,-0.2308989848772164
2025-12-12,15.76,20.92,11.48,0.03,14.725714285714286,18.23166666666667,12,Dec,1.0487112272191088,0.09627272366739381
2025-12-13,15.87,21.65,9.96,0.02,14.769999999999998,18.112333333333332,12,Dec,1.0953233921237615,0.24185689327499743
2025-12-14,17.01,21.57,13.29,0.1,15.30285714285714,18.067333333333337,12,Dec,1.1553024753388048,1.0104622272753505
2025-12-15,15.42,21.18,10.91,0.33,15.549999999999999,17.971333333333334,12,Dec,0.9122499657441239,0.17970477831400658
2025-12-16,15.78,21.7,11.55,0.07,15.814285714285715,17.862666666666666,12,Dec,0.5675637157436348,0.4214113321504443
2025-12-17,14.68,20.3,9.7,0.0,15.685714285714285,17.721333333333334,12,Dec,0.7128313765742387,-0.19314302396325717
2025-12-18,13.44,21.44,7.76,0.0,15.422857142857142,17.554333333333332,12,Dec,1.113832936092288,-0.8774230521079558
2025-12-19,13.87,21.6,7.88,0.0,15.152857142857142,17.329333333333334,12,Dec,1.2403724479058589,-0.5210425069214107
2025-12-20,15.53,24.05,9.53,0.0,15.104285714285714,17.113,12,Dec,1.2139859573990421,0.7270900311153512
2025-12-21,14.96,22.67,10.43,0.0,14.81142857142857,16.808666666666667,12,Dec,0.878567557095708,0.550842328596168
2025-12-22,13.19,21.02,8.01,0.0,14.492857142857142,16.422333333333334,12,Dec,1.0148516194616741,-0.7380553988877442
2025-12-23,12.37,20.48,6.09,0.0,14.005714285714285,16.008,12,Dec,1.108164505580626,-1.3860758335310177
2025-12-24,14.42,22.06,8.88,0.0,13.968571428571428,15.8,12,Dec,1.0859316824956353,0.09184842255273913
2025-12-25,14.99,22.71,9.21,0.0,14.19,15.685666666666666,12,Dec,1.117750717587265,0.37885430864333053
2025-12-26,14.38,22.01,8.76,0.0,14.262857142857143,15.591666666666667,12,Dec,1.1100107249589921,0.006676773896602826
2025-12-27,13.67,20.97,8.41,0.11,13.997142857142858,15.451999999999998,12,Dec,0.9699091759149372,-0.42183895614149025
2025-12-28,12.96,19.19,9.13,0.72,13.711428571428572,15.280666666666667,12,Dec,0.9328706336077942,-0.8785062661919192
2025-12-29,13.75,20.18,7.69,0.06,13.79142857142857,15.127,12,Dec,0.9042755585077328,-0.2660490072358059
2025-12-30,14.61,20.58,10.27,0.0,14.111428571428572,15.093,12,Dec,0.687881495885106,0.448464572188406
2025-12-31,13.63,20.03,8.82,0.0,13.998571428571429,14.994,12,Dec,0.6935999945077376,-0.16139116587564636
2026-01-01,13.01,19.97,8.59,0.09,13.715714285714286,14.862666666666666,1,Jan,0.621928643893675,-0.5511238775696291
2026-01-02,12.61,17.98,7.14,0.39,13.462857142857143,14.688,1,Jan,0.6651494640484966,-0.789226143428819
2026-01-03,10.72,18.49,4.72,0.0,13.04142857142857,14.417666666666666,1,Jan,1.2173527093853367,-2.1059021440304924
2026-01-04,12.54,18.95,6.09,0.04,12.981428571428571,14.216333333333333,1,Jan,1.2322936415675534,-0.8044872523319276
2026-01-05,14.13,22.65,9.35,0.0,13.035714285714286,14.168666666666667,1,Jan,1.279268764344996,0.398927377996134
2026-01-06,14.03,21.68,6.33,0.0,12.952857142857143,14.193666666666667,1,Jan,1.1748292682445451,0.38680269041598775
2026-01-07,16.66,25.75,9.75,0.0,13.385714285714284,14.292666666666667,1,Jan,1.8373065171863494,2.092504204236503
2026-01-08,17.65,26.86,11.76,0.0,14.04857142857143,14.416666666666666,1,Jan,2.4228593890376295,2.4210607097200167
2026-01-09,14.18,18.88,9.26,0.21,14.272857142857143,14.37,1,Jan,2.3387013083170713,0.27811200805916614
2026-01-10,13.27,20.53,7.29,0.01,14.637142857142859,14.302999999999999,1,Jan,1.8380761163575283,-0.25704654837148777
2026-01-11,14.35,21.13,9.15,0.0,14.895714285714286,14.256,1,Jan,1.60663060619486,0.3804866923157606
2026-01-12,12.48,18.34,6.74,0.01,14.66,14.143,1,Jan,1.8415573119871933,-0.787014338445928
2026-01-13,11.51,16.64,6.35,0.04,14.299999999999999,13.959666666666667,1,Jan,2.1972103525455875,-1.3376427480065833
2026-01-14,12.53,18.12,7.89,0.02,13.709999999999999,13.863333333333333,1,Jan,2.003871253349422,-0.7102247542777554
2026-01-15,13.36,19.91,8.73,0.05,13.097142857142856,13.782666666666668,1,Jan,1.0052149734546043,-0.18936127225132543
2026-01-16,12.74,19.52,7.04,0.0,12.891428571428573,13.718,1,Jan,0.887081893465585,-0.5816510355504521
2026-01-17,12.79,19.9,8.0,0.0,12.822857142857142,13.696333333333333,1,Jan,0.8713536267539982,-0.5963286250412345
2026-01-18,13.32,20.36,7.68,0.0,12.675714285714283,13.678,1,Jan,0.6216874118843361,-0.37350111311210166
2026-01-19,12.51,18.9,7.35,0.0,12.679999999999998,13.577333333333334,1,Jan,0.6202150164796661,-0.9231405922125909
2026-01-20,12.64,18.7,7.38,0.0,12.84142857142857,13.5,1,Jan,0.3555009878764823,-0.8925824611621441
2026-01-21,16.3,25.0,9.65,0.0,13.379999999999999,13.603666666666667,1,Jan,1.3286961027012625,1.1649070717279393
2026-01-22,17.46,21.65,14.29,0.0,13.965714285714286,13.773333333333333,1,Jan,2.0345831443882427,1.7605469801530762
2026-01-23,13.28,20.82,7.31,0.0,14.042857142857144,13.735333333333333,1,Jan,1.9901148566998133,-0.5431366982373497
2026-01-24,13.24,21.8,6.9,0.0,14.107142857142858,13.677,1,Jan,1.9497582267700055,-0.5591563276448246
2026-01-25,15.94,23.92,9.27,0.0,14.481428571428571,13.729000000000001,1,Jan,2.0235482744544995,0.5337660580399678
2026-01-26,15.4,24.34,9.51,0.0,14.894285714285715,13.786666666666667,1,Jan,1.8408590127334732,0.22836567091086937
2026-01-27,12.13,19.43,5.63,0.0,14.821428571428571,13.758999999999999,1,Jan,1.9517037733856473,-1.0958941801189888
2026-01-28,12.87,20.22,7.71,0.0,14.331428571428571,13.729666666666667,1,Jan,1.9491915295957418,-0.8595957236673024
2026-01-29,13.09,20.52,6.43,0.0,13.707142857142857,13.678999999999998,1,Jan,1.4036347374551046,-0.8681065814606345
2026-01-30,15.31,23.88,10.13,0.0,13.997142857142858,13.734999999999998,1,Jan,1.5066045077781094,-0.059563731427425055
2026-01-31,17.4,26.65,10.95,0.0,14.59142857142857,13.881333333333334,1,Jan,1.9215048666035461,0.7237715601411655
2026-02-01,17.13,22.42,13.22,0.0,14.76142857142857,14.032,2,Feb,2.1046173727579176,0.5134741359619107
2026-02-02,15.23,22.81,9.69,0.0,14.737142857142857,14.182333333333334,2,Feb,2.0969876353610903,-0.3125935897584042
2026-02-03,14.07,21.8,8.35,0.0,15.014285714285714,14.233333333333333,2,Feb,1.8025154381480486,-0.8095570720842693
2026-02-04,13.63,21.73,7.63,0.0,15.122857142857143,14.216666666666667,2,Feb,1.6698374600113886,-1.0436970030083654
2026-02-05,15.75,24.36,8.16,0.0,15.502857142857142,14.274000000000001,2,Feb,1.4130429845516408,-0.21470447969596812
2026-02-06,19.56,27.56,13.67,0.0,16.109999999999996,14.370666666666667,2,Feb,2.07456822817025,1.3720594881933565
2026-02-07,19.3,28.34,12.77,0.0,16.38142857142857,14.425666666666666,2,Feb,2.374141448828972,1.301283582369138
2026-02-08,20.84,30.76,14.15,0.0,16.91142857142857,14.647666666666668,2,Feb,2.9203734268721617,1.9387188129804724
2026-02-09,18.63,26.45,12.79,0.0,17.397142857142857,14.826333333333334,2,Feb,2.8765240267014227,1.0270762848511181
2026-02-10,17.23,25.38,10.57,0.0,17.84857142857143,14.922333333333334,2,Feb,2.4892397003330884,0.4567907285398752
2026-02-11,15.59,23.55,8.9,0.0,18.128571428571426,15.026,2,Feb,1.9972433382993233,-0.2178596713643974
2026-02-12,17.1,24.07,10.86,0.0,18.321428571428573,15.212333333333333,2,Feb,1.7829697003541647,0.3936046758596606
2026-02-13,20.0,27.46,14.93,0.0,18.384285714285713,15.461333333333334,2,Feb,1.8407322559501431,1.646272674348084
2026-02-14,16.8,24.06,10.28,0.0,18.027142857142856,15.575999999999999,2,Feb,1.8756484592954028,0.266081734202643
2026-02-15,19.74,30.78,10.11,0.0,17.869999999999997,15.809333333333333,2,Feb,1.6308075709087855,1.5036554519056922
2026-02-16,19.9,29.58,12.65,0.0,18.05142857142857,16.046333333333333,2,Feb,1.7921163333838088,1.5874255746410217
2026-02-17,16.21,22.66,11.19,0.01,17.905714285714286,16.142666666666667,2,Feb,1.9077723234430557,0.16041108286161174
2026-02-18,14.81,22.09,9.6,0.0,17.794285714285714,16.21933333333333,2,Feb,2.0805276345425736,-0.37817942088858153
2026-02-19,14.15,22.16,7.23,0.0,17.372857142857143,16.269666666666666,2,Feb,2.5009045982451825,-0.6464557374650414
2026-02-20,14.45,23.57,7.22,0.0,16.580000000000002,16.208000000000002,2,Feb,2.4072113880311337,-0.5486222868223797
2026-02-21,13.76,22.42,7.03,0.01,16.145714285714284,16.084666666666667,2,Feb,2.625254636175704,-0.8183905657446218
2026-02-22,15.11,22.47,9.49,0.0,15.484285714285715,16.145666666666667,2,Feb,2.099332093332397,-0.22956457300490846
2026-02-23,13.64,19.37,8.84,0.07,14.59,16.159,2,Feb,0.8895504482603417,-0.8064814996973376
2026-02-24,14.97,22.06,9.88,0.02,14.412857142857144,16.126666666666665,2,Feb,0.584257770900245,-0.15399698079179147
2026-02-25,15.11,22.87,9.82,0.0,14.455714285714285,16.117,2,Feb,0.6276372928919618,-0.0334012318012901
2026-02-26,14.07,21.8,8.43,0.06,14.444285714285714,16.181666666666665,2,Feb,0.634819059335349,-0.5479834122050571
2026-02-27,13.42,20.94,7.82,0.01,14.297142857142857,16.2,2,Feb,0.74336429574648,-0.8744013608534366
2026-02-28,12.37,19.62,6.06,0.0,14.098571428571429,16.176000000000002,2,Feb,1.0380177996456241,-1.3417339255704672
2026-03-01,12.6,19.82,5.44,0.0,13.74,16.085666666666665,3,Mar,1.0636102042886155,-1.27512275986411
2026-03-02,12.38,18.61,6.85,0.56,13.56,15.918333333333331,3,Mar,1.1832441280931318,-1.3828631756796357
2026-03-03,13.71,21.65,6.54,0.01,13.379999999999999,15.804333333333334,3,Mar,1.0171856598806739,-0.7434790720092471
2026-03-04,14.25,22.18,7.1,0.0,13.257142857142858,15.771666666666667,3,Mar,0.8027393575692523,-0.4619076095360076
2026-03-05,14.55,23.06,7.86,0.01,13.325714285714286,15.787666666666667,3,Mar,0.8985331962493777,-0.3207812905204199
2026-03-06,14.78,23.33,7.7,0.02,13.52,15.825999999999999,3,Mar,1.055619881081038,-0.24929391401299186
2026-03-07,15.38,23.36,9.08,0.0,13.950000000000001,15.813666666666666,3,Mar,1.1201785571953236,0.03203220869975577
2026-03-08,15.05,23.05,8.04,0.0,14.299999999999999,15.663333333333332,3,Mar,1.004888053466745,-0.14555885024100698
2026-03-09,14.64,22.42,7.83,0.0,14.622857142857143,15.508000000000001,3,Mar,0.541347525031116,-0.38257287278428354
2026-03-10,14.37,22.59,7.37,0.0,14.717142857142859,15.292333333333334,3,Mar,0.3930103597328087,-0.5429094865757903
2026-03-11,15.16,24.01,7.44,0.0,14.847142857142858,15.176666666666668,3,Mar,0.36201815266269,-0.16679346721328456
2026-03-12,16.48,25.69,8.33,0.0,15.122857142857143,15.151666666666666,3,Mar,0.6870398893251854,0.4816540826193254
2026-03-13,19.58,29.36,10.98,0.01,15.808571428571428,15.284666666666668,3,Mar,1.7930089102904865,1.9809316022502246
2026-03-14,19.14,24.64,12.34,0.0,16.345714285714287,15.352666666666666,3,Mar,2.167347512074458,1.5848009430948353
2026-03-15,15.6,22.84,10.79,0.02,16.424285714285713,15.206,3,Mar,2.1220419187099027,-0.10327967363011185
2026-03-16,16.74,24.56,10.6,0.0,16.724285714285713,15.203999999999999,3,Mar,1.9708023505065118,0.3995959064161947
2026-03-17,18.13,27.28,9.51,0.0,17.26142857142857,15.150333333333332,3,Mar,1.7184336721893998,1.028041325762305
2026-03-18,20.6,29.06,13.87,0.01,18.038571428571426,15.173666666666666,3,Mar,1.8357780237220886,1.9472820943840725
2026-03-19,16.9,23.22,12.56,0.29,18.09857142857143,15.196666666666665,3,Mar,1.7824368017915744,0.11935752309945516
2026-03-20,17.78,25.15,10.33,0.0,17.841428571428573,15.295666666666667,3,Mar,1.658638282562232,0.465516660176724
2026-03-21,14.7,18.8,11.37,0.45,17.207142857142856,15.314,3,Mar,1.9092992980472914,-1.042519328256034
2026-03-22,15.5,22.63,9.94,0.0,17.192857142857143,15.348999999999998,3,Mar,1.923648567052693,-0.7298082750050016
2026-03-23,15.83,23.72,9.58,0.44,17.062857142857144,15.418,3,Mar,1.988992326830486,-0.6237346122695051
2026-03-24,17.19,23.37,11.25,0.09,16.928571428571427,15.487333333333334,3,Mar,1.9359616780937843,-0.03126873005188345
2026-03-25,14.06,17.69,11.19,3.99,15.994285714285715,15.501333333333331,3,Mar,1.3617862918835797,-1.6373224489146794
2026-03-26,14.72,20.43,10.0,1.0,15.682857142857143,15.493,3,Mar,1.3693881150075573,-1.4282310401398741
2026-03-27,15.93,23.7,8.28,0.0,15.418571428571429,15.520333333333333,3,Mar,1.0348498855942536,-0.8865793433681227
2026-03-28,19.69,27.72,10.21,0.67,16.131428571428575,15.707666666666666,3,Mar,1.8527945431287676,1.0371955069896954
2026-03-29,16.79,23.2,10.81,3.81,16.315714285714286,15.82,3,Mar,1.8436544971230413,-0.4812779769815601
2026-03-30,15.65,23.25,8.83,0.0,16.29,15.929333333333334,3,Mar,1.8527906879443896,-1.0729827107934355
2026-03-31,18.06,25.82,10.27,0.0,16.414285714285715,16.111333333333334,3,Mar,1.9498620219805318,0.06358465094068803
2026-04-01,22.25,26.16,17.58,3.78,17.584285714285716,16.440333333333335,4,Apr,2.6376242918129824,1.9127495133016534
2026-04-02,19.78,24.71,13.55,0.18,18.307142857142857,16.642666666666667,4,Apr,2.404916590970214,0.48233078206396457
2026-04-03,18.56,26.38,11.42,0.0,18.68285714285714,16.78633333333333,4,Apr,2.165130591024578,0.005729050193625852
2026-04-04,17.5,25.71,10.58,0.0,18.37,16.884666666666664,4,Apr,2.153539721791385,-0.4066730369224847
2026-04-05,19.08,27.46,12.32,0.0,18.697142857142858,17.028000000000002,4,Apr,2.044706289305085,0.09250019837619929
2026-04-06,18.47,25.97,11.28,0.01,19.099999999999998,17.131000000000004,4,Apr,1.5660672612204751,-0.16651571564209808
2026-04-07,18.76,25.22,13.06,0.0,19.199999999999996,17.254666666666665,4,Apr,1.509933773382106,-0.10977208520350841
2026-04-08,17.45,25.14,10.94,0.0,18.514285714285712,17.348333333333336,4,Apr,0.8314617077343648,-0.6453609529207043
2026-04-09,18.76,27.25,9.86,0.0,18.368571428571425,17.494666666666667,4,Apr,0.640011160616962,-0.218380468922106
2026-04-10,19.05,26.96,11.38,0.0,18.43857142857143,17.624333333333333,4,Apr,0.6893337017591207,-0.22269784058882577
2026-04-11,18.93,27.32,11.04,0.0,18.642857142857142,17.706,4,Apr,0.5656180774372174,-0.4006328092322456
2026-04-12,19.87,28.21,12.58,0.0,18.755714285714287,17.715666666666667,4,Apr,0.724013285855443,-0.12058785963265806
2026-04-13,20.04,29.04,10.85,0.0,18.98,17.74566666666667,4,Apr,0.8525256594378496,-0.06802573951399883
2026-04-14,21.2,31.84,12.0,0.0,19.32857142857143,17.932333333333336,4,Apr,1.1825315862085317,0.32793032077014883
2026-04-15,22.47,33.22,14.75,0.0,20.045714285714286,18.12333333333333,4,Apr,1.3619698619138978,0.8013486384308668
2026-04-16,27.68,38.74,16.31,0.0,21.32,18.441666666666666,4,Apr,3.0657353658352666,3.0578154602105645
2026-04-17,23.65,29.84,17.23,0.0,21.97714285714286,18.543333333333333,4,Apr,2.9901377576164485,1.2632358126082734
2026-04-18,21.46,27.68,16.2,0.0,22.338571428571424,18.695333333333334,4,Apr,2.699181533795132,0.19271219949378143
2026-04-19,21.09,29.2,14.03,0.0,22.512857142857143,18.805666666666664,4,Apr,2.5483963211250105,0.022042841236963737
2026-04-20,18.93,26.65,11.9,0.0,22.354285714285712,18.946666666666665,4,Apr,2.7541414702398503,-0.865820951589686
2026-04-21,19.08,27.54,10.8,0.0,22.051428571428573,19.065999999999995,4,Apr,3.00716604447565,-0.7799813148619185
2026-04-22,20.11,29.7,10.83,0.0,21.714285714285715,19.208666666666666,4,Apr,3.083736138424995,-0.37741678106236487
2026-04-23,21.63,30.9,12.15,0.0,20.849999999999998,19.356666666666666,4,Apr,1.645448267190367,0.2304812695131978
2026-04-24,22.14,29.86,13.54,0.0,20.634285714285713,19.625999999999998,4,Apr,1.2743214814539674,0.40479551604679326
2026-04-25,25.16,34.69,15.6,0.0,21.162857142857142,19.974,4,Apr,2.144292535124403,1.6273553898809212
2026-04-26,21.9,28.94,15.81,0.0,21.27857142857143,20.173000000000002,4,Apr,2.161491989124034,0.1334085392446957
2026-04-27,20.83,28.43,14.84,0.01,21.549999999999994,20.211,4,Apr,1.9236250500898222,-0.4015427195725009
2026-04-28,22.3,30.93,14.58,0.01,22.009999999999998,20.39466666666667,4,Apr,1.590723106011761,0.05152138587854386
2026-04-29,22.37,30.5,14.35,0.0,22.33285714285714,20.61866666666667,4,Apr,1.352303150008714,0.010113425269756487
2026-04-30,21.82,30.5,13.66,0.0,22.359999999999996,20.743999999999996,4,Apr,1.337672107306699,-0.25294303316218847
2026-05-01,22.85,32.49,12.97,0.0,22.461428571428574,20.764,5,May,1.3451075368586547,0.06454483168854566
2026-05-02,26.28,35.56,17.3,0.0,22.621428571428574,20.980666666666668,5,May,1.730890219621283,1.251886751737
2026-05-03,20.22,27.46,13.8,0.06,22.381428571428575,21.035999999999998,5,May,1.9501745953582288,-0.7567674372942617
2026-05-04,17.7,25.07,10.42,0.01,21.934285714285718,21.042666666666666,5,May,2.61178008991855,-1.5001002580028653
2026-05-05,18.09,25.61,10.98,0.01,21.332857142857144,21.009666666666668,5,May,2.973245781328922,-1.4183964288466422
2026-05-06,19.23,27.29,11.59,0.0,20.884285714285713,21.035,5,May,3.0270715063839666,-1.181328937269285
2026-05-07,19.85,28.9,11.89,0.0,20.602857142857143,21.07133333333333,5,May,3.017138347759947,-1.0627373622254181
2026-05-08,21.27,31.14,12.63,0.0,20.377142857142854,21.198666666666664,5,May,2.8768484740870477,-0.700839992594687
2026-05-09,23.9,33.76,14.44,0.0,20.037142857142857,21.37,5,May,2.0982191995889425,0.03943979120463677
2026-05-10,25.36,35.27,15.42,0.0,20.771428571428572,21.580333333333332,5,May,2.9137686282626163,0.4442725867616976
2026-05-11,26.9,36.44,16.31,0.0,22.085714285714285,21.846,5,May,3.341022084845931,0.9096846336994748
2026-05-12,29.12,40.23,19.46,0.0,23.66142857142857,22.154333333333334,5,May,3.721780168017339,1.5555048387546606
2026-05-13,25.64,36.18,14.98,0.0,24.577142857142857,22.341,5,May,3.2020135034365413,0.48365805768405173
2026-05-14,29.28,38.87,20.15,0.0,25.924285714285713,22.610333333333333,5,May,2.8456039613342674,1.5477474689533044
2026-05-15,23.6,31.03,17.5,0.0,26.25714285714286,22.648000000000003,5,May,2.2930744593645054,-0.2095301708587053
2026-05-16,24.1,32.92,15.3,0.0,26.285714285714285,22.528666666666666,5,May,2.259814573092501,-0.10624013473343498
2026-05-17,31.14,41.26,20.45,0.0,27.111428571428572,22.778333333333332,5,May,2.845320301661465,1.971555830046045
2026-05-18,28.94,37.22,21.88,0.0,27.40285714285714,23.027666666666665,5,May,2.9234552290380167,1.2695546513301927
2026-05-19,27.96,36.84,19.58,0.0,27.237142857142857,23.256666666666668,5,May,2.8416293113030076,0.8825131243383227
2026-05-20,23.99,30.91,17.05,0.0,27.001428571428573,23.425333333333334,5,May,3.056503604727724,-0.43269642528490443
2026-05-21,22.25,29.83,14.78,0.0,25.997142857142858,23.531000000000002,5,May,3.326092373369966,-1.1743672526656892
2026-05-22,23.83,31.43,16.26,0.0,26.029999999999998,23.654999999999998,5,May,3.2994949108410587,-0.8105553252372419
2026-05-23,24.97,32.1,17.42,0.0,26.154285714285713,23.766333333333332,5,May,3.230339802264555,-0.552336647663808
2026-05-24,24.89,32.28,17.46,0.0,25.261428571428574,23.858,5,May,2.3724560310039604,-0.712118977137987
2026-05-25,24.36,32.05,16.43,0.0,24.607142857142854,23.83133333333333,5,May,1.734711448490299,-1.0130047441414138
2026-05-26,24.06,31.5,16.68,0.0,24.05,23.903333333333332,5,May,0.9073955403605498,-1.1751853972419548
2026-05-27,24.94,32.64,17.31,0.0,24.185714285714283,24.04033333333333,5,May,0.9660720667190283,-0.8335151826543071
2026-05-28,25.91,33.14,18.25,0.0,24.708571428571425,24.160666666666664,5,May,0.6966928680418977,-0.43938872523357597
2026-05-29,26.38,33.91,18.76,0.0,25.072857142857146,24.294333333333334,5,May,0.8170213029800826,-0.2916390735615738
2026-05-30,26.52,34.38,18.37,0.0,25.294285714285714,24.451000000000004,5,May,0.9785679527220797,-0.23337599219310334
2026-05-31,27.03,35.14,18.28,0.0,25.599999999999998,24.590333333333334,5,May,1.1504057255302385,-0.0876652731818007
2026-06-01,28.23,36.08,19.44,0.0,26.152857142857147,24.655333333333335,6,Jun,1.3650606126432085,0.38714948571514424
2026-06-02,29.67,37.96,20.48,0.0,26.954285714285714,24.970333333333333,6,Jun,1.5638931884119243,1.1065668813607494
2026-06-03,30.16,37.54,22.16,0.0,27.7,25.385666666666665,6,Jun,1.6833102308643473,1.346139450345807
2026-06-04,28.94,37.06,20.47,0.0,28.132857142857144,25.747333333333334,6,Jun,1.5287872566808276,0.7827476739238863
2026-06-05,29.07,37.08,20.49,0.0,28.517142857142858,26.075333333333337,6,Jun,1.3413390608603255,0.8008333393367967
2026-06-06,29.13,38.19,21.52,0.0,28.890000000000004,26.384666666666668,6,Jun,1.0172675819726533,0.8209553064986946
2026-06-07,27.16,35.81,18.78,0.0,28.90857142857143,26.581000000000003,6,Jun,0.9780836462423724,-0.3147377910463796
2026-06-08,29.51,38.48,19.28,0.0,29.09142857142857,26.767999999999997,6,Jun,0.949305510560269,1.0237285330367802
2026-06-09,30.2,38.96,21.2,0.0,29.16714285714286,26.929333333333336,6,Jun,1.0215301314806835,1.4494253530745163
2026-06-10,29.0,37.61,20.79,0.0,29.001428571428573,26.999333333333333,6,Jun,0.9229559139237188,0.6602099900742335
2026-06-11,28.94,37.36,20.0,0.0,29.001428571428573,26.993333333333332,6,Jun,0.9229559139237188,0.5986199422990534
2026-06-12,28.9,37.01,20.43,0.0,28.977142857142855,27.101999999999997,6,Jun,0.9230874694142621,0.5268670854939506
2026-06-13,29.12,37.81,19.96,0.0,28.975714285714282,27.096666666666668,6,Jun,0.9228191795223961,0.6697769645442889
2026-06-14,27.87,35.92,21.22,0.0,29.077142857142857,27.238999999999997,6,Jun,0.7027734173897136,-0.7390412710464066
2026-06-15,27.0,35.7,18.43,0.0,28.71857142857143,27.335666666666665,6,Jun,1.0157497817114174,-1.6557387894894566
2026-06-16,28.09,36.59,19.51,0.0,28.417142857142856,27.233999999999998,6,Jun,0.7910902663558763,-0.7547837286657192
2026-06-17,28.35,36.78,19.91,0.0,28.32428571428571,27.214333333333336,6,Jun,0.7482614770883566,-0.5726128447763412
2026-06-18,28.25,36.0,20.43,0.0,28.225714285714282,27.224,6,Jun,0.6973487205799254,-0.668913634458761
2026-06-19,28.52,35.67,21.71,0.0,28.171428571428574,27.375,6,Jun,0.6492413154702281,-0.4487797264787305
2026-06-20,28.39,36.27,20.43,0.0,28.067142857142862,27.579666666666665,6,Jun,0.5165499100019727,-0.5884467963523483
2026-06-21,27.77,36.41,20.25,0.0,28.052857142857142,27.711000000000002,6,Jun,0.5242364061404432,-1.0917778566260425
2026-06-22,27.56,35.72,19.17,0.0,28.132857142857144,27.797333333333334,6,Jun,0.35084252334873345,-1.2349345415946373
2026-06-23,28.21,36.97,19.87,0.0,28.150000000000002,27.908,6,Jun,0.3513308032788502,-0.8717152040810727
2026-06-24,28.66,37.67,19.95,0.0,28.194285714285716,28.051333333333336,6,Jun,0.3972764420750317,-0.517572910137583
2026-06-25,28.69,37.81,19.43,0.0,28.25714285714286,28.205666666666666,6,Jun,0.4400649302732058,-0.469952075339377
2026-06-26,28.92,37.64,20.09,0.0,28.314285714285713,28.338333333333335,6,Jun,0.5015594728056867,-0.3337704780058749
2026-06-27,29.57,37.79,20.33,0.0,28.482857142857146,28.46033333333333,6,Jun,0.6930058750518209,0.10189128914764137
2026-06-28,30.94,39.15,21.99,0.0,28.935714285714287,28.612333333333332,6,Jun,1.0782216399057558,1.0726452312471282
2026-06-29,31.74,39.66,22.42,0.0,29.532857142857146,28.78633333333333,6,Jun,1.319769099573696,1.6383947710895164
2026-06-30,30.93,39.38,22.75,0.0,29.92142857142857,28.916333333333334,6,Jun,1.264639982648553,0.9948303037310018
2026-07-01,30.97,39.42,22.52,0.0,30.25142857142857,29.00766666666667,7,Jul,1.1791158915531994,1.0257944021855134
2026-07-02,30.64,38.75,22.33,0.0,30.53,29.040000000000003,7,Jul,0.9584362263598872,0.7400755980302746
2026-07-03,30.85,38.63,22.43,0.0,30.805714285714288,29.063000000000002,7,Jul,0.6441753680177909,0.8668574820197528
2026-07-04,30.96,38.82,23.29,0.0,31.004285714285714,29.130333333333333,7,Jul,0.3441345251896424,0.8418976705345076
2026-07-05,31.08,38.86,22.8,0.0,31.024285714285714,29.197333333333333,7,Jul,0.3438438183645277,0.7728541846249185
2026-07-06,31.99,38.95,25.65,0.0,31.060000000000002,29.292666666666666,7,Jul,0.43220365569824004,1.235637741830369
2026-07-07,29.93,37.7,22.81,0.0,30.91714285714286,29.384999999999998,7,Jul,0.6107294623558089,-0.3357132577930621
2026-07-08,28.76,36.18,21.03,0.0,30.601428571428574,29.36,7,Jul,1.0157661898192551,-1.3128967760284271
2026-07-09,29.05,36.18,21.21,0.0,30.374285714285715,29.321666666666665,7,Jul,1.1715354190523808,-1.2098924682307204
2026-07-10,30.59,37.73,23.01,0.0,30.337142857142858,29.374666666666666,7,Jul,1.1579826464687686,-0.1958630945363969
2026-07-11,30.59,38.14,22.47,0.0,30.284285714285712,29.429666666666666,7,Jul,1.1329880426381003,-0.2972568371227718
2026-07-12,29.92,38.59,22.0,0.0,30.118571428571432,29.46366666666667,7,Jul,1.0808396207177609,-0.839591898505456
2026-07-13,29.78,38.09,20.93,0.0,29.802857142857142,29.485666666666667,7,Jul,0.698085818164839,-0.978280147912525
2026-07-14,30.68,39.79,21.35,0.0,29.91,29.579333333333334,7,Jul,0.7742523275171461,-0.28392184925142466
2026-07-15,29.72,37.66,22.33,0.0,30.04714285714286,29.67,7,Jul,0.6025975518725967,-1.0340554585438213
2026-07-16,29.84,37.43,22.0,0.0,30.16,29.728333333333335,7,Jul,0.4355456348065332,-0.9619519150859954
2026-07-17,30.5,37.87,22.57,0.0,30.14714285714286,29.8,7,Jul,0.4218496685505041,-0.48421421766667067
2026-07-18,31.9,39.14,24.15,0.0,30.334285714285716,29.921666666666667,7,Jul,0.785172107307847,0.5057973233177975
2026-07-19,32.83,40.39,24.51,0.0,30.75,30.065333333333335,7,Jul,1.1934683350075228,1.0958977995546573
2026-07-20,33.54,41.03,25.25,0.0,31.287142857142857,30.237000000000002,7,Jul,1.4927459516573416,1.5554685555455932
2026-07-21,32.81,40.69,24.27,0.0,31.59142857142857,30.404999999999998,7,Jul,1.56376072947446,1.033429546640609
2026-07-22,33.14,41.83,24.23,0.0,32.08,30.591,7,Jul,1.4081311491946185,1.2963132175602474
2026-07-23,33.55,42.5,24.01,0.0,32.61,30.769000000000002,7,Jul,1.0858176642506618,1.5898024032235194
2026-07-24,31.32,38.52,24.61,0.0,32.72714285714285,30.857666666666663,7,Jul,0.8356577107419996,-0.07091519424074863
2026-07-25,32.6,42.57,24.34,0.0,32.82714285714286,30.988,7,Jul,0.758501028029987,0.9079503355011541
2026-07-26,29.72,36.52,23.01,0.0,32.38285714285714,31.014666666666667,7,Jul,1.3978878625230513,-1.4719213587559006
2026-07-27,30.22,37.88,22.71,0.0,31.90857142857143,31.036333333333335,7,Jul,1.499382412544065,-1.1137817364052858
2026-07-28,31.19,39.36,22.34,0.0,31.677142857142858,31.044666666666664,7,Jul,1.4616054447727476,-0.41971110040046883
2026-07-29,32.13,39.82,23.57,0.0,31.532857142857146,31.057666666666663,7,Jul,1.3377308434519595,
2026-07-30,32.64,40.69,24.84,0.0,31.40285714285714,31.11466666666667,7,Jul,1.1384011344232052,
2026-07-31,31.88,39.48,24.36,0.0,31.482857142857146,31.145,7,Jul,1.151212611201495,
2026-08-01,32.69,40.36,25.01,0.0,31.49571428571429,31.21333333333333,8,Aug,1.1661740456556176,
2026-08-02,33.21,40.69,25.27,0.0,31.994285714285713,31.291999999999998,8,Aug,1.016970290336646,
2026-08-03,32.36,39.9,24.9,0.0,32.300000000000004,31.33866666666667,8,Aug,0.6502307282794283,
2026-08-04,31.37,39.25,23.91,0.0,32.325714285714284,31.348333333333336,8,Aug,0.6006900793482148,
2026-08-05,30.82,38.61,23.96,0.0,32.13857142857143,31.30933333333333,8,Aug,0.8315332940095873,
2026-08-06,30.72,38.57,22.03,0.0,31.86428571428571,31.33566666666667,8,Aug,0.9471863094242627,
2026-08-07,31.07,38.15,24.07,0.0,31.748571428571427,31.412666666666667,8,Aug,0.9933013737262643,
2026-08-08,31.18,38.51,23.19,0.0,31.532857142857146,31.483666666666668,8,Aug,0.91570945693637,
2026-08-09,31.46,38.96,23.59,0.0,31.282857142857146,31.51266666666667,8,Aug,0.5456101870286135,
2026-08-10,32.73,39.79,24.81,0.0,31.335714285714285,31.584,8,Aug,0.6708913757786373,
2026-08-11,33.83,41.66,25.52,0.0,31.687142857142856,31.714333333333332,8,Aug,1.1587595995385236,
