datetime,temperature,relative_humidity,precipitation,wind_speed,cloud_cover,surface_pressure
2022-01-01 00:00:00,11.6,95,0.0,13.4,26,1011.2
2022-01-01 01:00:00,10.9,96,0.0,13.8,9,1011.0
2022-01-01 02:00:00,10.6,96,0.0,13.7,12,1010.8
2022-01-01 03:00:00,10.7,95,0.0,11.2,14,1010.3
2022-01-01 04:00:00,10.3,96,0.0,7.6,2,1010.4
2022-01-01 05:00:00,9.6,96,0.0,5.8,31,1010.3
2022-01-01 06:00:00,8.8,97,0.0,6.5,83,1010.1
2022-01-01 07:00:00,8.7,96,0.0,7.6,96,1010.7
2022-01-01 08:00:00,10.0,93,0.0,4.5,97,1011.1
2022-01-01 09:00:00,10.4,93,0.0,1.3,99,1011.8
2022-01-01 10:00:00,12.3,86,0.0,1.8,100,1012.1
2022-01-01 11:00:00,14.4,77,0.0,6.2,99,1012.1
2022-01-01 12:00:00,16.3,67,0.0,8.3,100,1011.6
2022-01-01 13:00:00,17.6,56,0.1,4.4,100,1010.9
2022-01-01 14:00:00,18.0,50,0.1,1.0,91,1010.3
2022-01-01 15:00:00,18.2,47,0.0,4.5,18,1010.2
2022-01-01 16:00:00,18.3,46,0.0,4.5,66,1010.1
2022-01-01 17:00:00,17.8,48,0.0,8.6,73,1010.2
2022-01-01 18:00:00,16.0,59,0.0,11.6,48,1010.7
2022-01-01 19:00:00,14.5,69,0.0,11.4,13,1011.6
2022-01-01 20:00:00,13.4,76,0.0,8.7,16,1011.9
2022-01-01 21:00:00,12.9,79,0.0,7.9,15,1012.5
2022-01-01 22:00:00,12.1,84,0.0,6.3,22,1012.9
2022-01-01 23:00:00,10.9,91,0.0,6.4,26,1013.1
2022-01-02 00:00:00,10.0,94,0.0,8.4,25,1013.4
2022-01-02 01:00:00,10.0,94,0.0,7.2,12,1013.3
2022-01-02 02:00:00,10.0,94,0.0,6.4,2,1012.9
2022-01-02 03:00:00,10.2,94,0.0,5.2,1,1013.0
2022-01-02 04:00:00,10.0,96,0.0,5.9,0,1013.2
2022-01-02 05:00:00,9.6,97,0.0,6.3,1,1013.2
2022-01-02 06:00:00,8.8,98,0.0,7.6,0,1013.3
2022-01-02 07:00:00,9.5,96,0.0,6.5,1,1013.7
2022-01-02 08:00:00,9.0,96,0.0,4.8,0,1014.1
2022-01-02 09:00:00,10.7,90,0.0,3.3,5,1014.7
2022-01-02 10:00:00,13.2,78,0.0,2.5,16,1015.3
2022-01-02 11:00:00,15.7,68,0.0,1.6,8,1015.6
2022-01-02 12:00:00,17.7,60,0.0,5.1,44,1015.0
2022-01-02 13:00:00,19.0,54,0.1,8.4,59,1014.1
2022-01-02 14:00:00,19.4,52,0.2,9.5,98,1013.4
2022-01-02 15:00:00,18.5,57,0.2,8.7,100,1013.9
2022-01-02 16:00:00,18.7,58,0.0,7.8,100,1014.1
2022-01-02 17:00:00,18.6,57,0.0,6.3,100,1014.2
2022-01-02 18:00:00,16.9,66,0.1,4.8,100,1014.5
2022-01-02 19:00:00,15.2,78,0.0,7.3,100,1015.1
2022-01-02 20:00:00,14.2,87,0.0,8.4,44,1015.6
2022-01-02 21:00:00,13.3,93,0.0,7.4,29,1016.2
2022-01-02 22:00:00,12.8,95,0.0,6.3,32,1016.6
2022-01-02 23:00:00,12.4,95,0.0,5.1,12,1016.7
2022-01-03 00:00:00,11.2,96,0.0,8.9,9,1016.7
2022-01-03 01:00:00,10.7,97,0.0,9.3,4,1016.6
2022-01-03 02:00:00,11.1,97,0.0,8.0,4,1016.5
2022-01-03 03:00:00,11.4,97,0.0,7.6,10,1016.5
2022-01-03 04:00:00,11.7,95,0.0,7.3,1,1016.3
2022-01-03 05:00:00,11.8,95,0.0,6.7,7,1016.1
2022-01-03 06:00:00,11.7,95,0.0,6.8,4,1016.1
2022-01-03 07:00:00,12.1,93,0.0,5.4,11,1016.5
2022-01-03 08:00:00,10.3,96,0.0,5.5,14,1017.1
2022-01-03 09:00:00,12.2,91,0.0,5.1,24,1017.7
2022-01-03 10:00:00,14.4,81,0.0,3.9,11,1018.2
2022-01-03 11:00:00,16.7,71,0.0,4.1,4,1018.5
2022-01-03 12:00:00,18.7,60,0.0,5.7,21,1018.1
2022-01-03 13:00:00,20.1,50,0.0,8.3,38,1017.6
2022-01-03 14:00:00,20.6,47,0.0,9.8,37,1017.0
2022-01-03 15:00:00,19.9,50,0.0,8.4,35,1017.0
2022-01-03 16:00:00,20.3,48,0.0,8.9,53,1017.1
2022-01-03 17:00:00,19.6,50,0.0,9.2,47,1017.3
2022-01-03 18:00:00,17.4,60,0.0,4.9,20,1017.7
2022-01-03 19:00:00,15.8,70,0.0,6.9,8,1018.2
2022-01-03 20:00:00,14.8,78,0.0,6.5,15,1018.6
2022-01-03 21:00:00,13.7,84,0.0,6.8,100,1019.2
2022-01-03 22:00:00,14.8,79,0.0,7.1,61,1019.8
2022-01-03 23:00:00,13.4,86,0.0,5.1,49,1020.0
2022-01-04 00:00:00,11.6,92,0.0,8.2,7,1020.2
2022-01-04 01:00:00,11.0,92,0.0,8.1,6,1020.3
2022-01-04 02:00:00,11.7,88,0.0,5.9,0,1020.1
2022-01-04 03:00:00,12.5,87,0.0,5.2,0,1020.1
2022-01-04 04:00:00,11.7,91,0.0,6.9,100,1020.3
2022-01-04 05:00:00,12.1,93,0.0,6.5,100,1020.2
2022-01-04 06:00:00,12.7,90,0.0,5.5,98,1020.2
2022-01-04 07:00:00,12.9,89,0.0,4.3,33,1020.5
2022-01-04 08:00:00,10.5,96,0.0,6.2,19,1020.9
2022-01-04 09:00:00,12.3,90,0.0,4.3,21,1021.6
2022-01-04 10:00:00,14.7,77,0.0,2.9,2,1022.1
2022-01-04 11:00:00,17.2,63,0.0,3.7,0,1022.5
2022-01-04 12:00:00,18.8,49,0.0,7.9,14,1022.1
2022-01-04 13:00:00,19.5,44,0.0,10.2,13,1021.4
2022-01-04 14:00:00,19.5,44,0.0,11.5,11,1020.6
2022-01-04 15:00:00,19.1,44,0.0,9.0,13,1020.1
2022-01-04 16:00:00,19.0,45,0.0,9.4,7,1020.0
2022-01-04 17:00:00,18.3,49,0.0,9.5,18,1020.2
2022-01-04 18:00:00,16.1,58,0.0,4.8,11,1020.1
2022-01-04 19:00:00,14.0,68,0.0,6.6,15,1020.7
2022-01-04 20:00:00,12.7,77,0.0,8.4,43,1020.8
2022-01-04 21:00:00,12.1,82,0.0,8.4,11,1021.1
2022-01-04 22:00:00,11.5,88,0.0,6.2,57,1021.1
2022-01-04 23:00:00,11.7,88,0.0,5.3,100,1021.1
2022-01-05 00:00:00,12.1,84,0.0,4.8,100,1020.9
2022-01-05 01:00:00,11.9,85,0.0,7.0,100,1020.8
2022-01-05 02:00:00,12.4,82,0.0,4.9,88,1020.5
2022-01-05 03:00:00,11.8,87,0.0,4.3,65,1020.6
2022-01-05 04:00:00,11.0,91,0.0,5.4,72,1020.7
2022-01-05 05:00:00,10.9,91,0.0,4.0,100,1020.8
2022-01-05 06:00:00,10.7,93,0.0,4.7,100,1020.6
2022-01-05 07:00:00,10.3,94,0.0,4.7,100,1021.2
2022-01-05 08:00:00,10.3,94,0.0,4.0,95,1021.4
2022-01-05 09:00:00,12.3,82,0.0,4.7,27,1021.7
2022-01-05 10:00:00,14.6,70,0.0,3.7,9,1021.8
2022-01-05 11:00:00,17.0,60,0.0,2.2,1,1021.8
2022-01-05 12:00:00,18.7,51,0.0,1.0,42,1021.1
2022-01-05 13:00:00,19.6,46,0.0,1.6,31,1020.2
2022-01-05 14:00:00,20.1,44,0.0,2.1,23,1019.5
2022-01-05 15:00:00,20.0,45,0.0,2.8,6,1018.9
2022-01-05 16:00:00,20.3,44,0.0,3.1,10,1018.9
2022-01-05 17:00:00,20.0,45,0.0,4.2,26,1019.0
2022-01-05 18:00:00,17.4,53,0.0,4.8,36,1019.2
2022-01-05 19:00:00,17.1,55,0.0,3.4,22,1020.0
2022-01-05 20:00:00,13.8,71,0.0,7.3,3,1020.1
2022-01-05 21:00:00,12.9,79,0.0,6.0,7,1020.1
2022-01-05 22:00:00,11.4,90,0.0,8.2,0,1020.1
2022-01-05 23:00:00,11.4,88,0.0,6.9,0,1020.4
2022-01-06 00:00:00,11.0,90,0.0,6.3,0,1020.4
2022-01-06 01:00:00,9.7,95,0.0,5.7,0,1020.2
2022-01-06 02:00:00,8.6,97,0.0,7.2,0,1019.7
2022-01-06 03:00:00,9.5,95,0.0,8.7,12,1019.0
2022-01-06 04:00:00,9.5,96,0.0,7.0,0,1018.8
2022-01-06 05:00:00,9.0,97,0.0,7.6,0,1018.6
2022-01-06 06:00:00,8.8,99,0.0,7.1,10,1018.6
2022-01-06 07:00:00,8.2,100,0.0,7.6,37,1018.7
2022-01-06 08:00:00,7.8,100,0.0,7.9,100,1018.7
2022-01-06 09:00:00,10.3,96,0.0,4.7,100,1018.6
2022-01-06 10:00:00,12.5,83,0.0,3.3,51,1018.7
2022-01-06 11:00:00,15.3,70,0.0,2.9,100,1018.6
2022-01-06 12:00:00,17.4,60,0.0,2.3,33,1018.0
2022-01-06 13:00:00,19.3,48,0.0,2.3,41,1016.6
2022-01-06 14:00:00,20.4,41,0.0,1.8,51,1015.2
2022-01-06 15:00:00,20.3,38,0.0,2.5,100,1014.7
2022-01-06 16:00:00,20.4,37,0.0,2.5,96,1014.4
2022-01-06 17:00:00,20.1,36,0.0,1.1,43,1014.2
2022-01-06 18:00:00,18.4,41,0.0,3.0,56,1014.1
2022-01-06 19:00:00,15.3,51,0.0,4.9,78,1014.7
2022-01-06 20:00:00,13.5,61,0.0,6.7,100,1014.8
2022-01-06 21:00:00,13.5,69,0.0,6.5,14,1015.4
2022-01-06 22:00:00,12.4,88,0.0,8.2,9,1015.5
2022-01-06 23:00:00,11.2,92,0.0,9.5,30,1015.4
2022-01-07 00:00:00,12.6,89,0.0,5.2,59,1015.4
2022-01-07 01:00:00,12.0,91,0.0,5.4,34,1015.5
2022-01-07 02:00:00,11.7,93,0.0,1.0,0,1015.3
2022-01-07 03:00:00,10.3,96,0.0,6.5,0,1015.0
2022-01-07 04:00:00,9.3,97,0.0,5.7,0,1015.0
2022-01-07 05:00:00,7.8,100,0.0,7.3,0,1014.8
2022-01-07 06:00:00,7.4,100,0.0,5.8,6,1015.0
2022-01-07 07:00:00,7.9,99,0.0,5.4,100,1015.4
2022-01-07 08:00:00,7.9,98,0.0,6.1,64,1015.9
2022-01-07 09:00:00,9.3,91,0.0,7.0,58,1016.4
2022-01-07 10:00:00,11.8,81,0.0,4.4,11,1016.6
2022-01-07 11:00:00,14.8,68,0.0,3.9,1,1016.7
2022-01-07 12:00:00,17.1,61,0.0,4.3,2,1015.9
2022-01-07 13:00:00,18.7,53,0.0,5.2,1,1014.9
2022-01-07 14:00:00,19.5,48,0.0,5.5,0,1014.1
2022-01-07 15:00:00,19.4,48,0.0,5.1,0,1013.6
2022-01-07 16:00:00,19.6,47,0.0,5.4,0,1013.7
2022-01-07 17:00:00,18.9,50,0.0,5.4,0,1013.7
2022-01-07 18:00:00,16.5,60,0.0,7.0,0,1014.1
2022-01-07 19:00:00,14.4,70,0.0,8.4,0,1014.5
2022-01-07 20:00:00,12.8,80,0.0,7.2,0,1014.6
2022-01-07 21:00:00,13.4,78,0.0,2.5,0,1014.9
2022-01-07 22:00:00,12.8,81,0.0,1.3,0,1014.8
2022-01-07 23:00:00,12.3,85,0.0,0.8,0,1014.6
2022-01-08 00:00:00,11.1,90,0.0,2.2,0,1014.5
2022-01-08 01:00:00,9.3,97,0.0,5.5,0,1014.8
2022-01-08 02:00:00,7.9,99,0.0,6.6,0,1015.1
2022-01-08 03:00:00,9.2,97,0.0,4.0,0,1014.2
2022-01-08 04:00:00,8.2,97,0.0,7.6,0,1014.3
2022-01-08 05:00:00,8.9,94,0.0,6.2,0,1013.9
2022-01-08 06:00:00,8.2,95,0.0,7.2,0,1013.9
2022-01-08 07:00:00,7.1,97,0.0,8.2,0,1014.1
2022-01-08 08:00:00,6.8,96,0.0,9.0,0,1014.4
2022-01-08 09:00:00,9.7,87,0.0,6.9,0,1014.4
2022-01-08 10:00:00,13.0,71,0.0,5.4,0,1014.6
2022-01-08 11:00:00,16.0,58,0.0,7.6,0,1014.5
2022-01-08 12:00:00,18.3,48,0.0,9.7,0,1013.6
2022-01-08 13:00:00,19.9,40,0.0,10.5,0,1012.3
2022-01-08 14:00:00,21.0,34,0.0,9.6,0,1011.3
2022-01-08 15:00:00,21.4,29,0.0,4.2,0,1010.4
2022-01-08 16:00:00,21.9,27,0.0,5.0,6,1010.2
2022-01-08 17:00:00,21.2,28,0.0,5.4,14,1010.0
2022-01-08 18:00:00,16.9,41,0.0,7.4,11,1009.8
2022-01-08 19:00:00,15.0,52,0.0,6.8,0,1010.0
2022-01-08 20:00:00,12.8,66,0.0,8.9,0,1010.2
2022-01-08 21:00:00,11.8,71,0.0,9.6,0,1010.4
2022-01-08 22:00:00,11.4,71,0.0,8.3,0,1010.4
2022-01-08 23:00:00,12.2,63,0.0,8.8,0,1010.2
2022-01-09 00:00:00,12.0,63,0.0,11.5,0,1010.0
2022-01-09 01:00:00,11.7,67,0.0,13.1,0,1009.6
2022-01-09 02:00:00,11.6,68,0.0,15.2,0,1009.4
2022-01-09 03:00:00,11.2,70,0.0,12.3,0,1008.9
2022-01-09 04:00:00,11.0,70,0.0,13.4,0,1009.0
2022-01-09 05:00:00,10.8,71,0.0,13.5,0,1009.0
2022-01-09 06:00:00,10.2,78,0.0,12.8,0,1009.6
2022-01-09 07:00:00,9.7,80,0.0,13.6,0,1010.8
2022-01-09 08:00:00,8.9,84,0.0,14.5,0,1011.8
2022-01-09 09:00:00,9.9,78,0.0,14.4,92,1012.1
2022-01-09 10:00:00,12.5,63,0.0,15.5,97,1012.4
2022-01-09 11:00:00,14.7,52,0.0,17.7,95,1012.6
2022-01-09 12:00:00,16.3,45,0.0,18.7,90,1012.1
2022-01-09 13:00:00,17.3,41,0.0,19.6,84,1011.4
2022-01-09 14:00:00,17.7,40,0.0,19.9,57,1010.7
2022-01-09 15:00:00,18.1,38,0.0,20.7,0,1010.4
2022-01-09 16:00:00,18.0,38,0.0,20.9,1,1010.5
2022-01-09 17:00:00,17.4,40,0.0,19.9,5,1010.5
2022-01-09 18:00:00,16.0,43,0.0,15.9,11,1010.6
2022-01-09 19:00:00,14.7,48,0.0,13.9,8,1011.6
2022-01-09 20:00:00,13.9,51,0.0,16.1,0,1011.9
2022-01-09 21:00:00,13.6,52,0.0,18.4,0,1012.1
2022-01-09 22:00:00,13.0,52,0.0,17.4,0,1012.3
2022-01-09 23:00:00,12.4,51,0.0,17.3,0,1012.3
2022-01-10 00:00:00,11.8,53,0.0,17.4,0,1012.5
2022-01-10 01:00:00,11.1,55,0.0,16.6,0,1012.3
2022-01-10 02:00:00,10.2,61,0.0,16.5,0,1011.9
2022-01-10 03:00:00,10.4,59,0.0,16.3,0,1011.3
2022-01-10 04:00:00,9.9,64,0.0,16.5,0,1011.1
2022-01-10 05:00:00,9.5,65,0.0,16.3,4,1010.9
2022-01-10 06:00:00,9.2,64,0.0,16.3,5,1010.7
2022-01-10 07:00:00,8.8,64,0.0,16.4,0,1010.9
2022-01-10 08:00:00,8.3,65,0.0,15.9,0,1011.1
2022-01-10 09:00:00,9.2,59,0.0,13.8,0,1011.5
2022-01-10 10:00:00,11.4,49,0.0,15.5,0,1011.9
2022-01-10 11:00:00,13.4,43,0.0,17.0,0,1012.2
2022-01-10 12:00:00,15.0,41,0.0,18.4,0,1011.8
2022-01-10 13:00:00,16.3,41,0.0,18.9,0,1011.0
2022-01-10 14:00:00,17.2,40,0.0,18.7,0,1010.0
2022-01-10 15:00:00,17.3,43,0.0,17.6,0,1009.5
2022-01-10 16:00:00,17.4,43,0.0,18.6,0,1009.8
2022-01-10 17:00:00,16.8,44,0.0,17.4,0,1009.8
2022-01-10 18:00:00,15.4,48,0.0,13.8,0,1009.7
2022-01-10 19:00:00,13.9,54,0.0,12.9,6,1010.7
2022-01-10 20:00:00,13.5,56,0.0,13.9,0,1010.7
2022-01-10 21:00:00,12.8,57,0.0,11.9,0,1011.0
2022-01-10 22:00:00,11.9,60,0.0,10.4,0,1011.4
2022-01-10 23:00:00,11.3,61,0.0,11.3,0,1011.8
2022-01-11 00:00:00,10.7,62,0.0,11.9,0,1012.1
2022-01-11 01:00:00,10.2,63,0.0,12.4,0,1012.3
2022-01-11 02:00:00,9.7,65,0.0,13.0,0,1012.1
2022-01-11 03:00:00,10.0,65,0.0,13.3,0,1012.3
2022-01-11 04:00:00,9.5,66,0.0,13.7,0,1012.4
2022-01-11 05:00:00,9.0,67,0.0,13.8,0,1012.2
2022-01-11 06:00:00,8.7,68,0.0,15.5,0,1011.8
2022-01-11 07:00:00,8.6,67,0.0,16.5,0,1011.9
2022-01-11 08:00:00,8.4,66,0.0,15.2,0,1012.3
2022-01-11 09:00:00,9.8,59,0.0,14.6,0,1012.9
2022-01-11 10:00:00,12.4,47,0.0,15.6,0,1013.1
2022-01-11 11:00:00,14.8,38,0.0,17.7,0,1013.5
2022-01-11 12:00:00,16.8,31,0.0,18.4,0,1013.0
2022-01-11 13:00:00,18.4,27,0.0,18.9,0,1012.2
2022-01-11 14:00:00,19.4,25,0.0,19.9,0,1011.6
2022-01-11 15:00:00,19.7,25,0.0,18.8,0,1011.6
2022-01-11 16:00:00,20.2,22,0.0,20.0,0,1011.4
2022-01-11 17:00:00,19.7,22,0.0,19.5,0,1011.3
2022-01-11 18:00:00,18.1,24,0.0,14.9,0,1011.3
2022-01-11 19:00:00,16.5,27,0.0,13.1,0,1011.7
2022-01-11 20:00:00,15.6,30,0.0,12.6,0,1012.2
2022-01-11 21:00:00,14.9,31,0.0,13.4,0,1012.4
2022-01-11 22:00:00,14.3,33,0.0,14.0,0,1012.5
2022-01-11 23:00:00,13.5,36,0.0,14.5,0,1012.7
2022-01-12 00:00:00,12.7,39,0.0,15.5,0,1012.6
2022-01-12 01:00:00,12.1,41,0.0,15.8,0,1012.7
2022-01-12 02:00:00,11.8,43,0.0,16.2,0,1012.6
2022-01-12 03:00:00,12.1,45,0.0,16.2,0,1012.6
2022-01-12 04:00:00,11.6,47,0.0,15.5,0,1012.5
2022-01-12 05:00:00,11.3,49,0.0,14.8,0,1012.6
2022-01-12 06:00:00,10.9,50,0.0,15.1,8,1012.8
2022-01-12 07:00:00,10.6,51,0.0,15.5,33,1013.1
2022-01-12 08:00:00,10.2,52,0.0,15.9,94,1013.4
2022-01-12 09:00:00,11.7,47,0.0,16.7,12,1013.9
2022-01-12 10:00:00,14.1,40,0.0,16.8,68,1014.1
2022-01-12 11:00:00,16.2,34,0.0,18.7,92,1014.4
2022-01-12 12:00:00,17.8,29,0.0,19.3,100,1013.9
2022-01-12 13:00:00,18.9,25,0.0,18.6,100,1013.1
2022-01-12 14:00:00,19.4,24,0.0,17.8,100,1012.5
2022-01-12 15:00:00,20.1,22,0.0,14.7,100,1012.3
2022-01-12 16:00:00,20.1,22,0.0,14.5,99,1012.0
2022-01-12 17:00:00,19.6,22,0.0,13.4,78,1012.0
2022-01-12 18:00:00,17.5,26,0.0,9.8,97,1012.0
2022-01-12 19:00:00,15.5,31,0.0,9.5,100,1012.4
2022-01-12 20:00:00,14.9,32,0.0,9.9,47,1012.9
2022-01-12 21:00:00,13.9,34,0.0,9.2,100,1013.1
2022-01-12 22:00:00,13.5,37,0.0,7.7,100,1013.1
2022-01-12 23:00:00,13.0,40,0.0,7.4,77,1013.4
2022-01-13 00:00:00,11.4,45,0.0,6.8,100,1013.6
2022-01-13 01:00:00,10.6,48,0.0,8.8,91,1013.7
2022-01-13 02:00:00,10.4,49,0.0,6.5,71,1013.8
2022-01-13 03:00:00,10.0,52,0.0,5.0,86,1013.6
2022-01-13 04:00:00,9.5,54,0.0,5.4,76,1013.5
2022-01-13 05:00:00,9.2,58,0.0,5.2,61,1013.1
2022-01-13 06:00:00,8.6,64,0.0,5.2,100,1013.2
2022-01-13 07:00:00,9.2,64,0.0,5.0,100,1013.8
2022-01-13 08:00:00,9.2,64,0.0,7.1,97,1014.0
2022-01-13 09:00:00,10.5,59,0.0,9.3,9,1014.4
2022-01-13 10:00:00,13.3,50,0.0,7.2,3,1014.6
2022-01-13 11:00:00,16.0,45,0.0,7.5,0,1014.8
2022-01-13 12:00:00,18.0,42,0.0,11.8,0,1014.2
2022-01-13 13:00:00,18.9,39,0.0,16.9,0,1013.3
2022-01-13 14:00:00,19.2,38,0.0,18.4,1,1012.5
2022-01-13 15:00:00,19.7,35,0.0,18.0,56,1012.0
2022-01-13 16:00:00,19.7,34,0.0,19.8,44,1012.1
2022-01-13 17:00:00,18.9,36,0.0,21.8,100,1012.4
2022-01-13 18:00:00,17.7,41,0.0,18.9,22,1012.7
2022-01-13 19:00:00,16.3,46,0.0,16.5,29,1013.5
2022-01-13 20:00:00,14.1,69,0.0,12.3,21,1014.4
2022-01-13 21:00:00,13.2,77,0.0,10.6,5,1014.7
2022-01-13 22:00:00,12.4,83,0.0,11.6,7,1015.2
2022-01-13 23:00:00,11.5,88,0.0,8.4,2,1015.4
2022-01-14 00:00:00,10.8,92,0.0,7.6,4,1015.4
2022-01-14 01:00:00,10.5,92,0.0,7.7,9,1015.3
2022-01-14 02:00:00,10.2,92,0.0,8.3,15,1015.3
2022-01-14 03:00:00,10.6,89,0.0,7.3,17,1014.7
2022-01-14 04:00:00,10.3,90,0.0,7.2,10,1014.7
2022-01-14 05:00:00,10.2,91,0.0,7.9,21,1014.8
2022-01-14 06:00:00,10.1,91,0.0,8.7,23,1014.7
2022-01-14 07:00:00,9.9,91,0.0,8.3,18,1015.1
2022-01-14 08:00:00,9.7,91,0.0,8.4,19,1015.7
2022-01-14 09:00:00,11.0,81,0.0,9.4,31,1016.2
2022-01-14 10:00:00,13.0,70,0.0,10.1,60,1016.1
2022-01-14 11:00:00,14.5,62,0.0,12.7,34,1016.2
2022-01-14 12:00:00,15.8,52,0.0,14.8,38,1015.7
2022-01-14 13:00:00,16.1,49,0.1,18.9,99,1014.8
2022-01-14 14:00:00,15.3,53,0.0,19.0,55,1014.2
2022-01-14 15:00:00,16.0,51,0.0,18.5,55,1013.6
2022-01-14 16:00:00,16.0,50,0.1,19.1,64,1013.3
2022-01-14 17:00:00,16.0,46,0.0,19.3,100,1013.3
2022-01-14 18:00:00,14.5,54,0.0,15.4,32,1013.4
2022-01-14 19:00:00,14.0,52,0.0,10.3,100,1013.7
2022-01-14 20:00:00,13.8,54,0.0,16.1,67,1014.4
2022-01-14 21:00:00,12.4,62,0.0,13.5,37,1015.1
2022-01-14 22:00:00,11.3,69,0.0,10.6,9,1015.0
2022-01-14 23:00:00,10.1,75,0.0,7.9,10,1015.1
2022-01-15 00:00:00,9.4,79,0.0,7.8,15,1015.0
2022-01-15 01:00:00,9.1,80,0.0,7.6,12,1014.9
2022-01-15 02:00:00,8.9,78,0.0,9.9,9,1014.6
2022-01-15 03:00:00,9.0,78,0.0,10.4,12,1013.8
2022-01-15 04:00:00,8.9,76,0.0,11.3,15,1013.6
2022-01-15 05:00:00,8.8,75,0.0,12.0,23,1013.5
2022-01-15 06:00:00,8.5,76,0.0,12.1,25,1013.5
2022-01-15 07:00:00,8.3,78,0.0,11.4,34,1013.8
2022-01-15 08:00:00,8.1,79,0.0,9.6,36,1014.2
2022-01-15 09:00:00,9.3,72,0.0,7.8,29,1014.8
2022-01-15 10:00:00,11.1,62,0.0,8.9,33,1015.0
2022-01-15 11:00:00,13.1,52,0.0,12.4,24,1015.3
2022-01-15 12:00:00,14.8,45,0.0,16.2,24,1014.6
2022-01-15 13:00:00,15.8,40,0.0,18.0,6,1013.7
2022-01-15 14:00:00,16.9,35,0.0,19.2,41,1012.7
2022-01-15 15:00:00,16.7,36,0.0,17.3,56,1012.7
2022-01-15 16:00:00,15.9,39,0.0,17.4,46,1012.9
2022-01-15 17:00:00,15.7,39,0.0,16.5,32,1012.8
2022-01-15 18:00:00,14.7,41,0.0,12.3,42,1012.7
2022-01-15 19:00:00,13.3,45,0.0,8.0,22,1012.9
2022-01-15 20:00:00,11.6,52,0.0,6.6,82,1013.3
2022-01-15 21:00:00,11.7,53,0.0,6.4,2,1013.3
2022-01-15 22:00:00,10.8,57,0.0,7.2,3,1013.2
2022-01-15 23:00:00,10.4,58,0.0,8.2,2,1013.5
2022-01-16 00:00:00,10.2,58,0.0,10.9,6,1012.7
2022-01-16 01:00:00,9.9,58,0.0,10.8,18,1013.2
2022-01-16 02:00:00,9.6,58,0.0,10.4,12,1012.9
2022-01-16 03:00:00,9.5,67,0.0,8.7,6,1012.9
2022-01-16 04:00:00,9.2,69,0.0,8.0,100,1012.6
2022-01-16 05:00:00,10.0,67,0.0,9.2,68,1012.6
2022-01-16 06:00:00,9.8,68,0.0,9.1,98,1012.2
2022-01-16 07:00:00,9.6,69,0.0,8.8,56,1012.9
2022-01-16 08:00:00,8.9,73,0.2,9.0,100,1013.3
2022-01-16 09:00:00,9.7,70,0.1,12.5,22,1013.7
2022-01-16 10:00:00,11.8,60,0.0,11.6,31,1014.3
2022-01-16 11:00:00,14.2,50,0.0,10.9,100,1014.3
2022-01-16 12:00:00,15.7,51,0.0,13.5,100,1013.5
2022-01-16 13:00:00,15.7,54,0.0,17.9,67,1012.6
2022-01-16 14:00:00,16.6,51,0.0,18.9,64,1011.9
2022-01-16 15:00:00,17.1,49,0.1,19.3,70,1011.7
2022-01-16 16:00:00,17.7,43,0.0,18.5,26,1011.8
2022-01-16 17:00:00,18.0,34,0.0,16.1,38,1011.7
2022-01-16 18:00:00,14.4,59,0.0,20.5,67,1012.4
2022-01-16 19:00:00,13.3,67,0.0,12.3,97,1013.4
2022-01-16 20:00:00,12.7,74,0.2,8.1,100,1014.1
2022-01-16 21:00:00,13.2,61,0.0,13.5,100,1015.0
2022-01-16 22:00:00,12.3,61,0.0,16.2,25,1015.5
2022-01-16 23:00:00,10.3,75,0.0,14.6,58,1015.9
2022-01-17 00:00:00,9.5,82,0.0,12.1,14,1016.0
2022-01-17 01:00:00,8.4,89,0.0,9.0,9,1016.2
2022-01-17 02:00:00,7.7,94,0.0,7.2,18,1016.2
2022-01-17 03:00:00,8.1,92,0.0,9.7,41,1016.4
2022-01-17 04:00:00,7.8,92,0.0,7.1,22,1016.2
2022-01-17 05:00:00,7.2,93,0.0,6.6,10,1016.3
2022-01-17 06:00:00,6.7,95,0.0,5.8,4,1016.9
2022-01-17 07:00:00,6.4,96,0.0,6.7,1,1017.8
2022-01-17 08:00:00,5.8,98,0.0,5.4,17,1018.7
2022-01-17 09:00:00,7.7,91,0.0,7.3,1,1019.6
2022-01-17 10:00:00,10.3,74,0.0,8.3,0,1020.1
2022-01-17 11:00:00,12.7,56,0.0,14.2,15,1020.5
2022-01-17 12:00:00,13.9,45,0.0,17.1,11,1019.9
2022-01-17 13:00:00,14.8,39,0.0,16.4,33,1019.4
2022-01-17 14:00:00,15.6,33,0.0,17.9,95,1018.5
2022-01-17 15:00:00,15.8,33,0.0,17.2,98,1018.7
2022-01-17 16:00:00,15.5,33,0.0,19.5,87,1018.9
2022-01-17 17:00:00,14.6,37,0.0,16.8,14,1019.5
2022-01-17 18:00:00,13.7,37,0.0,11.5,79,1019.5
2022-01-17 19:00:00,13.0,41,0.0,11.0,50,1020.2
2022-01-17 20:00:00,11.7,48,0.0,10.9,30,1021.3
2022-01-17 21:00:00,10.6,54,0.0,10.4,4,1022.3
2022-01-17 22:00:00,9.4,60,0.0,7.4,0,1022.2
2022-01-17 23:00:00,7.1,73,0.0,8.8,0,1022.4
2022-01-18 00:00:00,6.7,78,0.0,6.9,0,1022.3
2022-01-18 01:00:00,5.2,89,0.0,8.4,0,1022.1
2022-01-18 02:00:00,5.8,85,0.0,6.5,0,1022.3
2022-01-18 03:00:00,6.5,86,0.0,4.9,0,1022.7
2022-01-18 04:00:00,6.5,86,0.0,5.4,0,1022.6
2022-01-18 05:00:00,6.6,88,0.0,4.7,0,1022.6
2022-01-18 06:00:00,6.3,91,0.0,4.3,14,1022.7
2022-01-18 07:00:00,6.1,94,0.0,1.8,25,1022.9
2022-01-18 08:00:00,5.9,94,0.0,2.5,19,1023.2
2022-01-18 09:00:00,6.6,86,0.0,3.9,4,1023.8
2022-01-18 10:00:00,10.0,62,0.0,2.0,0,1024.0
2022-01-18 11:00:00,13.0,46,0.0,1.3,0,1023.9
2022-01-18 12:00:00,14.9,34,0.0,5.1,9,1023.2
2022-01-18 13:00:00,15.8,30,0.0,6.6,57,1022.4
2022-01-18 14:00:00,16.0,30,0.0,6.9,35,1021.3
2022-01-18 15:00:00,16.2,30,0.0,8.3,12,1020.7
2022-01-18 16:00:00,16.0,30,0.0,11.2,5,1020.6
2022-01-18 17:00:00,15.4,32,0.0,10.7,2,1020.3
2022-01-18 18:00:00,14.1,36,0.0,8.0,6,1020.3
2022-01-18 19:00:00,11.1,44,0.0,9.5,9,1020.5
2022-01-18 20:00:00,10.6,47,0.0,6.2,6,1020.6
2022-01-18 21:00:00,10.6,47,0.0,7.7,18,1020.8
2022-01-18 22:00:00,10.9,49,0.0,10.7,0,1020.5
2022-01-18 23:00:00,10.3,50,0.0,10.7,0,1020.5
2022-01-19 00:00:00,9.6,53,0.0,11.7,0,1020.3
2022-01-19 01:00:00,9.5,53,0.0,12.8,9,1020.1
2022-01-19 02:00:00,9.6,52,0.0,14.6,100,1019.8
2022-01-19 03:00:00,9.8,51,0.0,14.2,100,1019.4
2022-01-19 04:00:00,10.5,48,0.0,13.7,59,1019.2
2022-01-19 05:00:00,10.0,51,0.1,13.4,52,1018.9
2022-01-19 06:00:00,9.1,58,0.5,13.2,66,1018.8
2022-01-19 07:00:00,8.9,61,0.6,11.3,63,1019.2
2022-01-19 08:00:00,8.3,71,1.9,7.2,86,1019.9
2022-01-19 09:00:00,9.0,79,0.0,8.3,100,1020.7
2022-01-19 10:00:00,9.1,82,0.1,8.8,100,1021.1
2022-01-19 11:00:00,9.5,82,0.0,10.8,100,1021.8
2022-01-19 12:00:00,10.2,79,0.0,11.4,100,1021.6
2022-01-19 13:00:00,12.9,66,0.0,7.2,100,1021.0
2022-01-19 14:00:00,13.9,55,0.0,4.8,74,1020.3
2022-01-19 15:00:00,14.1,42,0.0,18.9,27,1020.8
2022-01-19 16:00:00,14.4,39,0.0,18.2,70,1021.1
2022-01-19 17:00:00,14.0,39,0.0,17.9,50,1021.3
2022-01-19 18:00:00,12.7,42,0.0,16.0,96,1021.8
2022-01-19 19:00:00,12.3,43,0.0,15.6,63,1022.7
2022-01-19 20:00:00,11.3,49,0.0,13.2,72,1023.2
2022-01-19 21:00:00,10.6,53,0.0,10.6,3,1023.7
2022-01-19 22:00:00,9.0,61,0.0,8.9,17,1024.1
2022-01-19 23:00:00,8.6,65,0.0,9.2,5,1024.6
2022-01-20 00:00:00,7.7,70,0.0,7.8,2,1025.1
2022-01-20 01:00:00,6.2,78,0.0,7.2,6,1025.0
2022-01-20 02:00:00,5.9,77,0.0,6.7,55,1025.0
2022-01-20 03:00:00,9.1,59,0.0,6.9,21,1024.9
2022-01-20 04:00:00,8.9,60,0.0,5.6,73,1024.9
2022-01-20 05:00:00,7.5,65,0.0,6.3,95,1024.6
2022-01-20 06:00:00,7.8,63,0.0,6.1,99,1025.0
2022-01-20 07:00:00,7.7,63,0.0,7.0,81,1025.9
2022-01-20 08:00:00,8.1,62,0.0,6.2,85,1026.3
2022-01-20 09:00:00,9.3,57,0.0,2.9,99,1027.0
2022-01-20 10:00:00,11.3,48,0.0,2.1,100,1027.4
2022-01-20 11:00:00,12.8,40,0.0,13.4,83,1027.7
2022-01-20 12:00:00,13.7,37,0.0,11.9,85,1027.2
2022-01-20 13:00:00,14.6,35,0.0,9.4,50,1026.8
2022-01-20 14:00:00,15.4,31,0.0,8.6,69,1025.9
2022-01-20 15:00:00,14.9,33,0.0,6.4,0,1025.5
2022-01-20 16:00:00,15.1,32,0.0,5.8,12,1025.4
2022-01-20 17:00:00,14.9,32,0.0,5.9,0,1025.3
2022-01-20 18:00:00,12.8,39,0.0,5.4,1,1025.2
2022-01-20 19:00:00,10.4,48,0.0,6.8,2,1025.3
2022-01-20 20:00:00,10.1,52,0.0,7.2,0,1025.9
2022-01-20 21:00:00,8.4,60,0.0,6.8,0,1026.4
2022-01-20 22:00:00,7.0,68,0.0,9.3,0,1026.4
2022-01-20 23:00:00,7.0,69,0.0,6.6,0,1026.6
2022-01-21 00:00:00,6.3,74,0.0,8.5,0,1026.7
2022-01-21 01:00:00,5.3,82,0.0,7.2,1,1026.5
2022-01-21 02:00:00,4.9,86,0.0,6.6,0,1026.2
2022-01-21 03:00:00,4.9,88,0.0,8.1,0,1026.0
2022-01-21 04:00:00,4.3,90,0.0,8.4,0,1025.6
2022-01-21 05:00:00,5.0,88,0.0,6.5,0,1025.1
2022-01-21 06:00:00,4.6,90,0.0,6.6,0,1024.9
2022-01-21 07:00:00,3.7,94,0.0,7.6,0,1025.0
2022-01-21 08:00:00,3.9,94,0.0,7.2,0,1025.3
2022-01-21 09:00:00,6.1,86,0.0,5.0,0,1025.5
2022-01-21 10:00:00,9.5,63,0.0,3.8,0,1025.4
2022-01-21 11:00:00,12.4,47,0.0,7.4,0,1025.5
2022-01-21 12:00:00,14.1,41,0.0,10.7,0,1024.8
2022-01-21 13:00:00,15.2,38,0.0,11.8,0,1023.8
2022-01-21 14:00:00,15.9,36,0.0,11.5,41,1022.7
2022-01-21 15:00:00,15.7,36,0.0,10.5,10,1022.0
2022-01-21 16:00:00,16.0,35,0.0,10.9,0,1021.7
2022-01-21 17:00:00,15.4,35,0.0,10.8,0,1021.4
2022-01-21 18:00:00,13.8,40,0.0,7.8,0,1021.1
2022-01-21 19:00:00,10.9,51,0.0,6.9,0,1021.3
2022-01-21 20:00:00,10.8,53,0.0,7.2,0,1021.6
2022-01-21 21:00:00,9.0,62,0.0,9.4,0,1021.7
2022-01-21 22:00:00,7.7,69,0.0,10.0,0,1021.5
2022-01-21 23:00:00,6.8,74,0.0,10.2,0,1021.2
2022-01-22 00:00:00,9.6,61,0.0,5.9,0,1021.2
2022-01-22 01:00:00,6.6,77,0.0,7.4,0,1021.3
2022-01-22 02:00:00,5.0,86,0.0,9.2,0,1020.9
2022-01-22 03:00:00,4.8,91,0.0,8.9,0,1020.2
2022-01-22 04:00:00,6.6,80,0.0,5.3,0,1020.0
2022-01-22 05:00:00,6.5,80,0.0,2.3,0,1019.8
2022-01-22 06:00:00,4.4,87,0.0,6.9,0,1019.4
2022-01-22 07:00:00,4.5,85,0.0,7.1,0,1019.7
2022-01-22 08:00:00,5.3,83,0.0,5.2,0,1019.8
2022-01-22 09:00:00,6.4,79,0.0,4.7,0,1020.1
2022-01-22 10:00:00,9.8,64,0.0,3.3,0,1020.3
2022-01-22 11:00:00,12.9,52,0.0,2.6,0,1020.1
2022-01-22 12:00:00,14.9,41,0.0,7.9,0,1019.7
2022-01-22 13:00:00,15.8,35,0.0,10.2,34,1018.6
2022-01-22 14:00:00,16.1,32,0.0,11.9,1,1017.7
2022-01-22 15:00:00,16.8,30,0.0,13.1,0,1017.2
2022-01-22 16:00:00,16.7,30,0.0,12.4,8,1017.0
2022-01-22 17:00:00,16.3,31,0.0,12.5,11,1016.9
2022-01-22 18:00:00,14.9,35,0.0,7.6,5,1016.8
2022-01-22 19:00:00,11.5,45,0.0,8.5,0,1016.7
2022-01-22 20:00:00,10.1,50,0.0,9.7,0,1016.7
2022-01-22 21:00:00,9.8,52,0.0,7.4,0,1016.8
2022-01-22 22:00:00,10.1,51,0.0,8.1,0,1017.0
2022-01-22 23:00:00,9.9,51,0.0,9.3,0,1017.1
2022-01-23 00:00:00,9.9,51,0.0,9.8,0,1016.9
2022-01-23 01:00:00,10.1,49,0.0,11.8,0,1016.6
2022-01-23 02:00:00,9.8,50,0.0,11.9,0,1016.2
2022-01-23 03:00:00,9.4,54,0.0,10.7,0,1016.2
2022-01-23 04:00:00,9.0,56,0.0,11.3,0,1015.7
2022-01-23 05:00:00,8.6,58,0.0,12.0,0,1015.4
2022-01-23 06:00:00,8.1,61,0.0,11.9,3,1015.4
2022-01-23 07:00:00,7.9,64,0.0,13.7,0,1015.7
2022-01-23 08:00:00,7.6,67,0.0,13.4,31,1016.3
2022-01-23 09:00:00,9.2,61,0.0,14.8,7,1016.7
2022-01-23 10:00:00,12.1,50,0.0,13.6,0,1016.7
2022-01-23 11:00:00,14.7,42,0.0,15.3,0,1017.1
2022-01-23 12:00:00,16.0,44,0.0,19.9,12,1016.7
2022-01-23 13:00:00,16.7,45,0.0,20.9,14,1016.2
2022-01-23 14:00:00,17.4,44,0.0,21.4,45,1015.5
2022-01-23 15:00:00,16.7,45,0.0,20.2,37,1014.9
2022-01-23 16:00:00,17.4,41,0.0,19.8,28,1014.7
2022-01-23 17:00:00,16.8,41,0.0,18.4,44,1014.8
2022-01-23 18:00:00,15.7,44,0.0,15.0,72,1014.9
2022-01-23 19:00:00,14.4,51,0.0,14.4,49,1015.4
2022-01-23 20:00:00,12.5,65,0.0,12.4,2,1016.2
2022-01-23 21:00:00,11.3,71,0.0,7.9,21,1016.6
2022-01-23 22:00:00,10.3,78,0.0,5.5,5,1016.7
2022-01-23 23:00:00,9.8,80,0.0,4.5,5,1016.8
2022-01-24 00:00:00,7.9,88,0.0,8.1,16,1016.8
2022-01-24 01:00:00,7.7,88,0.0,6.4,9,1016.9
2022-01-24 02:00:00,7.2,88,0.0,7.3,9,1017.2
2022-01-24 03:00:00,8.6,79,0.0,8.8,0,1017.0
2022-01-24 04:00:00,8.5,75,0.0,9.4,1,1017.3
2022-01-24 05:00:00,7.9,75,0.0,9.1,5,1017.4
2022-01-24 06:00:00,7.5,77,0.0,7.9,6,1017.7
2022-01-24 07:00:00,6.9,80,0.0,7.4,5,1018.1
2022-01-24 08:00:00,6.2,84,0.0,6.6,1,1018.8
2022-01-24 09:00:00,7.9,75,0.0,6.4,13,1019.3
2022-01-24 10:00:00,10.0,66,0.0,5.7,24,1019.7
2022-01-24 11:00:00,12.2,60,0.0,5.5,49,1019.8
2022-01-24 12:00:00,13.7,50,0.1,7.3,100,1019.4
2022-01-24 13:00:00,14.0,47,0.1,8.4,52,1018.8
2022-01-24 14:00:00,15.2,40,0.0,9.6,42,1018.2
2022-01-24 15:00:00,15.3,37,0.0,6.0,62,1018.0
2022-01-24 16:00:00,15.8,34,0.0,5.8,42,1018.0
2022-01-24 17:00:00,15.3,33,0.0,5.8,29,1017.8
2022-01-24 18:00:00,14.1,36,0.0,4.3,53,1017.8
2022-01-24 19:00:00,11.4,45,0.0,6.9,33,1018.2
2022-01-24 20:00:00,10.1,51,0.0,8.6,37,1019.0
2022-01-24 21:00:00,9.2,57,0.0,8.2,29,1019.4
2022-01-24 22:00:00,8.3,69,0.0,8.0,47,1019.6
2022-01-24 23:00:00,8.1,76,0.0,7.6,77,1019.5
2022-01-25 00:00:00,7.7,81,0.0,6.0,100,1019.4
2022-01-25 01:00:00,8.5,75,0.0,4.8,54,1019.3
2022-01-25 02:00:00,6.6,75,0.0,7.3,10,1019.0
2022-01-25 03:00:00,6.8,56,0.0,7.0,7,1019.0
2022-01-25 04:00:00,6.7,51,0.0,7.0,0,1019.0
2022-01-25 05:00:00,6.0,53,0.0,6.6,0,1018.7
2022-01-25 06:00:00,4.4,60,0.0,9.5,0,1018.3
2022-01-25 07:00:00,4.2,64,0.0,6.1,0,1018.3
2022-01-25 08:00:00,4.2,68,0.0,6.7,0,1018.5
2022-01-25 09:00:00,6.3,61,0.0,10.9,0,1018.9
2022-01-25 10:00:00,9.4,45,0.0,9.9,0,1019.2
2022-01-25 11:00:00,12.1,35,0.0,10.8,0,1019.3
2022-01-25 12:00:00,14.2,31,0.0,11.7,0,1018.5
2022-01-25 13:00:00,15.2,28,0.0,14.7,0,1017.8
2022-01-25 14:00:00,15.6,27,0.0,15.6,0,1017.0
2022-01-25 15:00:00,15.7,30,0.0,14.2,0,1016.2
2022-01-25 16:00:00,16.0,30,0.0,13.7,0,1015.9
2022-01-25 17:00:00,15.6,31,0.0,14.8,6,1016.1
2022-01-25 18:00:00,14.7,33,0.0,11.2,18,1015.8
2022-01-25 19:00:00,13.0,38,0.0,7.5,8,1016.3
2022-01-25 20:00:00,11.7,43,0.0,7.2,4,1016.9
2022-01-25 21:00:00,10.4,49,0.0,7.2,3,1016.9
2022-01-25 22:00:00,9.9,52,0.0,6.8,15,1017.0
2022-01-25 23:00:00,9.7,55,0.0,7.1,3,1016.8
2022-01-26 00:00:00,8.9,60,0.0,6.8,2,1016.7
2022-01-26 01:00:00,8.7,59,0.0,7.9,6,1016.5
2022-01-26 02:00:00,8.8,60,0.0,8.9,12,1016.3
2022-01-26 03:00:00,8.5,60,0.0,8.0,21,1015.6
2022-01-26 04:00:00,8.0,62,0.0,8.3,16,1015.1
2022-01-26 05:00:00,7.7,67,0.0,7.6,28,1014.9
2022-01-26 06:00:00,7.8,72,0.0,10.2,30,1014.7
2022-01-26 07:00:00,7.7,78,0.0,13.4,75,1015.1
2022-01-26 08:00:00,7.9,84,0.9,15.9,55,1015.0
2022-01-26 09:00:00,8.8,82,0.0,17.2,88,1015.2
2022-01-26 10:00:00,9.1,78,0.1,15.9,94,1015.7
2022-01-26 11:00:00,9.2,71,0.5,16.5,100,1016.1
2022-01-26 12:00:00,9.7,59,0.0,18.7,100,1015.9
2022-01-26 13:00:00,10.3,51,0.0,22.7,98,1015.3
2022-01-26 14:00:00,10.7,60,1.2,23.1,85,1014.7
2022-01-26 15:00:00,9.9,62,0.5,18.6,11,1014.4
2022-01-26 16:00:00,11.5,47,0.0,25.6,51,1014.2
2022-01-26 17:00:00,10.9,53,0.0,24.8,34,1014.9
2022-01-26 18:00:00,9.7,62,0.0,20.9,40,1016.1
2022-01-26 19:00:00,9.2,60,0.0,14.6,25,1016.7
2022-01-26 20:00:00,8.9,61,0.0,13.5,29,1017.8
2022-01-26 21:00:00,8.6,63,0.0,15.6,23,1018.3
2022-01-26 22:00:00,8.3,67,0.0,16.0,26,1018.7
2022-01-26 23:00:00,8.1,68,0.0,16.6,2,1018.9
2022-01-27 00:00:00,7.7,69,0.0,17.0,9,1019.1
2022-01-27 01:00:00,7.6,70,0.0,16.6,35,1019.3
2022-01-27 02:00:00,7.3,70,0.0,16.5,26,1019.3
2022-01-27 03:00:00,7.8,63,0.0,15.4,6,1019.1
2022-01-27 04:00:00,7.4,63,0.0,16.1,8,1019.3
2022-01-27 05:00:00,7.0,64,0.0,16.3,2,1019.2
2022-01-27 06:00:00,6.8,66,0.0,17.2,0,1019.3
2022-01-27 07:00:00,6.5,68,0.0,18.2,0,1019.8
2022-01-27 08:00:00,6.3,69,0.0,16.0,0,1020.4
2022-01-27 09:00:00,7.3,66,0.0,10.7,2,1021.2
2022-01-27 10:00:00,9.2,59,0.0,10.9,6,1021.8
2022-01-27 11:00:00,11.3,52,0.0,13.4,14,1022.3
2022-01-27 12:00:00,13.1,48,0.0,15.0,26,1022.0
2022-01-27 13:00:00,14.1,45,0.0,17.3,18,1021.4
2022-01-27 14:00:00,15.0,42,0.0,19.2,37,1020.8
2022-01-27 15:00:00,14.0,47,0.0,18.8,35,1020.7
2022-01-27 16:00:00,14.3,45,0.0,18.8,100,1020.5
2022-01-27 17:00:00,13.7,48,0.0,18.9,70,1020.7
2022-01-27 18:00:00,13.0,50,0.0,15.6,100,1020.8
2022-01-27 19:00:00,12.7,51,0.0,11.2,75,1021.4
2022-01-27 20:00:00,12.3,52,0.0,8.7,61,1022.0
2022-01-27 21:00:00,10.6,61,0.0,5.2,29,1022.3
2022-01-27 22:00:00,8.9,72,0.0,8.3,14,1022.5
2022-01-27 23:00:00,7.5,81,0.0,9.1,7,1022.6
2022-01-28 00:00:00,7.3,83,0.0,6.0,12,1022.8
2022-01-28 01:00:00,6.9,84,0.0,5.9,12,1022.6
2022-01-28 02:00:00,6.2,86,0.0,6.0,23,1022.7
2022-01-28 03:00:00,5.9,91,0.0,9.1,28,1022.4
2022-01-28 04:00:00,5.9,92,0.0,8.7,28,1022.4
2022-01-28 05:00:00,5.8,93,0.0,7.8,36,1022.3
2022-01-28 06:00:00,5.9,93,0.0,5.2,36,1022.3
2022-01-28 07:00:00,6.3,92,0.0,5.0,36,1022.7
2022-01-28 08:00:00,5.9,93,0.0,6.2,17,1023.3
2022-01-28 09:00:00,7.4,84,0.0,7.8,34,1023.9
2022-01-28 10:00:00,9.7,72,0.0,7.2,100,1024.2
2022-01-28 11:00:00,12.0,62,0.0,7.4,56,1024.3
2022-01-28 12:00:00,13.7,55,0.0,8.4,65,1023.6
2022-01-28 13:00:00,15.2,47,0.0,10.7,100,1022.7
2022-01-28 14:00:00,15.1,45,0.0,11.4,55,1021.7
2022-01-28 15:00:00,15.6,41,0.0,11.9,98,1021.0
2022-01-28 16:00:00,15.7,38,0.0,13.0,65,1020.7
2022-01-28 17:00:00,15.3,40,0.0,12.4,45,1020.5
2022-01-28 18:00:00,14.2,42,0.0,7.0,27,1020.5
2022-01-28 19:00:00,11.2,52,0.0,9.7,19,1020.8
2022-01-28 20:00:00,10.9,53,0.0,6.9,23,1021.2
2022-01-28 21:00:00,11.1,53,0.0,9.1,6,1021.5
2022-01-28 22:00:00,9.2,60,0.0,7.6,10,1021.4
2022-01-28 23:00:00,9.5,60,0.0,8.4,10,1021.6
2022-01-29 00:00:00,8.8,63,0.0,7.2,9,1021.3
2022-01-29 01:00:00,8.3,67,0.0,7.6,7,1021.0
2022-01-29 02:00:00,7.9,69,0.0,8.3,43,1020.9
2022-01-29 03:00:00,8.3,71,0.0,7.6,23,1020.6
2022-01-29 04:00:00,7.8,74,0.0,7.3,17,1020.2
2022-01-29 05:00:00,7.0,78,0.0,6.2,4,1020.1
2022-01-29 06:00:00,6.3,83,0.0,7.3,0,1019.7
2022-01-29 07:00:00,5.8,85,0.0,8.3,1,1019.9
2022-01-29 08:00:00,5.4,87,0.0,8.0,1,1020.3
2022-01-29 09:00:00,7.2,77,0.0,9.8,2,1020.9
2022-01-29 10:00:00,10.0,64,0.0,8.8,3,1021.1
2022-01-29 11:00:00,12.6,55,0.0,8.0,5,1021.1
2022-01-29 12:00:00,14.7,52,0.0,7.2,6,1020.5
2022-01-29 13:00:00,16.6,44,0.0,9.4,47,1019.7
2022-01-29 14:00:00,17.0,42,0.0,11.0,100,1018.8
2022-01-29 15:00:00,16.9,40,0.0,10.5,55,1018.4
2022-01-29 16:00:00,16.9,39,0.0,9.7,66,1018.2
2022-01-29 17:00:00,16.6,39,0.0,9.4,100,1018.0
2022-01-29 18:00:00,16.0,41,0.0,8.0,100,1017.9
2022-01-29 19:00:00,13.3,51,0.0,6.0,24,1017.9
2022-01-29 20:00:00,12.1,56,0.0,6.5,7,1017.9
2022-01-29 21:00:00,11.5,59,0.0,6.9,17,1018.3
2022-01-29 22:00:00,11.8,58,0.0,5.8,18,1018.1
2022-01-29 23:00:00,8.7,73,0.0,6.5,12,1018.5
2022-01-30 00:00:00,8.2,79,0.0,5.4,47,1018.4
2022-01-30 01:00:00,7.9,82,0.0,6.8,50,1018.3
2022-01-30 02:00:00,7.8,82,0.0,5.1,7,1018.0
2022-01-30 03:00:00,7.3,86,0.0,6.3,4,1017.8
2022-01-30 04:00:00,7.5,82,0.0,8.3,0,1017.2
2022-01-30 05:00:00,7.1,83,0.0,8.8,4,1016.7
2022-01-30 06:00:00,6.4,87,0.0,6.9,11,1016.3
2022-01-30 07:00:00,6.1,88,0.0,9.2,1,1016.3
2022-01-30 08:00:00,6.3,85,0.0,12.3,6,1016.6
2022-01-30 09:00:00,8.3,73,0.0,14.2,4,1016.9
2022-01-30 10:00:00,11.2,59,0.0,11.4,3,1017.2
2022-01-30 11:00:00,14.2,48,0.0,11.9,4,1017.2
2022-01-30 12:00:00,16.4,42,0.0,12.3,10,1016.8
2022-01-30 13:00:00,17.8,36,0.0,14.8,31,1015.8
2022-01-30 14:00:00,18.1,33,0.0,16.3,32,1014.5
2022-01-30 15:00:00,17.9,34,0.0,16.1,100,1013.8
2022-01-30 16:00:00,17.3,37,0.0,15.3,38,1013.3
2022-01-30 17:00:00,17.4,36,0.0,14.6,15,1013.0
2022-01-30 18:00:00,16.2,38,0.0,12.7,1,1012.9
2022-01-30 19:00:00,14.3,42,0.0,12.8,12,1013.0
2022-01-30 20:00:00,13.7,43,0.0,12.2,2,1013.1
2022-01-30 21:00:00,13.0,46,0.0,11.9,35,1013.3
2022-01-30 22:00:00,12.1,50,0.0,9.8,74,1013.5
2022-01-30 23:00:00,11.7,49,0.0,7.4,98,1013.8
2022-01-31 00:00:00,12.6,45,0.0,14.1,100,1013.7
2022-01-31 01:00:00,12.3,44,0.0,13.2,76,1013.4
2022-01-31 02:00:00,11.3,48,0.0,10.9,3,1012.8
2022-01-31 03:00:00,10.2,53,0.0,11.4,0,1012.5
2022-01-31 04:00:00,9.3,58,0.0,12.0,0,1011.9
2022-01-31 05:00:00,8.8,63,0.0,13.7,0,1011.2
2022-01-31 06:00:00,8.6,63,0.0,14.4,19,1010.9
2022-01-31 07:00:00,8.5,62,0.0,14.8,24,1011.3
2022-01-31 08:00:00,8.2,65,0.2,14.8,46,1011.6
2022-01-31 09:00:00,9.1,64,0.2,15.9,66,1012.1
2022-01-31 10:00:00,10.7,62,0.1,16.3,100,1012.4
2022-01-31 11:00:00,10.3,71,0.2,15.2,100,1012.6
2022-01-31 12:00:00,13.2,64,0.0,19.7,100,1012.0
2022-01-31 13:00:00,14.4,64,0.1,19.3,68,1011.3
2022-01-31 14:00:00,16.6,49,0.1,22.5,47,1010.2
2022-01-31 15:00:00,16.7,49,0.1,20.6,48,1009.9
2022-01-31 16:00:00,16.8,49,0.0,18.9,57,1010.1
2022-01-31 17:00:00,17.1,46,0.0,19.3,34,1010.4
2022-01-31 18:00:00,16.2,48,0.0,17.3,39,1010.9
2022-01-31 19:00:00,14.8,55,0.0,14.4,11,1011.8
2022-01-31 20:00:00,13.7,61,0.0,11.5,29,1012.7
2022-01-31 21:00:00,13.1,65,0.0,10.4,67,1013.4
2022-01-31 22:00:00,12.7,69,0.0,8.3,17,1013.7
2022-01-31 23:00:00,11.1,78,0.0,6.3,29,1014.0
2022-02-01 00:00:00,9.8,87,0.0,9.5,32,1014.2
2022-02-01 01:00:00,9.9,87,0.0,6.3,25,1014.4
2022-02-01 02:00:00,9.6,89,0.0,5.9,16,1014.4
2022-02-01 03:00:00,9.0,91,0.0,7.3,10,1014.6
2022-02-01 04:00:00,9.4,91,0.0,5.1,13,1014.9
2022-02-01 05:00:00,9.1,92,0.0,7.0,14,1015.3
2022-02-01 06:00:00,8.9,92,0.0,7.3,22,1015.4
2022-02-01 07:00:00,8.7,93,0.0,7.2,18,1016.0
2022-02-01 08:00:00,8.3,93,0.0,9.2,18,1016.6
2022-02-01 09:00:00,10.0,84,0.0,12.1,13,1017.0
2022-02-01 10:00:00,12.6,71,0.0,11.8,22,1017.5
2022-02-01 11:00:00,15.0,61,0.0,12.3,18,1017.7
2022-02-01 12:00:00,17.0,52,0.0,12.6,22,1017.3
2022-02-01 13:00:00,18.2,43,0.0,11.8,41,1016.4
2022-02-01 14:00:00,18.8,39,0.0,12.4,85,1015.3
2022-02-01 15:00:00,18.6,37,0.0,10.5,56,1015.2
2022-02-01 16:00:00,18.7,36,0.0,9.3,39,1014.9
2022-02-01 17:00:00,18.1,37,0.0,8.9,1,1015.0
2022-02-01 18:00:00,16.7,41,0.0,4.1,0,1015.1
2022-02-01 19:00:00,15.3,45,0.0,4.3,0,1015.1
2022-02-01 20:00:00,13.6,51,0.0,6.0,0,1015.6
2022-02-01 21:00:00,12.0,58,0.0,6.9,0,1015.8
2022-02-01 22:00:00,10.3,65,0.0,7.3,0,1015.9
2022-02-01 23:00:00,8.9,72,0.0,8.0,0,1016.0
2022-02-02 00:00:00,9.3,70,0.0,7.0,0,1015.9
2022-02-02 01:00:00,9.2,68,0.0,8.0,0,1015.6
2022-02-02 02:00:00,8.9,69,0.0,8.0,0,1015.4
2022-02-02 03:00:00,7.7,81,0.0,7.2,0,1015.2
2022-02-02 04:00:00,7.8,79,0.0,6.5,0,1014.9
2022-02-02 05:00:00,7.4,80,0.0,6.5,0,1014.5
2022-02-02 06:00:00,7.2,81,0.0,6.8,0,1014.1
2022-02-02 07:00:00,7.2,80,0.0,7.4,24,1014.2
2022-02-02 08:00:00,7.2,81,0.0,9.0,6,1014.3
2022-02-02 09:00:00,9.3,71,0.0,9.1,37,1014.5
2022-02-02 10:00:00,12.5,59,0.0,7.2,6,1014.7
2022-02-02 11:00:00,15.4,50,0.0,9.1,39,1014.6
2022-02-02 12:00:00,17.6,43,0.0,11.5,85,1014.2
2022-02-02 13:00:00,19.2,34,0.0,14.5,94,1013.4
2022-02-02 14:00:00,20.0,29,0.0,16.3,96,1012.3
2022-02-02 15:00:00,19.9,27,0.0,14.4,80,1011.4
2022-02-02 16:00:00,20.3,26,0.0,12.6,5,1011.1
2022-02-02 17:00:00,19.9,27,0.0,11.3,0,1010.9
2022-02-02 18:00:00,18.1,32,0.0,6.7,0,1010.6
2022-02-02 19:00:00,13.6,47,0.0,10.1,0,1010.2
2022-02-02 20:00:00,12.2,53,0.0,9.7,0,1010.3
2022-02-02 21:00:00,11.6,54,0.0,7.9,0,1010.6
2022-02-02 22:00:00,10.8,56,0.0,7.2,0,1010.5
2022-02-02 23:00:00,10.0,58,0.0,7.1,0,1010.2
2022-02-03 00:00:00,10.5,56,0.0,9.0,0,1010.0
2022-02-03 01:00:00,10.3,57,0.0,9.5,0,1009.6
2022-02-03 02:00:00,9.8,59,0.0,9.4,0,1009.6
2022-02-03 03:00:00,10.0,59,0.0,12.2,0,1009.2
2022-02-03 04:00:00,10.0,59,0.0,14.0,0,1008.4
2022-02-03 05:00:00,9.9,59,0.0,14.9,0,1008.1
2022-02-03 06:00:00,9.7,61,0.0,15.2,0,1007.7
2022-02-03 07:00:00,9.9,59,0.0,16.2,16,1008.1
2022-02-03 08:00:00,10.3,56,0.0,17.7,0,1008.4
2022-02-03 09:00:00,11.9,50,0.0,16.7,0,1009.1
2022-02-03 10:00:00,14.1,41,0.0,15.3,20,1010.2
2022-02-03 11:00:00,15.7,35,0.0,13.5,15,1010.3
2022-02-03 12:00:00,17.3,31,0.0,15.8,19,1010.1
2022-02-03 13:00:00,18.2,29,0.0,20.6,0,1009.4
2022-02-03 14:00:00,18.5,26,0.0,24.2,0,1008.9
2022-02-03 15:00:00,18.2,29,0.0,25.0,10,1008.8
2022-02-03 16:00:00,17.7,29,0.0,26.3,51,1008.9
2022-02-03 17:00:00,16.6,33,0.1,27.5,56,1009.4
2022-02-03 18:00:00,15.5,38,0.1,22.7,36,1009.7
2022-02-03 19:00:00,13.9,47,0.1,18.9,50,1010.2
2022-02-03 20:00:00,13.6,47,0.1,15.7,12,1010.4
2022-02-03 21:00:00,13.2,48,0.0,16.0,3,1010.9
2022-02-03 22:00:00,12.5,49,0.0,14.8,22,1010.9
2022-02-03 23:00:00,12.0,51,0.0,13.4,27,1010.8
2022-02-04 00:00:00,11.6,53,0.0,15.5,28,1010.6
2022-02-04 01:00:00,10.8,58,0.1,14.6,24,1010.6
2022-02-04 02:00:00,10.1,61,0.2,15.5,51,1010.5
2022-02-04 03:00:00,11.0,51,0.2,14.8,57,1009.8
2022-02-04 04:00:00,10.7,53,0.0,15.6,10,1009.9
2022-02-04 05:00:00,10.6,56,0.0,16.7,0,1009.9
2022-02-04 06:00:00,10.1,56,0.0,18.1,14,1009.9
2022-02-04 07:00:00,9.7,57,0.0,18.9,38,1010.1
2022-02-04 08:00:00,9.8,58,0.0,20.5,100,1010.3
2022-02-04 09:00:00,10.9,59,0.0,19.9,100,1010.9
2022-02-04 10:00:00,11.7,60,0.0,22.8,49,1011.3
2022-02-04 11:00:00,13.4,59,0.1,30.8,100,1012.2
2022-02-04 12:00:00,14.0,56,0.0,29.3,100,1012.1
2022-02-04 13:00:00,15.3,51,0.1,26.3,94,1012.0
2022-02-04 14:00:00,16.0,50,0.2,26.8,67,1011.8
2022-02-04 15:00:00,16.6,46,0.2,21.7,75,1011.9
2022-02-04 16:00:00,16.8,45,0.1,23.4,72,1012.1
2022-02-04 17:00:00,16.4,49,0.0,22.7,32,1012.9
2022-02-04 18:00:00,15.6,52,0.0,19.5,38,1013.9
2022-02-04 19:00:00,14.2,60,0.0,16.3,30,1014.8
2022-02-04 20:00:00,13.3,66,0.0,15.1,30,1015.8
2022-02-04 21:00:00,12.7,71,0.0,14.4,21,1016.5
2022-02-04 22:00:00,12.1,76,0.0,15.0,23,1017.0
2022-02-04 23:00:00,11.7,76,0.0,14.8,6,1017.5
2022-02-05 00:00:00,11.3,74,0.0,15.8,2,1017.7
2022-02-05 01:00:00,10.9,76,0.0,16.9,5,1017.8
2022-02-05 02:00:00,10.6,78,0.0,16.7,14,1018.0
2022-02-05 03:00:00,10.2,79,0.0,12.1,4,1018.0
2022-02-05 04:00:00,10.3,79,0.0,12.2,24,1018.1
2022-02-05 05:00:00,9.8,82,0.0,11.2,40,1018.3
2022-02-05 06:00:00,9.6,82,0.0,11.3,13,1018.6
2022-02-05 07:00:00,8.9,86,0.0,9.5,16,1019.3
2022-02-05 08:00:00,8.5,86,0.0,8.2,100,1019.7
2022-02-05 09:00:00,10.5,74,0.0,7.9,99,1020.6
2022-02-05 10:00:00,12.4,64,0.0,7.1,97,1021.2
2022-02-05 11:00:00,14.7,53,0.0,8.6,35,1021.4
2022-02-05 12:00:00,16.3,44,0.0,16.5,100,1020.9
2022-02-05 13:00:00,16.1,44,0.0,15.5,100,1020.4
2022-02-05 14:00:00,17.0,39,0.0,13.9,94,1019.8
2022-02-05 15:00:00,17.9,34,0.0,13.3,60,1019.4
2022-02-05 16:00:00,18.0,34,0.0,13.0,9,1019.3
2022-02-05 17:00:00,17.5,35,0.0,11.5,2,1019.5
2022-02-05 18:00:00,16.3,39,0.0,6.1,0,1019.8
2022-02-05 19:00:00,12.5,51,0.0,9.4,2,1020.0
2022-02-05 20:00:00,11.5,55,0.0,8.9,3,1020.7
2022-02-05 21:00:00,10.9,59,0.0,7.4,2,1021.5
2022-02-05 22:00:00,9.6,67,0.0,9.3,0,1022.0
2022-02-05 23:00:00,10.9,62,0.0,6.5,0,1022.5
2022-02-06 00:00:00,10.7,64,0.0,6.5,0,1022.8
2022-02-06 01:00:00,10.4,66,0.0,4.6,2,1022.9
2022-02-06 02:00:00,9.6,71,0.0,2.5,0,1022.8
2022-02-06 03:00:00,7.0,84,0.0,5.1,0,1022.7
2022-02-06 04:00:00,6.6,88,0.0,5.8,0,1022.4
2022-02-06 05:00:00,6.5,88,0.0,5.4,0,1022.1
2022-02-06 06:00:00,6.8,87,0.0,6.5,1,1022.1
2022-02-06 07:00:00,6.7,87,0.0,7.6,1,1022.5
2022-02-06 08:00:00,6.7,87,0.0,8.4,85,1022.9
2022-02-06 09:00:00,9.3,74,0.0,8.0,76,1023.7
2022-02-06 10:00:00,12.7,60,0.0,7.2,100,1024.2
2022-02-06 11:00:00,15.0,52,0.0,7.9,33,1024.2
2022-02-06 12:00:00,17.4,45,0.0,7.2,100,1023.7
2022-02-06 13:00:00,18.9,40,0.0,8.5,49,1022.7
2022-02-06 14:00:00,19.1,40,0.0,9.1,8,1021.7
2022-02-06 15:00:00,19.1,40,0.0,5.2,4,1021.3
2022-02-06 16:00:00,19.5,39,0.0,6.5,9,1021.0
2022-02-06 17:00:00,19.0,40,0.0,7.9,3,1021.0
2022-02-06 18:00:00,17.7,44,0.0,6.8,0,1021.1
2022-02-06 19:00:00,13.7,59,0.0,8.8,0,1021.3
2022-02-06 20:00:00,12.6,63,0.0,8.1,0,1021.8
2022-02-06 21:00:00,11.5,66,0.0,9.0,0,1022.3
2022-02-06 22:00:00,10.9,66,0.0,8.7,0,1022.5
2022-02-06 23:00:00,11.6,61,0.0,6.7,0,1022.6
2022-02-07 00:00:00,10.6,64,0.0,5.9,0,1022.4
2022-02-07 01:00:00,9.6,68,0.0,4.8,0,1022.3
2022-02-07 02:00:00,10.6,65,0.0,1.5,0,1022.2
2022-02-07 03:00:00,7.6,85,0.0,7.6,0,1021.7
2022-02-07 04:00:00,7.1,87,0.0,8.0,0,1021.3
2022-02-07 05:00:00,7.6,85,0.0,5.4,0,1020.8
2022-02-07 06:00:00,7.7,85,0.0,7.3,0,1020.6
2022-02-07 07:00:00,7.4,87,0.0,8.4,0,1020.8
2022-02-07 08:00:00,7.3,87,0.0,8.4,0,1021.3
2022-02-07 09:00:00,9.9,74,0.0,9.6,0,1021.8
2022-02-07 10:00:00,13.7,58,0.0,8.4,0,1021.8
2022-02-07 11:00:00,16.8,46,0.0,8.3,0,1021.7
2022-02-07 12:00:00,19.1,38,0.0,8.4,0,1021.5
2022-02-07 13:00:00,20.7,32,0.0,9.3,0,1020.6
2022-02-07 14:00:00,21.7,29,0.0,10.0,0,1019.5
2022-02-07 15:00:00,22.0,28,0.0,9.3,0,1018.7
2022-02-07 16:00:00,22.4,26,0.0,10.1,0,1018.6
2022-02-07 17:00:00,21.9,27,0.0,9.7,0,1018.5
2022-02-07 18:00:00,20.1,32,0.0,6.4,0,1018.6
2022-02-07 19:00:00,15.4,44,0.0,11.0,0,1019.0
2022-02-07 20:00:00,14.1,49,0.0,11.2,0,1019.3
2022-02-07 21:00:00,13.0,53,0.0,11.4,0,1019.6
2022-02-07 22:00:00,12.2,56,0.0,10.2,0,1019.5
2022-02-07 23:00:00,12.6,56,0.0,7.7,0,1019.4
2022-02-08 00:00:00,13.3,54,0.0,4.8,0,1019.3
2022-02-08 01:00:00,12.8,57,0.0,3.4,5,1019.3
2022-02-08 02:00:00,12.4,58,0.0,0.5,12,1019.0
2022-02-08 03:00:00,9.0,75,0.0,6.0,12,1019.1
2022-02-08 04:00:00,8.1,80,0.0,7.6,5,1018.7
2022-02-08 05:00:00,8.1,80,0.0,7.2,0,1018.3
2022-02-08 06:00:00,7.7,82,0.0,7.9,0,1018.2
2022-02-08 07:00:00,7.7,80,0.0,6.8,0,1018.2
2022-02-08 08:00:00,8.2,77,0.0,8.3,0,1018.4
2022-02-08 09:00:00,11.1,63,0.0,11.2,0,1018.5
2022-02-08 10:00:00,15.0,50,0.0,9.8,0,1018.1
2022-02-08 11:00:00,18.3,40,0.0,11.2,0,1017.5
2022-02-08 12:00:00,20.7,32,0.0,13.1,0,1016.9
2022-02-08 13:00:00,22.2,27,0.0,13.0,0,1016.1
2022-02-08 14:00:00,23.2,23,0.0,13.1,0,1014.9
2022-02-08 15:00:00,23.5,23,0.0,9.8,0,1014.4
2022-02-08 16:00:00,23.9,20,0.0,9.9,0,1013.9
2022-02-08 17:00:00,23.4,20,0.0,9.8,0,1014.0
2022-02-08 18:00:00,21.2,24,0.0,5.9,0,1013.8
2022-02-08 19:00:00,17.3,33,0.0,7.2,2,1014.0
2022-02-08 20:00:00,16.7,35,0.0,9.5,2,1014.1
2022-02-08 21:00:00,15.5,40,0.0,8.6,0,1014.2
2022-02-08 22:00:00,13.5,47,0.0,6.9,0,1014.0
2022-02-08 23:00:00,13.2,49,0.0,7.6,0,1013.9
2022-02-09 00:00:00,12.5,52,0.0,7.3,0,1013.9
2022-02-09 01:00:00,10.9,57,0.0,8.0,0,1013.4
2022-02-09 02:00:00,9.8,59,0.0,9.2,0,1013.2
2022-02-09 03:00:00,9.6,53,0.0,9.0,0,1013.1
2022-02-09 04:00:00,9.7,50,0.0,6.8,0,1012.9
2022-02-09 05:00:00,8.9,48,0.0,9.2,0,1012.7
2022-02-09 06:00:00,8.1,48,0.0,11.1,0,1013.0
2022-02-09 07:00:00,7.7,69,0.0,10.4,0,1013.7
2022-02-09 08:00:00,8.9,86,0.0,7.7,2,1014.4
2022-02-09 09:00:00,11.8,83,0.0,10.1,0,1014.9
2022-02-09 10:00:00,14.0,70,0.0,14.3,4,1015.2
2022-02-09 11:00:00,15.3,59,0.0,20.5,12,1015.5
2022-02-09 12:00:00,16.2,46,0.0,20.3,1,1015.3
2022-02-09 13:00:00,17.4,35,0.0,20.4,0,1014.5
2022-02-09 14:00:00,17.7,32,0.0,21.6,0,1014.1
2022-02-09 15:00:00,17.8,32,0.0,21.2,1,1013.5
2022-02-09 16:00:00,17.7,30,0.0,21.9,43,1013.6
2022-02-09 17:00:00,16.9,32,0.0,24.1,60,1013.9
2022-02-09 18:00:00,15.7,36,0.0,21.8,4,1014.4
2022-02-09 19:00:00,14.0,42,0.0,18.9,2,1015.2
2022-02-09 20:00:00,13.2,48,0.0,19.8,2,1016.1
2022-02-09 21:00:00,12.4,50,0.0,17.9,1,1016.5
2022-02-09 22:00:00,11.8,52,0.0,16.2,3,1016.5
2022-02-09 23:00:00,11.3,55,0.0,15.3,4,1016.5
2022-02-10 00:00:00,10.8,57,0.0,16.3,8,1016.5
2022-02-10 01:00:00,10.3,63,0.0,15.2,7,1016.5
2022-02-10 02:00:00,10.1,65,0.0,15.2,12,1016.4
2022-02-10 03:00:00,10.5,66,0.0,13.9,14,1015.6
2022-02-10 04:00:00,10.2,68,0.0,13.9,1,1015.2
2022-02-10 05:00:00,10.2,66,0.0,15.2,1,1015.1
2022-02-10 06:00:00,9.7,66,0.0,14.0,1,1015.3
2022-02-10 07:00:00,8.8,71,0.0,10.8,3,1015.9
2022-02-10 08:00:00,8.7,74,0.0,11.3,6,1016.3
2022-02-10 09:00:00,10.3,67,0.0,8.7,14,1016.8
2022-02-10 10:00:00,12.4,57,0.0,14.2,19,1017.2
2022-02-10 11:00:00,14.3,51,0.0,19.4,4,1017.1
2022-02-10 12:00:00,15.7,46,0.0,22.4,52,1017.0
2022-02-10 13:00:00,16.3,42,0.0,23.0,97,1016.4
2022-02-10 14:00:00,16.2,42,0.0,22.9,68,1015.9
2022-02-10 15:00:00,16.4,41,0.0,17.1,51,1016.1
2022-02-10 16:00:00,16.6,38,0.0,19.1,100,1016.0
2022-02-10 17:00:00,16.0,40,0.0,19.8,100,1016.3
2022-02-10 18:00:00,15.4,44,0.0,17.1,99,1016.4
2022-02-10 19:00:00,14.4,50,0.0,13.7,42,1017.0
2022-02-10 20:00:00,13.4,55,0.0,11.3,73,1017.7
2022-02-10 21:00:00,13.0,57,0.0,10.5,48,1018.2
2022-02-10 22:00:00,12.3,60,0.0,8.4,4,1018.6
2022-02-10 23:00:00,10.5,70,0.0,6.4,16,1018.7
2022-02-11 00:00:00,9.0,79,0.0,7.2,5,1018.7
2022-02-11 01:00:00,8.2,84,0.0,8.7,22,1018.8
2022-02-11 02:00:00,7.6,87,0.0,9.1,10,1018.9
2022-02-11 03:00:00,7.6,90,0.0,8.7,1,1018.8
2022-02-11 04:00:00,8.2,88,0.0,7.6,12,1018.8
2022-02-11 05:00:00,8.9,85,0.0,6.3,32,1018.8
2022-02-11 06:00:00,9.1,85,0.0,3.8,19,1019.0
2022-02-11 07:00:00,8.8,86,0.0,2.2,28,1019.7
2022-02-11 08:00:00,8.6,88,0.0,1.5,14,1020.1
2022-02-11 09:00:00,9.8,81,0.0,0.8,84,1020.7
2022-02-11 10:00:00,12.7,63,0.0,3.0,2,1021.3
2022-02-11 11:00:00,15.5,52,0.0,5.8,0,1021.3
2022-02-11 12:00:00,17.6,40,0.0,12.6,50,1021.1
2022-02-11 13:00:00,18.8,33,0.0,12.3,74,1020.3
2022-02-11 14:00:00,19.6,31,0.0,13.1,61,1019.6
2022-02-11 15:00:00,18.9,35,0.0,12.9,98,1019.6
2022-02-11 16:00:00,19.3,35,0.0,14.7,39,1019.6
2022-02-11 17:00:00,18.6,37,0.0,14.7,28,1019.7
2022-02-11 18:00:00,17.7,40,0.0,13.4,3,1019.9
2022-02-11 19:00:00,15.3,47,0.0,8.0,0,1020.4
2022-02-11 20:00:00,14.4,51,0.0,9.5,0,1020.8
2022-02-11 21:00:00,13.8,53,0.0,14.8,0,1021.3
2022-02-11 22:00:00,13.1,57,0.0,13.0,0,1021.5
2022-02-11 23:00:00,11.9,63,0.0,10.1,0,1021.9
2022-02-12 00:00:00,10.9,70,0.0,7.7,0,1022.2
2022-02-12 01:00:00,9.8,77,0.0,6.5,0,1022.4
2022-02-12 02:00:00,9.0,83,0.0,6.3,0,1022.2
2022-02-12 03:00:00,8.4,89,0.0,7.1,0,1022.1
2022-02-12 04:00:00,7.7,91,0.0,6.9,0,1021.9
2022-02-12 05:00:00,7.3,92,0.0,6.1,0,1022.0
2022-02-12 06:00:00,7.7,91,0.0,6.6,0,1021.7
2022-02-12 07:00:00,7.9,90,0.0,8.0,0,1021.9
2022-02-12 08:00:00,8.1,89,0.0,8.4,0,1022.3
2022-02-12 09:00:00,10.7,75,0.0,9.3,0,1022.9
2022-02-12 10:00:00,14.1,60,0.0,10.1,0,1023.4
2022-02-12 11:00:00,16.6,54,0.0,18.9,0,1023.3
2022-02-12 12:00:00,18.0,47,0.0,21.4,0,1022.5
2022-02-12 13:00:00,19.3,41,0.0,20.3,0,1021.6
2022-02-12 14:00:00,20.3,35,0.0,19.3,0,1020.7
2022-02-12 15:00:00,20.8,30,0.0,18.0,0,1020.0
2022-02-12 16:00:00,21.2,29,0.0,17.8,0,1019.6
2022-02-12 17:00:00,20.8,30,0.0,17.7,0,1019.4
2022-02-12 18:00:00,19.6,33,0.0,14.8,0,1019.5
2022-02-12 19:00:00,17.3,40,0.0,10.7,0,1020.0
2022-02-12 20:00:00,16.0,45,0.0,11.0,0,1020.3
2022-02-12 21:00:00,15.3,49,0.0,13.0,0,1020.5
2022-02-12 22:00:00,14.3,60,0.0,14.8,0,1020.8
2022-02-12 23:00:00,13.1,67,0.0,12.6,0,1021.2
2022-02-13 00:00:00,12.0,73,0.0,11.2,0,1021.2
2022-02-13 01:00:00,11.1,81,0.0,11.6,0,1020.8
2022-02-13 02:00:00,10.4,88,0.0,11.4,0,1020.3
2022-02-13 03:00:00,10.2,93,0.0,11.5,0,1019.5
2022-02-13 04:00:00,9.9,95,0.0,11.2,0,1019.1
2022-02-13 05:00:00,9.4,96,0.0,9.8,0,1019.1
2022-02-13 06:00:00,9.1,97,0.0,9.7,0,1019.0
2022-02-13 07:00:00,8.8,98,0.0,9.7,5,1019.4
2022-02-13 08:00:00,8.7,99,0.0,8.4,100,1019.7
2022-02-13 09:00:00,10.4,92,0.0,9.5,49,1020.1
2022-02-13 10:00:00,13.3,80,0.0,11.8,68,1020.4
2022-02-13 11:00:00,15.8,68,0.0,12.6,67,1020.0
2022-02-13 12:00:00,18.2,57,0.0,10.6,23,1019.6
2022-02-13 13:00:00,20.1,47,0.0,9.0,12,1018.7
2022-02-13 14:00:00,21.4,42,0.0,7.9,4,1017.8
2022-02-13 15:00:00,21.4,40,0.0,8.4,1,1017.4
2022-02-13 16:00:00,22.0,38,0.0,8.7,4,1016.9
2022-02-13 17:00:00,21.7,38,0.0,9.8,0,1016.6
2022-02-13 18:00:00,20.7,41,0.0,9.7,1,1016.7
2022-02-13 19:00:00,18.0,49,0.0,8.7,4,1017.1
2022-02-13 20:00:00,16.5,56,0.0,19.5,17,1018.1
2022-02-13 21:00:00,15.3,63,0.0,13.6,45,1018.9
2022-02-13 22:00:00,14.3,66,0.0,11.2,82,1019.2
2022-02-13 23:00:00,13.5,68,0.0,10.8,26,1019.5
2022-02-14 00:00:00,12.4,73,0.0,9.0,27,1019.5
2022-02-14 01:00:00,11.4,77,0.0,7.3,25,1019.7
2022-02-14 02:00:00,10.5,83,0.0,6.6,6,1019.5
2022-02-14 03:00:00,9.2,89,0.0,6.0,5,1019.3
2022-02-14 04:00:00,8.8,91,0.0,6.5,1,1018.9
2022-02-14 05:00:00,9.5,86,0.0,5.7,0,1018.5
2022-02-14 06:00:00,9.7,87,0.0,4.7,7,1018.1
2022-02-14 07:00:00,9.6,88,0.0,4.3,7,1018.6
2022-02-14 08:00:00,7.4,96,0.0,7.4,0,1019.1
2022-02-14 09:00:00,10.7,81,0.0,4.0,0,1019.5
2022-02-14 10:00:00,13.7,62,0.0,3.3,0,1019.5
2022-02-14 11:00:00,16.5,47,0.0,6.2,0,1019.7
2022-02-14 12:00:00,18.3,39,0.0,10.6,6,1019.1
2022-02-14 13:00:00,19.6,35,0.0,10.5,25,1018.1
2022-02-14 14:00:00,20.4,34,0.0,11.2,83,1017.1
2022-02-14 15:00:00,19.9,34,0.0,10.5,21,1016.9
2022-02-14 16:00:00,20.2,34,0.0,11.9,14,1016.6
2022-02-14 17:00:00,19.4,37,0.0,14.1,1,1016.6
2022-02-14 18:00:00,18.2,40,0.0,12.6,1,1017.0
2022-02-14 19:00:00,14.9,51,0.0,7.4,2,1017.1
2022-02-14 20:00:00,14.5,53,0.0,6.4,17,1017.5
2022-02-14 21:00:00,14.7,53,0.0,13.9,40,1018.4
2022-02-14 22:00:00,13.9,69,0.0,15.8,0,1019.1
2022-02-14 23:00:00,12.9,77,0.0,11.3,0,1019.4
2022-02-15 00:00:00,11.9,83,0.0,7.4,12,1019.6
2022-02-15 01:00:00,11.0,89,0.0,6.1,18,1019.6
2022-02-15 02:00:00,10.3,93,0.0,5.6,13,1019.3
2022-02-15 03:00:00,10.5,94,0.0,5.7,18,1019.0
2022-02-15 04:00:00,10.2,95,0.0,4.9,36,1018.8
2022-02-15 05:00:00,9.6,96,0.0,5.0,44,1018.9
2022-02-15 06:00:00,9.1,97,0.0,5.6,43,1018.8
2022-02-15 07:00:00,8.7,98,0.0,7.2,6,1019.2
2022-02-15 08:00:00,8.2,99,0.0,7.6,10,1019.8
2022-02-15 09:00:00,11.2,88,0.0,4.4,34,1020.3
2022-02-15 10:00:00,13.8,72,0.0,5.8,29,1020.3
2022-02-15 11:00:00,16.3,57,0.0,13.0,41,1020.1
2022-02-15 12:00:00,17.9,44,0.0,13.7,42,1019.8
2022-02-15 13:00:00,19.5,35,0.0,14.4,71,1018.8
2022-02-15 14:00:00,20.1,33,0.0,15.2,28,1017.9
2022-02-15 15:00:00,19.1,38,0.0,15.5,14,1017.9
2022-02-15 16:00:00,19.9,34,0.0,15.7,68,1017.6
2022-02-15 17:00:00,19.2,37,0.0,17.5,30,1017.7
2022-02-15 18:00:00,18.2,40,0.0,15.1,22,1018.0
2022-02-15 19:00:00,16.4,46,0.0,15.3,11,1018.9
2022-02-15 20:00:00,15.1,50,0.0,12.8,2,1019.4
2022-02-15 21:00:00,14.2,50,0.0,14.5,0,1020.0
2022-02-15 22:00:00,13.1,55,0.0,13.7,0,1020.3
2022-02-15 23:00:00,12.3,62,0.0,10.9,2,1020.7
2022-02-16 00:00:00,11.3,68,0.0,8.4,0,1020.7
2022-02-16 01:00:00,10.5,74,0.0,7.7,0,1020.9
2022-02-16 02:00:00,9.9,79,0.0,7.1,5,1020.6
2022-02-16 03:00:00,9.0,86,0.0,8.7,0,1020.2
2022-02-16 04:00:00,9.1,84,0.0,8.3,24,1020.1
2022-02-16 05:00:00,9.1,85,0.0,7.8,0,1020.0
2022-02-16 06:00:00,9.0,86,0.0,7.2,1,1019.6
2022-02-16 07:00:00,9.5,86,0.0,5.4,15,1019.8
2022-02-16 08:00:00,9.2,88,0.0,3.8,0,1020.0
2022-02-16 09:00:00,10.6,81,0.0,2.7,0,1020.4
2022-02-16 10:00:00,13.4,66,0.0,4.8,0,1020.2
2022-02-16 11:00:00,16.1,51,0.0,10.0,0,1019.7
2022-02-16 12:00:00,17.7,43,0.0,10.0,0,1019.7
2022-02-16 13:00:00,19.1,37,0.0,9.5,0,1018.7
2022-02-16 14:00:00,20.2,33,0.0,10.1,3,1017.4
2022-02-16 15:00:00,19.8,36,0.0,11.0,50,1016.7
2022-02-16 16:00:00,20.3,34,0.0,10.5,28,1016.1
2022-02-16 17:00:00,19.9,35,0.0,10.7,96,1015.4
2022-02-16 18:00:00,19.0,38,0.0,9.2,93,1015.3
2022-02-16 19:00:00,16.2,46,0.0,6.2,100,1015.6
2022-02-16 20:00:00,15.8,47,0.0,9.6,80,1015.8
2022-02-16 21:00:00,15.2,49,0.0,10.8,89,1015.9
2022-02-16 22:00:00,14.3,53,0.0,10.4,100,1016.1
2022-02-16 23:00:00,13.7,59,0.0,12.0,100,1016.3
2022-02-17 00:00:00,13.0,67,0.0,11.6,95,1016.1
2022-02-17 01:00:00,12.1,74,0.0,8.8,100,1016.1
2022-02-17 02:00:00,11.0,81,0.0,8.8,100,1015.4
2022-02-17 03:00:00,11.4,78,0.0,8.2,100,1014.3
2022-02-17 04:00:00,11.0,81,0.0,8.0,100,1013.6
2022-02-17 05:00:00,10.6,84,0.0,8.7,100,1013.2
2022-02-17 06:00:00,10.4,85,0.0,9.1,100,1012.9
2022-02-17 07:00:00,10.2,87,0.0,8.0,100,1012.7
2022-02-17 08:00:00,10.2,87,0.0,7.6,100,1012.9
2022-02-17 09:00:00,11.5,80,0.0,7.9,100,1012.9
2022-02-17 10:00:00,13.5,70,0.0,9.6,100,1013.0
2022-02-17 11:00:00,15.5,62,0.0,12.4,100,1013.0
2022-02-17 12:00:00,17.2,52,0.0,13.6,100,1012.4
2022-02-17 13:00:00,18.2,46,0.0,13.4,100,1011.4
2022-02-17 14:00:00,19.0,42,0.0,12.4,100,1010.3
2022-02-17 15:00:00,18.6,44,0.0,10.5,100,1009.6
2022-02-17 16:00:00,19.0,42,0.0,9.7,100,1009.0
2022-02-17 17:00:00,19.0,42,0.0,8.4,100,1008.7
2022-02-17 18:00:00,18.4,44,0.0,6.3,100,1008.4
2022-02-17 19:00:00,16.3,50,0.0,5.0,100,1008.8
2022-02-17 20:00:00,14.5,58,0.0,6.3,96,1009.2
2022-02-17 21:00:00,13.9,63,0.0,6.8,13,1009.5
2022-02-17 22:00:00,12.9,69,0.0,8.0,6,1009.5
2022-02-17 23:00:00,12.0,74,0.0,6.1,7,1009.7
2022-02-18 00:00:00,10.8,83,0.0,6.1,21,1009.6
2022-02-18 01:00:00,10.3,89,0.0,6.6,8,1009.6
2022-02-18 02:00:00,9.7,91,0.0,6.5,9,1009.4
2022-02-18 03:00:00,9.9,93,0.0,5.7,9,1009.0
2022-02-18 04:00:00,9.6,95,0.0,6.9,17,1008.8
2022-02-18 05:00:00,9.0,97,0.0,6.2,19,1008.7
2022-02-18 06:00:00,7.9,99,0.0,5.9,5,1008.8
2022-02-18 07:00:00,7.0,100,0.0,7.6,22,1009.0
2022-02-18 08:00:00,7.4,100,0.0,6.5,100,1009.1
2022-02-18 09:00:00,10.2,92,0.0,4.3,43,1009.6
2022-02-18 10:00:00,13.2,76,0.0,4.0,48,1009.8
2022-02-18 11:00:00,16.1,63,0.0,7.4,94,1010.1
2022-02-18 12:00:00,17.7,52,0.0,12.0,90,1009.9
2022-02-18 13:00:00,19.2,42,0.0,9.9,98,1009.0
2022-02-18 14:00:00,19.4,40,0.0,9.7,97,1008.3
2022-02-18 15:00:00,19.9,39,0.0,9.8,98,1007.8
2022-02-18 16:00:00,20.0,37,0.0,10.2,100,1007.7
2022-02-18 17:00:00,19.0,41,0.0,13.7,99,1008.1
2022-02-18 18:00:00,18.6,42,0.0,10.9,92,1008.2
2022-02-18 19:00:00,16.3,53,0.0,13.0,89,1008.9
2022-02-18 20:00:00,14.7,66,0.2,12.5,99,1009.7
2022-02-18 21:00:00,12.8,90,6.4,11.2,100,1010.8
2022-02-18 22:00:00,12.3,99,1.0,11.6,100,1010.7
2022-02-18 23:00:00,12.5,91,0.0,5.4,100,1010.8
2022-02-19 00:00:00,12.4,90,0.0,6.5,56,1011.1
2022-02-19 01:00:00,11.3,90,0.0,11.0,100,1011.2
2022-02-19 02:00:00,10.9,92,0.1,11.2,42,1011.2
2022-02-19 03:00:00,10.8,83,0.0,11.0,46,1010.9
2022-02-19 04:00:00,10.8,79,0.0,10.7,100,1010.9
2022-02-19 05:00:00,11.1,75,0.0,7.7,5,1010.7
2022-02-19 06:00:00,9.0,86,0.0,7.4,10,1010.9
2022-02-19 07:00:00,8.7,89,0.0,8.6,8,1011.2
2022-02-19 08:00:00,9.7,86,0.1,6.9,42,1011.4
2022-02-19 09:00:00,11.9,77,0.2,9.3,42,1011.9
2022-02-19 10:00:00,13.8,73,0.0,13.5,64,1011.9
2022-02-19 11:00:00,15.4,65,0.7,20.9,94,1011.9
2022-02-19 12:00:00,14.8,72,5.3,24.9,89,1011.4
2022-02-19 13:00:00,15.1,75,3.5,17.3,93,1011.1
2022-02-19 14:00:00,12.4,75,1.4,13.3,83,1012.1
2022-02-19 15:00:00,13.5,65,0.0,15.5,46,1011.9
2022-02-19 16:00:00,14.7,57,0.0,5.1,21,1011.9
2022-02-19 17:00:00,15.3,44,0.1,18.7,94,1012.2
2022-02-19 18:00:00,15.2,43,0.0,16.0,100,1012.8
2022-02-19 19:00:00,13.9,48,0.0,12.4,100,1013.7
2022-02-19 20:00:00,12.8,59,0.0,12.2,60,1014.7
2022-02-19 21:00:00,11.5,69,0.0,4.4,36,1015.7
2022-02-19 22:00:00,10.0,79,0.0,5.2,11,1016.3
2022-02-19 23:00:00,8.6,88,0.0,6.6,5,1017.0
2022-02-20 00:00:00,8.9,86,0.0,5.9,8,1017.2
2022-02-20 01:00:00,8.3,91,0.0,6.1,3,1017.5
2022-02-20 02:00:00,7.9,93,0.0,5.4,0,1017.9
2022-02-20 03:00:00,9.9,79,0.0,2.5,0,1018.1
2022-02-20 04:00:00,9.6,81,0.0,6.2,0,1018.6
2022-02-20 05:00:00,8.0,89,0.0,7.4,0,1018.8
2022-02-20 06:00:00,9.0,87,0.0,5.9,0,1018.8
2022-02-20 07:00:00,8.0,91,0.0,5.4,0,1019.4
2022-02-20 08:00:00,7.8,94,0.0,4.8,0,1020.2
2022-02-20 09:00:00,10.2,83,0.0,1.6,0,1021.1
2022-02-20 10:00:00,13.0,66,0.0,2.9,0,1021.7
2022-02-20 11:00:00,15.5,56,0.0,6.2,0,1021.3
2022-02-20 12:00:00,17.5,51,0.0,7.4,0,1021.5
2022-02-20 13:00:00,19.0,46,0.0,7.9,0,1021.3
2022-02-20 14:00:00,20.0,42,0.0,7.7,0,1020.8
2022-02-20 15:00:00,20.0,39,0.0,6.0,0,1020.1
2022-02-20 16:00:00,20.3,39,0.0,7.3,17,1019.6
2022-02-20 17:00:00,19.9,40,0.0,6.1,87,1019.6
2022-02-20 18:00:00,18.8,43,0.0,5.2,0,1019.9
2022-02-20 19:00:00,14.6,62,0.0,8.2,0,1020.3
2022-02-20 20:00:00,13.4,71,0.0,7.0,0,1021.1
2022-02-20 21:00:00,15.0,65,0.0,3.1,27,1021.6
2022-02-20 22:00:00,13.1,73,0.0,4.3,45,1021.9
2022-02-20 23:00:00,11.1,83,0.0,6.8,67,1022.1
2022-02-21 00:00:00,10.5,84,0.0,9.5,98,1022.2
2022-02-21 01:00:00,11.0,81,0.0,8.1,100,1022.0
2022-02-21 02:00:00,11.2,83,0.0,5.1,100,1022.0
2022-02-21 03:00:00,10.4,88,0.0,3.6,100,1021.3
2022-02-21 04:00:00,9.8,93,0.0,2.7,99,1021.0
2022-02-21 05:00:00,9.5,94,0.0,3.1,100,1020.8
2022-02-21 06:00:00,8.7,96,0.0,5.5,99,1020.6
2022-02-21 07:00:00,8.5,96,0.0,5.9,100,1020.8
2022-02-21 08:00:00,9.3,95,0.0,4.0,99,1020.8
2022-02-21 09:00:00,12.3,80,0.0,6.7,100,1021.0
2022-02-21 10:00:00,15.4,66,0.0,5.4,99,1021.1
2022-02-21 11:00:00,18.2,54,0.0,4.7,99,1020.8
2022-02-21 12:00:00,19.9,45,0.0,4.0,88,1020.5
2022-02-21 13:00:00,21.0,41,0.0,5.4,27,1019.9
2022-02-21 14:00:00,21.9,38,0.0,6.4,32,1018.7
2022-02-21 15:00:00,22.1,36,0.0,5.5,86,1017.4
2022-02-21 16:00:00,22.6,34,0.0,6.6,8,1016.6
2022-02-21 17:00:00,22.1,34,0.0,7.4,15,1016.2
2022-02-21 18:00:00,20.9,35,0.0,5.4,12,1016.2
2022-02-21 19:00:00,16.5,48,0.0,7.9,83,1016.1
2022-02-21 20:00:00,15.9,50,0.0,4.7,98,1016.3
2022-02-21 21:00:00,14.4,57,0.0,5.5,92,1016.5
2022-02-21 22:00:00,13.4,67,0.0,5.2,42,1016.6
2022-02-21 23:00:00,12.3,78,0.0,6.3,0,1016.6
2022-02-22 00:00:00,11.6,84,0.0,5.5,0,1016.1
2022-02-22 01:00:00,11.7,83,0.0,6.1,0,1015.9
2022-02-22 02:00:00,11.6,84,0.0,3.1,0,1015.6
2022-02-22 03:00:00,11.8,84,0.0,2.6,0,1014.6
2022-02-22 04:00:00,9.8,91,0.0,6.2,0,1014.5
2022-02-22 05:00:00,9.5,92,0.0,5.4,9,1014.6
2022-02-22 06:00:00,9.5,91,0.0,5.8,13,1014.4
2022-02-22 07:00:00,9.4,90,0.0,7.2,29,1014.5
2022-02-22 08:00:00,9.8,86,0.0,10.2,28,1014.6
2022-02-22 09:00:00,12.8,72,0.0,11.4,2,1014.7
2022-02-22 10:00:00,16.2,58,0.0,9.1,0,1014.9
2022-02-22 11:00:00,19.0,49,0.0,9.0,12,1014.3
2022-02-22 12:00:00,21.2,40,0.0,7.8,12,1014.0
2022-02-22 13:00:00,22.7,34,0.0,6.8,6,1013.1
2022-02-22 14:00:00,23.5,31,0.0,6.7,39,1011.9
2022-02-22 15:00:00,23.8,32,0.0,6.6,96,1010.8
2022-02-22 16:00:00,24.0,31,0.0,7.5,100,1010.6
2022-02-22 17:00:00,23.6,32,0.0,7.5,45,1010.3
2022-02-22 18:00:00,22.4,35,0.0,7.6,36,1010.0
2022-02-22 19:00:00,19.0,46,0.0,7.6,98,1010.0
2022-02-22 20:00:00,17.8,51,0.0,7.0,99,1010.1
2022-02-22 21:00:00,16.9,55,0.0,8.4,93,1010.4
2022-02-22 22:00:00,15.6,60,0.0,6.5,89,1010.5
2022-02-22 23:00:00,14.3,66,0.0,6.1,0,1010.6
2022-02-23 00:00:00,13.5,69,0.0,6.9,0,1010.3
2022-02-23 01:00:00,13.2,71,0.0,8.4,0,1010.2
2022-02-23 02:00:00,13.0,70,0.0,10.1,0,1010.0
2022-02-23 03:00:00,13.0,69,0.0,8.3,0,1009.5
2022-02-23 04:00:00,12.2,73,0.0,6.5,0,1009.5
2022-02-23 05:00:00,11.5,77,0.0,6.2,0,1009.2
2022-02-23 06:00:00,11.1,80,0.0,6.6,0,1009.1
2022-02-23 07:00:00,11.4,77,0.0,8.0,0,1008.9
2022-02-23 08:00:00,11.7,75,0.0,9.4,0,1008.9
2022-02-23 09:00:00,14.5,64,0.0,8.3,35,1009.1
2022-02-23 10:00:00,18.1,50,0.0,8.0,5,1009.0
2022-02-23 11:00:00,21.1,42,0.0,11.0,22,1008.2
2022-02-23 12:00:00,23.1,35,0.0,13.0,11,1007.6
2022-02-23 13:00:00,24.4,29,0.0,11.9,57,1007.1
2022-02-23 14:00:00,24.7,27,0.0,14.6,81,1006.1
2022-02-23 15:00:00,23.8,30,0.0,15.4,97,1006.1
2022-02-23 16:00:00,22.6,39,0.2,12.0,92,1005.9
2022-02-23 17:00:00,21.5,44,0.2,12.4,71,1005.6
2022-02-23 18:00:00,20.4,50,0.1,9.1,96,1005.7
2022-02-23 19:00:00,17.9,57,0.0,6.8,46,1006.3
2022-02-23 20:00:00,17.9,45,0.0,7.8,46,1005.9
2022-02-23 21:00:00,17.0,49,0.0,11.1,33,1006.9
2022-02-23 22:00:00,15.3,69,0.0,15.7,1,1007.9
2022-02-23 23:00:00,14.2,76,0.0,11.6,16,1008.8
2022-02-24 00:00:00,13.5,81,0.0,11.0,17,1009.3
2022-02-24 01:00:00,12.6,86,0.0,6.8,12,1009.6
2022-02-24 02:00:00,11.5,91,0.0,6.5,0,1009.8
2022-02-24 03:00:00,11.3,85,0.0,6.5,0,1009.5
2022-02-24 04:00:00,10.8,70,0.0,7.9,0,1009.3
2022-02-24 05:00:00,10.2,66,0.0,9.1,0,1009.1
2022-02-24 06:00:00,9.9,68,0.0,10.8,0,1009.0
2022-02-24 07:00:00,9.4,73,0.0,11.9,0,1009.3
2022-02-24 08:00:00,9.8,73,0.0,13.8,28,1009.6
2022-02-24 09:00:00,12.2,62,0.0,12.7,40,1010.0
2022-02-24 10:00:00,14.8,51,0.0,16.9,21,1010.2
2022-02-24 11:00:00,16.4,43,0.0,22.9,15,1010.2
2022-02-24 12:00:00,16.9,45,0.0,25.2,4,1010.1
2022-02-24 13:00:00,17.5,43,0.0,26.6,15,1009.4
2022-02-24 14:00:00,18.1,41,0.0,24.2,84,1009.4
2022-02-24 15:00:00,15.9,47,2.0,24.3,86,1009.4
2022-02-24 16:00:00,16.5,45,0.0,22.7,67,1009.2
2022-02-24 17:00:00,17.0,42,0.0,22.0,37,1009.0
2022-02-24 18:00:00,16.1,48,0.0,21.4,40,1009.6
2022-02-24 19:00:00,15.1,54,0.0,14.8,27,1010.1
2022-02-24 20:00:00,14.5,56,0.0,11.3,22,1010.7
2022-02-24 21:00:00,13.6,59,0.0,9.7,4,1010.8
2022-02-24 22:00:00,12.9,62,0.0,10.0,4,1011.1
2022-02-24 23:00:00,12.3,64,0.0,9.7,3,1011.1
2022-02-25 00:00:00,11.5,68,0.0,8.5,0,1011.1
2022-02-25 01:00:00,11.1,69,0.0,8.9,0,1011.2
2022-02-25 02:00:00,10.9,69,0.0,11.6,0,1011.1
2022-02-25 03:00:00,11.6,68,0.0,14.2,5,1010.4
2022-02-25 04:00:00,11.9,65,0.0,16.3,32,1010.4
2022-02-25 05:00:00,12.6,63,0.0,20.0,1,1010.6
2022-02-25 06:00:00,11.8,73,0.0,18.5,7,1011.0
2022-02-25 07:00:00,11.6,79,0.0,20.8,29,1011.8
2022-02-25 08:00:00,11.7,80,0.0,22.7,74,1012.8
2022-02-25 09:00:00,13.1,68,0.0,20.1,13,1013.7
2022-02-25 10:00:00,14.5,60,0.0,23.2,5,1014.1
2022-02-25 11:00:00,16.0,49,0.1,27.4,41,1014.3
2022-02-25 12:00:00,17.1,43,0.0,26.4,57,1014.5
2022-02-25 13:00:00,18.1,38,0.0,27.0,100,1014.2
2022-02-25 14:00:00,17.7,39,0.0,26.0,100,1013.9
2022-02-25 15:00:00,18.0,41,0.0,20.6,89,1013.5
2022-02-25 16:00:00,18.0,41,0.0,20.7,99,1013.7
2022-02-25 17:00:00,17.8,42,0.0,20.3,99,1013.8
2022-02-25 18:00:00,17.3,44,0.0,19.7,87,1014.1
2022-02-25 19:00:00,16.3,49,0.0,14.3,27,1014.5
2022-02-25 20:00:00,15.3,53,0.0,12.1,44,1015.4
2022-02-25 21:00:00,14.6,57,0.0,12.4,37,1016.1
2022-02-25 22:00:00,13.8,63,0.0,11.8,21,1016.6
2022-02-25 23:00:00,13.0,71,0.0,11.8,42,1017.0
2022-02-26 00:00:00,12.7,74,0.0,9.8,34,1017.1
2022-02-26 01:00:00,11.9,79,0.0,6.2,32,1017.0
2022-02-26 02:00:00,10.5,87,0.0,5.9,6,1017.0
2022-02-26 03:00:00,9.9,89,0.0,8.9,13,1016.9
2022-02-26 04:00:00,9.9,89,0.0,6.8,44,1016.9
2022-02-26 05:00:00,10.3,85,0.0,5.5,99,1017.0
2022-02-26 06:00:00,11.2,80,0.0,6.0,99,1017.3
2022-02-26 07:00:00,11.4,77,0.0,5.7,85,1017.9
2022-02-26 08:00:00,11.4,74,0.0,4.2,99,1018.9
2022-02-26 09:00:00,13.6,61,0.0,4.3,76,1019.8
2022-02-26 10:00:00,15.2,53,0.0,4.3,100,1019.9
2022-02-26 11:00:00,16.4,45,0.0,8.4,78,1019.8
2022-02-26 12:00:00,17.8,39,0.0,9.8,52,1019.2
2022-02-26 13:00:00,19.2,34,0.0,10.0,1,1018.5
2022-02-26 14:00:00,20.0,32,0.0,10.8,0,1017.8
2022-02-26 15:00:00,19.7,35,0.0,8.3,10,1017.8
2022-02-26 16:00:00,20.4,34,0.0,8.2,10,1017.6
2022-02-26 17:00:00,20.0,35,0.0,9.7,20,1017.5
2022-02-26 18:00:00,18.9,37,0.0,9.1,3,1017.7
2022-02-26 19:00:00,16.6,45,0.0,9.3,2,1018.1
2022-02-26 20:00:00,15.4,49,0.0,8.0,0,1018.4
2022-02-26 21:00:00,13.4,57,0.0,8.0,5,1018.5
2022-02-26 22:00:00,13.3,60,0.0,12.3,0,1019.2
2022-02-26 23:00:00,12.4,64,0.0,10.3,0,1019.6
2022-02-27 00:00:00,11.5,68,0.0,9.7,58,1019.8
2022-02-27 01:00:00,10.7,73,0.0,8.1,86,1019.7
2022-02-27 02:00:00,9.7,79,0.0,5.5,19,1020.1
2022-02-27 03:00:00,10.3,78,0.0,7.4,100,1019.6
2022-02-27 04:00:00,10.6,76,0.0,7.1,100,1019.6
2022-02-27 05:00:00,10.2,78,0.0,5.9,21,1019.6
2022-02-27 06:00:00,8.8,85,0.0,7.6,0,1019.7
2022-02-27 07:00:00,8.2,88,0.0,7.9,0,1020.1
2022-02-27 08:00:00,8.9,86,0.0,6.2,0,1020.4
2022-02-27 09:00:00,12.4,68,0.0,2.9,0,1021.0
2022-02-27 10:00:00,15.6,53,0.0,5.0,0,1021.3
2022-02-27 11:00:00,17.6,42,0.0,8.1,0,1020.9
2022-02-27 12:00:00,19.1,37,0.0,7.7,0,1020.5
2022-02-27 13:00:00,20.3,33,0.0,7.2,5,1019.7
2022-02-27 14:00:00,21.3,31,0.0,6.8,0,1018.7
2022-02-27 15:00:00,21.1,31,0.0,6.1,0,1018.2
2022-02-27 16:00:00,21.8,30,0.0,6.4,0,1018.1
2022-02-27 17:00:00,21.4,31,0.0,7.2,0,1017.6
2022-02-27 18:00:00,20.5,32,0.0,7.2,0,1017.7
2022-02-27 19:00:00,17.0,42,0.0,6.9,0,1018.1
2022-02-27 20:00:00,15.5,48,0.0,6.6,0,1018.3
2022-02-27 21:00:00,15.1,51,0.0,8.0,0,1018.5
2022-02-27 22:00:00,14.5,54,0.0,9.6,0,1018.7
2022-02-27 23:00:00,13.8,60,0.0,14.6,0,1019.2
2022-02-28 00:00:00,12.6,66,0.0,11.0,0,1019.3
2022-02-28 01:00:00,11.8,70,0.0,9.7,0,1019.1
2022-02-28 02:00:00,10.9,76,0.0,8.4,0,1018.8
2022-02-28 03:00:00,10.4,82,0.0,6.2,0,1019.0
2022-02-28 04:00:00,9.4,89,0.0,7.0,0,1018.8
2022-02-28 05:00:00,9.6,86,0.0,7.9,0,1018.8
2022-02-28 06:00:00,11.0,79,0.0,5.7,0,1018.7
2022-02-28 07:00:00,10.7,82,0.0,1.8,0,1018.8
2022-02-28 08:00:00,10.4,85,0.0,3.1,0,1018.8
2022-02-28 09:00:00,12.8,72,0.0,1.3,21,1019.0
2022-02-28 10:00:00,16.5,51,0.0,3.3,38,1019.1
2022-02-28 11:00:00,18.7,39,0.0,8.4,95,1018.8
2022-02-28 12:00:00,20.2,35,0.0,9.9,76,1018.7
2022-02-28 13:00:00,21.5,31,0.0,8.7,99,1017.8
2022-02-28 14:00:00,22.6,28,0.0,8.0,78,1017.0
2022-02-28 15:00:00,23.1,27,0.0,10.1,0,1016.6
2022-02-28 16:00:00,23.6,26,0.0,10.5,0,1016.4
2022-02-28 17:00:00,23.2,27,0.0,10.5,0,1016.2
2022-02-28 18:00:00,22.2,29,0.0,11.4,0,1016.5
2022-02-28 19:00:00,19.4,36,0.0,7.1,0,1016.8
2022-02-28 20:00:00,18.4,40,0.0,9.7,0,1017.0
2022-02-28 21:00:00,17.2,44,0.0,8.2,0,1017.2
2022-02-28 22:00:00,15.5,51,0.0,6.3,0,1017.2
2022-02-28 23:00:00,15.0,55,0.0,11.9,0,1017.5
2022-03-01 00:00:00,13.9,64,0.0,10.9,0,1017.7
2022-03-01 01:00:00,13.0,70,0.0,9.3,0,1017.8
2022-03-01 02:00:00,12.2,75,0.0,7.5,0,1017.7
2022-03-01 03:00:00,11.5,80,0.0,6.6,0,1017.6
2022-03-01 04:00:00,11.1,83,0.0,6.2,0,1017.3
2022-03-01 05:00:00,10.4,87,0.0,7.3,14,1017.0
2022-03-01 06:00:00,9.9,89,0.0,8.7,10,1016.9
2022-03-01 07:00:00,9.7,89,0.0,8.0,0,1016.9
2022-03-01 08:00:00,11.3,82,0.0,5.1,0,1017.3
2022-03-01 09:00:00,15.1,61,0.0,6.5,14,1018.0
2022-03-01 10:00:00,18.7,43,0.0,8.6,61,1018.0
2022-03-01 11:00:00,21.4,32,0.0,10.9,100,1017.5
2022-03-01 12:00:00,23.0,27,0.0,12.2,100,1017.0
2022-03-01 13:00:00,24.4,25,0.0,11.7,27,1015.8
2022-03-01 14:00:00,25.5,24,0.0,9.8,75,1014.9
2022-03-01 15:00:00,25.7,23,0.0,10.7,100,1014.6
2022-03-01 16:00:00,26.0,23,0.0,11.0,100,1013.9
2022-03-01 17:00:00,25.6,24,0.0,10.9,98,1013.8
2022-03-01 18:00:00,24.5,27,0.0,10.8,100,1013.5
2022-03-01 19:00:00,22.0,32,0.0,8.1,97,1013.4
2022-03-01 20:00:00,20.7,36,0.0,8.2,98,1013.5
2022-03-01 21:00:00,19.5,40,0.0,7.7,81,1014.0
2022-03-01 22:00:00,18.6,43,0.0,11.7,5,1014.1
2022-03-01 23:00:00,18.1,44,0.0,14.3,15,1014.0
2022-03-02 00:00:00,17.2,47,0.0,13.6,26,1013.4
2022-03-02 01:00:00,16.3,49,0.0,12.8,24,1013.0
2022-03-02 02:00:00,15.7,50,0.0,12.5,7,1012.2
2022-03-02 03:00:00,15.5,52,0.0,13.5,0,1012.2
2022-03-02 04:00:00,14.9,54,0.0,13.0,100,1011.6
2022-03-02 05:00:00,14.6,57,0.0,12.3,100,1010.8
2022-03-02 06:00:00,14.6,57,0.0,9.9,100,1010.2
2022-03-02 07:00:00,14.4,59,0.0,8.4,98,1009.9
2022-03-02 08:00:00,13.8,64,0.0,9.9,100,1010.6
2022-03-02 09:00:00,15.6,57,0.0,7.6,100,1011.0
2022-03-02 10:00:00,18.3,47,0.0,4.8,100,1010.9
2022-03-02 11:00:00,21.2,37,0.0,2.6,100,1010.3
2022-03-02 12:00:00,23.6,31,0.0,1.4,100,1009.5
2022-03-02 13:00:00,25.8,26,0.0,1.3,100,1008.6
2022-03-02 14:00:00,27.5,22,0.0,4.4,100,1007.4
2022-03-02 15:00:00,28.9,17,0.0,13.7,97,1005.8
2022-03-02 16:00:00,28.9,17,0.0,16.8,55,1005.5
2022-03-02 17:00:00,28.4,17,0.0,19.2,100,1005.2
2022-03-02 18:00:00,27.2,17,0.0,16.8,42,1005.2
2022-03-02 19:00:00,24.6,23,0.0,13.5,100,1005.3
2022-03-02 20:00:00,24.0,26,0.0,12.5,68,1005.4
2022-03-02 21:00:00,22.6,28,0.0,11.8,95,1005.9
2022-03-02 22:00:00,22.1,28,0.0,10.9,100,1006.6
2022-03-02 23:00:00,21.0,32,0.0,20.1,100,1007.5
2022-03-03 00:00:00,17.7,57,0.0,20.2,96,1008.6
2022-03-03 01:00:00,16.7,67,0.0,16.9,100,1009.3
2022-03-03 02:00:00,16.3,66,0.0,17.8,100,1009.9
2022-03-03 03:00:00,16.4,69,0.0,17.2,100,1009.7
2022-03-03 04:00:00,15.5,64,0.0,17.9,44,1010.3
2022-03-03 05:00:00,14.0,53,0.0,17.3,0,1010.7
2022-03-03 06:00:00,12.8,51,0.0,15.9,1,1011.3
2022-03-03 07:00:00,12.4,54,0.0,15.2,3,1012.3
2022-03-03 08:00:00,12.5,55,0.0,17.6,10,1013.3
2022-03-03 09:00:00,13.8,55,0.0,19.4,5,1014.3
2022-03-03 10:00:00,15.0,53,0.0,23.9,24,1014.9
2022-03-03 11:00:00,16.6,45,0.0,22.0,52,1014.8
2022-03-03 12:00:00,17.8,40,0.0,21.2,54,1014.6
2022-03-03 13:00:00,18.2,38,0.0,21.4,70,1014.5
2022-03-03 14:00:00,19.0,32,0.0,22.2,63,1014.0
2022-03-03 15:00:00,19.6,31,0.0,20.3,65,1013.5
2022-03-03 16:00:00,19.7,30,0.0,21.3,43,1013.7
2022-03-03 17:00:00,19.5,29,0.0,20.8,78,1013.8
2022-03-03 18:00:00,18.3,33,0.0,18.2,15,1014.2
2022-03-03 19:00:00,16.5,39,0.0,15.5,6,1015.2
2022-03-03 20:00:00,15.4,44,0.0,13.2,86,1016.1
2022-03-03 21:00:00,14.3,49,0.0,9.4,97,1016.7
2022-03-03 22:00:00,13.4,54,0.0,8.7,100,1017.1
2022-03-03 23:00:00,12.7,60,0.0,8.9,68,1017.6
2022-03-04 00:00:00,11.5,68,0.0,6.3,6,1017.8
2022-03-04 01:00:00,10.0,78,0.0,8.7,10,1017.5
2022-03-04 02:00:00,11.3,73,0.0,6.0,0,1017.2
2022-03-04 03:00:00,12.0,72,0.0,3.6,0,1016.7
2022-03-04 04:00:00,10.1,81,0.0,3.7,3,1016.7
2022-03-04 05:00:00,8.8,88,0.0,6.0,48,1016.7
2022-03-04 06:00:00,8.2,91,0.0,6.5,24,1016.5
2022-03-04 07:00:00,7.7,92,0.0,7.2,7,1016.7
2022-03-04 08:00:00,9.1,87,0.0,3.4,3,1017.0
2022-03-04 09:00:00,12.5,67,0.0,4.2,9,1017.4
2022-03-04 10:00:00,14.9,54,0.0,4.1,11,1017.7
2022-03-04 11:00:00,17.0,46,0.0,1.4,100,1017.8
2022-03-04 12:00:00,17.8,41,0.0,3.4,67,1017.4
2022-03-04 13:00:00,19.3,35,0.0,3.1,4,1016.6
2022-03-04 14:00:00,20.3,33,0.0,3.4,2,1015.8
2022-03-04 15:00:00,19.9,35,0.0,5.4,17,1014.9
2022-03-04 16:00:00,20.6,33,0.0,6.1,17,1014.3
2022-03-04 17:00:00,20.3,32,0.0,7.4,5,1014.1
2022-03-04 18:00:00,19.5,34,0.0,7.7,70,1014.2
2022-03-04 19:00:00,17.5,40,0.0,6.6,4,1014.5
2022-03-04 20:00:00,16.5,45,0.0,9.4,30,1015.2
2022-03-04 21:00:00,15.5,49,0.0,7.1,44,1015.9
2022-03-04 22:00:00,14.3,54,0.0,5.2,3,1015.2
2022-03-04 23:00:00,14.1,56,0.0,10.1,1,1015.2
2022-03-05 00:00:00,13.3,63,0.0,14.2,38,1015.1
2022-03-05 01:00:00,12.5,71,0.0,12.7,0,1015.1
2022-03-05 02:00:00,11.9,74,0.0,10.8,7,1014.8
2022-03-05 03:00:00,12.1,77,0.0,10.8,3,1013.7
2022-03-05 04:00:00,11.8,79,0.0,9.5,38,1013.9
2022-03-05 05:00:00,11.4,81,0.0,8.2,8,1014.0
2022-03-05 06:00:00,10.8,84,0.0,9.2,0,1013.9
2022-03-05 07:00:00,10.5,86,0.0,8.9,0,1014.0
2022-03-05 08:00:00,11.0,82,0.0,10.0,0,1014.3
2022-03-05 09:00:00,13.5,68,0.0,8.4,0,1014.5
2022-03-05 10:00:00,16.8,50,0.0,11.5,0,1014.5
2022-03-05 11:00:00,19.0,39,0.0,14.5,0,1014.3
2022-03-05 12:00:00,20.8,33,0.0,14.4,0,1013.8
2022-03-05 13:00:00,22.3,30,0.0,14.4,0,1012.9
2022-03-05 14:00:00,23.5,27,0.0,14.4,0,1011.6
2022-03-05 15:00:00,23.7,27,0.0,14.5,0,1010.6
2022-03-05 16:00:00,24.3,26,0.0,11.9,60,1010.1
2022-03-05 17:00:00,23.9,26,0.0,13.6,100,1009.5
2022-03-05 18:00:00,22.9,27,0.0,13.1,98,1009.3
2022-03-05 19:00:00,20.9,32,0.0,10.1,89,1009.2
2022-03-05 20:00:00,19.9,34,0.0,11.9,100,1008.8
2022-03-05 21:00:00,19.1,37,0.0,13.2,95,1008.7
2022-03-05 22:00:00,18.3,40,0.0,13.5,100,1008.7
2022-03-05 23:00:00,17.0,48,0.0,12.5,100,1008.6
2022-03-06 00:00:00,16.1,53,0.0,12.1,100,1008.5
2022-03-06 01:00:00,15.9,53,0.0,9.5,100,1007.2
2022-03-06 02:00:00,16.5,50,0.0,2.3,100,1006.4
2022-03-06 03:00:00,15.7,50,0.0,6.6,75,1005.7
2022-03-06 04:00:00,17.5,39,0.0,6.6,99,1004.7
2022-03-06 05:00:00,17.3,33,0.1,13.4,46,1003.5
2022-03-06 06:00:00,18.5,29,0.0,13.1,16,1002.8
2022-03-06 07:00:00,17.8,27,0.0,12.6,38,1002.4
2022-03-06 08:00:00,19.7,23,0.0,22.3,27,1001.9
2022-03-06 09:00:00,22.3,18,0.0,23.1,0,1001.8
2022-03-06 10:00:00,25.1,14,0.0,24.3,0,1002.2
2022-03-06 11:00:00,27.4,11,0.0,28.9,0,1001.8
2022-03-06 12:00:00,28.9,10,0.0,30.7,0,1003.0
2022-03-06 13:00:00,30.3,9,0.0,27.7,0,1002.4
2022-03-06 14:00:00,30.3,10,0.0,30.1,0,1002.0
2022-03-06 15:00:00,29.1,13,0.0,27.7,3,1002.3
2022-03-06 16:00:00,29.0,10,0.0,27.6,26,1002.3
2022-03-06 17:00:00,27.7,14,0.0,24.8,61,1002.7
2022-03-06 18:00:00,26.6,16,0.0,22.4,92,1003.5
2022-03-06 19:00:00,24.7,23,0.0,20.2,100,1004.5
2022-03-06 20:00:00,20.4,44,0.0,21.0,88,1005.9
2022-03-06 21:00:00,18.7,59,0.0,19.0,0,1007.1
2022-03-06 22:00:00,17.5,67,0.0,14.4,22,1008.0
2022-03-06 23:00:00,16.5,73,0.0,13.8,4,1008.7
2022-03-07 00:00:00,15.5,82,0.0,13.2,98,1009.2
2022-03-07 01:00:00,15.0,89,0.0,12.2,95,1009.5
2022-03-07 02:00:00,14.4,94,0.0,11.5,55,1009.8
2022-03-07 03:00:00,14.2,96,0.0,10.4,83,1010.0
2022-03-07 04:00:00,14.2,97,0.0,8.7,77,1010.2
2022-03-07 05:00:00,14.3,96,0.0,7.9,100,1010.3
2022-03-07 06:00:00,14.5,94,0.0,8.7,100,1010.8
2022-03-07 07:00:00,14.2,95,0.0,8.6,100,1011.1
2022-03-07 08:00:00,14.3,93,0.0,8.4,100,1011.4
2022-03-07 09:00:00,15.3,84,0.0,9.1,100,1011.7
2022-03-07 10:00:00,17.1,69,0.0,11.4,59,1012.0
2022-03-07 11:00:00,19.5,55,0.0,10.2,54,1011.9
2022-03-07 12:00:00,21.5,44,0.0,10.4,77,1011.6
2022-03-07 13:00:00,23.0,37,0.0,8.9,86,1011.1
2022-03-07 14:00:00,24.0,33,0.0,8.5,99,1009.9
2022-03-07 15:00:00,23.6,34,0.0,8.3,100,1009.5
2022-03-07 16:00:00,24.2,32,0.0,8.7,100,1009.3
2022-03-07 17:00:00,23.9,31,0.0,9.8,94,1009.2
2022-03-07 18:00:00,23.1,32,0.0,10.0,100,1009.7
2022-03-07 19:00:00,21.2,37,0.0,5.1,100,1010.0
2022-03-07 20:00:00,20.1,40,0.0,5.4,100,1010.5
2022-03-07 21:00:00,19.2,46,0.0,18.7,100,1011.4
2022-03-07 22:00:00,18.0,52,0.0,15.6,100,1011.5
2022-03-07 23:00:00,17.1,55,0.0,14.6,100,1011.7
2022-03-08 00:00:00,16.5,57,0.0,12.6,100,1011.7
2022-03-08 01:00:00,15.7,60,0.0,9.7,100,1011.2
2022-03-08 02:00:00,15.3,63,0.0,9.8,100,1011.0
2022-03-08 03:00:00,15.3,63,0.0,7.8,100,1010.6
2022-03-08 04:00:00,15.0,66,0.0,7.4,100,1010.5
2022-03-08 05:00:00,14.4,70,0.0,7.5,100,1010.3
2022-03-08 06:00:00,13.7,75,0.0,8.3,100,1010.3
2022-03-08 07:00:00,13.3,78,0.0,8.0,99,1010.2
2022-03-08 08:00:00,13.5,79,0.0,9.8,100,1010.5
2022-03-08 09:00:00,15.4,71,0.0,9.0,100,1011.0
2022-03-08 10:00:00,17.1,61,0.0,10.9,91,1010.9
2022-03-08 11:00:00,20.0,43,0.0,12.6,100,1010.1
2022-03-08 12:00:00,21.2,36,0.0,13.7,100,1009.2
2022-03-08 13:00:00,22.8,29,0.0,13.8,100,1007.9
2022-03-08 14:00:00,23.8,25,0.0,13.1,100,1006.5
2022-03-08 15:00:00,24.2,23,0.0,11.8,0,1005.4
2022-03-08 16:00:00,25.3,20,0.0,9.8,0,1004.3
2022-03-08 17:00:00,25.5,19,0.0,8.3,10,1003.3
2022-03-08 18:00:00,25.2,18,0.0,6.5,24,1002.3
2022-03-08 19:00:00,20.7,23,0.0,6.2,16,1002.5
2022-03-08 20:00:00,20.4,29,0.0,11.4,61,1003.8
2022-03-08 21:00:00,19.7,32,0.0,11.2,86,1004.5
2022-03-08 22:00:00,18.8,35,0.0,10.2,20,1005.0
2022-03-08 23:00:00,16.6,59,0.0,16.9,61,1005.6
2022-03-09 00:00:00,14.9,80,0.6,15.1,6,1005.3
2022-03-09 01:00:00,14.4,85,0.0,14.8,18,1005.1
2022-03-09 02:00:00,14.1,87,0.0,15.0,13,1004.6
2022-03-09 03:00:00,14.8,85,0.1,16.3,40,1003.6
2022-03-09 04:00:00,14.7,86,0.0,13.3,83,1003.6
2022-03-09 05:00:00,14.6,87,0.1,14.0,59,1002.7
2022-03-09 06:00:00,14.0,88,0.0,9.7,0,1002.9
2022-03-09 07:00:00,13.3,91,0.0,6.6,0,1003.4
2022-03-09 08:00:00,13.5,93,0.0,11.7,0,1004.0
2022-03-09 09:00:00,15.5,83,0.0,13.2,0,1005.0
2022-03-09 10:00:00,17.9,68,0.0,14.6,0,1005.9
2022-03-09 11:00:00,20.5,51,0.0,14.3,0,1006.1
2022-03-09 12:00:00,22.1,42,0.0,14.2,0,1006.2
2022-03-09 13:00:00,23.0,40,0.0,14.5,5,1006.3
2022-03-09 14:00:00,23.8,36,0.0,17.4,9,1006.2
2022-03-09 15:00:00,22.7,39,0.0,18.1,38,1006.4
2022-03-09 16:00:00,22.5,39,0.0,17.9,31,1006.8
2022-03-09 17:00:00,21.7,40,0.0,17.3,53,1007.2
2022-03-09 18:00:00,20.5,42,0.0,16.1,7,1007.8
2022-03-09 19:00:00,18.9,46,0.0,12.3,0,1008.3
2022-03-09 20:00:00,17.7,50,0.0,10.6,0,1008.8
2022-03-09 21:00:00,16.6,54,0.0,11.0,0,1009.6
2022-03-09 22:00:00,15.5,58,0.0,8.2,0,1010.3
2022-03-09 23:00:00,14.2,64,0.0,5.7,0,1010.7
2022-03-10 00:00:00,12.4,75,0.0,7.3,0,1010.7
2022-03-10 01:00:00,12.3,78,0.0,6.6,0,1010.7
2022-03-10 02:00:00,12.7,78,0.0,4.6,0,1010.5
2022-03-10 03:00:00,11.6,84,0.0,4.7,13,1010.3
2022-03-10 04:00:00,11.6,84,0.0,5.6,18,1010.3
2022-03-10 05:00:00,10.0,91,0.0,8.1,43,1010.2
2022-03-10 06:00:00,10.4,88,0.0,8.2,100,1010.4
2022-03-10 07:00:00,12.3,78,0.0,4.7,100,1010.5
2022-03-10 08:00:00,13.3,74,0.0,6.0,100,1010.9
2022-03-10 09:00:00,14.8,67,0.0,6.5,100,1011.1
2022-03-10 10:00:00,16.7,46,0.0,15.6,38,1011.0
2022-03-10 11:00:00,18.1,38,0.0,21.9,15,1010.7
2022-03-10 12:00:00,19.0,34,0.0,26.6,100,1010.1
2022-03-10 13:00:00,18.7,33,0.0,26.0,21,1009.9
2022-03-10 14:00:00,19.6,29,0.0,30.0,25,1009.3
2022-03-10 15:00:00,19.2,28,0.0,29.2,5,1009.1
2022-03-10 16:00:00,19.2,26,0.0,28.8,52,1008.8
2022-03-10 17:00:00,18.2,29,0.0,30.0,15,1009.0
2022-03-10 18:00:00,16.8,32,0.0,30.6,20,1009.8
2022-03-10 19:00:00,15.5,35,0.0,22.9,16,1010.6
2022-03-10 20:00:00,14.9,37,0.0,19.6,40,1011.2
2022-03-10 21:00:00,14.4,39,0.0,14.9,15,1012.0
2022-03-10 22:00:00,13.4,44,0.0,12.3,14,1012.8
2022-03-10 23:00:00,12.9,47,0.0,16.3,5,1013.3
2022-03-11 00:00:00,12.3,51,0.0,17.1,7,1013.5
2022-03-11 01:00:00,11.4,58,0.0,16.9,8,1013.8
2022-03-11 02:00:00,10.7,65,0.0,15.6,2,1014.1
2022-03-11 03:00:00,11.0,65,0.0,14.9,8,1013.9
2022-03-11 04:00:00,10.7,67,0.0,14.8,16,1013.9
2022-03-11 05:00:00,10.3,70,0.0,14.8,11,1014.0
2022-03-11 06:00:00,9.8,72,0.0,14.4,18,1014.3
2022-03-11 07:00:00,9.5,74,0.0,13.7,5,1015.0
2022-03-11 08:00:00,9.8,73,0.0,11.9,2,1015.7
2022-03-11 09:00:00,11.6,64,0.0,13.8,1,1016.5
2022-03-11 10:00:00,13.6,51,0.0,19.2,30,1016.9
2022-03-11 11:00:00,14.8,42,0.0,21.7,99,1017.1
2022-03-11 12:00:00,15.5,37,0.0,21.1,54,1017.2
2022-03-11 13:00:00,16.8,31,0.0,21.3,85,1017.0
2022-03-11 14:00:00,17.1,27,0.0,20.9,41,1016.5
2022-03-11 15:00:00,16.4,30,0.0,19.9,65,1016.6
2022-03-11 16:00:00,16.4,30,0.0,22.1,57,1017.0
2022-03-11 17:00:00,15.7,32,0.0,20.6,98,1017.1
2022-03-11 18:00:00,14.6,35,0.0,19.4,100,1017.4
2022-03-11 19:00:00,13.9,37,0.0,16.6,99,1017.7
2022-03-11 20:00:00,13.2,40,0.0,16.3,91,1018.3
2022-03-11 21:00:00,12.0,45,0.0,12.0,100,1019.2
2022-03-11 22:00:00,11.0,49,0.0,10.5,99,1019.7
2022-03-11 23:00:00,10.2,53,0.0,8.9,100,1020.0
2022-03-12 00:00:00,9.1,60,0.0,5.2,65,1020.1
2022-03-12 01:00:00,9.2,62,0.0,5.9,99,1019.6
2022-03-12 02:00:00,8.8,66,0.0,6.1,14,1019.5
2022-03-12 03:00:00,10.8,54,0.0,3.8,65,1018.9
2022-03-12 04:00:00,11.0,53,0.0,4.3,100,1018.7
2022-03-12 05:00:00,10.0,60,0.0,8.5,100,1018.6
2022-03-12 06:00:00,9.0,67,0.0,5.1,92,1018.8
2022-03-12 07:00:00,7.4,78,0.0,6.9,56,1019.4
2022-03-12 08:00:00,9.0,72,0.0,2.5,8,1019.5
2022-03-12 09:00:00,11.2,58,0.0,4.6,2,1020.2
2022-03-12 10:00:00,13.1,46,0.0,14.9,45,1020.3
2022-03-12 11:00:00,14.4,37,0.0,17.6,87,1020.2
2022-03-12 12:00:00,15.3,33,0.0,17.7,90,1020.0
2022-03-12 13:00:00,16.2,28,0.0,16.1,65,1019.3
2022-03-12 14:00:00,17.6,25,0.0,16.7,45,1018.6
2022-03-12 15:00:00,16.1,27,0.0,19.4,73,1018.5
2022-03-12 16:00:00,16.8,24,0.0,20.3,20,1018.0
2022-03-12 17:00:00,16.2,24,0.0,18.0,13,1017.9
2022-03-12 18:00:00,14.8,27,0.0,18.9,0,1018.0
2022-03-12 19:00:00,13.4,31,0.0,12.9,0,1018.2
2022-03-12 20:00:00,12.2,35,0.0,9.3,0,1018.7
2022-03-12 21:00:00,11.2,40,0.0,8.6,0,1019.0
2022-03-12 22:00:00,10.2,44,0.0,8.2,0,1019.3
2022-03-12 23:00:00,9.2,49,0.0,6.5,0,1019.5
2022-03-13 00:00:00,8.3,53,0.0,5.8,0,1019.5
2022-03-13 01:00:00,6.8,61,0.0,7.1,0,1019.4
2022-03-13 02:00:00,8.6,56,0.0,5.7,0,1019.0
2022-03-13 03:00:00,7.2,60,0.0,8.7,1,1018.3
2022-03-13 04:00:00,7.6,58,0.0,6.2,31,1017.6
2022-03-13 05:00:00,6.7,62,0.0,7.6,0,1017.2
2022-03-13 06:00:00,6.7,66,0.0,5.9,58,1017.9
2022-03-13 07:00:00,6.2,74,0.0,5.5,2,1018.3
2022-03-13 08:00:00,7.8,68,0.0,5.8,38,1019.1
2022-03-13 09:00:00,10.5,50,0.0,5.9,53,1019.7
2022-03-13 10:00:00,13.2,39,0.0,8.4,74,1020.0
2022-03-13 11:00:00,15.1,32,0.0,10.4,57,1019.9
2022-03-13 12:00:00,16.5,31,0.0,12.1,9,1019.5
2022-03-13 13:00:00,18.1,30,0.0,15.5,100,1019.1
2022-03-13 14:00:00,16.2,40,0.0,19.2,100,1019.0
2022-03-13 15:00:00,14.4,49,0.0,19.6,57,1019.3
2022-03-13 16:00:00,14.1,51,0.0,15.1,99,1019.1
2022-03-13 17:00:00,14.5,48,0.0,18.4,100,1019.0
2022-03-13 18:00:00,13.6,50,0.0,18.4,100,1019.4
2022-03-13 19:00:00,12.8,50,0.0,18.0,100,1020.0
2022-03-13 20:00:00,12.4,48,0.0,16.9,99,1020.5
2022-03-13 21:00:00,10.8,51,0.0,15.8,0,1021.0
2022-03-13 22:00:00,9.5,54,0.0,15.9,0,1021.4
2022-03-13 23:00:00,8.6,57,0.0,13.3,0,1021.8
2022-03-14 00:00:00,7.9,60,0.0,10.8,0,1022.1
2022-03-14 01:00:00,6.9,65,0.0,7.5,0,1022.1
2022-03-14 02:00:00,5.7,73,0.0,5.8,0,1022.1
2022-03-14 03:00:00,6.7,65,0.0,8.5,0,1022.0
2022-03-14 04:00:00,6.5,65,0.0,7.2,30,1021.9
2022-03-14 05:00:00,5.9,69,0.0,6.2,97,1021.7
2022-03-14 06:00:00,5.9,71,0.0,6.2,86,1021.8
2022-03-14 07:00:00,7.2,65,0.0,4.0,99,1022.1
2022-03-14 08:00:00,8.2,61,0.0,5.1,98,1022.3
2022-03-14 09:00:00,10.0,52,0.0,6.9,53,1022.9
2022-03-14 10:00:00,12.1,41,0.0,19.1,100,1023.2
2022-03-14 11:00:00,12.7,37,0.0,17.7,69,1023.3
2022-03-14 12:00:00,14.4,33,0.0,17.7,100,1022.9
2022-03-14 13:00:00,14.5,35,0.0,18.2,99,1022.8
2022-03-14 14:00:00,15.2,29,0.0,16.0,71,1022.1
2022-03-14 15:00:00,15.1,30,0.0,16.6,93,1021.9
2022-03-14 16:00:00,15.6,29,0.0,18.6,53,1021.4
2022-03-14 17:00:00,15.3,29,0.0,18.1,77,1021.5
2022-03-14 18:00:00,14.4,31,0.0,19.2,87,1021.7
2022-03-14 19:00:00,13.0,36,0.0,17.3,31,1022.4
2022-03-14 20:00:00,11.9,42,0.0,12.0,3,1023.1
2022-03-14 21:00:00,10.9,47,0.0,11.8,18,1023.6
2022-03-14 22:00:00,10.2,56,0.0,13.1,15,1024.2
2022-03-14 23:00:00,9.4,62,0.0,12.6,18,1024.4
2022-03-15 00:00:00,8.9,66,0.0,11.7,1,1024.5
2022-03-15 01:00:00,8.1,71,0.0,11.2,17,1024.4
2022-03-15 02:00:00,7.6,76,0.0,10.2,2,1024.1
2022-03-15 03:00:00,7.6,77,0.0,10.1,1,1023.9
2022-03-15 04:00:00,7.6,79,0.0,9.6,3,1023.7
2022-03-15 05:00:00,6.8,84,0.0,8.3,9,1023.6
2022-03-15 06:00:00,6.3,87,0.0,7.1,2,1023.6
2022-03-15 07:00:00,5.9,88,0.0,7.2,0,1024.1
2022-03-15 08:00:00,7.0,80,0.0,8.9,0,1024.5
2022-03-15 09:00:00,9.6,63,0.0,9.7,6,1025.1
2022-03-15 10:00:00,12.4,47,0.0,13.7,0,1025.3
2022-03-15 11:00:00,14.8,32,0.0,23.1,61,1024.8
2022-03-15 12:00:00,15.0,33,0.0,25.0,100,1024.8
2022-03-15 13:00:00,15.5,31,0.0,23.4,100,1024.4
2022-03-15 14:00:00,15.8,31,0.0,22.6,96,1023.7
2022-03-15 15:00:00,15.8,31,0.0,22.0,100,1023.4
2022-03-15 16:00:00,15.4,33,0.0,21.2,53,1023.3
2022-03-15 17:00:00,15.8,30,0.0,19.7,15,1023.2
2022-03-15 18:00:00,15.3,28,0.0,18.9,39,1023.5
2022-03-15 19:00:00,13.3,36,0.0,20.2,1,1023.9
2022-03-15 20:00:00,12.1,39,0.0,14.8,1,1024.5
2022-03-15 21:00:00,11.1,43,0.0,13.0,3,1025.1
2022-03-15 22:00:00,10.0,47,0.0,7.6,9,1025.5
2022-03-15 23:00:00,8.4,55,0.0,6.3,98,1025.7
2022-03-16 00:00:00,9.6,52,0.0,5.2,83,1025.4
2022-03-16 01:00:00,9.0,56,0.0,5.1,30,1025.0
2022-03-16 02:00:00,7.7,65,0.0,6.5,78,1024.7
2022-03-16 03:00:00,7.8,66,0.0,7.5,28,1024.6
2022-03-16 04:00:00,9.7,60,0.0,6.1,100,1024.5
2022-03-16 05:00:00,9.0,66,0.0,4.4,100,1024.0
2022-03-16 06:00:00,8.9,68,0.0,4.1,100,1023.9
2022-03-16 07:00:00,9.2,68,0.0,5.6,100,1024.4
2022-03-16 08:00:00,9.7,66,0.0,6.0,44,1024.7
2022-03-16 09:00:00,12.1,56,0.0,6.6,5,1025.4
2022-03-16 10:00:00,14.0,41,0.0,14.3,32,1025.2
2022-03-16 11:00:00,15.5,33,0.0,13.7,48,1025.0
2022-03-16 12:00:00,16.9,29,0.0,12.2,22,1024.6
2022-03-16 13:00:00,18.1,26,0.0,11.7,51,1023.9
2022-03-16 14:00:00,18.7,25,0.0,11.8,6,1022.9
2022-03-16 15:00:00,18.1,27,0.0,7.9,1,1022.9
2022-03-16 16:00:00,18.7,25,0.0,7.2,6,1022.0
2022-03-16 17:00:00,18.6,25,0.0,7.3,3,1021.7
2022-03-16 18:00:00,17.8,26,0.0,9.8,0,1022.0
2022-03-16 19:00:00,16.0,29,0.0,8.9,33,1022.1
2022-03-16 20:00:00,15.1,32,0.0,9.1,17,1022.4
2022-03-16 21:00:00,12.7,38,0.0,7.3,1,1022.9
2022-03-16 22:00:00,12.7,35,0.0,13.7,0,1023.3
2022-03-16 23:00:00,11.4,43,0.0,14.2,0,1023.7
2022-03-17 00:00:00,10.3,50,0.0,10.6,0,1023.5
2022-03-17 01:00:00,9.3,56,0.0,8.8,0,1023.3
2022-03-17 02:00:00,8.5,62,0.0,7.0,0,1022.8
2022-03-17 03:00:00,7.4,70,0.0,6.5,0,1022.4
2022-03-17 04:00:00,7.1,73,0.0,5.2,0,1022.1
2022-03-17 05:00:00,6.0,81,0.0,7.2,0,1021.7
2022-03-17 06:00:00,5.6,86,0.0,6.3,0,1022.0
2022-03-17 07:00:00,5.9,85,0.0,4.8,0,1022.3
2022-03-17 08:00:00,7.7,80,0.0,3.2,0,1022.7
2022-03-17 09:00:00,10.8,57,0.0,1.9,0,1023.3
2022-03-17 10:00:00,13.7,43,0.0,4.4,0,1023.2
2022-03-17 11:00:00,15.7,36,0.0,6.9,0,1023.0
2022-03-17 12:00:00,17.1,32,0.0,7.7,0,1022.3
2022-03-17 13:00:00,18.4,29,0.0,7.2,0,1022.0
2022-03-17 14:00:00,19.3,27,0.0,7.4,0,1021.1
2022-03-17 15:00:00,19.9,26,0.0,8.0,0,1020.3
2022-03-17 16:00:00,20.5,26,0.0,7.8,0,1019.5
2022-03-17 17:00:00,20.2,28,0.0,8.0,0,1019.3
2022-03-17 18:00:00,19.5,30,0.0,9.0,0,1019.2
2022-03-17 19:00:00,17.3,35,0.0,6.5,0,1019.2
2022-03-17 20:00:00,14.9,42,0.0,7.4,0,1019.4
2022-03-17 21:00:00,14.2,44,0.0,7.6,0,1019.5
2022-03-17 22:00:00,13.0,49,0.0,6.8,0,1019.7
2022-03-17 23:00:00,13.3,52,0.0,16.6,0,1020.2
2022-03-18 00:00:00,12.2,59,0.0,12.0,0,1020.4
2022-03-18 01:00:00,11.0,67,0.0,8.0,0,1020.5
2022-03-18 02:00:00,10.0,73,0.0,6.6,0,1020.1
2022-03-18 03:00:00,8.9,81,0.0,8.3,0,1020.1
2022-03-18 04:00:00,9.8,78,0.0,5.7,0,1020.0
2022-03-18 05:00:00,9.7,80,0.0,3.6,0,1019.9
2022-03-18 06:00:00,9.4,83,0.0,2.3,0,1019.8
2022-03-18 07:00:00,9.1,85,0.0,1.3,0,1020.0
2022-03-18 08:00:00,9.3,85,0.0,0.7,2,1020.4
2022-03-18 09:00:00,12.7,67,0.0,0.8,0,1020.8
2022-03-18 10:00:00,15.5,53,0.0,4.4,2,1020.9
2022-03-18 11:00:00,17.9,43,0.0,10.5,63,1020.5
2022-03-18 12:00:00,19.2,40,0.0,9.7,47,1020.1
2022-03-18 13:00:00,20.7,37,0.0,8.7,8,1019.1
2022-03-18 14:00:00,21.8,34,0.0,10.4,2,1018.2
2022-03-18 15:00:00,21.2,36,0.0,12.3,0,1017.9
2022-03-18 16:00:00,22.0,34,0.0,10.8,3,1017.2
2022-03-18 17:00:00,21.8,34,0.0,12.7,16,1016.9
2022-03-18 18:00:00,20.6,37,0.0,14.7,8,1017.1
2022-03-18 19:00:00,19.1,41,0.0,10.2,8,1017.1
2022-03-18 20:00:00,17.4,49,0.0,13.4,1,1017.8
2022-03-18 21:00:00,16.2,54,0.0,11.8,7,1018.4
2022-03-18 22:00:00,15.3,57,0.0,13.7,0,1019.0
2022-03-18 23:00:00,14.0,62,0.0,11.4,0,1019.2
2022-03-19 00:00:00,12.8,69,0.0,8.9,0,1019.1
2022-03-19 01:00:00,11.7,77,0.0,7.8,0,1019.1
2022-03-19 02:00:00,10.2,88,0.0,5.8,0,1018.6
2022-03-19 03:00:00,9.6,92,0.0,7.2,1,1018.5
2022-03-19 04:00:00,9.5,92,0.0,5.5,8,1018.3
2022-03-19 05:00:00,8.9,95,0.0,6.6,7,1018.1
2022-03-19 06:00:00,8.2,96,0.0,7.4,9,1018.2
2022-03-19 07:00:00,8.0,97,0.0,7.3,18,1018.5
2022-03-19 08:00:00,10.2,89,0.0,8.2,28,1019.0
2022-03-19 09:00:00,12.8,73,0.0,7.3,13,1019.2
2022-03-19 10:00:00,15.8,53,0.0,10.8,2,1019.0
2022-03-19 11:00:00,18.0,42,0.0,14.4,78,1018.7
2022-03-19 12:00:00,19.3,38,0.0,12.4,49,1018.2
2022-03-19 13:00:00,20.6,34,0.0,11.9,28,1017.5
2022-03-19 14:00:00,21.4,31,0.0,13.7,18,1016.7
2022-03-19 15:00:00,20.4,34,0.0,13.7,2,1016.9
2022-03-19 16:00:00,20.9,32,0.0,13.0,20,1016.2
2022-03-19 17:00:00,20.6,33,0.0,15.2,25,1015.5
2022-03-19 18:00:00,19.6,34,0.0,15.6,8,1015.4
2022-03-19 19:00:00,18.1,38,0.0,15.5,2,1015.7
2022-03-19 20:00:00,16.4,42,0.0,18.9,21,1016.7
2022-03-19 21:00:00,15.0,47,0.0,20.8,89,1017.8
2022-03-19 22:00:00,13.1,57,0.0,21.3,100,1018.9
2022-03-19 23:00:00,12.1,60,0.0,21.4,100,1019.1
2022-03-20 00:00:00,11.4,62,0.0,19.7,100,1018.9
2022-03-20 01:00:00,11.0,62,0.0,19.0,100,1018.3
2022-03-20 02:00:00,10.7,62,0.0,17.9,100,1017.9
2022-03-20 03:00:00,10.8,59,0.0,15.8,100,1017.7
2022-03-20 04:00:00,10.3,60,0.0,16.7,100,1017.5
2022-03-20 05:00:00,10.0,61,0.0,18.5,97,1016.9
2022-03-20 06:00:00,9.5,62,0.0,17.3,99,1017.0
2022-03-20 07:00:00,9.2,58,0.0,16.7,10,1017.7
2022-03-20 08:00:00,9.7,51,0.0,15.5,87,1018.2
2022-03-20 09:00:00,11.2,45,0.0,17.9,100,1018.2
2022-03-20 10:00:00,12.7,41,0.0,19.0,44,1017.9
2022-03-20 11:00:00,14.8,34,0.0,18.4,5,1017.3
2022-03-20 12:00:00,16.4,31,0.0,18.8,82,1016.2
2022-03-20 13:00:00,17.7,30,0.0,18.9,70,1015.3
2022-03-20 14:00:00,18.7,28,0.0,19.7,0,1013.7
2022-03-20 15:00:00,18.7,29,0.0,19.0,0,1014.5
2022-03-20 16:00:00,18.7,30,0.0,21.5,28,1013.7
2022-03-20 17:00:00,18.0,34,0.1,19.7,52,1013.9
2022-03-20 18:00:00,15.7,44,0.4,22.0,100,1014.3
2022-03-20 19:00:00,14.6,41,0.0,20.1,100,1014.6
2022-03-20 20:00:00,13.9,39,0.0,18.9,100,1015.0
2022-03-20 21:00:00,13.4,40,0.0,18.1,100,1014.7
2022-03-20 22:00:00,12.0,54,0.4,16.1,100,1015.2
2022-03-20 23:00:00,10.9,64,0.2,15.1,100,1014.8
2022-03-21 00:00:00,11.0,59,0.0,18.1,100,1014.5
2022-03-21 01:00:00,10.5,62,0.0,17.1,100,1014.4
2022-03-21 02:00:00,10.3,61,0.0,14.7,100,1014.3
2022-03-21 03:00:00,10.2,61,0.0,13.9,100,1013.3
2022-03-21 04:00:00,10.0,61,0.0,13.9,0,1012.9
2022-03-21 05:00:00,9.6,61,0.0,15.6,13,1012.6
2022-03-21 06:00:00,9.3,62,0.0,15.1,20,1012.2
2022-03-21 07:00:00,9.0,64,0.0,13.1,13,1012.7
2022-03-21 08:00:00,9.5,64,0.0,14.0,85,1013.6
2022-03-21 09:00:00,10.3,68,0.1,14.7,100,1013.7
2022-03-21 10:00:00,11.4,65,0.0,14.3,100,1014.1
2022-03-21 11:00:00,14.3,49,0.2,19.6,100,1014.0
2022-03-21 12:00:00,16.4,40,0.1,18.1,100,1013.6
2022-03-21 13:00:00,18.6,32,0.0,16.9,88,1012.7
2022-03-21 14:00:00,18.7,32,0.0,17.4,58,1012.2
2022-03-21 15:00:00,16.7,42,0.0,17.6,43,1012.7
2022-03-21 16:00:00,17.2,40,0.0,15.8,87,1012.3
2022-03-21 17:00:00,18.7,33,0.0,10.5,22,1011.4
2022-03-21 18:00:00,18.4,32,0.0,20.4,98,1011.2
2022-03-21 19:00:00,15.1,45,0.0,22.0,58,1012.5
2022-03-21 20:00:00,13.7,48,0.0,19.5,25,1013.3
2022-03-21 21:00:00,12.7,49,0.0,16.2,29,1014.1
2022-03-21 22:00:00,11.9,51,0.0,14.5,19,1014.3
2022-03-21 23:00:00,11.1,53,0.0,12.4,13,1014.6
2022-03-22 00:00:00,10.3,57,0.0,9.9,4,1014.9
2022-03-22 01:00:00,8.6,65,0.0,5.8,2,1015.1
2022-03-22 02:00:00,7.8,70,0.0,5.9,0,1014.9
2022-03-22 03:00:00,8.7,69,0.0,7.6,0,1014.2
2022-03-22 04:00:00,8.5,66,0.0,8.1,0,1014.3
2022-03-22 05:00:00,7.2,74,0.0,5.9,1,1014.2
2022-03-22 06:00:00,6.4,82,0.0,8.3,12,1014.3
2022-03-22 07:00:00,7.3,80,0.0,6.5,28,1014.7
2022-03-22 08:00:00,8.6,76,0.0,4.0,28,1014.9
2022-03-22 09:00:00,11.1,64,0.0,3.6,0,1015.1
2022-03-22 10:00:00,13.6,52,0.0,6.1,1,1015.1
2022-03-22 11:00:00,15.6,40,0.0,12.0,100,1015.1
2022-03-22 12:00:00,16.1,35,0.0,10.1,100,1015.0
2022-03-22 13:00:00,17.3,31,0.0,8.7,92,1014.5
2022-03-22 14:00:00,17.7,28,0.0,10.9,86,1014.0
2022-03-22 15:00:00,17.0,31,0.0,10.2,66,1013.7
2022-03-22 16:00:00,17.4,29,0.0,11.1,100,1013.1
2022-03-22 17:00:00,17.0,29,0.0,12.2,71,1013.0
2022-03-22 18:00:00,16.5,31,0.0,13.2,100,1013.3
2022-03-22 19:00:00,15.3,36,0.0,12.6,63,1013.7
2022-03-22 20:00:00,14.3,39,0.0,9.3,18,1014.0
2022-03-22 21:00:00,12.4,46,0.0,7.3,67,1014.8
2022-03-22 22:00:00,12.7,46,0.0,11.0,20,1015.5
2022-03-22 23:00:00,10.7,54,0.0,6.2,7,1015.8
2022-03-23 00:00:00,9.6,61,0.0,6.9,13,1015.8
2022-03-23 01:00:00,10.3,61,0.0,3.3,12,1016.0
2022-03-23 02:00:00,9.6,66,0.0,3.9,0,1015.6
2022-03-23 03:00:00,7.7,76,0.0,8.6,0,1014.7
2022-03-23 04:00:00,8.1,75,0.0,7.2,0,1014.7
2022-03-23 05:00:00,7.1,80,0.0,6.3,19,1014.8
2022-03-23 06:00:00,6.9,82,0.0,6.3,44,1014.8
2022-03-23 07:00:00,8.1,74,0.0,8.8,12,1015.2
2022-03-23 08:00:00,9.2,67,0.0,9.8,0,1015.4
2022-03-23 09:00:00,11.4,57,0.0,12.9,0,1016.1
2022-03-23 10:00:00,12.9,48,0.0,18.0,0,1016.2
2022-03-23 11:00:00,14.3,37,0.0,19.8,0,1016.1
2022-03-23 12:00:00,15.4,33,0.0,21.8,0,1016.0
2022-03-23 13:00:00,16.1,30,0.0,21.3,0,1015.5
2022-03-23 14:00:00,16.7,30,0.0,20.6,0,1014.9
2022-03-23 15:00:00,17.2,31,0.0,20.2,55,1014.4
2022-03-23 16:00:00,17.6,29,0.0,19.1,10,1013.9
2022-03-23 17:00:00,17.9,24,0.0,20.7,25,1013.5
2022-03-23 18:00:00,16.7,27,0.0,19.1,19,1013.7
2022-03-23 19:00:00,15.8,29,0.0,15.1,99,1013.9
2022-03-23 20:00:00,15.5,31,0.0,13.3,66,1014.3
2022-03-23 21:00:00,14.6,35,0.0,13.5,22,1014.9
2022-03-23 22:00:00,13.0,41,0.0,7.7,10,1014.9
2022-03-23 23:00:00,11.8,44,0.0,8.2,17,1014.8
2022-03-24 00:00:00,11.0,47,0.0,10.9,6,1015.3
2022-03-24 01:00:00,9.4,65,0.0,5.2,5,1015.3
2022-03-24 02:00:00,8.3,73,0.0,5.4,7,1015.0
2022-03-24 03:00:00,10.9,48,0.0,17.2,5,1014.3
2022-03-24 04:00:00,10.0,58,0.0,14.3,0,1014.3
2022-03-24 05:00:00,9.2,64,0.0,14.5,0,1014.4
2022-03-24 06:00:00,8.8,68,0.0,15.1,1,1014.5
2022-03-24 07:00:00,8.6,70,0.0,15.3,32,1015.1
2022-03-24 08:00:00,9.6,67,0.0,12.8,14,1015.6
2022-03-24 09:00:00,11.7,60,0.0,17.1,4,1016.2
2022-03-24 10:00:00,13.6,54,0.0,19.6,5,1016.4
2022-03-24 11:00:00,15.5,47,0.1,21.7,34,1016.5
2022-03-24 12:00:00,16.4,42,0.1,22.1,34,1016.3
2022-03-24 13:00:00,17.3,37,0.1,21.8,44,1015.9
2022-03-24 14:00:00,17.6,36,0.6,23.2,44,1015.3
2022-03-24 15:00:00,17.3,36,0.1,20.2,17,1015.4
2022-03-24 16:00:00,18.4,30,0.0,22.3,54,1014.9
2022-03-24 17:00:00,18.1,29,0.0,23.6,67,1014.7
2022-03-24 18:00:00,16.9,32,0.0,23.3,81,1015.0
2022-03-24 19:00:00,15.0,45,0.0,18.1,27,1015.4
2022-03-24 20:00:00,13.8,50,0.0,14.1,66,1015.8
2022-03-24 21:00:00,13.4,53,0.0,12.4,66,1016.4
2022-03-24 22:00:00,12.7,57,0.0,12.0,3,1016.9
2022-03-24 23:00:00,11.9,61,0.0,13.5,6,1017.3
2022-03-25 00:00:00,11.2,68,0.0,13.2,3,1017.6
2022-03-25 01:00:00,10.5,73,0.0,12.0,17,1017.8
2022-03-25 02:00:00,10.0,77,0.0,11.9,41,1017.7
2022-03-25 03:00:00,10.2,75,0.0,11.2,43,1017.4
2022-03-25 04:00:00,10.0,76,0.0,10.9,24,1017.0
2022-03-25 05:00:00,9.4,79,0.0,9.2,5,1017.0
2022-03-25 06:00:00,8.8,81,0.0,9.5,30,1017.0
2022-03-25 07:00:00,8.6,81,0.0,9.5,45,1017.8
2022-03-25 08:00:00,10.0,72,0.0,10.8,30,1018.6
2022-03-25 09:00:00,12.4,57,0.0,12.8,25,1019.2
2022-03-25 10:00:00,14.8,46,0.0,14.4,20,1019.6
2022-03-25 11:00:00,17.0,38,0.0,19.0,100,1019.7
2022-03-25 12:00:00,17.1,36,0.0,20.0,99,1019.7
2022-03-25 13:00:00,18.7,32,0.0,19.6,100,1019.1
2022-03-25 14:00:00,18.7,31,0.0,20.9,100,1018.8
2022-03-25 15:00:00,18.3,34,0.0,19.2,66,1018.5
2022-03-25 16:00:00,18.8,32,0.0,18.4,58,1018.1
2022-03-25 17:00:00,18.9,31,0.0,17.9,13,1018.1
2022-03-25 18:00:00,18.4,30,0.0,17.2,10,1018.8
2022-03-25 19:00:00,16.5,31,0.0,14.3,1,1019.7
2022-03-25 20:00:00,14.6,37,0.0,12.3,0,1020.4
2022-03-25 21:00:00,13.5,43,0.0,12.1,0,1021.4
2022-03-25 22:00:00,12.4,51,0.0,8.9,0,1022.1
2022-03-25 23:00:00,10.7,61,0.0,6.3,0,1022.3
2022-03-26 00:00:00,9.2,71,0.0,9.4,0,1022.4
2022-03-26 01:00:00,9.6,72,0.0,7.8,1,1022.6
2022-03-26 02:00:00,9.0,76,0.0,8.3,10,1022.6
2022-03-26 03:00:00,9.3,78,0.0,6.7,16,1022.2
2022-03-26 04:00:00,10.2,74,0.0,6.5,3,1022.4
2022-03-26 05:00:00,10.0,76,0.0,5.5,1,1022.4
2022-03-26 06:00:00,9.9,79,0.0,3.4,0,1022.9
2022-03-26 07:00:00,9.6,81,0.0,1.8,0,1023.4
2022-03-26 08:00:00,9.8,80,0.0,1.1,0,1023.7
2022-03-26 09:00:00,13.2,64,0.0,1.1,0,1024.2
2022-03-26 10:00:00,16.3,51,0.0,2.7,0,1024.5
2022-03-26 11:00:00,18.6,39,0.0,4.3,0,1024.7
2022-03-26 12:00:00,20.6,30,0.0,5.2,0,1024.4
2022-03-26 13:00:00,22.1,23,0.0,5.5,0,1023.7
2022-03-26 14:00:00,23.2,19,0.0,6.7,0,1022.8
2022-03-26 15:00:00,23.2,17,0.0,7.0,0,1022.4
2022-03-26 16:00:00,23.8,16,0.0,9.8,0,1021.9
2022-03-26 17:00:00,23.2,16,0.0,12.6,0,1021.6
2022-03-26 18:00:00,22.3,18,0.0,12.5,0,1021.9
2022-03-26 19:00:00,19.9,23,0.0,7.1,0,1022.0
2022-03-26 20:00:00,18.1,28,0.0,7.3,1,1022.0
2022-03-26 21:00:00,17.2,36,0.0,16.2,0,1023.2
2022-03-26 22:00:00,15.6,44,0.0,10.1,0,1024.2
2022-03-26 23:00:00,13.9,50,0.0,6.6,0,1024.6
2022-03-27 00:00:00,12.9,57,0.0,7.3,0,1024.7
2022-03-27 01:00:00,11.9,64,0.0,8.6,0,1024.9
2022-03-27 02:00:00,10.8,74,0.0,7.9,0,1024.6
2022-03-27 03:00:00,9.3,89,0.0,8.2,0,1024.4
2022-03-27 04:00:00,8.9,93,0.0,7.9,100,1024.2
2022-03-27 05:00:00,11.3,86,0.0,3.8,100,1024.3
2022-03-27 06:00:00,11.6,87,0.0,2.8,100,1024.4
2022-03-27 07:00:00,11.4,90,0.0,3.4,100,1024.9
2022-03-27 08:00:00,12.3,87,0.0,3.6,100,1025.4
2022-03-27 09:00:00,13.9,81,0.0,8.4,100,1025.9
2022-03-27 10:00:00,15.2,73,0.0,8.5,52,1025.7
2022-03-27 11:00:00,18.0,54,0.0,7.3,5,1025.5
2022-03-27 12:00:00,20.6,38,0.0,8.4,0,1024.9
2022-03-27 13:00:00,22.7,29,0.0,10.2,0,1024.1
2022-03-27 14:00:00,24.2,24,0.0,11.8,0,1023.2
2022-03-27 15:00:00,24.0,22,0.0,11.4,0,1022.7
2022-03-27 16:00:00,24.6,20,0.0,13.4,0,1022.3
2022-03-27 17:00:00,24.1,22,0.0,14.4,0,1022.1
2022-03-27 18:00:00,23.2,22,0.0,14.4,0,1022.0
2022-03-27 19:00:00,21.3,23,0.0,13.3,0,1022.5
2022-03-27 20:00:00,19.1,27,0.0,15.5,0,1022.9
2022-03-27 21:00:00,17.5,36,0.0,15.9,0,1023.7
2022-03-27 22:00:00,16.3,45,0.0,13.7,0,1024.4
2022-03-27 23:00:00,14.9,52,0.0,12.8,0,1024.9
2022-03-28 00:00:00,13.7,61,0.0,12.0,0,1025.3
2022-03-28 01:00:00,12.6,71,0.0,11.4,0,1025.3
2022-03-28 02:00:00,11.6,81,0.0,10.9,0,1024.7
2022-03-28 03:00:00,10.8,84,0.0,9.8,20,1024.2
2022-03-28 04:00:00,10.3,90,0.0,8.8,8,1023.9
2022-03-28 05:00:00,9.9,94,0.0,8.5,10,1023.6
2022-03-28 06:00:00,9.5,96,0.0,8.3,3,1023.6
2022-03-28 07:00:00,9.4,97,0.0,9.7,5,1023.9
2022-03-28 08:00:00,10.9,89,0.0,10.8,2,1024.3
2022-03-28 09:00:00,13.7,74,0.0,11.8,2,1024.6
2022-03-28 10:00:00,16.4,60,0.0,18.3,9,1024.7
2022-03-28 11:00:00,18.3,50,0.0,19.6,10,1024.7
2022-03-28 12:00:00,20.2,41,0.0,19.9,5,1024.1
2022-03-28 13:00:00,21.7,35,0.0,20.4,3,1023.2
2022-03-28 14:00:00,22.9,31,0.0,20.4,3,1022.0
2022-03-28 15:00:00,23.5,30,0.0,19.9,0,1020.9
2022-03-28 16:00:00,23.9,29,0.0,19.9,0,1019.9
2022-03-28 17:00:00,23.4,30,0.0,19.6,0,1019.4
2022-03-28 18:00:00,22.1,33,0.0,20.1,0,1019.5
2022-03-28 19:00:00,20.2,37,0.0,18.1,0,1019.5
2022-03-28 20:00:00,18.4,40,0.0,18.6,0,1019.8
2022-03-28 21:00:00,16.8,47,0.0,19.9,0,1020.2
2022-03-28 22:00:00,15.4,56,0.0,18.6,11,1020.4
2022-03-28 23:00:00,14.1,64,0.0,16.8,95,1019.8
2022-03-29 00:00:00,13.2,72,0.0,15.9,89,1019.2
2022-03-29 01:00:00,12.4,79,0.0,14.2,90,1018.7
2022-03-29 02:00:00,11.9,83,0.0,13.5,97,1017.9
2022-03-29 03:00:00,11.8,84,0.0,13.6,93,1017.7
2022-03-29 04:00:00,11.4,87,0.0,12.2,100,1016.9
2022-03-29 05:00:00,10.9,91,0.0,10.7,100,1016.2
2022-03-29 06:00:00,10.4,94,0.0,10.8,54,1015.9
2022-03-29 07:00:00,10.1,96,0.0,10.2,6,1016.1
2022-03-29 08:00:00,11.5,89,0.0,9.8,0,1016.5
2022-03-29 09:00:00,14.2,75,0.0,9.9,0,1016.6
2022-03-29 10:00:00,17.2,61,0.0,10.7,0,1016.6
2022-03-29 11:00:00,20.1,49,0.0,10.5,0,1016.3
2022-03-29 12:00:00,22.9,38,0.0,11.2,0,1015.6
2022-03-29 13:00:00,25.2,30,0.0,11.9,0,1014.7
2022-03-29 14:00:00,26.8,25,0.0,10.7,0,1013.5
2022-03-29 15:00:00,26.8,23,0.0,9.3,0,1012.2
2022-03-29 16:00:00,27.8,21,0.0,8.3,0,1011.4
2022-03-29 17:00:00,27.7,21,0.0,9.4,0,1011.3
2022-03-29 18:00:00,26.9,21,0.0,9.7,0,1011.2
2022-03-29 19:00:00,24.3,25,0.0,6.4,0,1011.2
2022-03-29 20:00:00,22.1,30,0.0,8.2,0,1011.7
2022-03-29 21:00:00,20.9,36,0.0,12.3,0,1012.2
2022-03-29 22:00:00,18.7,50,0.0,9.2,0,1012.8
2022-03-29 23:00:00,17.2,57,0.0,9.1,0,1013.4
2022-03-30 00:00:00,16.0,61,0.0,8.7,0,1013.5
2022-03-30 01:00:00,14.9,66,0.0,8.1,1,1013.6
2022-03-30 02:00:00,13.9,73,0.0,7.4,3,1013.3
2022-03-30 03:00:00,12.5,82,0.0,6.6,0,1013.0
2022-03-30 04:00:00,11.8,91,0.0,7.2,0,1013.0
2022-03-30 05:00:00,10.7,97,0.0,5.2,0,1012.9
2022-03-30 06:00:00,9.5,100,0.0,7.1,4,1013.1
2022-03-30 07:00:00,9.3,100,0.0,7.3,100,1013.5
2022-03-30 08:00:00,11.9,98,0.0,3.3,100,1014.0
2022-03-30 09:00:00,14.1,85,0.0,3.2,37,1014.3
2022-03-30 10:00:00,18.1,60,0.0,3.6,0,1014.2
2022-03-30 11:00:00,22.1,36,0.0,4.2,0,1014.3
2022-03-30 12:00:00,25.4,21,0.0,6.3,0,1013.9
2022-03-30 13:00:00,27.6,15,0.0,8.7,0,1013.1
2022-03-30 14:00:00,28.8,12,0.0,8.4,0,1012.3
2022-03-30 15:00:00,28.6,14,0.0,10.0,0,1011.9
2022-03-30 16:00:00,29.0,13,0.0,9.7,1,1011.4
2022-03-30 17:00:00,28.7,13,0.0,8.5,0,1011.2
2022-03-30 18:00:00,27.9,14,0.0,8.0,0,1011.3
2022-03-30 19:00:00,24.9,17,0.0,6.4,0,1011.3
2022-03-30 20:00:00,22.4,21,0.0,7.1,0,1011.5
2022-03-30 21:00:00,21.7,22,0.0,9.4,0,1012.2
2022-03-30 22:00:00,21.1,25,0.0,19.0,28,1013.2
2022-03-30 23:00:00,19.6,28,0.0,13.1,3,1013.5
2022-03-31 00:00:00,18.5,28,0.0,10.4,0,1013.5
2022-03-31 01:00:00,17.6,29,0.0,8.2,0,1013.2
2022-03-31 02:00:00,16.1,32,0.0,6.6,0,1013.1
2022-03-31 03:00:00,15.2,33,0.0,9.8,27,1012.8
2022-03-31 04:00:00,15.8,32,0.0,7.2,93,1013.0
2022-03-31 05:00:00,13.8,37,0.0,7.7,100,1012.9
2022-03-31 06:00:00,12.9,42,0.0,9.7,99,1012.9
2022-03-31 07:00:00,13.9,40,0.0,7.2,100,1013.6
2022-03-31 08:00:00,16.5,34,0.0,2.9,26,1014.3
2022-03-31 09:00:00,21.0,23,0.0,4.0,99,1014.8
2022-03-31 10:00:00,25.2,15,0.0,7.1,96,1015.0
2022-03-31 11:00:00,27.5,12,0.0,16.3,87,1014.7
2022-03-31 12:00:00,28.7,11,0.0,16.8,100,1014.5
2022-03-31 13:00:00,29.6,10,0.0,17.0,100,1013.7
2022-03-31 14:00:00,30.2,9,0.0,16.4,92,1012.9
2022-03-31 15:00:00,30.1,10,0.0,14.8,16,1011.9
2022-03-31 16:00:00,30.5,9,0.0,14.8,18,1011.3
2022-03-31 17:00:00,30.0,9,0.0,15.1,7,1011.3
2022-03-31 18:00:00,28.9,10,0.0,15.4,0,1011.2
2022-03-31 19:00:00,26.5,13,0.0,12.6,0,1011.4
2022-03-31 20:00:00,24.5,18,0.0,17.0,0,1011.9
2022-03-31 21:00:00,22.7,22,0.0,17.7,0,1012.5
2022-03-31 22:00:00,20.8,27,0.0,16.1,1,1013.0
2022-03-31 23:00:00,19.3,32,0.0,14.8,67,1013.2
2022-04-01 00:00:00,18.0,39,0.0,13.8,18,1013.1
2022-04-01 01:00:00,16.8,48,0.0,13.5,0,1013.1
2022-04-01 02:00:00,15.7,57,0.0,13.7,96,1012.7
2022-04-01 03:00:00,14.8,68,0.0,14.3,96,1012.6
2022-04-01 04:00:00,14.0,73,0.0,13.4,100,1012.0
2022-04-01 05:00:00,13.4,76,0.0,12.0,100,1011.9
2022-04-01 06:00:00,12.7,79,0.0,11.1,100,1011.9
2022-04-01 07:00:00,12.0,82,0.0,8.4,100,1012.0
2022-04-01 08:00:00,13.6,75,0.0,6.4,100,1012.4
2022-04-01 09:00:00,16.9,56,0.0,2.4,100,1012.6
2022-04-01 10:00:00,21.2,40,0.0,1.1,100,1012.4
2022-04-01 11:00:00,26.0,25,0.0,2.9,100,1012.1
2022-04-01 12:00:00,30.0,14,0.0,4.3,100,1011.4
2022-04-01 13:00:00,32.6,8,0.0,6.5,100,1010.8
2022-04-01 14:00:00,34.1,6,0.0,7.8,100,1009.9
2022-04-01 15:00:00,33.8,6,0.0,8.7,100,1009.7
2022-04-01 16:00:00,33.8,5,0.0,7.9,100,1009.4
2022-04-01 17:00:00,32.8,6,0.0,6.8,100,1009.2
2022-04-01 18:00:00,31.8,7,0.0,4.7,100,1009.0
2022-04-01 19:00:00,28.3,9,0.0,6.1,100,1009.2
2022-04-01 20:00:00,26.6,10,0.0,8.7,100,1009.5
2022-04-01 21:00:00,22.8,13,0.0,11.3,95,1010.0
2022-04-01 22:00:00,21.5,16,0.0,10.0,100,1010.6
2022-04-01 23:00:00,21.3,17,0.0,7.3,100,1010.9
2022-04-02 00:00:00,18.9,21,0.0,7.2,100,1011.2
2022-04-02 01:00:00,17.8,27,0.0,6.3,100,1011.0
2022-04-02 02:00:00,17.5,34,0.0,4.1,100,1010.4
2022-04-02 03:00:00,17.0,49,0.0,3.9,100,1009.9
2022-04-02 04:00:00,15.6,58,0.0,2.5,100,1009.4
2022-04-02 05:00:00,16.5,51,0.0,3.1,100,1009.3
2022-04-02 06:00:00,17.9,42,0.0,4.2,100,1009.5
2022-04-02 07:00:00,17.7,39,0.0,5.0,100,1009.8
2022-04-02 08:00:00,18.9,32,0.0,4.3,100,1010.2
2022-04-02 09:00:00,23.7,21,0.0,6.5,99,1010.6
2022-04-02 10:00:00,28.4,11,0.0,7.2,100,1010.9
2022-04-02 11:00:00,32.1,7,0.0,7.2,100,1010.8
2022-04-02 12:00:00,34.3,5,0.0,5.1,100,1010.6
2022-04-02 13:00:00,35.6,4,0.0,3.4,100,1010.2
2022-04-02 14:00:00,36.4,3,0.0,5.9,100,1009.6
2022-04-02 15:00:00,35.4,5,0.0,7.7,100,1009.4
2022-04-02 16:00:00,35.4,6,0.0,9.7,100,1008.8
2022-04-02 17:00:00,34.5,7,0.0,12.5,100,1008.7
2022-04-02 18:00:00,33.6,8,0.0,10.6,100,1008.7
2022-04-02 19:00:00,30.7,9,0.0,8.2,100,1009.1
2022-04-02 20:00:00,28.2,11,0.0,8.3,100,1009.4
2022-04-02 21:00:00,27.2,14,0.0,15.6,100,1010.4
2022-04-02 22:00:00,25.2,20,0.0,13.7,100,1011.2
2022-04-02 23:00:00,23.3,24,0.0,14.1,100,1011.6
2022-04-03 00:00:00,22.0,28,0.0,13.0,100,1011.8
2022-04-03 01:00:00,21.0,31,0.0,13.0,100,1011.9
2022-04-03 02:00:00,19.9,36,0.0,13.0,100,1011.8
2022-04-03 03:00:00,18.9,40,0.0,12.2,100,1011.3
2022-04-03 04:00:00,18.0,45,0.0,12.0,100,1011.5
2022-04-03 05:00:00,17.2,50,0.0,11.6,100,1011.7
2022-04-03 06:00:00,16.9,53,0.0,11.3,100,1011.7
2022-04-03 07:00:00,16.5,56,0.0,11.4,100,1012.2
2022-04-03 08:00:00,17.6,54,0.0,11.3,100,1012.8
2022-04-03 09:00:00,19.6,47,0.0,13.4,100,1013.3
2022-04-03 10:00:00,22.2,37,0.0,15.3,100,1013.5
2022-04-03 11:00:00,25.2,27,0.0,17.9,100,1013.3
2022-04-03 12:00:00,27.7,21,0.0,19.1,100,1012.7
2022-04-03 13:00:00,29.1,19,0.0,20.6,100,1012.2
2022-04-03 14:00:00,30.2,17,0.0,22.7,100,1011.6
2022-04-03 15:00:00,30.6,15,0.0,23.2,93,1011.6
2022-04-03 16:00:00,30.9,14,0.0,24.0,12,1011.2
2022-04-03 17:00:00,30.2,15,0.0,24.2,95,1010.9
2022-04-03 18:00:00,28.5,16,0.0,24.5,98,1011.0
2022-04-03 19:00:00,26.3,19,0.0,22.2,100,1011.6
2022-04-03 20:00:00,24.6,22,0.0,21.0,100,1012.3
2022-04-03 21:00:00,23.3,25,0.0,20.2,96,1013.2
2022-04-03 22:00:00,21.8,29,0.0,18.9,93,1013.7
2022-04-03 23:00:00,20.6,34,0.0,17.9,99,1014.0
2022-04-04 00:00:00,19.6,38,0.0,17.6,100,1014.1
2022-04-04 01:00:00,19.0,41,0.0,16.6,85,1013.9
2022-04-04 02:00:00,18.3,43,0.0,16.1,98,1013.8
2022-04-04 03:00:00,18.1,44,0.0,17.4,99,1013.4
2022-04-04 04:00:00,17.2,51,0.0,18.2,82,1013.7
2022-04-04 05:00:00,16.5,57,0.0,17.8,91,1013.9
2022-04-04 06:00:00,16.1,59,0.0,17.2,100,1013.9
2022-04-04 07:00:00,16.0,59,0.0,16.5,92,1014.1
2022-04-04 08:00:00,17.7,52,0.0,13.6,99,1014.4
2022-04-04 09:00:00,21.0,39,0.0,14.8,100,1014.4
2022-04-04 10:00:00,25.1,24,0.0,18.6,100,1014.5
2022-04-04 11:00:00,28.3,16,0.0,21.6,90,1014.5
2022-04-04 12:00:00,30.9,12,0.0,25.1,69,1014.1
2022-04-04 13:00:00,32.5,10,0.0,26.3,13,1013.6
2022-04-04 14:00:00,33.5,10,0.0,25.9,0,1012.7
2022-04-04 15:00:00,33.0,12,0.0,25.1,0,1012.2
2022-04-04 16:00:00,33.4,12,0.0,24.9,0,1011.6
2022-04-04 17:00:00,32.9,12,0.0,24.2,0,1011.2
2022-04-04 18:00:00,31.7,13,0.0,23.2,0,1011.2
2022-04-04 19:00:00,29.5,16,0.0,20.3,0,1011.4
2022-04-04 20:00:00,27.5,18,0.0,19.3,0,1011.9
2022-04-04 21:00:00,25.9,21,0.0,18.7,0,1012.5
2022-04-04 22:00:00,24.5,23,0.0,17.8,64,1013.0
2022-04-04 23:00:00,23.2,25,0.0,17.3,0,1013.1
2022-04-05 00:00:00,22.2,27,0.0,17.6,0,1013.3
2022-04-05 01:00:00,21.3,28,0.0,16.8,34,1013.1
2022-04-05 02:00:00,20.5,30,0.0,15.8,17,1012.5
2022-04-05 03:00:00,20.2,29,0.0,12.7,0,1011.5
2022-04-05 04:00:00,19.3,30,0.0,8.9,0,1011.2
2022-04-05 05:00:00,18.0,33,0.0,6.8,0,1010.9
2022-04-05 06:00:00,16.3,37,0.0,8.0,0,1010.9
2022-04-05 07:00:00,16.0,40,0.0,9.1,0,1011.2
2022-04-05 08:00:00,20.1,30,0.0,3.5,0,1011.5
2022-04-05 09:00:00,24.3,21,0.0,2.3,4,1011.8
2022-04-05 10:00:00,28.5,16,0.0,1.6,14,1011.9
2022-04-05 11:00:00,32.8,11,0.0,1.9,23,1011.6
2022-04-05 12:00:00,36.4,8,0.0,3.8,18,1011.0
2022-04-05 13:00:00,38.8,6,0.0,3.6,91,1010.2
2022-04-05 14:00:00,40.0,5,0.0,5.4,100,1009.2
2022-04-05 15:00:00,40.1,5,0.0,10.8,100,1008.5
2022-04-05 16:00:00,40.5,4,0.0,13.1,93,1008.0
2022-04-05 17:00:00,39.9,5,0.0,15.5,77,1007.5
2022-04-05 18:00:00,39.5,4,0.0,10.5,25,1007.2
2022-04-05 19:00:00,33.1,8,0.0,11.1,85,1007.2
2022-04-05 20:00:00,31.5,7,0.0,11.9,0,1007.8
2022-04-05 21:00:00,30.9,7,0.0,11.6,81,1008.6
2022-04-05 22:00:00,32.0,6,0.0,7.2,6,1009.3
2022-04-05 23:00:00,30.6,7,0.0,5.4,5,1009.4
2022-04-06 00:00:00,28.4,9,0.0,6.1,46,1009.4
2022-04-06 01:00:00,23.8,11,0.0,8.8,100,1008.7
2022-04-06 02:00:00,24.9,10,0.0,8.6,100,1008.3
2022-04-06 03:00:00,25.1,12,0.0,13.3,22,1008.0
2022-04-06 04:00:00,24.1,13,0.0,12.0,11,1007.8
2022-04-06 05:00:00,23.3,14,0.0,13.3,100,1007.8
2022-04-06 06:00:00,23.4,14,0.0,15.0,63,1007.8
2022-04-06 07:00:00,23.1,15,0.0,15.3,53,1008.4
2022-04-06 08:00:00,24.9,14,0.0,1.8,41,1010.2
2022-04-06 09:00:00,28.7,11,0.0,5.9,2,1010.7
2022-04-06 10:00:00,32.1,8,0.0,7.2,0,1010.8
2022-04-06 11:00:00,34.5,9,0.0,9.8,0,1010.9
2022-04-06 12:00:00,36.7,9,0.0,13.0,0,1010.5
2022-04-06 13:00:00,37.6,9,0.0,18.7,0,1010.3
2022-04-06 14:00:00,37.8,9,0.0,21.3,0,1010.1
2022-04-06 15:00:00,37.2,11,0.0,19.9,0,1009.3
2022-04-06 16:00:00,37.3,9,0.0,22.4,0,1009.3
2022-04-06 17:00:00,36.2,10,0.0,20.0,0,1008.9
2022-04-06 18:00:00,34.7,11,0.0,15.5,0,1009.0
2022-04-06 19:00:00,32.3,13,0.0,10.2,6,1009.5
2022-04-06 20:00:00,29.6,16,0.0,9.4,17,1010.1
2022-04-06 21:00:00,28.1,19,0.0,11.2,63,1011.2
2022-04-06 22:00:00,26.3,25,0.0,9.3,100,1011.8
2022-04-06 23:00:00,24.7,31,0.0,7.7,100,1012.0
2022-04-07 00:00:00,23.1,38,0.0,9.0,75,1012.6
2022-04-07 01:00:00,21.6,45,0.0,8.1,40,1012.5
2022-04-07 02:00:00,20.3,50,0.0,6.7,57,1012.2
2022-04-07 03:00:00,19.7,54,0.0,7.1,42,1011.9
2022-04-07 04:00:00,18.6,58,0.0,6.2,88,1011.7
2022-04-07 05:00:00,19.2,55,0.0,3.8,100,1011.3
2022-04-07 06:00:00,18.9,56,0.0,1.9,95,1011.1
2022-04-07 07:00:00,18.4,59,0.0,1.3,36,1011.1
2022-04-07 08:00:00,20.3,52,0.0,2.5,1,1011.0
2022-04-07 09:00:00,24.5,33,0.0,1.3,1,1011.4
2022-04-07 10:00:00,28.4,22,0.0,3.1,0,1011.8
2022-04-07 11:00:00,32.2,14,0.0,3.3,0,1011.6
2022-04-07 12:00:00,35.0,10,0.0,4.7,0,1011.0
2022-04-07 13:00:00,37.0,9,0.0,6.2,0,1010.4
2022-04-07 14:00:00,38.4,8,0.0,8.2,13,1009.5
2022-04-07 15:00:00,38.4,8,0.0,7.4,4,1009.3
2022-04-07 16:00:00,39.0,8,0.0,9.4,0,1008.4
2022-04-07 17:00:00,38.8,8,0.0,11.8,57,1008.0
2022-04-07 18:00:00,38.0,8,0.0,13.6,56,1007.9
2022-04-07 19:00:00,35.2,10,0.0,10.4,1,1007.8
2022-04-07 20:00:00,33.3,12,0.0,12.2,10,1007.6
2022-04-07 21:00:00,31.9,13,0.0,11.2,0,1007.8
2022-04-07 22:00:00,31.3,13,0.0,13.0,7,1008.1
2022-04-07 23:00:00,30.7,13,0.0,14.9,73,1008.0
2022-04-08 00:00:00,30.0,13,0.0,15.5,30,1007.7
2022-04-08 01:00:00,29.6,12,0.0,16.3,32,1007.6
2022-04-08 02:00:00,27.5,14,0.0,7.8,64,1007.9
2022-04-08 03:00:00,25.4,16,0.0,11.9,91,1007.1
2022-04-08 04:00:00,23.9,20,0.0,8.2,97,1007.3
2022-04-08 05:00:00,22.8,32,0.0,9.3,9,1008.0
2022-04-08 06:00:00,20.9,46,0.0,8.0,0,1008.5
2022-04-08 07:00:00,20.2,53,0.0,8.7,0,1008.9
2022-04-08 08:00:00,21.0,54,0.0,12.2,0,1010.1
2022-04-08 09:00:00,22.3,51,0.0,14.3,0,1010.6
2022-04-08 10:00:00,24.4,44,0.0,13.8,0,1011.2
2022-04-08 11:00:00,26.8,33,0.0,15.3,0,1011.5
2022-04-08 12:00:00,28.7,26,0.0,15.8,0,1011.3
2022-04-08 13:00:00,30.3,23,0.0,17.1,0,1011.1
2022-04-08 14:00:00,31.1,21,0.0,18.4,1,1010.6
2022-04-08 15:00:00,28.9,26,0.0,18.4,3,1010.5
2022-04-08 16:00:00,29.1,25,0.0,19.0,5,1010.0
2022-04-08 17:00:00,27.9,31,0.0,19.9,41,1010.1
2022-04-08 18:00:00,24.9,38,0.0,20.7,81,1010.7
2022-04-08 19:00:00,23.3,40,0.0,15.9,12,1011.0
2022-04-08 20:00:00,22.2,45,0.0,13.8,0,1011.6
2022-04-08 21:00:00,21.3,49,0.0,14.1,0,1012.3
2022-04-08 22:00:00,20.0,55,0.0,13.4,0,1013.0
2022-04-08 23:00:00,18.6,62,0.0,13.3,0,1013.6
2022-04-09 00:00:00,17.6,67,0.0,11.5,0,1013.9
2022-04-09 01:00:00,16.8,72,0.0,10.5,0,1013.6
2022-04-09 02:00:00,15.9,77,0.0,9.9,0,1013.2
2022-04-09 03:00:00,15.1,79,0.0,11.8,0,1012.5
2022-04-09 04:00:00,14.7,82,0.0,11.7,0,1012.2
2022-04-09 05:00:00,14.2,84,0.0,10.7,0,1012.1
2022-04-09 06:00:00,13.8,87,0.0,9.6,0,1012.1
2022-04-09 07:00:00,13.5,89,0.0,9.3,0,1012.5
2022-04-09 08:00:00,15.1,80,0.0,10.0,0,1013.0
2022-04-09 09:00:00,17.4,66,0.0,12.7,0,1013.1
2022-04-09 10:00:00,19.8,52,0.0,14.1,0,1012.9
2022-04-09 11:00:00,22.1,42,0.0,15.2,0,1012.6
2022-04-09 12:00:00,24.3,35,0.0,16.9,0,1011.7
2022-04-09 13:00:00,26.3,29,0.0,17.8,0,1010.8
2022-04-09 14:00:00,28.0,25,0.0,16.0,77,1009.9
2022-04-09 15:00:00,28.4,24,0.0,14.3,99,1009.5
2022-04-09 16:00:00,29.3,23,0.0,14.1,94,1008.8
2022-04-09 17:00:00,29.2,24,0.0,13.7,87,1008.4
2022-04-09 18:00:00,28.6,25,0.0,12.7,96,1008.3
2022-04-09 19:00:00,27.1,29,0.0,11.1,91,1008.5
2022-04-09 20:00:00,25.5,34,0.0,11.3,99,1008.9
2022-04-09 21:00:00,23.9,42,0.0,19.6,97,1009.6
2022-04-09 22:00:00,21.3,49,0.0,19.3,100,1010.5
2022-04-09 23:00:00,19.6,58,0.0,15.4,100,1011.0
2022-04-10 00:00:00,18.5,65,0.0,14.7,100,1011.5
2022-04-10 01:00:00,17.5,71,0.0,15.7,100,1011.5
2022-04-10 02:00:00,16.6,77,0.0,14.7,100,1010.9
2022-04-10 03:00:00,16.1,80,0.0,14.8,100,1010.3
2022-04-10 04:00:00,15.7,84,0.0,13.0,100,1010.1
2022-04-10 05:00:00,15.3,86,0.0,13.5,100,1009.7
2022-04-10 06:00:00,15.1,86,0.0,11.3,100,1009.6
2022-04-10 07:00:00,14.8,89,0.0,14.8,100,1009.9
2022-04-10 08:00:00,15.9,83,0.0,16.6,97,1010.3
2022-04-10 09:00:00,18.1,71,0.0,15.5,41,1010.2
2022-04-10 10:00:00,20.6,59,0.0,14.9,80,1010.3
2022-04-10 11:00:00,23.7,45,0.0,14.0,95,1010.2
2022-04-10 12:00:00,26.3,35,0.0,14.1,90,1009.6
2022-04-10 13:00:00,28.6,27,0.0,12.8,87,1009.0
2022-04-10 14:00:00,30.5,21,0.0,11.8,89,1008.3
2022-04-10 15:00:00,29.9,22,0.0,13.4,96,1008.0
2022-04-10 16:00:00,31.1,20,0.0,13.7,0,1007.5
2022-04-10 17:00:00,31.1,19,0.0,13.5,0,1007.4
2022-04-10 18:00:00,30.4,21,0.0,13.7,9,1007.3
2022-04-10 19:00:00,28.7,25,0.0,12.1,61,1007.5
2022-04-10 20:00:00,25.5,32,0.0,20.7,12,1008.3
2022-04-10 21:00:00,22.9,39,0.0,19.2,35,1009.2
2022-04-10 22:00:00,21.1,48,0.0,17.1,15,1010.0
2022-04-10 23:00:00,19.6,57,0.0,15.2,21,1009.9
2022-04-11 00:00:00,18.6,63,0.0,12.7,39,1010.0
2022-04-11 01:00:00,18.0,68,0.0,10.6,42,1009.6
2022-04-11 02:00:00,17.2,72,0.0,9.9,0,1009.0
2022-04-11 03:00:00,16.8,77,0.0,11.3,20,1008.1
2022-04-11 04:00:00,16.2,81,0.0,11.5,0,1008.5
2022-04-11 05:00:00,15.7,85,0.0,11.9,0,1008.9
2022-04-11 06:00:00,15.1,88,0.0,10.8,0,1009.3
2022-04-11 07:00:00,14.9,89,0.0,10.4,0,1010.0
2022-04-11 08:00:00,16.5,79,0.0,12.3,0,1011.0
2022-04-11 09:00:00,18.9,63,0.0,11.5,0,1011.2
2022-04-11 10:00:00,22.1,40,0.0,11.0,0,1011.1
2022-04-11 11:00:00,25.2,26,0.0,10.7,0,1011.1
2022-04-11 12:00:00,27.7,20,0.0,11.9,0,1010.8
2022-04-11 13:00:00,29.4,16,0.0,14.1,0,1010.4
2022-04-11 14:00:00,30.4,17,0.0,15.5,0,1009.8
2022-04-11 15:00:00,29.0,20,0.0,16.8,0,1010.0
2022-04-11 16:00:00,29.1,20,0.0,18.2,0,1009.6
2022-04-11 17:00:00,27.7,22,0.0,20.8,0,1009.5
2022-04-11 18:00:00,25.7,27,0.0,20.1,0,1010.1
2022-04-11 19:00:00,23.7,32,0.0,16.9,0,1010.8
2022-04-11 20:00:00,21.4,39,0.0,19.3,0,1011.6
2022-04-11 21:00:00,18.9,48,0.0,20.3,0,1013.1
2022-04-11 22:00:00,17.1,61,0.0,19.4,0,1014.0
2022-04-11 23:00:00,16.2,65,0.0,15.8,0,1014.5
2022-04-12 00:00:00,15.7,66,0.0,12.1,4,1014.8
2022-04-12 01:00:00,15.1,68,0.0,10.2,7,1014.9
2022-04-12 02:00:00,14.6,70,0.0,9.5,17,1014.5
2022-04-12 03:00:00,14.7,68,0.0,8.1,100,1013.7
2022-04-12 04:00:00,15.6,62,0.0,10.4,100,1013.4
2022-04-12 05:00:00,15.6,56,0.0,13.0,47,1013.5
2022-04-12 06:00:00,14.6,61,0.0,9.9,3,1013.7
2022-04-12 07:00:00,13.6,68,0.0,5.6,39,1014.3
2022-04-12 08:00:00,15.6,58,0.0,7.0,10,1014.8
2022-04-12 09:00:00,17.5,45,0.0,13.4,21,1015.1
2022-04-12 10:00:00,18.9,40,0.0,13.4,8,1015.2
2022-04-12 11:00:00,20.4,37,0.0,12.7,9,1015.2
2022-04-12 12:00:00,21.9,33,0.0,12.5,11,1014.6
2022-04-12 13:00:00,23.3,29,0.0,12.7,24,1013.8
2022-04-12 14:00:00,24.3,28,0.0,13.3,26,1012.8
2022-04-12 15:00:00,23.6,28,0.0,13.8,0,1012.4
2022-04-12 16:00:00,24.3,28,0.0,13.9,0,1011.7
2022-04-12 17:00:00,24.1,28,0.0,16.2,0,1011.3
2022-04-12 18:00:00,22.8,31,0.0,17.7,0,1011.4
2022-04-12 19:00:00,20.8,37,0.0,17.8,0,1011.7
2022-04-12 20:00:00,18.9,43,0.0,18.8,0,1012.6
2022-04-12 21:00:00,17.6,47,0.0,18.0,0,1013.4
2022-04-12 22:00:00,16.5,51,0.0,16.2,0,1014.0
2022-04-12 23:00:00,15.5,55,0.0,14.4,0,1014.2
2022-04-13 00:00:00,14.8,59,0.0,11.2,0,1014.1
2022-04-13 01:00:00,14.0,63,0.0,8.3,0,1013.9
2022-04-13 02:00:00,13.2,68,0.0,7.3,0,1013.4
2022-04-13 03:00:00,12.8,72,0.0,6.9,1,1013.0
2022-04-13 04:00:00,12.5,74,0.0,7.1,4,1012.5
2022-04-13 05:00:00,12.1,77,0.0,7.3,4,1012.3
2022-04-13 06:00:00,11.6,80,0.0,6.8,2,1012.1
2022-04-13 07:00:00,11.7,81,0.0,6.5,4,1012.5
2022-04-13 08:00:00,13.9,68,0.0,8.0,8,1012.7
2022-04-13 09:00:00,16.5,55,0.0,12.1,3,1013.0
2022-04-13 10:00:00,18.5,48,0.0,13.4,0,1012.9
2022-04-13 11:00:00,20.5,42,0.0,13.7,0,1012.9
2022-04-13 12:00:00,22.4,37,0.0,13.5,33,1012.4
2022-04-13 13:00:00,24.2,33,0.0,13.5,89,1011.5
2022-04-13 14:00:00,25.6,29,0.0,13.5,90,1010.7
2022-04-13 15:00:00,25.2,31,0.0,13.0,96,1010.8
2022-04-13 16:00:00,26.1,29,0.0,13.0,9,1009.6
2022-04-13 17:00:00,26.1,30,0.0,14.0,0,1009.3
2022-04-13 18:00:00,24.7,33,0.0,17.4,4,1009.3
2022-04-13 19:00:00,22.8,36,0.0,15.9,51,1009.6
2022-04-13 20:00:00,20.9,39,0.0,16.9,35,1010.3
2022-04-13 21:00:00,19.1,45,0.0,19.5,0,1011.4
2022-04-13 22:00:00,17.5,53,0.0,20.0,0,1012.4
2022-04-13 23:00:00,16.2,63,0.0,18.8,0,1012.8
2022-04-14 00:00:00,15.3,69,0.0,16.2,0,1013.1
2022-04-14 01:00:00,14.7,72,0.0,14.7,0,1012.8
2022-04-14 02:00:00,14.1,76,0.0,12.9,0,1012.4
2022-04-14 03:00:00,14.1,77,0.0,13.2,2,1012.2
2022-04-14 04:00:00,13.8,79,0.0,13.1,15,1012.1
2022-04-14 05:00:00,13.4,81,0.0,12.8,58,1011.8
2022-04-14 06:00:00,13.7,80,0.0,13.4,81,1011.8
2022-04-14 07:00:00,14.1,78,0.0,14.8,60,1011.9
2022-04-14 08:00:00,15.8,68,0.0,18.3,9,1012.3
2022-04-14 09:00:00,17.5,59,0.0,19.9,3,1012.6
2022-04-14 10:00:00,19.2,51,0.0,18.9,6,1012.9
2022-04-14 11:00:00,21.2,43,0.0,17.3,1,1012.8
2022-04-14 12:00:00,23.1,36,0.0,16.8,1,1012.5
2022-04-14 13:00:00,24.9,30,0.0,15.8,0,1011.9
2022-04-14 14:00:00,26.5,26,0.0,14.8,0,1011.3
2022-04-14 15:00:00,26.6,25,0.0,14.1,0,1010.7
2022-04-14 16:00:00,27.4,24,0.0,15.2,0,1010.2
2022-04-14 17:00:00,27.0,23,0.0,17.7,0,1010.0
2022-04-14 18:00:00,25.6,26,0.0,19.6,0,1010.4
2022-04-14 19:00:00,23.3,29,0.0,19.1,0,1011.0
2022-04-14 20:00:00,20.7,38,0.0,20.9,0,1011.8
2022-04-14 21:00:00,19.0,45,0.0,20.4,0,1012.8
2022-04-14 22:00:00,17.6,53,0.0,18.1,0,1013.3
2022-04-14 23:00:00,16.6,57,0.0,15.3,0,1013.3
2022-04-15 00:00:00,15.8,62,0.0,13.7,0,1013.4
2022-04-15 01:00:00,15.1,66,0.0,12.4,0,1013.4
2022-04-15 02:00:00,14.4,70,0.0,12.2,0,1012.9
2022-04-15 03:00:00,14.2,74,0.0,12.8,0,1012.1
2022-04-15 04:00:00,13.6,78,0.0,12.5,0,1011.6
2022-04-15 05:00:00,13.1,83,0.0,12.3,0,1011.6
2022-04-15 06:00:00,12.6,86,0.0,12.2,0,1011.7
2022-04-15 07:00:00,12.5,87,0.0,13.4,0,1011.9
2022-04-15 08:00:00,14.2,78,0.0,13.7,10,1012.2
2022-04-15 09:00:00,16.7,66,0.0,18.2,5,1012.4
2022-04-15 10:00:00,19.1,56,0.0,20.9,0,1012.7
2022-04-15 11:00:00,21.5,44,0.0,19.6,0,1012.7
2022-04-15 12:00:00,23.9,35,0.0,17.8,28,1012.4
2022-04-15 13:00:00,26.0,28,0.0,17.1,3,1011.7
2022-04-15 14:00:00,27.6,24,0.0,16.6,59,1010.9
2022-04-15 15:00:00,28.1,24,0.0,16.0,0,1009.9
2022-04-15 16:00:00,28.7,23,0.0,16.3,47,1009.6
2022-04-15 17:00:00,28.2,24,0.0,16.8,6,1009.5
2022-04-15 18:00:00,26.6,28,0.0,18.1,26,1009.6
2022-04-15 19:00:00,24.8,30,0.0,14.7,76,1010.4
2022-04-15 20:00:00,22.7,33,0.0,16.3,86,1010.8
2022-04-15 21:00:00,21.0,39,0.0,17.9,84,1011.4
2022-04-15 22:00:00,19.6,48,0.0,17.1,5,1011.6
2022-04-15 23:00:00,18.4,55,0.0,14.0,31,1012.5
2022-04-16 00:00:00,17.4,61,0.0,17.1,60,1011.4
2022-04-16 01:00:00,16.8,68,0.0,14.3,30,1010.7
2022-04-16 02:00:00,16.0,74,0.0,13.9,96,1010.8
2022-04-16 03:00:00,15.4,82,0.0,15.5,9,1010.7
2022-04-16 04:00:00,15.1,86,0.0,15.1,33,1010.9
2022-04-16 05:00:00,14.6,89,0.0,14.3,29,1010.9
2022-04-16 06:00:00,14.2,91,0.0,14.6,27,1010.7
2022-04-16 07:00:00,14.3,88,0.0,13.8,2,1010.6
2022-04-16 08:00:00,16.3,73,0.0,13.3,14,1010.5
2022-04-16 09:00:00,19.3,56,0.0,16.5,0,1010.7
2022-04-16 10:00:00,22.7,40,0.0,18.2,0,1010.5
2022-04-16 11:00:00,25.8,26,0.0,19.2,0,1010.7
2022-04-16 12:00:00,28.2,18,0.0,19.4,0,1010.2
2022-04-16 13:00:00,30.2,13,0.0,19.0,13,1009.4
2022-04-16 14:00:00,31.7,9,0.0,17.7,0,1008.6
2022-04-16 15:00:00,31.6,10,0.0,16.8,0,1008.4
2022-04-16 16:00:00,32.0,9,0.0,16.6,0,1007.7
2022-04-16 17:00:00,31.7,9,0.0,15.9,0,1007.2
2022-04-16 18:00:00,30.7,10,0.0,15.3,3,1007.2
2022-04-16 19:00:00,28.6,12,0.0,13.1,0,1007.3
2022-04-16 20:00:00,26.8,15,0.0,15.3,19,1007.3
2022-04-16 21:00:00,25.5,20,0.0,14.1,49,1007.7
2022-04-16 22:00:00,24.0,28,0.0,11.7,31,1008.0
2022-04-16 23:00:00,22.5,34,0.0,10.5,39,1007.9
2022-04-17 00:00:00,20.6,37,0.0,7.0,15,1007.2
2022-04-17 01:00:00,20.0,38,0.0,2.7,0,1006.4
2022-04-17 02:00:00,19.4,41,0.0,5.1,0,1005.6
2022-04-17 03:00:00,17.7,46,0.0,8.8,0,1005.9
2022-04-17 04:00:00,19.8,38,0.0,0.5,0,1005.1
2022-04-17 05:00:00,16.5,49,0.0,5.1,0,1004.8
2022-04-17 06:00:00,18.6,44,0.0,2.9,0,1004.3
2022-04-17 07:00:00,17.9,47,0.0,1.5,0,1004.3
2022-04-17 08:00:00,20.8,41,0.0,1.0,0,1004.5
2022-04-17 09:00:00,25.8,25,0.0,1.1,0,1004.3
2022-04-17 10:00:00,31.4,14,0.0,5.8,0,1004.2
2022-04-17 11:00:00,35.2,10,0.0,11.5,0,1004.1
2022-04-17 12:00:00,38.2,9,0.0,16.5,0,1003.5
2022-04-17 13:00:00,39.9,7,0.0,21.3,3,1002.7
2022-04-17 14:00:00,41.0,7,0.0,22.1,56,1001.7
2022-04-17 15:00:00,40.8,6,0.0,22.2,45,1001.7
2022-04-17 16:00:00,41.1,6,0.0,27.6,0,1001.0
2022-04-17 17:00:00,40.9,6,0.0,25.8,14,1000.3
2022-04-17 18:00:00,40.2,6,0.0,20.7,27,1000.2
2022-04-17 19:00:00,37.9,7,0.0,12.1,51,1000.0
2022-04-17 20:00:00,33.4,8,0.0,8.9,41,999.5
2022-04-17 21:00:00,33.5,8,0.0,11.9,43,1000.0
2022-04-17 22:00:00,32.4,9,0.0,10.8,95,1000.4
2022-04-17 23:00:00,32.2,9,0.0,14.1,65,1000.5
2022-04-18 00:00:00,31.4,9,0.0,14.8,91,1000.5
2022-04-18 01:00:00,30.0,10,0.0,11.2,99,1000.5
2022-04-18 02:00:00,26.8,13,0.0,8.3,95,1001.5
2022-04-18 03:00:00,25.7,20,0.0,11.0,69,1001.7
2022-04-18 04:00:00,24.7,29,0.0,12.3,90,1001.9
2022-04-18 05:00:00,23.6,34,0.0,10.0,99,1002.2
2022-04-18 06:00:00,21.2,41,0.0,8.6,95,1002.4
2022-04-18 07:00:00,22.4,38,0.0,9.8,99,1003.5
2022-04-18 08:00:00,24.1,37,0.0,11.5,99,1004.5
2022-04-18 09:00:00,25.8,34,0.0,11.2,100,1005.0
2022-04-18 10:00:00,27.4,31,0.0,11.2,100,1005.2
2022-04-18 11:00:00,29.0,28,0.0,11.6,100,1005.2
2022-04-18 12:00:00,29.5,27,0.0,13.3,100,1005.5
2022-04-18 13:00:00,30.3,26,0.0,15.2,100,1005.0
2022-04-18 14:00:00,29.5,27,0.0,14.6,100,1005.0
2022-04-18 15:00:00,27.7,32,0.0,14.6,100,1005.1
2022-04-18 16:00:00,28.4,29,0.0,13.4,100,1005.0
2022-04-18 17:00:00,27.9,30,0.0,13.0,100,1005.1
2022-04-18 18:00:00,26.8,32,0.0,13.6,100,1005.3
2022-04-18 19:00:00,25.8,36,0.0,12.9,100,1005.1
2022-04-18 20:00:00,24.3,39,0.0,16.0,100,1005.7
2022-04-18 21:00:00,23.3,42,0.0,14.9,100,1006.2
2022-04-18 22:00:00,22.4,44,0.0,12.5,100,1006.9
2022-04-18 23:00:00,21.7,47,0.0,15.8,100,1007.7
2022-04-19 00:00:00,20.6,54,0.0,12.1,100,1008.2
2022-04-19 01:00:00,19.7,63,0.0,12.6,100,1008.9
2022-04-19 02:00:00,19.1,66,0.0,13.8,100,1008.0
2022-04-19 03:00:00,18.1,71,0.0,11.1,100,1008.4
2022-04-19 04:00:00,17.2,84,2.7,8.7,100,1009.0
2022-04-19 05:00:00,16.6,92,0.0,8.3,5,1009.1
2022-04-19 06:00:00,15.6,96,0.0,4.9,0,1009.3
2022-04-19 07:00:00,15.8,96,0.0,5.2,0,1009.9
2022-04-19 08:00:00,17.7,86,0.0,6.5,0,1010.9
2022-04-19 09:00:00,19.7,72,0.0,5.3,0,1011.5
2022-04-19 10:00:00,22.2,55,0.0,4.8,0,1012.0
2022-04-19 11:00:00,24.7,39,0.0,7.2,0,1012.2
2022-04-19 12:00:00,26.6,30,0.0,10.7,0,1011.9
2022-04-19 13:00:00,27.8,23,0.0,16.5,0,1011.6
2022-04-19 14:00:00,28.1,20,0.0,17.9,0,1011.2
2022-04-19 15:00:00,27.7,21,0.0,17.6,0,1010.4
2022-04-19 16:00:00,28.3,18,0.0,16.5,0,1009.9
2022-04-19 17:00:00,27.6,18,0.0,16.4,0,1009.8
2022-04-19 18:00:00,26.5,20,0.0,16.1,0,1010.2
2022-04-19 19:00:00,25.1,23,0.0,10.7,0,1010.4
2022-04-19 20:00:00,23.3,27,0.0,16.2,0,1011.1
2022-04-19 21:00:00,21.2,40,0.0,20.3,0,1012.6
2022-04-19 22:00:00,19.6,49,0.0,15.9,0,1013.7
2022-04-19 23:00:00,18.5,55,0.0,13.7,0,1014.2
2022-04-20 00:00:00,17.6,61,0.0,11.6,0,1014.6
2022-04-20 01:00:00,16.7,67,0.0,10.9,0,1014.9
2022-04-20 02:00:00,16.0,72,0.0,9.0,0,1014.8
2022-04-20 03:00:00,15.6,76,0.0,9.9,0,1014.5
2022-04-20 04:00:00,15.1,80,0.0,8.8,0,1014.5
2022-04-20 05:00:00,14.5,85,0.0,7.2,10,1014.6
2022-04-20 06:00:00,13.8,91,0.0,5.0,41,1014.8
2022-04-20 07:00:00,14.4,89,0.0,5.8,91,1015.0
2022-04-20 08:00:00,16.3,75,0.0,10.1,30,1015.6
2022-04-20 09:00:00,17.9,63,0.0,9.7,13,1015.7
2022-04-20 10:00:00,19.8,51,0.0,9.0,1,1015.6
2022-04-20 11:00:00,21.9,42,0.0,9.4,1,1015.5
2022-04-20 12:00:00,23.9,34,0.0,10.4,1,1015.0
2022-04-20 13:00:00,25.3,30,0.0,11.5,2,1014.2
2022-04-20 14:00:00,26.3,29,0.0,12.2,2,1013.7
2022-04-20 15:00:00,25.6,31,0.0,12.2,0,1013.3
2022-04-20 16:00:00,26.3,29,0.0,12.6,8,1012.8
2022-04-20 17:00:00,26.2,29,0.0,12.6,0,1012.6
2022-04-20 18:00:00,25.5,30,0.0,12.5,1,1012.3
2022-04-20 19:00:00,24.7,31,0.0,10.8,0,1012.3
2022-04-20 20:00:00,23.2,36,0.0,15.1,1,1012.6
2022-04-20 21:00:00,21.3,43,0.0,19.8,0,1013.6
2022-04-20 22:00:00,19.1,55,0.0,18.7,2,1014.5
2022-04-20 23:00:00,17.8,61,0.0,16.9,0,1014.6
2022-04-21 00:00:00,16.8,65,0.0,14.8,0,1014.7
2022-04-21 01:00:00,16.1,70,0.0,13.3,0,1014.6
2022-04-21 02:00:00,15.5,74,0.0,10.8,0,1014.4
2022-04-21 03:00:00,15.1,75,0.0,10.5,0,1013.8
2022-04-21 04:00:00,14.7,77,0.0,9.7,0,1013.8
2022-04-21 05:00:00,14.2,81,0.0,9.9,0,1013.9
2022-04-21 06:00:00,13.7,83,0.0,10.1,0,1013.9
2022-04-21 07:00:00,13.8,83,0.0,10.9,0,1014.2
2022-04-21 08:00:00,15.6,72,0.0,10.4,0,1014.5
2022-04-21 09:00:00,17.8,58,0.0,16.6,2,1014.5
2022-04-21 10:00:00,19.6,52,0.0,16.8,1,1014.5
2022-04-21 11:00:00,21.7,44,0.0,16.4,0,1014.2
2022-04-21 12:00:00,23.6,37,0.0,15.8,0,1013.6
2022-04-21 13:00:00,25.3,32,0.0,16.1,0,1012.8
2022-04-21 14:00:00,26.7,29,0.0,16.4,0,1011.9
2022-04-21 15:00:00,26.9,27,0.0,17.1,0,1011.3
2022-04-21 16:00:00,27.5,28,0.0,17.7,22,1010.6
2022-04-21 17:00:00,26.7,30,0.0,18.9,10,1010.3
2022-04-21 18:00:00,25.4,33,0.0,18.6,5,1010.5
2022-04-21 19:00:00,23.6,37,0.0,17.1,6,1010.5
2022-04-21 20:00:00,21.7,42,0.0,17.3,81,1011.0
2022-04-21 21:00:00,20.2,47,0.0,19.7,89,1012.0
2022-04-21 22:00:00,18.4,56,0.0,21.9,100,1012.8
2022-04-21 23:00:00,16.9,65,0.0,21.5,100,1012.7
2022-04-22 00:00:00,16.1,71,0.0,19.5,98,1012.6
2022-04-22 01:00:00,15.4,76,0.0,16.7,100,1012.2
2022-04-22 02:00:00,15.0,78,0.0,15.7,100,1011.6
2022-04-22 03:00:00,14.6,80,0.0,15.0,100,1011.3
2022-04-22 04:00:00,14.6,80,0.0,14.0,95,1011.3
2022-04-22 05:00:00,13.9,85,0.0,12.7,100,1011.0
2022-04-22 06:00:00,13.6,88,0.0,13.7,100,1010.8
2022-04-22 07:00:00,13.8,87,0.0,14.9,100,1010.8
2022-04-22 08:00:00,15.3,77,0.0,20.1,100,1011.0
2022-04-22 09:00:00,17.2,67,0.0,17.7,93,1010.6
2022-04-22 10:00:00,19.6,57,0.0,17.6,83,1010.5
2022-04-22 11:00:00,22.1,47,0.0,16.6,49,1010.4
2022-04-22 12:00:00,24.8,37,0.0,15.6,64,1009.9
2022-04-22 13:00:00,26.9,29,0.0,15.4,70,1009.3
2022-04-22 14:00:00,28.6,25,0.0,15.6,55,1008.3
2022-04-22 15:00:00,27.3,29,0.0,13.9,34,1007.9
2022-04-22 16:00:00,28.4,27,0.0,14.8,0,1007.1
2022-04-22 17:00:00,28.2,28,0.0,16.1,0,1006.7
2022-04-22 18:00:00,26.7,31,0.0,17.7,0,1006.7
2022-04-22 19:00:00,24.6,33,0.0,16.3,12,1007.0
2022-04-22 20:00:00,22.4,36,0.0,14.9,14,1007.4
2022-04-22 21:00:00,20.7,40,0.0,14.4,12,1007.7
2022-04-22 22:00:00,19.2,46,0.0,13.5,10,1008.4
2022-04-22 23:00:00,17.9,56,0.0,12.5,9,1008.3
2022-04-23 00:00:00,16.8,69,0.0,12.2,0,1008.3
2022-04-23 01:00:00,15.9,78,0.0,11.7,0,1008.1
2022-04-23 02:00:00,15.2,85,0.0,10.8,0,1007.6
2022-04-23 03:00:00,14.8,88,0.0,10.9,9,1007.0
2022-04-23 04:00:00,15.3,88,0.0,12.3,100,1006.8
2022-04-23 05:00:00,15.4,89,0.0,12.1,100,1006.6
2022-04-23 06:00:00,15.1,91,0.0,10.8,100,1006.7
2022-04-23 07:00:00,14.8,93,0.0,9.8,100,1007.2
2022-04-23 08:00:00,16.0,85,0.0,10.9,40,1007.4
2022-04-23 09:00:00,18.3,71,0.0,11.2,35,1007.4
2022-04-23 10:00:00,20.8,58,0.0,9.7,0,1006.9
2022-04-23 11:00:00,23.7,45,0.0,9.8,0,1006.6
2022-04-23 12:00:00,26.4,34,0.0,9.7,0,1006.4
2022-04-23 13:00:00,28.8,26,0.0,9.8,0,1005.6
2022-04-23 14:00:00,30.6,20,0.0,9.8,0,1004.9
2022-04-23 15:00:00,30.8,19,0.0,8.8,0,1004.4
2022-04-23 16:00:00,31.7,17,0.0,10.5,0,1003.6
2022-04-23 17:00:00,31.6,16,0.0,12.4,0,1003.4
2022-04-23 18:00:00,31.0,16,0.0,12.8,0,1003.5
2022-04-23 19:00:00,29.4,18,0.0,10.9,0,1003.7
2022-04-23 20:00:00,27.1,20,0.0,17.2,0,1004.3
2022-04-23 21:00:00,24.4,29,0.0,17.3,0,1005.4
2022-04-23 22:00:00,22.2,38,0.0,14.4,0,1005.9
2022-04-23 23:00:00,20.4,47,0.0,13.1,0,1006.6
2022-04-24 00:00:00,19.0,54,0.0,11.9,0,1007.0
2022-04-24 01:00:00,17.8,60,0.0,10.4,0,1006.8
2022-04-24 02:00:00,16.9,66,0.0,8.3,0,1006.6
2022-04-24 03:00:00,16.0,73,0.0,6.6,0,1006.0
2022-04-24 04:00:00,15.4,78,0.0,5.2,0,1005.8
2022-04-24 05:00:00,14.8,83,0.0,5.5,0,1006.0
2022-04-24 06:00:00,13.8,90,0.0,5.4,0,1005.8
2022-04-24 07:00:00,14.7,87,0.0,5.4,0,1006.3
2022-04-24 08:00:00,17.1,72,0.0,6.5,0,1006.8
2022-04-24 09:00:00,20.1,55,0.0,7.2,0,1006.9
2022-04-24 10:00:00,23.1,39,0.0,8.4,20,1006.8
2022-04-24 11:00:00,26.2,28,0.0,9.0,0,1006.5
2022-04-24 12:00:00,28.9,21,0.0,9.7,0,1006.0
2022-04-24 13:00:00,31.1,16,0.0,12.0,0,1005.2
2022-04-24 14:00:00,32.7,13,0.0,13.4,0,1004.5
2022-04-24 15:00:00,31.5,16,0.0,13.3,0,1004.8
2022-04-24 16:00:00,32.5,15,0.0,13.0,0,1004.5
2022-04-24 17:00:00,32.6,14,0.0,13.7,0,1004.2
2022-04-24 18:00:00,31.8,14,0.0,15.9,0,1004.2
2022-04-24 19:00:00,29.7,16,0.0,16.6,0,1004.6
2022-04-24 20:00:00,27.3,19,0.0,15.7,0,1005.4
2022-04-24 21:00:00,25.3,20,0.0,15.0,0,1006.5
2022-04-24 22:00:00,23.5,22,0.0,14.1,0,1007.2
2022-04-24 23:00:00,22.0,26,0.0,11.9,0,1007.8
2022-04-25 00:00:00,20.6,30,0.0,9.7,0,1007.8
2022-04-25 01:00:00,19.3,35,0.0,7.2,0,1007.8
2022-04-25 02:00:00,18.4,41,0.0,8.1,0,1007.6
2022-04-25 03:00:00,18.0,44,0.0,9.1,0,1007.2
2022-04-25 04:00:00,17.6,51,0.0,9.3,0,1007.1
2022-04-25 05:00:00,17.0,60,0.0,8.9,0,1007.2
2022-04-25 06:00:00,16.4,69,0.0,8.7,0,1007.4
2022-04-25 07:00:00,16.6,74,0.0,9.1,0,1007.8
2022-04-25 08:00:00,18.5,69,0.0,9.9,0,1008.2
2022-04-25 09:00:00,21.1,57,0.0,10.8,0,1008.2
2022-04-25 10:00:00,24.2,41,0.0,11.6,0,1008.1
2022-04-25 11:00:00,27.5,30,0.0,12.4,0,1007.9
2022-04-25 12:00:00,30.4,23,0.0,13.0,0,1007.4
2022-04-25 13:00:00,32.5,20,0.0,13.9,0,1006.5
2022-04-25 14:00:00,34.0,19,0.0,15.0,0,1005.9
2022-04-25 15:00:00,33.5,24,0.0,14.6,0,1005.5
2022-04-25 16:00:00,34.4,23,0.0,15.0,3,1005.1
2022-04-25 17:00:00,34.4,22,0.0,16.0,4,1004.7
2022-04-25 18:00:00,33.6,20,0.0,17.7,13,1004.8
2022-04-25 19:00:00,31.7,21,0.0,18.0,4,1005.4
2022-04-25 20:00:00,29.2,23,0.0,19.3,2,1006.2
2022-04-25 21:00:00,27.2,24,0.0,19.0,2,1007.4
2022-04-25 22:00:00,25.4,27,0.0,16.9,2,1008.4
2022-04-25 23:00:00,23.7,31,0.0,15.5,1,1008.6
2022-04-26 00:00:00,22.3,35,0.0,14.2,0,1008.8
2022-04-26 01:00:00,21.1,38,0.0,11.6,0,1008.8
2022-04-26 02:00:00,19.9,42,0.0,11.2,0,1008.7
2022-04-26 03:00:00,19.0,48,0.0,10.5,0,1007.9
2022-04-26 04:00:00,18.3,53,0.0,9.7,0,1007.7
2022-04-26 05:00:00,17.6,59,0.0,9.7,0,1007.6
2022-04-26 06:00:00,16.9,65,0.0,10.1,45,1007.9
2022-04-26 07:00:00,17.0,68,0.0,11.5,85,1008.5
2022-04-26 08:00:00,18.9,62,0.0,11.7,97,1009.0
2022-04-26 09:00:00,21.5,53,0.0,12.3,99,1009.3
2022-04-26 10:00:00,24.5,40,0.0,12.9,98,1009.1
2022-04-26 11:00:00,27.6,31,0.0,14.0,99,1009.0
2022-04-26 12:00:00,30.2,24,0.0,14.3,100,1008.5
2022-04-26 13:00:00,32.4,20,0.0,14.0,100,1007.9
2022-04-26 14:00:00,34.1,16,0.0,14.0,100,1007.1
2022-04-26 15:00:00,34.6,16,0.0,12.8,99,1006.3
2022-04-26 16:00:00,35.3,13,0.0,12.6,100,1005.6
2022-04-26 17:00:00,34.7,12,0.0,12.4,100,1005.1
2022-04-26 18:00:00,33.8,12,0.0,12.9,100,1005.2
2022-04-26 19:00:00,31.8,15,0.0,20.7,98,1005.7
2022-04-26 20:00:00,28.2,22,0.0,18.5,92,1007.0
2022-04-26 21:00:00,25.7,24,0.0,19.0,11,1008.4
2022-04-26 22:00:00,23.7,27,0.0,16.9,0,1009.2
2022-04-26 23:00:00,22.2,31,0.0,14.7,0,1009.4
2022-04-27 00:00:00,20.8,38,0.0,12.7,20,1009.5
2022-04-27 01:00:00,19.6,45,0.0,11.6,22,1009.5
2022-04-27 02:00:00,18.5,52,0.0,11.2,0,1009.1
2022-04-27 03:00:00,17.9,57,0.0,11.1,0,1008.9
2022-04-27 04:00:00,17.2,63,0.0,10.0,0,1008.6
2022-04-27 05:00:00,16.5,70,0.0,9.9,0,1008.6
2022-04-27 06:00:00,15.9,76,0.0,8.9,0,1008.7
2022-04-27 07:00:00,16.0,77,0.0,9.7,0,1009.0
2022-04-27 08:00:00,18.0,70,0.0,10.8,0,1009.5
2022-04-27 09:00:00,20.5,59,0.0,12.9,0,1009.8
2022-04-27 10:00:00,23.4,43,0.0,13.2,0,1009.7
2022-04-27 11:00:00,26.5,31,0.0,12.9,0,1009.7
2022-04-27 12:00:00,29.1,23,0.0,12.5,0,1008.9
2022-04-27 13:00:00,31.3,17,0.0,11.5,0,1008.1
2022-04-27 14:00:00,32.9,14,0.0,10.9,0,1007.1
2022-04-27 15:00:00,32.9,14,0.0,10.9,0,1006.6
2022-04-27 16:00:00,33.5,12,0.0,12.0,0,1005.9
2022-04-27 17:00:00,33.3,11,0.0,12.3,0,1005.5
2022-04-27 18:00:00,32.5,11,0.0,13.0,0,1005.6
2022-04-27 19:00:00,30.6,12,0.0,13.4,0,1005.9
2022-04-27 20:00:00,27.5,16,0.0,22.5,0,1007.2
2022-04-27 21:00:00,25.2,23,0.0,18.4,0,1008.5
2022-04-27 22:00:00,23.2,29,0.0,18.4,0,1009.3
2022-04-27 23:00:00,21.4,37,0.0,16.4,0,1009.8
2022-04-28 00:00:00,20.1,45,0.0,13.8,0,1009.8
2022-04-28 01:00:00,19.0,52,0.0,11.8,0,1009.5
2022-04-28 02:00:00,18.0,59,0.0,10.2,0,1009.0
2022-04-28 03:00:00,17.5,66,0.0,10.6,0,1008.1
2022-04-28 04:00:00,17.1,70,0.0,8.0,0,1008.1
2022-04-28 05:00:00,16.3,75,0.0,6.2,0,1008.1
2022-04-28 06:00:00,15.5,81,0.0,5.5,0,1008.0
2022-04-28 07:00:00,16.1,79,0.0,8.0,0,1008.1
2022-04-28 08:00:00,18.7,64,0.0,8.0,0,1008.6
2022-04-28 09:00:00,22.0,43,0.0,10.0,0,1008.5
2022-04-28 10:00:00,25.1,30,0.0,11.1,0,1008.6
2022-04-28 11:00:00,27.8,22,0.0,12.3,0,1008.3
2022-04-28 12:00:00,29.9,18,0.0,11.7,0,1008.0
2022-04-28 13:00:00,31.7,15,0.0,10.9,0,1007.3
2022-04-28 14:00:00,33.0,13,0.0,10.0,0,1006.4
2022-04-28 15:00:00,33.0,13,0.0,10.2,0,1006.2
2022-04-28 16:00:00,33.7,12,0.0,10.2,0,1005.4
2022-04-28 17:00:00,33.6,11,0.0,10.0,0,1005.1
2022-04-28 18:00:00,32.9,11,0.0,9.6,0,1005.2
2022-04-28 19:00:00,30.9,13,0.0,7.6,0,1005.4
2022-04-28 20:00:00,27.2,27,0.0,24.6,0,1006.1
2022-04-28 21:00:00,25.8,30,0.0,18.6,1,1007.0
2022-04-28 22:00:00,24.2,33,0.0,17.8,15,1007.8
2022-04-28 23:00:00,23.0,34,0.0,16.3,1,1008.0
2022-04-29 00:00:00,21.8,35,0.0,15.3,5,1008.2
2022-04-29 01:00:00,20.7,41,0.0,13.2,0,1007.8
2022-04-29 02:00:00,19.9,44,0.0,10.7,0,1007.4
2022-04-29 03:00:00,19.5,46,0.0,10.1,0,1006.6
2022-04-29 04:00:00,18.9,45,0.0,8.2,0,1006.4
2022-04-29 05:00:00,18.2,47,0.0,7.7,0,1006.3
2022-04-29 06:00:00,17.5,49,0.0,7.8,19,1006.1
2022-04-29 07:00:00,18.2,46,0.0,7.3,11,1006.3
2022-04-29 08:00:00,21.3,37,0.0,5.8,46,1006.7
2022-04-29 09:00:00,25.1,27,0.0,4.3,4,1006.8
2022-04-29 10:00:00,29.2,17,0.0,1.5,0,1006.5
2022-04-29 11:00:00,32.8,10,0.0,3.2,3,1006.0
2022-04-29 12:00:00,35.6,7,0.0,5.2,55,1005.3
2022-04-29 13:00:00,37.5,6,0.0,6.3,94,1004.5
2022-04-29 14:00:00,38.3,5,0.0,5.9,100,1003.7
2022-04-29 15:00:00,37.2,6,0.0,4.1,93,1003.3
2022-04-29 16:00:00,39.2,6,0.0,4.4,88,1002.3
2022-04-29 17:00:00,39.3,5,0.0,9.7,72,1000.9
2022-04-29 18:00:00,38.5,6,0.0,11.9,94,1000.2
2022-04-29 19:00:00,35.8,9,0.0,4.7,96,999.7
2022-04-29 20:00:00,33.8,10,0.0,9.1,95,999.7
2022-04-29 21:00:00,32.9,11,0.0,20.9,97,999.4
2022-04-29 22:00:00,31.8,11,0.0,17.5,49,999.9
2022-04-29 23:00:00,31.7,10,0.0,17.3,26,1000.6
2022-04-30 00:00:00,29.8,10,0.0,8.5,14,1000.8
2022-04-30 01:00:00,26.7,12,0.0,10.0,0,1000.9
2022-04-30 02:00:00,26.9,11,0.0,8.8,0,1001.1
2022-04-30 03:00:00,24.3,14,0.0,13.0,26,1001.3
2022-04-30 04:00:00,24.6,13,0.0,8.9,76,1001.3
2022-04-30 05:00:00,24.3,15,0.0,8.6,0,1001.6
2022-04-30 06:00:00,23.7,16,0.0,8.3,0,1002.3
2022-04-30 07:00:00,23.7,18,0.0,7.6,0,1003.3
2022-04-30 08:00:00,23.5,43,0.0,15.2,0,1004.6
2022-04-30 09:00:00,23.6,57,0.0,16.9,0,1005.5
2022-04-30 10:00:00,25.9,47,0.0,20.1,0,1006.0
2022-04-30 11:00:00,28.1,39,0.0,20.7,0,1006.4
2022-04-30 12:00:00,30.2,31,0.0,21.6,0,1006.5
2022-04-30 13:00:00,31.6,26,0.0,23.2,0,1006.4
2022-04-30 14:00:00,32.4,23,0.0,24.3,0,1006.3
2022-04-30 15:00:00,31.9,21,0.0,23.0,0,1006.5
2022-04-30 16:00:00,31.9,16,0.0,23.4,0,1006.7
2022-04-30 17:00:00,30.8,15,0.0,22.9,0,1006.8
2022-04-30 18:00:00,29.3,15,0.0,22.0,0,1007.1
2022-04-30 19:00:00,27.7,24,0.0,19.4,0,1007.8
2022-04-30 20:00:00,25.5,35,0.0,17.6,0,1008.7
2022-04-30 21:00:00,24.2,40,0.0,15.8,0,1009.9
2022-04-30 22:00:00,22.8,47,0.0,14.8,0,1011.1
2022-04-30 23:00:00,21.4,54,0.0,11.2,0,1011.7
2022-05-01 00:00:00,20.3,60,0.0,9.2,0,1011.9
2022-05-01 01:00:00,19.3,65,0.0,7.8,0,1011.9
2022-05-01 02:00:00,18.3,70,0.0,6.2,0,1011.9
2022-05-01 03:00:00,17.6,74,0.0,5.5,0,1011.7
2022-05-01 04:00:00,16.6,81,0.0,6.9,27,1011.6
2022-05-01 05:00:00,16.7,81,0.0,6.9,0,1011.5
2022-05-01 06:00:00,16.9,81,0.0,6.0,0,1011.8
2022-05-01 07:00:00,16.6,84,0.0,5.0,44,1012.2
2022-05-01 08:00:00,19.1,70,0.0,4.4,2,1012.7
2022-05-01 09:00:00,21.6,58,0.0,6.9,0,1012.8
2022-05-01 10:00:00,24.1,45,0.0,5.6,0,1012.8
2022-05-01 11:00:00,26.7,34,0.0,5.9,0,1012.7
2022-05-01 12:00:00,28.9,27,0.0,7.4,0,1012.1
2022-05-01 13:00:00,30.6,22,0.0,10.8,0,1011.5
2022-05-01 14:00:00,31.6,20,0.0,13.2,0,1010.7
2022-05-01 15:00:00,31.2,22,0.0,13.1,0,1010.4
2022-05-01 16:00:00,31.3,24,0.0,12.2,0,1009.7
2022-05-01 17:00:00,31.2,25,0.0,9.9,0,1009.1
2022-05-01 18:00:00,31.1,22,0.0,8.2,0,1008.4
2022-05-01 19:00:00,30.2,18,0.0,8.0,1,1008.2
2022-05-01 20:00:00,27.8,20,0.0,10.7,2,1008.8
2022-05-01 21:00:00,26.3,23,0.0,12.2,71,1009.6
2022-05-01 22:00:00,25.2,26,0.0,12.6,54,1010.5
2022-05-01 23:00:00,23.7,32,0.0,11.3,1,1010.8
2022-05-02 00:00:00,22.2,37,0.0,9.3,62,1010.7
2022-05-02 01:00:00,21.1,42,0.0,9.5,100,1010.4
2022-05-02 02:00:00,20.5,44,0.0,9.4,96,1009.9
2022-05-02 03:00:00,20.0,45,0.0,9.2,19,1009.5
2022-05-02 04:00:00,19.6,46,0.0,9.9,29,1009.4
2022-05-02 05:00:00,19.0,48,0.0,10.8,97,1008.9
2022-05-02 06:00:00,18.5,54,0.0,9.0,44,1008.9
2022-05-02 07:00:00,18.8,57,0.0,9.5,44,1009.2
2022-05-02 08:00:00,21.2,50,0.0,8.7,99,1009.3
2022-05-02 09:00:00,24.4,34,0.0,11.8,100,1009.0
2022-05-02 10:00:00,27.4,22,0.0,12.3,100,1008.7
2022-05-02 11:00:00,28.6,20,0.0,11.2,100,1009.1
2022-05-02 12:00:00,30.8,17,0.0,7.8,100,1008.7
2022-05-02 13:00:00,31.1,16,0.0,10.3,100,1007.7
2022-05-02 14:00:00,31.3,16,0.0,8.4,100,1007.0
2022-05-02 15:00:00,33.6,16,0.0,10.7,100,1006.1
2022-05-02 16:00:00,33.4,16,0.0,16.3,100,1006.3
2022-05-02 17:00:00,31.7,21,0.0,16.5,87,1006.1
2022-05-02 18:00:00,31.4,23,0.0,13.6,73,1005.8
2022-05-02 19:00:00,30.4,24,0.0,13.3,45,1004.9
2022-05-02 20:00:00,28.8,28,0.0,16.9,47,1003.7
2022-05-02 21:00:00,27.8,30,0.0,16.9,42,1003.7
2022-05-02 22:00:00,26.4,37,0.0,16.9,50,1004.2
2022-05-02 23:00:00,25.6,38,0.0,13.4,45,1003.6
2022-05-03 00:00:00,25.1,35,0.0,7.4,3,1003.0
2022-05-03 01:00:00,24.6,34,0.0,1.3,0,1002.5
2022-05-03 02:00:00,22.3,41,0.0,9.5,0,1002.1
2022-05-03 03:00:00,21.9,33,0.0,7.7,0,1000.9
2022-05-03 04:00:00,21.1,34,0.0,10.9,0,1000.6
2022-05-03 05:00:00,21.9,30,0.0,8.4,0,1000.8
2022-05-03 06:00:00,21.0,36,0.0,7.9,0,1001.3
2022-05-03 07:00:00,22.3,35,0.0,10.0,27,1002.2
2022-05-03 08:00:00,24.1,37,0.0,11.9,0,1003.0
2022-05-03 09:00:00,26.0,36,0.0,18.5,0,1003.9
2022-05-03 10:00:00,27.7,33,0.0,21.3,0,1004.7
2022-05-03 11:00:00,29.6,29,0.0,22.0,0,1005.1
2022-05-03 12:00:00,30.8,26,0.0,22.3,12,1005.0
2022-05-03 13:00:00,31.6,24,0.0,22.0,6,1005.0
2022-05-03 14:00:00,31.9,26,0.0,21.8,11,1004.8
2022-05-03 15:00:00,32.3,23,0.0,20.2,35,1004.4
2022-05-03 16:00:00,32.4,25,0.0,19.8,0,1004.2
2022-05-03 17:00:00,31.5,29,0.0,20.4,11,1004.4
2022-05-03 18:00:00,29.6,32,0.0,21.5,31,1005.2
2022-05-03 19:00:00,27.7,36,0.0,19.5,55,1005.9
2022-05-03 20:00:00,25.9,41,0.0,17.2,77,1006.6
2022-05-03 21:00:00,24.5,47,0.0,16.6,83,1007.8
2022-05-03 22:00:00,23.0,54,0.0,15.2,0,1008.6
2022-05-03 23:00:00,21.5,62,0.0,15.8,0,1009.5
2022-05-04 00:00:00,19.8,74,0.0,16.0,9,1009.9
2022-05-04 01:00:00,18.6,84,0.0,15.5,65,1010.2
2022-05-04 02:00:00,18.3,84,0.0,14.6,100,1010.0
2022-05-04 03:00:00,18.9,84,0.0,14.2,100,1009.6
2022-05-04 04:00:00,19.4,80,0.0,14.6,100,1010.0
2022-05-04 05:00:00,19.4,78,0.0,14.0,100,1010.1
2022-05-04 06:00:00,19.6,75,0.0,12.8,100,1010.5
2022-05-04 07:00:00,19.9,72,0.0,13.0,100,1011.2
2022-05-04 08:00:00,20.5,67,0.0,15.3,100,1011.9
2022-05-04 09:00:00,21.2,64,0.0,15.5,24,1012.4
2022-05-04 10:00:00,23.0,54,0.0,13.2,20,1012.6
2022-05-04 11:00:00,24.8,44,0.0,13.5,24,1012.5
2022-05-04 12:00:00,26.3,38,0.0,13.6,11,1012.5
2022-05-04 13:00:00,27.7,33,0.0,13.6,0,1011.8
2022-05-04 14:00:00,28.9,29,0.0,14.8,0,1011.3
2022-05-04 15:00:00,27.9,32,0.0,15.9,0,1011.1
2022-05-04 16:00:00,28.2,30,0.0,17.9,1,1011.0
2022-05-04 17:00:00,27.6,29,0.0,19.1,0,1011.0
2022-05-04 18:00:00,26.1,32,0.0,18.8,0,1011.1
2022-05-04 19:00:00,24.5,34,0.0,17.0,0,1011.3
2022-05-04 20:00:00,22.9,38,0.0,15.1,0,1011.9
2022-05-04 21:00:00,21.5,39,0.0,16.0,0,1012.7
2022-05-04 22:00:00,20.3,42,0.0,15.0,0,1013.7
2022-05-04 23:00:00,19.1,49,0.0,13.0,0,1014.2
2022-05-05 00:00:00,18.1,57,0.0,9.3,0,1014.6
2022-05-05 01:00:00,17.3,64,0.0,9.0,0,1014.7
2022-05-05 02:00:00,16.7,70,0.0,8.2,0,1014.7
2022-05-05 03:00:00,16.4,74,0.0,6.8,0,1014.0
2022-05-05 04:00:00,15.7,80,0.0,4.8,0,1013.9
2022-05-05 05:00:00,14.9,86,0.0,5.6,0,1014.1
2022-05-05 06:00:00,14.2,91,0.0,6.9,0,1014.2
2022-05-05 07:00:00,15.9,83,0.0,5.3,0,1014.8
2022-05-05 08:00:00,17.9,74,0.0,6.6,16,1015.0
2022-05-05 09:00:00,20.1,61,0.0,13.3,29,1015.1
2022-05-05 10:00:00,21.9,50,0.0,12.6,7,1015.0
2022-05-05 11:00:00,23.7,41,0.0,14.2,13,1014.7
2022-05-05 12:00:00,25.0,39,0.0,13.9,14,1014.5
2022-05-05 13:00:00,26.5,34,0.0,13.9,6,1013.9
2022-05-05 14:00:00,27.7,29,0.0,16.3,0,1013.3
2022-05-05 15:00:00,27.0,30,0.0,17.5,0,1012.8
2022-05-05 16:00:00,27.2,24,0.0,20.5,0,1012.6
2022-05-05 17:00:00,26.5,22,0.0,21.0,0,1012.5
2022-05-05 18:00:00,25.1,26,0.0,21.7,0,1012.5
2022-05-05 19:00:00,23.3,27,0.0,19.6,0,1012.9
2022-05-05 20:00:00,21.5,33,0.0,17.6,0,1013.6
2022-05-05 21:00:00,20.1,41,0.0,17.4,0,1014.5
2022-05-05 22:00:00,18.7,54,0.0,16.0,0,1015.2
2022-05-05 23:00:00,17.6,63,0.0,13.0,2,1015.4
2022-05-06 00:00:00,17.0,66,0.0,11.2,1,1015.3
2022-05-06 01:00:00,16.4,70,0.0,9.4,0,1015.0
2022-05-06 02:00:00,15.9,74,0.0,9.7,7,1014.6
2022-05-06 03:00:00,16.2,73,0.0,9.9,12,1014.2
2022-05-06 04:00:00,16.0,74,0.0,8.9,10,1013.9
2022-05-06 05:00:00,15.5,76,0.0,7.9,0,1013.6
2022-05-06 06:00:00,14.7,81,0.0,6.7,0,1013.4
2022-05-06 07:00:00,15.5,77,0.0,6.9,0,1013.5
2022-05-06 08:00:00,17.6,67,0.0,8.6,0,1013.7
2022-05-06 09:00:00,20.0,57,0.0,10.8,0,1013.8
2022-05-06 10:00:00,22.6,43,0.0,11.0,0,1013.6
2022-05-06 11:00:00,25.0,31,0.0,11.2,0,1013.2
2022-05-06 12:00:00,26.8,25,0.0,11.6,0,1012.9
2022-05-06 13:00:00,28.3,22,0.0,11.5,0,1012.0
2022-05-06 14:00:00,29.3,21,0.0,11.1,0,1011.0
2022-05-06 15:00:00,28.4,22,0.0,11.4,0,1010.9
2022-05-06 16:00:00,29.1,21,0.0,11.7,0,1010.2
2022-05-06 17:00:00,29.1,20,0.0,13.0,0,1009.6
2022-05-06 18:00:00,28.3,20,0.0,15.1,0,1009.4
2022-05-06 19:00:00,27.0,22,0.0,14.9,0,1009.7
2022-05-06 20:00:00,25.1,24,0.0,15.1,0,1010.6
2022-05-06 21:00:00,23.5,26,0.0,14.8,0,1011.1
2022-05-06 22:00:00,22.0,29,0.0,13.8,0,1012.1
2022-05-06 23:00:00,20.6,33,0.0,12.4,0,1012.4
2022-05-07 00:00:00,19.3,40,0.0,12.0,0,1012.7
2022-05-07 01:00:00,18.1,51,0.0,11.2,0,1012.8
2022-05-07 02:00:00,17.0,64,0.0,8.9,0,1012.5
2022-05-07 03:00:00,15.2,81,0.0,5.5,0,1012.5
2022-05-07 04:00:00,14.6,88,0.0,5.6,0,1012.7
2022-05-07 05:00:00,13.8,94,0.0,6.6,3,1012.2
2022-05-07 06:00:00,13.5,96,0.0,5.4,13,1012.4
2022-05-07 07:00:00,15.0,94,0.0,4.7,48,1012.9
2022-05-07 08:00:00,16.9,81,0.0,2.5,83,1012.8
2022-05-07 09:00:00,19.2,62,0.0,5.8,83,1013.2
2022-05-07 10:00:00,21.7,44,0.0,5.4,77,1013.2
2022-05-07 11:00:00,24.1,34,0.0,4.6,22,1013.2
2022-05-07 12:00:00,26.2,26,0.0,4.9,32,1013.1
2022-05-07 13:00:00,28.1,21,0.0,5.6,23,1012.5
2022-05-07 14:00:00,29.4,18,0.0,4.5,96,1012.0
2022-05-07 15:00:00,29.4,17,0.0,8.2,100,1011.3
2022-05-07 16:00:00,30.0,16,0.0,10.3,38,1010.5
2022-05-07 17:00:00,29.8,15,0.0,10.2,8,1010.3
2022-05-07 18:00:00,29.1,16,0.0,9.9,44,1010.2
2022-05-07 19:00:00,28.0,18,0.0,7.5,47,1010.4
2022-05-07 20:00:00,25.1,22,0.0,5.7,33,1010.8
2022-05-07 21:00:00,23.3,26,0.0,7.7,35,1011.4
2022-05-07 22:00:00,22.9,27,0.0,6.9,47,1012.0
2022-05-07 23:00:00,22.7,31,0.0,16.3,68,1012.2
2022-05-08 00:00:00,21.4,34,0.0,14.3,57,1012.2
2022-05-08 01:00:00,20.4,41,0.0,12.3,33,1012.4
2022-05-08 02:00:00,19.4,49,0.0,12.2,100,1012.4
2022-05-08 03:00:00,18.4,57,0.0,11.3,97,1012.6
2022-05-08 04:00:00,17.9,62,0.0,10.5,78,1012.5
2022-05-08 05:00:00,17.4,64,0.0,9.8,25,1012.5
2022-05-08 06:00:00,16.8,66,0.0,8.2,78,1012.4
2022-05-08 07:00:00,17.6,60,0.0,10.0,99,1012.6
2022-05-08 08:00:00,20.3,45,0.0,8.9,67,1012.6
2022-05-08 09:00:00,23.2,34,0.0,10.3,100,1013.2
2022-05-08 10:00:00,25.1,24,0.0,8.7,93,1013.3
2022-05-08 11:00:00,28.1,16,0.0,9.2,72,1013.3
2022-05-08 12:00:00,29.4,13,0.0,10.7,91,1012.6
2022-05-08 13:00:00,30.6,11,0.0,8.7,29,1012.3
2022-05-08 14:00:00,32.3,10,0.0,12.2,9,1011.2
2022-05-08 15:00:00,32.7,9,0.0,9.7,1,1010.7
2022-05-08 16:00:00,33.1,9,0.0,10.0,0,1009.9
2022-05-08 17:00:00,33.1,9,0.0,12.3,1,1009.1
2022-05-08 18:00:00,32.5,10,0.0,11.5,0,1009.0
2022-05-08 19:00:00,30.9,11,0.0,10.4,0,1009.2
2022-05-08 20:00:00,28.7,12,0.0,12.0,0,1009.2
2022-05-08 21:00:00,27.7,14,0.0,12.5,1,1009.9
2022-05-08 22:00:00,26.3,21,0.0,18.8,0,1010.3
2022-05-08 23:00:00,23.9,35,0.0,19.2,0,1010.3
2022-05-09 00:00:00,22.8,38,0.0,18.3,0,1010.4
2022-05-09 01:00:00,21.8,40,0.0,19.8,1,1010.0
2022-05-09 02:00:00,21.2,40,0.0,19.2,0,1009.5
2022-05-09 03:00:00,22.9,31,0.0,16.4,0,1007.7
2022-05-09 04:00:00,23.0,26,0.0,9.7,0,1006.9
2022-05-09 05:00:00,24.3,20,0.0,7.1,0,1006.4
2022-05-09 06:00:00,19.5,31,0.0,4.7,0,1006.8
2022-05-09 07:00:00,20.1,41,0.0,9.4,0,1007.4
2022-05-09 08:00:00,22.7,34,0.0,7.1,0,1007.8
2022-05-09 09:00:00,27.0,20,0.0,1.1,0,1008.1
2022-05-09 10:00:00,31.0,12,0.0,11.3,0,1007.9
2022-05-09 11:00:00,32.7,13,0.0,16.8,0,1008.0
2022-05-09 12:00:00,33.7,13,0.0,18.5,0,1007.8
2022-05-09 13:00:00,34.7,10,0.0,21.4,0,1007.5
2022-05-09 14:00:00,35.0,10,0.0,22.0,0,1007.3
2022-05-09 15:00:00,33.0,14,0.0,21.9,0,1007.4
2022-05-09 16:00:00,33.2,14,0.0,23.5,0,1007.1
2022-05-09 17:00:00,32.1,16,0.0,21.5,0,1007.0
2022-05-09 18:00:00,31.2,18,0.0,20.3,0,1007.3
2022-05-09 19:00:00,29.0,22,0.0,15.3,0,1007.7
2022-05-09 20:00:00,26.9,27,0.0,6.4,0,1008.5
2022-05-09 21:00:00,25.2,30,0.0,13.2,0,1009.8
2022-05-09 22:00:00,24.0,33,0.0,14.0,0,1010.8
2022-05-09 23:00:00,22.8,36,0.0,13.4,0,1011.4
2022-05-10 00:00:00,21.5,41,0.0,12.9,0,1011.9
2022-05-10 01:00:00,20.3,46,0.0,11.9,0,1011.9
2022-05-10 02:00:00,19.4,53,0.0,11.7,0,1011.8
2022-05-10 03:00:00,19.1,60,0.0,10.3,0,1011.4
2022-05-10 04:00:00,18.6,64,0.0,9.5,0,1011.2
2022-05-10 05:00:00,17.9,69,0.0,9.4,0,1011.4
2022-05-10 06:00:00,17.4,73,0.0,9.1,0,1011.5
2022-05-10 07:00:00,18.1,71,0.0,9.1,0,1012.1
2022-05-10 08:00:00,20.1,62,0.0,9.9,0,1012.5
2022-05-10 09:00:00,22.5,48,0.0,10.8,0,1012.9
2022-05-10 10:00:00,25.1,35,0.0,11.3,0,1012.9
2022-05-10 11:00:00,27.3,28,0.0,11.5,0,1012.9
2022-05-10 12:00:00,29.2,24,0.0,10.2,14,1012.8
2022-05-10 13:00:00,30.9,20,0.0,9.2,0,1012.4
2022-05-10 14:00:00,32.0,18,0.0,8.8,0,1011.8
2022-05-10 15:00:00,31.8,17,0.0,7.2,0,1011.3
2022-05-10 16:00:00,32.4,16,0.0,5.7,6,1010.8
2022-05-10 17:00:00,32.2,15,0.0,5.8,5,1010.1
2022-05-10 18:00:00,31.6,15,0.0,7.5,0,1009.9
2022-05-10 19:00:00,30.4,16,0.0,8.1,0,1009.9
2022-05-10 20:00:00,28.1,19,0.0,9.1,0,1010.2
2022-05-10 21:00:00,25.7,26,0.0,24.3,0,1011.2
2022-05-10 22:00:00,24.4,31,0.0,16.4,18,1012.4
2022-05-10 23:00:00,23.0,36,0.0,13.8,7,1013.4
2022-05-11 00:00:00,21.8,41,0.0,12.8,34,1013.5
2022-05-11 01:00:00,20.6,46,0.0,10.1,71,1013.2
2022-05-11 02:00:00,19.8,50,0.0,10.1,20,1013.3
2022-05-11 03:00:00,19.5,55,0.0,9.1,100,1012.7
2022-05-11 04:00:00,19.0,59,0.0,8.6,100,1012.7
2022-05-11 05:00:00,18.5,63,0.0,9.0,91,1012.8
2022-05-11 06:00:00,18.1,67,0.0,9.0,87,1013.3
2022-05-11 07:00:00,18.4,67,0.0,9.0,100,1014.2
2022-05-11 08:00:00,20.1,64,0.0,8.5,100,1015.0
2022-05-11 09:00:00,21.8,57,0.0,7.8,100,1015.5
2022-05-11 10:00:00,24.5,43,0.0,8.9,97,1015.1
2022-05-11 11:00:00,27.3,33,0.0,8.6,99,1015.0
2022-05-11 12:00:00,29.5,25,0.0,6.9,60,1014.5
2022-05-11 13:00:00,31.0,20,0.0,7.7,92,1013.6
2022-05-11 14:00:00,32.1,17,0.0,9.3,71,1012.9
2022-05-11 15:00:00,31.3,18,0.0,13.8,100,1013.2
2022-05-11 16:00:00,31.4,18,0.0,14.1,99,1012.7
2022-05-11 17:00:00,30.8,18,0.0,13.3,91,1012.4
2022-05-11 18:00:00,30.2,19,0.0,12.4,94,1012.4
2022-05-11 19:00:00,29.2,22,0.0,11.5,22,1012.6
2022-05-11 20:00:00,27.5,25,0.0,10.5,100,1013.1
2022-05-11 21:00:00,25.0,34,0.0,20.2,90,1014.6
2022-05-11 22:00:00,23.8,36,0.0,15.9,72,1015.7
2022-05-11 23:00:00,22.6,40,0.0,11.3,5,1016.2
2022-05-12 00:00:00,21.5,44,0.0,9.1,17,1016.4
2022-05-12 01:00:00,20.5,49,0.0,9.0,26,1016.8
2022-05-12 02:00:00,19.6,53,0.0,9.5,16,1016.4
2022-05-12 03:00:00,18.6,58,0.0,10.5,4,1016.0
2022-05-12 04:00:00,18.0,63,0.0,6.8,43,1016.3
2022-05-12 05:00:00,17.5,69,0.0,9.9,58,1015.9
2022-05-12 06:00:00,17.0,75,0.0,9.5,49,1016.0
2022-05-12 07:00:00,17.5,74,0.0,8.5,5,1016.5
2022-05-12 08:00:00,19.2,69,0.0,11.9,5,1016.8
2022-05-12 09:00:00,21.4,57,0.0,14.1,22,1016.7
2022-05-12 10:00:00,24.0,42,0.0,15.3,1,1016.5
2022-05-12 11:00:00,26.4,32,0.0,15.3,7,1016.5
2022-05-12 12:00:00,28.6,25,0.0,17.8,2,1016.3
2022-05-12 13:00:00,30.3,21,0.0,20.4,11,1014.7
2022-05-12 14:00:00,31.4,19,0.0,13.8,2,1014.9
2022-05-12 15:00:00,31.5,18,0.0,12.7,20,1015.0
2022-05-12 16:00:00,32.1,17,0.0,13.2,0,1014.1
2022-05-12 17:00:00,31.9,18,0.0,16.8,0,1013.2
2022-05-12 18:00:00,30.9,20,0.0,18.1,0,1013.3
2022-05-12 19:00:00,28.8,25,0.0,19.0,0,1013.9
2022-05-12 20:00:00,26.7,27,0.0,19.9,0,1014.5
2022-05-12 21:00:00,24.9,29,0.0,20.2,0,1015.1
2022-05-12 22:00:00,23.6,33,0.0,18.6,3,1015.6
2022-05-12 23:00:00,22.3,38,0.0,17.4,88,1015.7
2022-05-13 00:00:00,21.3,43,0.0,16.8,9,1015.4
2022-05-13 01:00:00,20.3,50,0.0,15.5,15,1015.3
2022-05-13 02:00:00,19.4,60,0.0,15.3,0,1015.0
2022-05-13 03:00:00,18.3,77,0.0,16.2,0,1014.7
2022-05-13 04:00:00,17.9,82,0.0,17.4,28,1013.7
2022-05-13 05:00:00,17.6,85,0.0,16.9,6,1013.5
2022-05-13 06:00:00,17.3,86,0.0,14.8,11,1013.4
2022-05-13 07:00:00,17.9,81,0.0,10.2,17,1014.4
2022-05-13 08:00:00,19.7,69,0.0,15.8,54,1014.7
2022-05-13 09:00:00,22.0,55,0.0,18.6,30,1014.9
2022-05-13 10:00:00,25.1,38,0.0,21.4,31,1014.2
2022-05-13 11:00:00,28.3,26,0.0,21.7,73,1014.1
2022-05-13 12:00:00,30.9,19,0.0,22.9,99,1013.5
2022-05-13 13:00:00,32.1,16,0.0,20.9,65,1012.9
2022-05-13 14:00:00,34.3,13,0.0,20.1,9,1011.8
2022-05-13 15:00:00,33.1,16,0.0,20.7,12,1011.1
2022-05-13 16:00:00,33.4,15,0.0,21.0,99,1010.5
2022-05-13 17:00:00,33.2,17,0.0,21.9,54,1009.6
2022-05-13 18:00:00,31.4,22,0.0,25.5,42,1009.3
2022-05-13 19:00:00,28.9,24,0.0,23.2,49,1010.0
2022-05-13 20:00:00,26.4,30,0.0,22.1,21,1010.5
2022-05-13 21:00:00,24.8,34,0.0,20.5,71,1011.1
2022-05-13 22:00:00,23.8,36,0.0,19.1,68,1011.9
2022-05-13 23:00:00,22.7,41,0.0,19.5,83,1012.1
2022-05-14 00:00:00,21.7,49,0.0,18.9,48,1011.9
2022-05-14 01:00:00,20.7,57,0.0,18.2,18,1011.6
2022-05-14 02:00:00,19.9,63,0.0,19.6,40,1011.1
2022-05-14 03:00:00,20.5,59,0.0,18.3,0,1008.8
2022-05-14 04:00:00,19.8,67,0.0,17.3,60,1009.3
2022-05-14 05:00:00,19.5,71,0.0,16.7,60,1008.9
2022-05-14 06:00:00,19.4,72,0.0,14.8,31,1009.1
2022-05-14 07:00:00,19.7,72,0.0,15.5,11,1009.6
2022-05-14 08:00:00,21.4,64,0.0,18.4,35,1010.4
2022-05-14 09:00:00,23.7,53,0.0,20.2,3,1011.3
2022-05-14 10:00:00,26.3,42,0.0,21.7,65,1011.1
2022-05-14 11:00:00,29.2,32,0.0,22.2,46,1010.7
2022-05-14 12:00:00,31.6,26,0.0,23.0,87,1010.3
2022-05-14 13:00:00,33.1,22,0.0,22.5,100,1009.9
2022-05-14 14:00:00,34.1,18,0.0,22.2,75,1009.6
2022-05-14 15:00:00,31.6,25,0.0,21.1,29,1009.1
2022-05-14 16:00:00,32.3,21,0.0,22.1,82,1008.8
2022-05-14 17:00:00,31.7,18,0.0,22.7,83,1009.2
2022-05-14 18:00:00,29.4,29,0.0,23.3,77,1009.6
2022-05-14 19:00:00,27.6,31,0.0,21.6,51,1010.3
2022-05-14 20:00:00,26.2,33,0.0,17.4,44,1010.8
2022-05-14 21:00:00,24.9,38,0.0,19.1,49,1011.6
2022-05-14 22:00:00,24.0,41,0.0,17.8,29,1012.4
2022-05-14 23:00:00,21.7,53,0.0,16.6,24,1013.1
2022-05-15 00:00:00,20.6,63,0.0,13.5,99,1013.1
2022-05-15 01:00:00,20.2,64,0.0,12.8,100,1013.0
2022-05-15 02:00:00,19.7,68,0.0,12.0,68,1012.9
2022-05-15 03:00:00,19.2,67,0.0,14.7,95,1012.4
2022-05-15 04:00:00,18.8,67,0.0,14.1,39,1012.6
2022-05-15 05:00:00,18.2,71,0.0,10.5,32,1012.8
2022-05-15 06:00:00,17.5,76,0.0,9.0,0,1013.0
2022-05-15 07:00:00,18.0,75,0.0,9.2,0,1013.7
2022-05-15 08:00:00,19.7,67,0.0,10.8,0,1014.4
2022-05-15 09:00:00,22.1,54,0.0,11.1,0,1014.7
2022-05-15 10:00:00,24.8,40,0.0,12.3,0,1014.8
2022-05-15 11:00:00,27.2,31,0.0,14.5,0,1014.9
2022-05-15 12:00:00,29.1,26,0.0,13.4,0,1014.7
2022-05-15 13:00:00,30.7,23,0.0,12.3,0,1014.0
2022-05-15 14:00:00,32.0,21,0.0,12.5,0,1013.2
2022-05-15 15:00:00,30.8,23,0.0,13.6,0,1013.2
2022-05-15 16:00:00,31.6,20,0.0,14.5,0,1012.4
2022-05-15 17:00:00,31.3,20,0.0,15.9,0,1012.1
2022-05-15 18:00:00,30.1,21,0.0,18.3,0,1012.3
2022-05-15 19:00:00,28.2,26,0.0,18.8,0,1013.0
2022-05-15 20:00:00,26.4,31,0.0,16.6,0,1013.9
2022-05-15 21:00:00,25.1,35,0.0,17.4,18,1014.8
2022-05-15 22:00:00,23.4,39,0.0,16.3,62,1015.6
2022-05-15 23:00:00,21.9,45,0.0,13.7,37,1016.0
2022-05-16 00:00:00,20.7,52,0.0,10.3,95,1016.5
2022-05-16 01:00:00,19.6,59,0.0,8.6,100,1016.4
2022-05-16 02:00:00,18.8,65,0.0,7.6,99,1016.0
2022-05-16 03:00:00,18.7,64,0.0,10.2,100,1015.7
2022-05-16 04:00:00,18.2,68,0.0,9.1,100,1015.2
2022-05-16 05:00:00,17.8,72,0.0,8.8,100,1015.1
2022-05-16 06:00:00,17.5,76,0.0,9.5,94,1015.2
2022-05-16 07:00:00,18.0,77,0.0,9.4,98,1015.7
2022-05-16 08:00:00,19.6,72,0.0,9.8,100,1016.0
2022-05-16 09:00:00,21.5,63,0.0,10.5,97,1016.3
2022-05-16 10:00:00,24.5,47,0.0,11.2,90,1016.4
2022-05-16 11:00:00,27.3,35,0.0,11.5,100,1016.5
2022-05-16 12:00:00,28.7,28,0.0,13.7,100,1015.9
2022-05-16 13:00:00,29.3,25,0.0,15.5,100,1015.1
2022-05-16 14:00:00,29.5,23,0.0,13.7,100,1014.6
2022-05-16 15:00:00,29.8,25,0.0,10.5,100,1014.5
2022-05-16 16:00:00,29.5,27,0.0,12.2,100,1014.3
2022-05-16 17:00:00,28.7,29,0.0,17.0,100,1013.6
2022-05-16 18:00:00,27.4,32,0.0,16.9,100,1013.5
2022-05-16 19:00:00,26.6,33,0.0,16.6,100,1013.4
2022-05-16 20:00:00,25.3,36,0.0,12.6,100,1013.7
2022-05-16 21:00:00,24.5,38,0.0,8.3,100,1014.6
2022-05-16 22:00:00,23.5,41,0.0,10.9,100,1015.0
2022-05-16 23:00:00,22.6,43,0.0,11.9,100,1014.9
2022-05-17 00:00:00,21.5,46,0.0,10.8,100,1014.6
2022-05-17 01:00:00,20.4,51,0.0,10.0,100,1014.6
2022-05-17 02:00:00,19.3,57,0.0,9.3,98,1014.6
2022-05-17 03:00:00,18.8,60,0.0,9.0,52,1014.1
2022-05-17 04:00:00,18.1,67,0.0,9.4,0,1014.2
2022-05-17 05:00:00,17.1,76,0.0,6.8,0,1014.1
2022-05-17 06:00:00,16.6,82,0.0,7.9,0,1013.8
2022-05-17 07:00:00,17.4,80,0.0,6.5,0,1014.1
2022-05-17 08:00:00,19.4,72,0.0,8.4,0,1014.1
2022-05-17 09:00:00,22.2,58,0.0,9.9,0,1014.2
2022-05-17 10:00:00,25.4,43,0.0,10.6,0,1013.9
2022-05-17 11:00:00,28.4,32,0.0,12.1,0,1013.6
2022-05-17 12:00:00,30.8,24,0.0,12.5,0,1013.0
2022-05-17 13:00:00,32.4,20,0.0,12.3,0,1012.3
2022-05-17 14:00:00,33.6,17,0.0,12.2,0,1011.5
2022-05-17 15:00:00,32.9,18,0.0,11.3,0,1011.3
2022-05-17 16:00:00,33.6,17,0.0,12.6,0,1010.5
2022-05-17 17:00:00,33.4,16,0.0,13.3,0,1009.9
2022-05-17 18:00:00,32.6,17,0.0,14.1,0,1009.6
2022-05-17 19:00:00,31.4,19,0.0,12.6,0,1009.6
2022-05-17 20:00:00,29.0,22,0.0,9.4,0,1009.7
2022-05-17 21:00:00,27.9,25,0.0,19.5,0,1011.0
2022-05-17 22:00:00,26.0,27,0.0,15.8,0,1012.0
2022-05-17 23:00:00,24.3,32,0.0,13.4,0,1012.3
2022-05-18 00:00:00,22.8,38,0.0,11.4,0,1012.5
2022-05-18 01:00:00,21.5,45,0.0,10.5,0,1012.2
2022-05-18 02:00:00,20.3,51,0.0,9.7,0,1012.1
2022-05-18 03:00:00,19.6,56,0.0,9.0,0,1011.8
2022-05-18 04:00:00,19.1,59,0.0,7.6,0,1011.7
2022-05-18 05:00:00,18.3,63,0.0,6.8,0,1011.5
2022-05-18 06:00:00,17.6,67,0.0,6.9,0,1011.4
2022-05-18 07:00:00,18.5,65,0.0,8.0,0,1011.7
2022-05-18 08:00:00,20.8,57,0.0,8.2,0,1011.8
2022-05-18 09:00:00,23.4,50,0.0,9.4,0,1012.1
2022-05-18 10:00:00,26.3,40,0.0,9.8,0,1012.1
2022-05-18 11:00:00,29.1,31,0.0,11.1,0,1011.8
2022-05-18 12:00:00,31.3,25,0.0,12.0,0,1011.3
2022-05-18 13:00:00,33.0,21,0.0,11.2,0,1010.7
2022-05-18 14:00:00,34.4,18,0.0,11.2,0,1010.0
2022-05-18 15:00:00,34.4,17,0.0,12.1,0,1009.6
2022-05-18 16:00:00,35.1,16,0.0,11.5,0,1009.1
2022-05-18 17:00:00,34.9,15,0.0,12.0,0,1008.6
2022-05-18 18:00:00,34.1,16,0.0,13.6,0,1008.2
2022-05-18 19:00:00,33.1,18,0.0,11.3,0,1008.1
2022-05-18 20:00:00,30.5,23,0.0,17.7,0,1008.6
2022-05-18 21:00:00,28.8,25,0.0,18.6,0,1009.7
2022-05-18 22:00:00,27.0,29,0.0,17.1,0,1010.7
2022-05-18 23:00:00,25.4,35,0.0,13.8,0,1011.1
2022-05-19 00:00:00,24.0,41,0.0,11.6,0,1011.1
2022-05-19 01:00:00,22.7,47,0.0,9.7,0,1011.0
2022-05-19 02:00:00,21.6,54,0.0,9.0,0,1010.9
2022-05-19 03:00:00,20.8,60,0.0,9.0,0,1011.0
2022-05-19 04:00:00,20.2,65,0.0,8.8,0,1010.9
2022-05-19 05:00:00,19.4,70,0.0,7.8,0,1010.8
2022-05-19 06:00:00,18.6,73,0.0,6.4,0,1010.9
2022-05-19 07:00:00,20.1,64,0.0,7.5,0,1011.2
2022-05-19 08:00:00,23.5,48,0.0,4.3,0,1011.1
2022-05-19 09:00:00,27.5,31,0.0,6.5,0,1011.2
2022-05-19 10:00:00,30.6,20,0.0,9.2,0,1011.2
2022-05-19 11:00:00,32.7,16,0.0,11.2,0,1011.3
2022-05-19 12:00:00,34.2,14,0.0,12.5,0,1011.2
2022-05-19 13:00:00,35.4,13,0.0,13.3,0,1010.8
2022-05-19 14:00:00,36.1,13,0.0,13.5,0,1010.0
2022-05-19 15:00:00,36.0,13,0.0,13.3,0,1009.5
2022-05-19 16:00:00,36.5,12,0.0,13.0,0,1008.6
2022-05-19 17:00:00,36.1,13,0.0,13.4,0,1008.1
2022-05-19 18:00:00,35.3,14,0.0,14.8,0,1008.0
2022-05-19 19:00:00,32.4,19,0.0,23.7,3,1008.5
2022-05-19 20:00:00,30.1,22,0.0,20.5,0,1009.2
2022-05-19 21:00:00,28.6,26,0.0,17.3,0,1009.9
2022-05-19 22:00:00,27.3,29,0.0,17.7,0,1010.4
2022-05-19 23:00:00,26.1,30,0.0,16.5,0,1010.2
2022-05-20 00:00:00,25.3,30,0.0,13.0,0,1009.8
2022-05-20 01:00:00,25.4,28,0.0,5.0,1,1009.9
2022-05-20 02:00:00,23.2,33,0.0,0.5,0,1009.3
2022-05-20 03:00:00,22.2,36,0.0,3.8,0,1008.6
2022-05-20 04:00:00,22.0,42,0.0,5.6,4,1008.4
2022-05-20 05:00:00,20.7,48,0.0,2.8,33,1008.0
2022-05-20 06:00:00,19.9,52,0.0,2.2,16,1008.1
2022-05-20 07:00:00,22.8,41,0.0,1.8,85,1008.4
2022-05-20 08:00:00,27.1,28,0.0,4.0,0,1008.7
2022-05-20 09:00:00,30.8,18,0.0,9.4,4,1009.2
2022-05-20 10:00:00,32.2,16,0.0,9.9,0,1009.7
2022-05-20 11:00:00,33.8,14,0.0,7.2,0,1009.8
2022-05-20 12:00:00,35.6,12,0.0,5.4,0,1009.5
2022-05-20 13:00:00,37.0,11,0.0,5.0,0,1008.8
2022-05-20 14:00:00,37.8,10,0.0,7.7,0,1008.0
2022-05-20 15:00:00,37.2,10,0.0,6.7,0,1007.8
2022-05-20 16:00:00,37.3,10,0.0,9.0,0,1007.1
2022-05-20 17:00:00,36.7,10,0.0,9.2,65,1006.6
2022-05-20 18:00:00,35.9,10,0.0,8.7,60,1006.4
2022-05-20 19:00:00,34.4,11,0.0,4.0,50,1006.4
2022-05-20 20:00:00,27.6,40,0.0,28.3,0,1007.6
2022-05-20 21:00:00,25.7,46,0.0,22.0,6,1009.4
2022-05-20 22:00:00,24.0,53,0.0,22.2,0,1010.0
2022-05-20 23:00:00,22.8,61,0.0,20.4,0,1010.4
2022-05-21 00:00:00,21.6,70,0.0,17.8,0,1010.7
2022-05-21 01:00:00,20.9,78,0.0,17.1,0,1010.7
2022-05-21 02:00:00,20.3,82,0.0,15.5,33,1010.5
2022-05-21 03:00:00,20.0,85,0.0,15.5,86,1010.3
2022-05-21 04:00:00,19.6,87,0.0,14.8,100,1010.3
2022-05-21 05:00:00,19.5,86,0.0,14.5,100,1010.2
2022-05-21 06:00:00,19.4,84,0.0,14.0,100,1010.4
2022-05-21 07:00:00,19.6,82,0.0,14.3,100,1010.8
2022-05-21 08:00:00,20.5,75,0.0,13.8,100,1010.9
2022-05-21 09:00:00,22.5,63,0.0,13.3,73,1011.3
2022-05-21 10:00:00,24.7,52,0.0,12.8,59,1011.1
2022-05-21 11:00:00,26.7,44,0.0,14.2,91,1010.9
2022-05-21 12:00:00,28.5,37,0.0,15.1,28,1010.7
2022-05-21 13:00:00,30.0,32,0.0,15.5,0,1010.3
2022-05-21 14:00:00,31.1,28,0.0,16.2,0,1009.7
2022-05-21 15:00:00,29.9,32,0.0,15.8,0,1009.7
2022-05-21 16:00:00,30.4,30,0.0,17.2,0,1009.2
2022-05-21 17:00:00,29.8,29,0.0,17.6,0,1008.8
2022-05-21 18:00:00,29.0,28,0.0,16.9,6,1008.6
2022-05-21 19:00:00,27.5,31,0.0,16.4,0,1008.9
2022-05-21 20:00:00,25.5,35,0.0,16.4,0,1009.4
2022-05-21 21:00:00,24.1,36,0.0,17.3,24,1010.1
2022-05-21 22:00:00,22.6,37,0.0,16.3,0,1010.9
2022-05-21 23:00:00,21.2,40,0.0,12.0,6,1011.3
2022-05-22 00:00:00,20.0,43,0.0,8.7,1,1011.2
2022-05-22 01:00:00,18.7,49,0.0,5.5,0,1011.2
2022-05-22 02:00:00,18.0,53,0.0,6.5,0,1011.0
2022-05-22 03:00:00,17.7,56,0.0,6.3,0,1010.3
2022-05-22 04:00:00,17.0,61,0.0,6.8,0,1010.3
2022-05-22 05:00:00,16.5,65,0.0,6.2,0,1010.1
2022-05-22 06:00:00,15.1,72,0.0,8.6,0,1010.4
2022-05-22 07:00:00,17.5,63,0.0,7.0,0,1010.8
2022-05-22 08:00:00,20.0,54,0.0,8.5,0,1010.9
2022-05-22 09:00:00,22.4,42,0.0,12.6,0,1011.0
2022-05-22 10:00:00,24.4,31,0.0,17.7,0,1010.9
2022-05-22 11:00:00,25.5,30,0.0,18.8,0,1010.9
2022-05-22 12:00:00,27.0,27,0.0,21.4,0,1010.5
2022-05-22 13:00:00,27.9,25,0.0,22.7,0,1010.1
2022-05-22 14:00:00,28.7,27,0.0,21.0,0,1009.5
2022-05-22 15:00:00,29.1,26,0.0,19.4,1,1009.0
2022-05-22 16:00:00,29.2,22,0.0,21.7,0,1008.8
2022-05-22 17:00:00,28.7,22,0.0,21.6,0,1008.6
2022-05-22 18:00:00,27.8,22,0.0,20.9,0,1008.9
2022-05-22 19:00:00,26.9,23,0.0,19.4,1,1009.2
2022-05-22 20:00:00,25.4,27,0.0,16.6,0,1009.7
2022-05-22 21:00:00,24.0,33,0.0,13.2,0,1010.3
2022-05-22 22:00:00,23.0,36,0.0,9.1,0,1010.9
2022-05-22 23:00:00,22.0,41,0.0,7.9,0,1010.8
2022-05-23 00:00:00,20.1,48,0.0,6.6,0,1010.8
2022-05-23 01:00:00,18.8,56,0.0,8.9,0,1010.7
2022-05-23 02:00:00,18.6,60,0.0,7.6,0,1010.5
2022-05-23 03:00:00,17.5,72,0.0,7.9,0,1010.3
2022-05-23 04:00:00,17.1,77,0.0,6.4,0,1009.9
2022-05-23 05:00:00,16.2,84,0.0,8.3,0,1009.9
2022-05-23 06:00:00,15.8,88,0.0,8.7,0,1009.8
2022-05-23 07:00:00,18.2,76,0.0,4.7,0,1010.3
2022-05-23 08:00:00,20.8,62,0.0,3.7,0,1010.8
2022-05-23 09:00:00,23.7,49,0.0,5.9,0,1011.0
2022-05-23 10:00:00,26.4,36,0.0,8.4,0,1011.0
2022-05-23 11:00:00,28.9,26,0.0,11.2,0,1010.8
2022-05-23 12:00:00,30.6,21,0.0,14.6,0,1010.5
2022-05-23 13:00:00,31.8,18,0.0,15.8,0,1009.9
2022-05-23 14:00:00,32.7,16,0.0,16.7,0,1009.1
2022-05-23 15:00:00,32.4,16,0.0,16.2,0,1008.3
2022-05-23 16:00:00,32.8,15,0.0,16.9,0,1007.8
2022-05-23 17:00:00,32.3,15,0.0,17.9,0,1007.5
2022-05-23 18:00:00,31.5,16,0.0,18.2,0,1007.6
2022-05-23 19:00:00,29.8,18,0.0,18.0,0,1008.0
2022-05-23 20:00:00,27.6,24,0.0,15.0,0,1008.5
2022-05-23 21:00:00,26.2,28,0.0,13.2,0,1009.2
2022-05-23 22:00:00,24.8,33,0.0,12.5,0,1009.7
2022-05-23 23:00:00,23.3,41,0.0,10.4,0,1010.0
2022-05-24 00:00:00,21.8,49,0.0,8.2,0,1010.2
2022-05-24 01:00:00,20.3,58,0.0,6.2,0,1010.2
2022-05-24 02:00:00,18.7,69,0.0,6.0,0,1010.1
2022-05-24 03:00:00,18.7,74,0.0,5.7,0,1009.6
2022-05-24 04:00:00,18.0,81,0.0,5.4,0,1009.8
2022-05-24 05:00:00,16.8,91,0.0,7.2,0,1009.7
2022-05-24 06:00:00,17.9,87,0.0,3.9,0,1009.9
2022-05-24 07:00:00,18.2,86,0.0,1.8,0,1010.5
2022-05-24 08:00:00,20.6,74,0.0,1.9,0,1010.9
2022-05-24 09:00:00,23.4,59,0.0,2.5,0,1011.0
2022-05-24 10:00:00,26.6,43,0.0,3.6,0,1010.8
2022-05-24 11:00:00,29.6,31,0.0,5.0,0,1010.8
2022-05-24 12:00:00,32.2,22,0.0,6.2,0,1010.3
2022-05-24 13:00:00,34.1,18,0.0,8.7,0,1009.6
2022-05-24 14:00:00,35.1,15,0.0,10.7,0,1009.0
2022-05-24 15:00:00,34.2,16,0.0,13.0,0,1009.0
2022-05-24 16:00:00,34.9,16,0.0,13.0,0,1008.3
2022-05-24 17:00:00,34.8,16,0.0,12.3,0,1007.9
2022-05-24 18:00:00,34.5,16,0.0,11.5,0,1007.7
2022-05-24 19:00:00,32.9,17,0.0,17.8,0,1008.0
2022-05-24 20:00:00,30.0,20,0.0,18.8,0,1008.8
2022-05-24 21:00:00,28.2,22,0.0,17.3,0,1009.9
2022-05-24 22:00:00,26.4,27,0.0,14.2,0,1011.0
2022-05-24 23:00:00,24.9,34,0.0,8.4,0,1011.7
2022-05-25 00:00:00,23.8,41,0.0,8.8,0,1011.8
2022-05-25 01:00:00,22.7,49,0.0,9.0,0,1011.5
2022-05-25 02:00:00,21.6,56,0.0,7.6,0,1011.4
2022-05-25 03:00:00,21.0,59,0.0,8.6,0,1011.2
2022-05-25 04:00:00,20.3,65,0.0,8.7,0,1011.2
2022-05-25 05:00:00,19.4,71,0.0,6.8,0,1011.4
2022-05-25 06:00:00,18.6,78,0.0,6.1,0,1011.7
2022-05-25 07:00:00,19.7,74,0.0,8.0,0,1012.2
2022-05-25 08:00:00,22.1,63,0.0,7.7,0,1012.3
2022-05-25 09:00:00,24.9,51,0.0,8.7,0,1012.6
2022-05-25 10:00:00,27.8,38,0.0,8.9,0,1012.6
2022-05-25 11:00:00,30.5,29,0.0,9.2,0,1012.2
2022-05-25 12:00:00,32.7,22,0.0,9.2,0,1011.9
2022-05-25 13:00:00,34.4,18,0.0,8.4,0,1011.3
2022-05-25 14:00:00,35.5,15,0.0,8.9,0,1010.5
2022-05-25 15:00:00,34.8,17,0.0,13.3,0,1010.3
2022-05-25 16:00:00,35.0,18,0.0,15.9,0,1009.8
2022-05-25 17:00:00,34.7,19,0.0,15.9,0,1009.4
2022-05-25 18:00:00,34.1,21,0.0,16.5,0,1009.5
2022-05-25 19:00:00,32.0,22,0.0,22.9,0,1010.1
2022-05-25 20:00:00,29.9,23,0.0,22.1,0,1011.3
2022-05-25 21:00:00,28.5,25,0.0,21.4,0,1012.4
2022-05-25 22:00:00,27.0,30,0.0,18.2,0,1013.5
2022-05-25 23:00:00,25.6,34,0.0,15.9,0,1013.9
2022-05-26 00:00:00,24.3,39,0.0,13.6,0,1014.1
2022-05-26 01:00:00,23.1,46,0.0,12.1,0,1013.7
2022-05-26 02:00:00,22.0,52,0.0,10.2,0,1013.4
2022-05-26 03:00:00,21.4,58,0.0,10.5,0,1012.9
2022-05-26 04:00:00,20.8,63,0.0,9.1,0,1012.7
2022-05-26 05:00:00,20.0,70,0.0,7.6,0,1012.6
2022-05-26 06:00:00,19.4,76,0.0,9.0,0,1012.9
2022-05-26 07:00:00,20.2,75,0.0,8.6,0,1013.5
2022-05-26 08:00:00,22.1,68,0.0,9.0,0,1013.6
2022-05-26 09:00:00,24.6,56,0.0,9.7,0,1013.7
2022-05-26 10:00:00,27.6,41,0.0,11.0,0,1013.6
2022-05-26 11:00:00,30.4,30,0.0,13.4,0,1013.1
2022-05-26 12:00:00,32.8,23,0.0,15.2,0,1012.6
2022-05-26 13:00:00,34.6,18,0.0,16.5,0,1011.8
2022-05-26 14:00:00,35.8,16,0.0,17.6,0,1010.7
2022-05-26 15:00:00,35.3,17,0.0,19.0,0,1010.3
2022-05-26 16:00:00,35.8,16,0.0,19.9,0,1009.8
2022-05-26 17:00:00,35.4,16,0.0,21.3,0,1009.3
2022-05-26 18:00:00,34.1,18,0.0,22.7,0,1009.2
2022-05-26 19:00:00,32.3,21,0.0,21.3,0,1009.6
2022-05-26 20:00:00,30.3,25,0.0,18.9,0,1010.1
2022-05-26 21:00:00,28.9,28,0.0,17.9,0,1010.9
2022-05-26 22:00:00,27.7,30,0.0,15.7,0,1011.5
2022-05-26 23:00:00,26.4,33,0.0,14.4,0,1011.6
2022-05-27 00:00:00,25.2,37,0.0,13.0,0,1011.7
2022-05-27 01:00:00,24.0,43,0.0,11.6,0,1011.5
2022-05-27 02:00:00,22.7,52,0.0,10.4,0,1011.2
2022-05-27 03:00:00,22.2,57,0.0,9.7,0,1011.3
2022-05-27 04:00:00,21.5,64,0.0,9.4,0,1011.1
2022-05-27 05:00:00,20.7,71,0.0,7.2,0,1011.0
2022-05-27 06:00:00,19.8,77,0.0,5.4,0,1010.9
2022-05-27 07:00:00,21.1,73,0.0,8.9,0,1010.9
2022-05-27 08:00:00,23.3,65,0.0,11.4,0,1010.7
2022-05-27 09:00:00,26.3,50,0.0,11.6,0,1010.7
2022-05-27 10:00:00,29.3,39,0.0,10.5,0,1010.4
2022-05-27 11:00:00,31.9,30,0.0,11.9,0,1009.9
2022-05-27 12:00:00,34.2,23,0.0,14.4,0,1009.2
2022-05-27 13:00:00,35.9,18,0.0,16.1,0,1008.5
2022-05-27 14:00:00,37.1,16,0.0,17.4,0,1007.7
2022-05-27 15:00:00,36.7,15,0.0,19.3,0,1007.4
2022-05-27 16:00:00,37.3,14,0.0,20.4,0,1006.7
2022-05-27 17:00:00,36.4,15,0.0,23.1,0,1006.5
2022-05-27 18:00:00,35.1,16,0.0,22.7,0,1006.5
2022-05-27 19:00:00,33.7,18,0.0,20.0,0,1006.8
2022-05-27 20:00:00,31.8,21,0.0,16.6,0,1007.4
2022-05-27 21:00:00,30.4,23,0.0,14.7,0,1008.0
2022-05-27 22:00:00,29.1,26,0.0,12.7,0,1008.4
2022-05-27 23:00:00,27.4,30,0.0,9.8,0,1008.6
2022-05-28 00:00:00,26.0,34,0.0,9.9,0,1008.8
2022-05-28 01:00:00,24.8,37,0.0,9.3,0,1008.6
2022-05-28 02:00:00,23.6,44,0.0,8.1,0,1008.4
2022-05-28 03:00:00,22.9,49,0.0,7.2,0,1008.2
2022-05-28 04:00:00,22.1,55,0.0,5.5,0,1008.0
2022-05-28 05:00:00,21.3,64,0.0,6.4,0,1007.8
2022-05-28 06:00:00,20.4,76,0.0,6.0,0,1007.8
2022-05-28 07:00:00,21.6,76,0.0,6.3,0,1008.2
2022-05-28 08:00:00,23.7,68,0.0,6.6,0,1008.4
2022-05-28 09:00:00,26.3,56,0.0,7.6,0,1008.4
2022-05-28 10:00:00,29.5,42,0.0,8.8,0,1008.0
2022-05-28 11:00:00,32.8,31,0.0,10.4,0,1007.6
2022-05-28 12:00:00,35.6,21,0.0,12.3,0,1007.1
2022-05-28 13:00:00,37.3,16,0.0,13.8,0,1006.5
2022-05-28 14:00:00,38.4,14,0.0,13.1,0,1005.8
2022-05-28 15:00:00,37.4,15,0.0,14.8,0,1005.9
2022-05-28 16:00:00,38.0,13,0.0,14.5,0,1005.5
2022-05-28 17:00:00,37.8,13,0.0,14.8,0,1005.1
2022-05-28 18:00:00,37.1,13,0.0,15.5,0,1004.8
2022-05-28 19:00:00,36.0,13,0.0,14.8,0,1005.0
2022-05-28 20:00:00,33.6,15,0.0,16.9,0,1005.9
2022-05-28 21:00:00,31.9,17,0.0,17.4,0,1006.8
2022-05-28 22:00:00,30.1,22,0.0,13.4,0,1007.8
2022-05-28 23:00:00,28.4,26,0.0,10.5,0,1008.3
2022-05-29 00:00:00,26.7,30,0.0,8.1,0,1008.4
2022-05-29 01:00:00,25.1,35,0.0,6.1,0,1008.4
2022-05-29 02:00:00,23.8,40,0.0,6.2,0,1008.1
2022-05-29 03:00:00,23.3,46,0.0,7.7,0,1008.1
2022-05-29 04:00:00,22.4,53,0.0,7.8,0,1008.0
2022-05-29 05:00:00,21.5,61,0.0,6.6,0,1008.0
2022-05-29 06:00:00,20.2,70,0.0,5.4,0,1008.2
2022-05-29 07:00:00,21.8,65,0.0,6.1,0,1008.5
2022-05-29 08:00:00,24.7,49,0.0,5.1,0,1008.9
2022-05-29 09:00:00,28.0,37,0.0,5.9,0,1008.9
2022-05-29 10:00:00,31.4,27,0.0,7.4,0,1008.8
2022-05-29 11:00:00,34.3,20,0.0,8.7,0,1008.7
2022-05-29 12:00:00,36.5,15,0.0,10.7,0,1008.4
2022-05-29 13:00:00,38.0,12,0.0,11.8,0,1008.0
2022-05-29 14:00:00,38.8,11,0.0,11.0,0,1007.3
2022-05-29 15:00:00,38.6,11,0.0,9.7,0,1007.1
2022-05-29 16:00:00,39.3,11,0.0,9.0,0,1006.8
2022-05-29 17:00:00,39.2,11,0.0,9.7,0,1006.0
2022-05-29 18:00:00,38.4,11,0.0,14.3,0,1005.9
2022-05-29 19:00:00,37.1,12,0.0,15.5,0,1006.0
2022-05-29 20:00:00,34.9,14,0.0,12.4,0,1006.2
2022-05-29 21:00:00,32.8,20,0.0,22.0,0,1007.0
2022-05-29 22:00:00,31.2,24,0.0,18.6,0,1008.1
2022-05-29 23:00:00,29.6,28,0.0,15.1,0,1008.7
2022-05-30 00:00:00,28.0,33,0.0,11.4,0,1008.9
2022-05-30 01:00:00,26.4,38,0.0,8.9,0,1009.0
2022-05-30 02:00:00,25.1,42,0.0,8.2,0,1008.7
2022-05-30 03:00:00,24.6,46,0.0,8.9,0,1008.5
2022-05-30 04:00:00,23.7,49,0.0,8.7,0,1008.2
2022-05-30 05:00:00,22.9,53,0.0,7.7,0,1008.2
2022-05-30 06:00:00,22.3,55,0.0,7.4,0,1008.4
2022-05-30 07:00:00,23.6,51,0.0,9.4,0,1008.7
2022-05-30 08:00:00,26.8,40,0.0,8.1,0,1009.3
2022-05-30 09:00:00,30.6,28,0.0,10.8,0,1009.3
2022-05-30 10:00:00,34.0,18,0.0,12.1,0,1008.9
2022-05-30 11:00:00,36.3,13,0.0,10.7,0,1008.7
2022-05-30 12:00:00,38.0,11,0.0,9.9,0,1008.6
2022-05-30 13:00:00,39.3,10,0.0,9.5,0,1008.2
2022-05-30 14:00:00,40.3,9,0.0,10.3,0,1007.5
2022-05-30 15:00:00,40.8,9,0.0,10.5,0,1007.0
2022-05-30 16:00:00,41.4,9,0.0,14.8,0,1006.5
2022-05-30 17:00:00,40.9,9,0.0,16.6,0,1006.0
2022-05-30 18:00:00,40.1,9,0.0,15.2,0,1005.9
2022-05-30 19:00:00,38.9,10,0.0,10.6,0,1006.1
2022-05-30 20:00:00,36.3,12,0.0,15.2,0,1006.7
2022-05-30 21:00:00,34.0,16,0.0,16.9,0,1007.9
2022-05-30 22:00:00,32.3,17,0.0,16.0,0,1008.7
2022-05-30 23:00:00,30.4,23,0.0,13.7,0,1009.2
2022-05-31 00:00:00,28.6,29,0.0,12.8,0,1009.5
2022-05-31 01:00:00,27.0,35,0.0,12.6,0,1009.4
2022-05-31 02:00:00,25.6,41,0.0,11.2,0,1009.3
2022-05-31 03:00:00,24.9,44,0.0,10.1,0,1008.9
2022-05-31 04:00:00,24.2,47,0.0,9.4,0,1009.0
2022-05-31 05:00:00,23.4,49,0.0,8.7,0,1009.1
2022-05-31 06:00:00,22.6,54,0.0,7.6,0,1009.3
2022-05-31 07:00:00,23.4,58,0.0,9.3,0,1009.6
2022-05-31 08:00:00,25.0,63,0.0,10.5,0,1010.0
2022-05-31 09:00:00,27.6,54,0.0,10.1,0,1010.1
2022-05-31 10:00:00,30.3,42,0.0,9.4,0,1009.7
2022-05-31 11:00:00,33.0,32,0.0,8.7,0,1009.4
2022-05-31 12:00:00,35.2,26,0.0,8.4,0,1009.0
2022-05-31 13:00:00,37.0,22,0.0,8.7,0,1008.2
2022-05-31 14:00:00,38.4,18,0.0,9.5,0,1007.4
2022-05-31 15:00:00,37.2,18,0.0,13.5,0,1007.5
2022-05-31 16:00:00,37.7,15,0.0,14.2,0,1006.9
2022-05-31 17:00:00,37.1,15,0.0,16.4,0,1006.5
2022-05-31 18:00:00,35.5,17,0.0,18.7,0,1006.4
2022-05-31 19:00:00,33.0,21,0.0,21.3,0,1006.8
2022-05-31 20:00:00,30.3,27,0.0,20.4,0,1007.5
2022-05-31 21:00:00,28.6,32,0.0,19.2,0,1008.4
2022-05-31 22:00:00,27.1,38,0.0,16.3,0,1009.3
2022-05-31 23:00:00,25.8,43,0.0,14.1,0,1009.7
2022-06-01 00:00:00,24.4,49,0.0,13.3,0,1009.6
2022-06-01 01:00:00,23.2,55,0.0,12.3,0,1009.6
2022-06-01 02:00:00,22.2,62,0.0,11.6,0,1009.5
2022-06-01 03:00:00,21.7,69,0.0,10.0,0,1008.8
2022-06-01 04:00:00,21.0,76,0.0,7.7,0,1008.7
2022-06-01 05:00:00,20.4,83,0.0,6.2,0,1008.6
2022-06-01 06:00:00,19.7,89,0.0,5.4,7,1008.4
2022-06-01 07:00:00,21.0,82,0.0,7.6,5,1008.4
2022-06-01 08:00:00,22.6,73,0.0,7.0,0,1008.3
2022-06-01 09:00:00,24.8,59,0.0,7.0,0,1008.2
2022-06-01 10:00:00,27.3,46,0.0,7.3,0,1008.0
2022-06-01 11:00:00,29.5,37,0.0,7.9,0,1007.8
2022-06-01 12:00:00,31.6,31,0.0,8.2,0,1007.4
2022-06-01 13:00:00,33.2,26,0.0,9.5,0,1006.7
2022-06-01 14:00:00,34.2,25,0.0,11.2,0,1006.0
2022-06-01 15:00:00,32.7,29,0.0,10.9,0,1006.1
2022-06-01 16:00:00,33.7,27,0.0,11.5,0,1005.5
2022-06-01 17:00:00,33.8,26,0.0,12.3,0,1004.9
2022-06-01 18:00:00,33.7,25,0.0,13.8,0,1004.6
2022-06-01 19:00:00,32.5,25,0.0,16.9,0,1004.8
2022-06-01 20:00:00,30.6,29,0.0,17.3,0,1005.4
2022-06-01 21:00:00,28.7,34,0.0,17.2,0,1006.2
2022-06-01 22:00:00,27.3,41,0.0,16.3,0,1006.9
2022-06-01 23:00:00,25.8,50,0.0,15.8,0,1007.2
2022-06-02 00:00:00,24.1,59,0.0,14.0,0,1007.1
2022-06-02 01:00:00,22.7,67,0.0,10.5,0,1007.0
2022-06-02 02:00:00,21.8,73,0.0,6.6,0,1007.0
2022-06-02 03:00:00,21.4,77,0.0,5.7,0,1006.4
2022-06-02 04:00:00,20.7,81,0.0,4.9,0,1006.1
2022-06-02 05:00:00,19.7,86,0.0,5.7,0,1005.7
2022-06-02 06:00:00,18.9,91,0.0,7.4,0,1006.0
2022-06-02 07:00:00,21.0,80,0.0,4.3,0,1006.3
2022-06-02 08:00:00,23.0,70,0.0,6.1,0,1006.7
2022-06-02 09:00:00,25.2,60,0.0,7.2,0,1006.8
2022-06-02 10:00:00,27.4,50,0.0,8.0,0,1006.7
2022-06-02 11:00:00,29.8,40,0.0,10.1,0,1006.4
2022-06-02 12:00:00,31.6,33,0.0,11.9,0,1006.0
2022-06-02 13:00:00,33.0,28,0.0,13.4,0,1005.4
2022-06-02 14:00:00,34.4,24,0.0,14.6,0,1004.8
2022-06-02 15:00:00,33.1,29,0.0,12.4,0,1005.0
2022-06-02 16:00:00,34.0,24,0.0,12.6,0,1004.4
2022-06-02 17:00:00,34.2,23,0.0,12.4,0,1003.8
2022-06-02 18:00:00,33.8,23,0.0,13.5,0,1003.5
2022-06-02 19:00:00,32.6,24,0.0,15.1,0,1003.8
2022-06-02 20:00:00,30.9,26,0.0,13.5,0,1004.3
2022-06-02 21:00:00,29.7,27,0.0,14.1,0,1005.2
2022-06-02 22:00:00,28.2,31,0.0,12.7,0,1006.1
2022-06-02 23:00:00,26.7,37,0.0,11.8,0,1006.7
2022-06-03 00:00:00,25.3,46,0.0,12.2,0,1006.8
2022-06-03 01:00:00,23.9,58,0.0,9.4,0,1006.9
2022-06-03 02:00:00,22.6,67,0.0,5.5,0,1006.8
2022-06-03 03:00:00,21.5,71,0.0,5.8,0,1006.7
2022-06-03 04:00:00,21.2,78,0.0,5.6,0,1006.6
2022-06-03 05:00:00,20.3,87,0.0,5.4,0,1006.5
2022-06-03 06:00:00,18.9,95,0.0,6.1,0,1006.6
2022-06-03 07:00:00,20.8,88,0.0,2.6,0,1007.0
2022-06-03 08:00:00,22.9,76,0.0,2.1,0,1007.6
2022-06-03 09:00:00,25.3,63,0.0,1.8,0,1008.0
2022-06-03 10:00:00,28.3,48,0.0,3.6,0,1008.2
2022-06-03 11:00:00,31.0,36,0.0,6.9,0,1008.1
2022-06-03 12:00:00,33.1,27,0.0,8.5,0,1008.0
2022-06-03 13:00:00,34.7,21,0.0,9.0,0,1007.7
2022-06-03 14:00:00,35.7,17,0.0,10.0,0,1007.2
2022-06-03 15:00:00,35.0,17,0.0,9.4,0,1006.7
2022-06-03 16:00:00,35.7,16,0.0,11.0,0,1006.4
2022-06-03 17:00:00,35.4,16,0.0,8.7,0,1005.8
2022-06-03 18:00:00,35.1,16,0.0,9.3,0,1005.6
2022-06-03 19:00:00,33.6,18,0.0,8.3,0,1005.7
2022-06-03 20:00:00,31.7,20,0.0,7.4,0,1005.9
2022-06-03 21:00:00,30.4,22,0.0,14.8,0,1006.7
2022-06-03 22:00:00,28.0,45,0.0,14.2,0,1007.8
2022-06-03 23:00:00,27.3,47,0.0,11.2,0,1008.3
2022-06-04 00:00:00,26.1,54,0.0,10.8,0,1008.5
2022-06-04 01:00:00,25.1,60,0.0,8.5,0,1008.4
2022-06-04 02:00:00,24.2,64,0.0,8.0,0,1008.1
2022-06-04 03:00:00,23.8,67,0.0,11.4,0,1007.7
2022-06-04 04:00:00,23.3,71,0.0,11.4,0,1007.5
2022-06-04 05:00:00,22.6,76,0.0,10.6,0,1007.5
2022-06-04 06:00:00,21.9,82,0.0,9.8,0,1007.5
2022-06-04 07:00:00,22.7,78,0.0,9.4,0,1007.7
2022-06-04 08:00:00,24.9,67,0.0,8.1,0,1008.0
2022-06-04 09:00:00,28.0,52,0.0,7.1,0,1007.9
2022-06-04 10:00:00,31.5,37,0.0,5.2,0,1007.7
2022-06-04 11:00:00,34.3,23,0.0,4.0,0,1007.5
2022-06-04 12:00:00,36.0,19,0.0,6.2,0,1007.3
2022-06-04 13:00:00,37.2,15,0.0,10.0,0,1007.1
2022-06-04 14:00:00,37.7,14,0.0,12.8,0,1006.7
2022-06-04 15:00:00,37.4,15,0.0,13.0,0,1006.6
2022-06-04 16:00:00,37.4,15,0.0,12.6,0,1006.3
2022-06-04 17:00:00,37.5,14,0.0,11.1,0,1005.7
2022-06-04 18:00:00,36.0,15,0.0,13.0,0,1005.8
2022-06-04 19:00:00,35.4,15,0.0,11.8,0,1005.9
2022-06-04 20:00:00,33.2,17,0.0,13.0,0,1006.4
2022-06-04 21:00:00,29.7,41,0.0,18.5,0,1007.6
2022-06-04 22:00:00,28.9,44,0.0,16.3,0,1008.2
2022-06-04 23:00:00,27.6,49,0.0,14.6,0,1008.4
2022-06-05 00:00:00,26.4,54,0.0,13.4,0,1008.3
2022-06-05 01:00:00,25.2,62,0.0,10.8,0,1008.2
2022-06-05 02:00:00,24.2,68,0.0,9.6,0,1007.8
2022-06-05 03:00:00,23.7,72,0.0,10.0,0,1007.6
2022-06-05 04:00:00,23.1,77,0.0,9.5,0,1007.7
2022-06-05 05:00:00,22.5,82,0.0,9.1,0,1007.5
2022-06-05 06:00:00,21.8,87,0.0,9.0,0,1007.7
2022-06-05 07:00:00,22.6,84,0.0,8.3,0,1008.1
2022-06-05 08:00:00,24.6,73,0.0,9.5,0,1008.3
2022-06-05 09:00:00,27.3,58,0.0,9.1,0,1008.2
2022-06-05 10:00:00,30.2,44,0.0,8.4,0,1008.0
2022-06-05 11:00:00,33.0,33,0.0,6.8,0,1007.7
2022-06-05 12:00:00,35.4,26,0.0,6.1,0,1007.4
2022-06-05 13:00:00,36.8,22,0.0,8.4,0,1007.0
2022-06-05 14:00:00,37.4,19,0.0,11.6,0,1006.4
2022-06-05 15:00:00,37.0,15,0.0,14.6,0,1006.3
2022-06-05 16:00:00,37.2,14,0.0,12.9,0,1005.8
2022-06-05 17:00:00,36.9,13,0.0,13.0,0,1005.3
2022-06-05 18:00:00,36.0,12,0.0,11.9,0,1005.3
2022-06-05 19:00:00,34.7,13,0.0,10.7,0,1005.5
2022-06-05 20:00:00,32.1,17,0.0,8.9,0,1005.9
2022-06-05 21:00:00,30.0,36,0.0,15.0,0,1007.2
2022-06-05 22:00:00,29.1,40,0.0,14.7,0,1007.9
2022-06-05 23:00:00,27.8,45,0.0,10.4,0,1008.0
2022-06-06 00:00:00,26.6,50,0.0,9.9,0,1008.0
2022-06-06 01:00:00,25.3,57,0.0,9.4,0,1007.8
2022-06-06 02:00:00,24.2,62,0.0,8.6,0,1007.6
2022-06-06 03:00:00,23.7,67,0.0,11.1,0,1007.5
2022-06-06 04:00:00,23.1,70,0.0,7.6,0,1007.6
2022-06-06 05:00:00,22.4,74,0.0,6.7,0,1007.6
2022-06-06 06:00:00,21.7,78,0.0,7.8,0,1007.4
2022-06-06 07:00:00,22.4,76,0.0,9.4,0,1007.9
2022-06-06 08:00:00,23.9,69,0.0,8.2,0,1008.3
2022-06-06 09:00:00,26.3,57,0.0,6.3,0,1008.3
2022-06-06 10:00:00,29.0,44,0.0,4.7,0,1008.0
2022-06-06 11:00:00,31.7,35,0.0,5.0,0,1007.6
2022-06-06 12:00:00,33.9,28,0.0,7.2,0,1007.5
2022-06-06 13:00:00,35.4,25,0.0,11.2,0,1007.0
2022-06-06 14:00:00,36.0,23,0.0,15.3,0,1006.6
2022-06-06 15:00:00,34.7,25,0.0,12.4,0,1006.5
2022-06-06 16:00:00,35.6,22,0.0,10.6,36,1005.9
2022-06-06 17:00:00,35.9,20,0.0,10.8,100,1005.3
2022-06-06 18:00:00,35.1,22,0.0,13.3,100,1004.8
2022-06-06 19:00:00,34.1,23,0.0,13.6,26,1004.9
2022-06-06 20:00:00,32.4,27,0.0,16.5,0,1005.3
2022-06-06 21:00:00,30.8,31,0.0,15.0,0,1006.1
2022-06-06 22:00:00,29.4,36,0.0,16.4,0,1006.8
2022-06-06 23:00:00,27.7,43,0.0,14.1,0,1007.4
2022-06-07 00:00:00,26.5,49,0.0,10.5,0,1007.7
2022-06-07 01:00:00,25.4,54,0.0,7.8,0,1007.5
2022-06-07 02:00:00,24.3,59,0.0,5.6,0,1007.3
2022-06-07 03:00:00,23.8,61,0.0,7.9,0,1006.7
2022-06-07 04:00:00,23.2,64,0.0,7.6,0,1006.6
2022-06-07 05:00:00,22.3,69,0.0,5.5,0,1006.3
2022-06-07 06:00:00,21.5,74,0.0,5.2,0,1006.2
2022-06-07 07:00:00,23.1,67,0.0,5.8,0,1006.7
2022-06-07 08:00:00,25.3,56,0.0,4.0,0,1006.8
2022-06-07 09:00:00,27.7,46,0.0,6.3,0,1006.8
2022-06-07 10:00:00,30.0,38,0.0,7.4,0,1006.4
2022-06-07 11:00:00,32.2,32,0.0,9.2,0,1006.2
2022-06-07 12:00:00,34.2,26,0.0,10.5,0,1005.8
2022-06-07 13:00:00,35.6,22,0.0,13.4,0,1005.3
2022-06-07 14:00:00,36.5,20,0.0,13.7,0,1004.6
2022-06-07 15:00:00,35.6,22,0.0,12.4,0,1004.5
2022-06-07 16:00:00,36.0,22,0.0,13.9,0,1004.2
2022-06-07 17:00:00,35.9,24,0.0,13.9,0,1003.8
2022-06-07 18:00:00,35.8,23,0.0,11.6,0,1003.3
2022-06-07 19:00:00,34.6,24,0.0,17.9,0,1003.2
2022-06-07 20:00:00,32.5,28,0.0,17.9,0,1003.9
2022-06-07 21:00:00,30.8,33,0.0,19.0,0,1004.7
2022-06-07 22:00:00,29.3,37,0.0,16.4,0,1005.6
2022-06-07 23:00:00,27.8,44,0.0,13.8,0,1006.4
2022-06-08 00:00:00,26.3,53,0.0,12.5,0,1006.6
2022-06-08 01:00:00,25.0,61,0.0,10.4,0,1006.6
2022-06-08 02:00:00,24.0,67,0.0,6.5,0,1006.5
2022-06-08 03:00:00,23.0,73,0.0,5.0,0,1006.2
2022-06-08 04:00:00,22.3,78,0.0,5.3,0,1006.2
2022-06-08 05:00:00,21.7,83,0.0,5.9,0,1006.3
2022-06-08 06:00:00,21.0,88,0.0,5.9,0,1006.4
2022-06-08 07:00:00,23.0,79,0.0,4.7,0,1006.8
2022-06-08 08:00:00,25.2,67,0.0,3.0,0,1007.3
2022-06-08 09:00:00,27.9,53,0.0,2.8,0,1007.3
2022-06-08 10:00:00,31.1,38,0.0,2.5,0,1007.2
2022-06-08 11:00:00,34.0,27,0.0,2.4,0,1007.2
2022-06-08 12:00:00,36.1,22,0.0,4.6,0,1007.0
2022-06-08 13:00:00,37.6,18,0.0,8.2,0,1006.7
2022-06-08 14:00:00,38.5,17,0.0,12.5,0,1006.3
2022-06-08 15:00:00,38.2,17,0.0,11.8,0,1006.2
2022-06-08 16:00:00,38.7,16,0.0,12.5,1,1005.8
2022-06-08 17:00:00,38.4,16,0.0,12.5,0,1005.6
2022-06-08 18:00:00,37.9,16,0.0,10.5,0,1005.5
2022-06-08 19:00:00,37.2,17,0.0,9.5,0,1005.4
2022-06-08 20:00:00,34.0,20,0.0,5.8,0,1005.6
2022-06-08 21:00:00,32.5,25,0.0,14.0,10,1006.6
2022-06-08 22:00:00,31.1,30,0.0,15.9,0,1007.4
2022-06-08 23:00:00,29.9,32,0.0,16.4,0,1007.6
2022-06-09 00:00:00,28.8,33,0.0,12.8,0,1007.5
2022-06-09 01:00:00,27.7,34,0.0,7.5,0,1007.3
2022-06-09 02:00:00,26.4,36,0.0,5.6,0,1006.9
2022-06-09 03:00:00,26.0,38,0.0,6.4,0,1005.5
2022-06-09 04:00:00,25.8,38,0.0,6.2,0,1005.2
2022-06-09 05:00:00,25.8,37,0.0,7.2,0,1005.3
2022-06-09 06:00:00,24.7,41,0.0,6.3,0,1005.6
2022-06-09 07:00:00,26.9,37,0.0,2.1,0,1006.3
2022-06-09 08:00:00,29.0,32,0.0,7.6,0,1007.1
2022-06-09 09:00:00,31.8,27,0.0,2.1,0,1007.2
2022-06-09 10:00:00,34.6,23,0.0,1.1,0,1007.0
2022-06-09 11:00:00,37.2,20,0.0,6.3,0,1006.9
2022-06-09 12:00:00,39.4,16,0.0,11.2,0,1006.5
2022-06-09 13:00:00,40.7,13,0.0,13.8,0,1005.7
2022-06-09 14:00:00,41.3,12,0.0,15.2,0,1005.1
2022-06-09 15:00:00,41.1,12,0.0,10.9,0,1004.9
2022-06-09 16:00:00,42.0,11,0.0,9.9,0,1004.3
2022-06-09 17:00:00,41.9,11,0.0,4.3,0,1003.5
2022-06-09 18:00:00,41.4,11,0.0,12.1,2,1003.2
2022-06-09 19:00:00,40.1,11,0.0,15.8,0,1003.4
2022-06-09 20:00:00,37.3,14,0.0,17.2,0,1004.0
2022-06-09 21:00:00,31.5,32,0.0,17.6,0,1006.0
2022-06-09 22:00:00,30.2,34,0.0,15.8,0,1007.2
2022-06-09 23:00:00,29.2,35,0.0,15.8,0,1007.6
2022-06-10 00:00:00,27.8,41,0.0,12.6,0,1007.4
2022-06-10 01:00:00,27.1,45,0.0,11.8,0,1007.3
2022-06-10 02:00:00,26.4,49,0.0,10.9,0,1007.3
2022-06-10 03:00:00,26.0,53,0.0,10.4,0,1007.2
2022-06-10 04:00:00,25.2,59,0.0,9.5,0,1007.3
2022-06-10 05:00:00,24.4,65,0.0,8.9,0,1007.5
2022-06-10 06:00:00,23.9,68,0.0,8.9,0,1007.6
2022-06-10 07:00:00,25.1,64,0.0,7.7,0,1008.1
2022-06-10 08:00:00,28.3,48,0.0,6.9,0,1008.2
2022-06-10 09:00:00,32.3,32,0.0,8.9,0,1008.3
2022-06-10 10:00:00,35.3,22,0.0,10.5,0,1008.1
2022-06-10 11:00:00,37.4,18,0.0,10.9,0,1008.0
2022-06-10 12:00:00,39.0,16,0.0,9.4,0,1007.5
2022-06-10 13:00:00,40.3,14,0.0,7.1,0,1007.1
2022-06-10 14:00:00,41.1,13,0.0,7.3,0,1006.5
2022-06-10 15:00:00,40.6,15,0.0,11.9,0,1006.6
2022-06-10 16:00:00,40.9,14,0.0,14.1,0,1006.2
2022-06-10 17:00:00,40.4,13,0.0,13.3,0,1005.7
2022-06-10 18:00:00,40.2,13,0.0,11.5,0,1005.5
2022-06-10 19:00:00,39.2,14,0.0,12.0,0,1005.7
2022-06-10 20:00:00,33.5,30,0.0,23.9,0,1006.8
2022-06-10 21:00:00,32.2,32,0.0,20.1,0,1007.5
2022-06-10 22:00:00,31.0,32,0.0,17.1,0,1008.2
2022-06-10 23:00:00,29.9,34,0.0,13.8,0,1008.2
2022-06-11 00:00:00,28.7,39,0.0,11.1,0,1008.2
2022-06-11 01:00:00,27.6,44,0.0,9.2,0,1007.9
2022-06-11 02:00:00,26.7,49,0.0,7.0,0,1007.5
2022-06-11 03:00:00,26.1,51,0.0,8.2,0,1007.1
2022-06-11 04:00:00,25.3,53,0.0,7.0,0,1007.0
2022-06-11 05:00:00,24.3,55,0.0,5.5,0,1006.9
2022-06-11 06:00:00,22.8,61,0.0,7.3,0,1006.6
2022-06-11 07:00:00,25.5,51,0.0,2.9,0,1006.8
2022-06-11 08:00:00,29.1,37,0.0,3.3,0,1006.7
2022-06-11 09:00:00,33.4,26,0.0,4.0,0,1006.7
2022-06-11 10:00:00,36.7,18,0.0,4.6,0,1006.6
2022-06-11 11:00:00,39.4,13,0.0,4.7,0,1006.4
2022-06-11 12:00:00,41.5,11,0.0,3.3,0,1006.1
2022-06-11 13:00:00,43.0,9,0.0,4.1,0,1005.5
2022-06-11 14:00:00,44.1,9,0.0,5.2,0,1004.9
2022-06-11 15:00:00,43.6,9,0.0,9.2,0,1004.8
2022-06-11 16:00:00,44.0,9,0.0,12.6,0,1004.4
2022-06-11 17:00:00,44.0,9,0.0,12.3,0,1003.8
2022-06-11 18:00:00,43.1,10,0.0,7.6,0,1003.4
2022-06-11 19:00:00,42.6,10,0.0,6.9,4,1002.9
2022-06-11 20:00:00,37.9,13,0.0,9.7,30,1003.0
2022-06-11 21:00:00,34.5,28,0.0,19.0,2,1004.9
2022-06-11 22:00:00,31.4,37,0.0,20.3,0,1006.3
2022-06-11 23:00:00,29.4,45,0.0,17.2,0,1007.2
2022-06-12 00:00:00,28.1,47,0.0,15.6,0,1007.3
2022-06-12 01:00:00,27.2,47,0.0,13.3,0,1007.0
2022-06-12 02:00:00,26.4,50,0.0,12.5,0,1006.9
2022-06-12 03:00:00,25.8,55,0.0,11.0,0,1006.4
2022-06-12 04:00:00,25.1,59,0.0,8.0,0,1006.4
2022-06-12 05:00:00,24.2,64,0.0,4.7,0,1006.1
2022-06-12 06:00:00,23.1,71,0.0,4.7,0,1005.9
2022-06-12 07:00:00,24.8,64,0.0,5.4,0,1006.1
2022-06-12 08:00:00,26.6,54,0.0,5.8,0,1006.4
2022-06-12 09:00:00,28.9,41,0.0,8.2,0,1006.4
2022-06-12 10:00:00,31.1,33,0.0,10.6,0,1006.1
2022-06-12 11:00:00,32.8,28,0.0,13.5,0,1006.1
2022-06-12 12:00:00,33.8,26,0.0,15.2,0,1006.0
2022-06-12 13:00:00,34.8,23,0.0,16.1,0,1005.5
2022-06-12 14:00:00,35.2,23,0.0,17.5,0,1004.9
2022-06-12 15:00:00,33.8,28,0.0,15.7,0,1004.9
2022-06-12 16:00:00,34.1,28,0.0,16.9,0,1004.5
2022-06-12 17:00:00,33.6,29,0.0,18.4,1,1004.2
2022-06-12 18:00:00,32.4,30,0.0,18.7,0,1004.2
2022-06-12 19:00:00,31.1,33,0.0,18.2,1,1004.7
2022-06-12 20:00:00,29.6,36,0.0,13.5,0,1005.2
2022-06-12 21:00:00,28.8,39,0.0,13.3,0,1005.8
2022-06-12 22:00:00,27.1,46,0.0,15.8,0,1006.4
2022-06-12 23:00:00,26.2,48,0.0,11.0,0,1006.7
2022-06-13 00:00:00,25.2,51,0.0,8.8,0,1006.7
2022-06-13 01:00:00,24.3,56,0.0,7.9,0,1006.5
2022-06-13 02:00:00,23.5,63,0.0,8.4,0,1006.2
2022-06-13 03:00:00,23.4,66,0.0,8.3,0,1005.9
2022-06-13 04:00:00,22.5,73,0.0,5.4,0,1005.8
2022-06-13 05:00:00,21.7,79,0.0,4.6,0,1005.9
2022-06-13 06:00:00,21.5,82,0.0,5.9,0,1006.0
2022-06-13 07:00:00,22.6,77,0.0,8.4,3,1006.4
2022-06-13 08:00:00,24.2,69,0.0,6.6,17,1007.0
2022-06-13 09:00:00,25.9,59,0.0,4.4,4,1007.1
2022-06-13 10:00:00,27.8,49,0.0,5.4,1,1007.0
2022-06-13 11:00:00,29.7,40,0.0,8.3,1,1006.9
2022-06-13 12:00:00,31.2,35,0.0,11.2,0,1007.0
2022-06-13 13:00:00,32.4,31,0.0,13.0,0,1006.5
2022-06-13 14:00:00,33.2,29,0.0,14.1,0,1006.1
2022-06-13 15:00:00,32.1,31,0.0,12.6,1,1006.3
2022-06-13 16:00:00,33.4,27,0.0,12.3,11,1005.5
2022-06-13 17:00:00,33.6,25,0.0,14.3,5,1004.9
2022-06-13 18:00:00,32.2,28,0.0,16.6,1,1004.6
2022-06-13 19:00:00,31.6,28,0.0,12.6,1,1005.0
2022-06-13 20:00:00,30.3,31,0.0,10.1,6,1005.4
2022-06-13 21:00:00,29.2,34,0.0,7.9,11,1006.0
2022-06-13 22:00:00,28.6,36,0.0,8.8,7,1006.6
2022-06-13 23:00:00,27.6,39,0.0,9.4,2,1007.1
2022-06-14 00:00:00,26.1,46,0.0,5.2,0,1007.4
2022-06-14 01:00:00,24.5,56,0.0,5.8,0,1007.2
2022-06-14 02:00:00,23.7,62,0.0,6.5,1,1006.8
2022-06-14 03:00:00,23.2,68,0.0,5.7,0,1006.8
2022-06-14 04:00:00,22.8,70,0.0,4.9,0,1006.8
2022-06-14 05:00:00,22.6,72,0.0,4.8,0,1006.9
2022-06-14 06:00:00,21.8,74,0.0,4.9,0,1006.9
2022-06-14 07:00:00,23.8,63,0.0,6.7,0,1007.3
2022-06-14 08:00:00,26.0,54,0.0,6.1,0,1007.9
2022-06-14 09:00:00,28.1,46,0.0,6.1,0,1008.0
2022-06-14 10:00:00,30.1,36,0.0,6.8,0,1008.0
2022-06-14 11:00:00,31.9,29,0.0,9.5,0,1008.2
2022-06-14 12:00:00,33.2,24,0.0,12.6,0,1008.0
2022-06-14 13:00:00,34.1,22,0.0,14.8,0,1007.7
2022-06-14 14:00:00,34.7,22,0.0,16.9,0,1007.2
2022-06-14 15:00:00,34.2,22,0.0,15.3,0,1007.2
2022-06-14 16:00:00,34.4,22,0.0,15.1,0,1006.9
2022-06-14 17:00:00,34.3,21,0.0,14.5,0,1006.4
2022-06-14 18:00:00,33.5,22,0.0,13.5,0,1006.3
2022-06-14 19:00:00,32.6,23,0.0,11.8,0,1006.5
2022-06-14 20:00:00,31.2,25,0.0,10.9,0,1006.7
2022-06-14 21:00:00,29.7,28,0.0,9.8,0,1007.2
2022-06-14 22:00:00,28.5,36,0.0,15.6,0,1008.4
2022-06-14 23:00:00,27.4,44,0.0,12.7,0,1008.8
2022-06-15 00:00:00,26.2,54,0.0,10.5,0,1009.0
2022-06-15 01:00:00,25.2,64,0.0,9.4,0,1009.1
2022-06-15 02:00:00,24.4,68,0.0,8.9,0,1008.9
2022-06-15 03:00:00,23.9,69,0.0,8.4,0,1008.9
2022-06-15 04:00:00,23.4,71,0.0,6.9,0,1008.8
2022-06-15 05:00:00,22.6,76,0.0,5.2,0,1008.6
2022-06-15 06:00:00,22.1,79,0.0,6.5,0,1009.0
2022-06-15 07:00:00,23.1,74,0.0,8.8,0,1009.2
2022-06-15 08:00:00,24.8,64,0.0,9.7,0,1009.6
2022-06-15 09:00:00,26.7,53,0.0,9.0,0,1009.8
2022-06-15 10:00:00,28.7,46,0.0,7.7,0,1009.9
2022-06-15 11:00:00,30.7,39,0.0,6.9,0,1009.9
2022-06-15 12:00:00,32.5,33,0.0,7.1,0,1009.5
2022-06-15 13:00:00,34.2,28,0.0,6.2,0,1009.1
2022-06-15 14:00:00,35.5,24,0.0,6.6,0,1008.5
2022-06-15 15:00:00,35.6,25,0.0,8.8,4,1007.9
2022-06-15 16:00:00,36.7,22,0.0,10.7,100,1007.4
2022-06-15 17:00:00,36.1,22,0.0,14.7,71,1006.7
2022-06-15 18:00:00,35.7,23,0.0,18.5,80,1006.3
2022-06-15 19:00:00,32.4,36,0.0,19.6,3,1007.1
2022-06-15 20:00:00,31.8,37,0.0,17.7,5,1007.4
2022-06-15 21:00:00,29.1,49,0.0,22.2,10,1008.6
2022-06-15 22:00:00,28.0,52,0.0,19.0,5,1009.5
2022-06-15 23:00:00,27.2,55,0.0,16.1,0,1009.8
2022-06-16 00:00:00,26.2,59,0.0,14.5,0,1009.8
2022-06-16 01:00:00,25.3,63,0.0,12.6,0,1009.7
2022-06-16 02:00:00,24.5,67,0.0,11.4,0,1009.3
2022-06-16 03:00:00,24.2,69,0.0,10.9,0,1008.7
2022-06-16 04:00:00,23.6,73,0.0,10.2,0,1008.6
2022-06-16 05:00:00,23.0,77,0.0,9.6,0,1008.5
2022-06-16 06:00:00,22.3,83,0.0,9.2,13,1008.6
2022-06-16 07:00:00,22.9,82,0.0,13.9,42,1008.7
2022-06-16 08:00:00,24.6,72,0.0,13.7,27,1009.1
2022-06-16 09:00:00,26.6,61,0.0,14.2,25,1009.2
2022-06-16 10:00:00,28.6,51,0.0,13.4,10,1008.9
2022-06-16 11:00:00,30.9,43,0.0,12.9,15,1008.7
2022-06-16 12:00:00,33.1,36,0.0,13.1,0,1008.4
2022-06-16 13:00:00,35.0,29,0.0,13.5,0,1007.8
2022-06-16 14:00:00,36.4,25,0.0,14.2,0,1007.0
2022-06-16 15:00:00,35.3,28,0.0,13.8,0,1006.8
2022-06-16 16:00:00,36.2,26,0.0,14.8,0,1006.4
2022-06-16 17:00:00,36.2,26,0.0,15.5,0,1005.7
2022-06-16 18:00:00,35.8,26,0.0,16.0,0,1005.3
2022-06-16 19:00:00,34.1,32,0.0,20.0,11,1005.3
2022-06-16 20:00:00,31.7,38,0.0,20.6,1,1006.0
2022-06-16 21:00:00,29.9,43,0.0,22.1,0,1007.0
2022-06-16 22:00:00,28.1,50,0.0,20.3,0,1008.3
2022-06-16 23:00:00,26.7,55,0.0,18.2,0,1008.8
2022-06-17 00:00:00,25.4,60,0.0,16.8,0,1008.9
2022-06-17 01:00:00,24.4,66,0.0,14.6,0,1008.7
2022-06-17 02:00:00,23.7,71,0.0,12.6,0,1008.6
2022-06-17 03:00:00,23.2,77,0.0,11.5,0,1008.3
2022-06-17 04:00:00,22.8,78,0.0,10.8,0,1008.2
2022-06-17 05:00:00,22.4,81,0.0,9.7,0,1008.1
2022-06-17 06:00:00,21.8,85,0.0,7.9,0,1008.3
2022-06-17 07:00:00,22.8,81,0.0,11.5,15,1008.3
2022-06-17 08:00:00,24.5,72,0.0,10.5,0,1008.4
2022-06-17 09:00:00,26.9,58,0.0,11.0,0,1008.2
2022-06-17 10:00:00,29.6,45,0.0,11.9,0,1007.7
2022-06-17 11:00:00,32.2,35,0.0,13.7,0,1007.0
2022-06-17 12:00:00,34.4,29,0.0,15.5,0,1006.6
2022-06-17 13:00:00,36.1,24,0.0,15.8,0,1006.1
2022-06-17 14:00:00,37.3,22,0.0,16.2,0,1005.3
2022-06-17 15:00:00,35.2,26,0.0,17.0,0,1005.4
2022-06-17 16:00:00,36.1,24,0.0,16.6,0,1005.1
2022-06-17 17:00:00,36.1,24,0.0,17.4,0,1004.6
2022-06-17 18:00:00,35.1,24,0.0,19.5,0,1004.4
2022-06-17 19:00:00,33.4,27,0.0,20.5,0,1004.7
2022-06-17 20:00:00,31.3,33,0.0,19.5,0,1005.4
2022-06-17 21:00:00,29.7,38,0.0,19.9,0,1006.2
2022-06-17 22:00:00,28.2,43,0.0,17.3,0,1007.0
2022-06-17 23:00:00,27.1,48,0.0,14.9,0,1007.4
2022-06-18 00:00:00,25.7,56,0.0,13.8,0,1007.5
2022-06-18 01:00:00,24.4,66,0.0,12.5,0,1007.6
2022-06-18 02:00:00,23.5,73,0.0,9.8,0,1007.3
2022-06-18 03:00:00,23.3,78,0.0,9.9,1,1006.7
2022-06-18 04:00:00,22.9,83,0.0,9.5,31,1006.8
2022-06-18 05:00:00,22.7,87,0.0,12.3,69,1006.9
2022-06-18 06:00:00,22.6,88,0.0,11.2,41,1007.0
2022-06-18 07:00:00,23.3,82,0.0,11.4,36,1007.2
2022-06-18 08:00:00,24.7,73,0.0,12.0,20,1007.5
2022-06-18 09:00:00,26.8,62,0.0,10.7,10,1007.3
2022-06-18 10:00:00,29.4,48,0.0,11.4,0,1007.2
2022-06-18 11:00:00,32.0,36,0.0,12.3,0,1006.7
2022-06-18 12:00:00,34.1,29,0.0,11.6,0,1006.2
2022-06-18 13:00:00,35.8,24,0.0,11.3,0,1005.7
2022-06-18 14:00:00,37.0,21,0.0,11.7,0,1004.9
2022-06-18 15:00:00,35.1,24,0.0,13.7,0,1004.9
2022-06-18 16:00:00,36.0,22,0.0,13.7,0,1004.7
2022-06-18 17:00:00,36.0,22,0.0,14.1,0,1004.2
2022-06-18 18:00:00,35.2,23,0.0,16.1,0,1004.2
2022-06-18 19:00:00,33.6,25,0.0,18.1,0,1004.6
2022-06-18 20:00:00,31.4,29,0.0,18.3,0,1005.2
2022-06-18 21:00:00,29.4,33,0.0,21.0,0,1006.0
2022-06-18 22:00:00,27.6,38,0.0,18.7,0,1007.1
2022-06-18 23:00:00,26.1,46,0.0,16.0,0,1007.8
2022-06-19 00:00:00,24.7,56,0.0,14.0,0,1008.3
2022-06-19 01:00:00,23.5,65,0.0,11.4,0,1008.2
2022-06-19 02:00:00,22.5,72,0.0,9.6,0,1008.2
2022-06-19 03:00:00,21.8,78,0.0,8.7,0,1007.8
2022-06-19 04:00:00,21.2,82,0.0,6.6,0,1007.9
2022-06-19 05:00:00,20.5,87,0.0,5.6,0,1008.2
2022-06-19 06:00:00,19.8,92,0.0,5.0,0,1008.4
2022-06-19 07:00:00,21.5,83,0.0,6.2,0,1008.8
2022-06-19 08:00:00,23.5,71,0.0,7.6,0,1009.0
2022-06-19 09:00:00,25.9,56,0.0,8.6,0,1009.1
2022-06-19 10:00:00,28.4,43,0.0,8.7,0,1008.7
2022-06-19 11:00:00,30.9,32,0.0,8.8,0,1008.4
2022-06-19 12:00:00,33.1,24,0.0,8.8,0,1008.0
2022-06-19 13:00:00,34.9,19,0.0,9.7,0,1007.4
2022-06-19 14:00:00,36.1,17,0.0,10.8,0,1006.8
2022-06-19 15:00:00,34.8,20,0.0,11.3,0,1007.1
2022-06-19 16:00:00,35.8,18,0.0,11.6,0,1006.6
2022-06-19 17:00:00,35.9,17,0.0,11.6,0,1006.2
2022-06-19 18:00:00,35.5,17,0.0,13.0,0,1005.9
2022-06-19 19:00:00,34.5,18,0.0,12.6,0,1006.2
2022-06-19 20:00:00,32.3,22,0.0,7.2,0,1006.4
2022-06-19 21:00:00,30.1,31,0.0,21.2,0,1007.6
2022-06-19 22:00:00,28.5,33,0.0,18.4,0,1008.7
2022-06-19 23:00:00,27.0,36,0.0,15.6,0,1009.4
2022-06-20 00:00:00,25.7,42,0.0,12.4,0,1009.5
2022-06-20 01:00:00,24.5,49,0.0,11.4,0,1009.3
2022-06-20 02:00:00,23.3,59,0.0,12.1,0,1009.4
2022-06-20 03:00:00,22.2,66,0.0,11.2,0,1009.5
2022-06-20 04:00:00,21.5,74,0.0,9.1,0,1009.6
2022-06-20 05:00:00,20.8,80,0.0,7.3,0,1009.5
2022-06-20 06:00:00,19.8,87,0.0,4.7,0,1009.8
2022-06-20 07:00:00,21.5,78,0.0,5.8,0,1009.9
2022-06-20 08:00:00,23.4,68,0.0,7.6,0,1010.0
2022-06-20 09:00:00,25.4,59,0.0,7.2,0,1010.1
2022-06-20 10:00:00,27.9,48,0.0,7.6,0,1010.0
2022-06-20 11:00:00,30.4,39,0.0,9.2,0,1009.7
2022-06-20 12:00:00,32.7,31,0.0,10.8,0,1009.2
2022-06-20 13:00:00,34.4,27,0.0,13.2,0,1008.6
2022-06-20 14:00:00,35.9,24,0.0,14.1,0,1007.9
2022-06-20 15:00:00,34.9,25,0.0,14.5,0,1007.9
2022-06-20 16:00:00,35.9,23,0.0,14.1,0,1007.5
2022-06-20 17:00:00,36.0,21,0.0,16.3,0,1007.1
2022-06-20 18:00:00,34.9,21,0.0,18.9,0,1007.1
2022-06-20 19:00:00,33.2,23,0.0,19.0,0,1007.4
2022-06-20 20:00:00,31.2,27,0.0,17.1,0,1007.9
2022-06-20 21:00:00,29.7,31,0.0,16.9,0,1008.7
2022-06-20 22:00:00,28.1,35,0.0,15.8,0,1009.6
2022-06-20 23:00:00,26.5,43,0.0,14.0,0,1009.9
2022-06-21 00:00:00,25.1,50,0.0,12.3,0,1009.9
2022-06-21 01:00:00,23.8,57,0.0,9.7,0,1009.7
2022-06-21 02:00:00,22.6,66,0.0,9.1,0,1009.6
2022-06-21 03:00:00,21.9,73,0.0,5.6,0,1008.8
2022-06-21 04:00:00,21.2,79,0.0,4.4,0,1008.6
2022-06-21 05:00:00,20.1,87,0.0,5.7,0,1008.4
2022-06-21 06:00:00,19.7,91,0.0,4.5,0,1008.1
2022-06-21 07:00:00,21.6,82,0.0,7.0,0,1008.2
2022-06-21 08:00:00,23.5,74,0.0,8.6,0,1008.4
2022-06-21 09:00:00,26.0,57,0.0,8.3,0,1008.6
2022-06-21 10:00:00,28.6,45,0.0,9.3,0,1008.5
2022-06-21 11:00:00,31.0,35,0.0,11.2,0,1008.2
2022-06-21 12:00:00,33.0,26,0.0,13.8,0,1007.5
2022-06-21 13:00:00,34.1,23,0.0,17.1,0,1006.9
2022-06-21 14:00:00,34.9,23,0.0,18.4,0,1006.1
2022-06-21 15:00:00,34.0,26,0.0,18.2,0,1006.1
2022-06-21 16:00:00,34.6,22,0.0,19.1,0,1005.4
2022-06-21 17:00:00,34.2,21,0.0,20.4,0,1005.0
2022-06-21 18:00:00,33.0,24,0.0,20.6,0,1004.9
2022-06-21 19:00:00,31.3,28,0.0,20.3,0,1005.1
2022-06-21 20:00:00,29.4,33,0.0,16.6,0,1005.6
2022-06-21 21:00:00,28.0,35,0.0,17.1,0,1006.3
2022-06-21 22:00:00,26.7,37,0.0,15.5,0,1006.9
2022-06-21 23:00:00,25.5,40,0.0,12.9,0,1007.0
2022-06-22 00:00:00,24.3,45,0.0,10.6,0,1006.6
2022-06-22 01:00:00,23.2,51,0.0,8.9,0,1006.3
2022-06-22 02:00:00,22.2,63,0.0,8.2,0,1006.0
2022-06-22 03:00:00,22.1,69,0.0,7.9,0,1006.1
2022-06-22 04:00:00,21.7,76,0.0,6.6,0,1005.9
2022-06-22 05:00:00,20.8,82,0.0,5.7,0,1005.5
2022-06-22 06:00:00,20.1,88,0.0,5.5,0,1005.5
2022-06-22 07:00:00,22.0,80,0.0,6.6,0,1005.5
2022-06-22 08:00:00,24.1,72,0.0,10.5,0,1005.8
2022-06-22 09:00:00,26.4,61,0.0,13.1,0,1005.5
2022-06-22 10:00:00,29.0,48,0.0,13.9,0,1005.4
2022-06-22 11:00:00,31.5,37,0.0,15.0,0,1005.1
2022-06-22 12:00:00,33.3,33,0.0,15.3,0,1004.6
2022-06-22 13:00:00,34.9,29,0.0,15.0,1,1004.1
2022-06-22 14:00:00,36.4,24,0.0,15.6,0,1003.5
2022-06-22 15:00:00,35.4,24,0.0,15.3,0,1003.6
2022-06-22 16:00:00,36.2,23,0.0,17.2,0,1003.3
2022-06-22 17:00:00,35.8,23,0.0,18.5,0,1003.1
2022-06-22 18:00:00,34.8,24,0.0,19.5,0,1003.0
2022-06-22 19:00:00,33.3,26,0.0,19.5,0,1003.0
2022-06-22 20:00:00,31.4,29,0.0,17.1,0,1003.5
2022-06-22 21:00:00,29.8,33,0.0,18.2,0,1004.3
2022-06-22 22:00:00,28.2,39,0.0,17.6,0,1005.2
2022-06-22 23:00:00,26.6,48,0.0,15.3,0,1005.5
2022-06-23 00:00:00,25.2,57,0.0,12.9,0,1005.6
2022-06-23 01:00:00,24.1,64,0.0,11.6,0,1005.6
2022-06-23 02:00:00,23.2,71,0.0,8.8,0,1005.4
2022-06-23 03:00:00,22.7,77,0.0,7.6,0,1005.4
2022-06-23 04:00:00,22.0,84,0.0,4.5,0,1005.4
2022-06-23 05:00:00,20.8,93,0.0,6.6,0,1005.4
2022-06-23 06:00:00,20.5,94,0.0,6.6,0,1005.5
2022-06-23 07:00:00,22.2,88,0.0,5.1,0,1006.1
2022-06-23 08:00:00,24.2,77,0.0,4.7,0,1006.6
2022-06-23 09:00:00,26.7,62,0.0,4.0,0,1006.8
2022-06-23 10:00:00,29.5,48,0.0,2.9,0,1006.6
2022-06-23 11:00:00,32.2,36,0.0,1.8,0,1006.3
2022-06-23 12:00:00,34.6,28,0.0,2.3,0,1005.9
2022-06-23 13:00:00,36.6,22,0.0,4.9,0,1005.4
2022-06-23 14:00:00,38.1,18,0.0,6.6,0,1004.7
2022-06-23 15:00:00,37.9,17,0.0,9.4,0,1004.7
2022-06-23 16:00:00,38.8,16,0.0,10.5,0,1004.1
2022-06-23 17:00:00,38.6,16,0.0,13.8,0,1003.7
2022-06-23 18:00:00,38.2,16,0.0,15.0,0,1003.5
2022-06-23 19:00:00,37.7,17,0.0,10.1,0,1003.6
2022-06-23 20:00:00,34.9,20,0.0,5.4,1,1003.6
2022-06-23 21:00:00,34.1,25,0.0,20.0,1,1004.8
2022-06-23 22:00:00,32.0,32,0.0,14.8,0,1006.0
2022-06-23 23:00:00,30.4,36,0.0,10.6,0,1006.4
2022-06-24 00:00:00,28.9,40,0.0,10.5,0,1006.3
2022-06-24 01:00:00,27.8,45,0.0,12.9,0,1006.3
2022-06-24 02:00:00,26.6,52,0.0,11.2,0,1006.2
2022-06-24 03:00:00,25.9,62,0.0,9.8,0,1006.2
2022-06-24 04:00:00,25.0,69,0.0,6.7,0,1006.1
2022-06-24 05:00:00,24.2,75,0.0,9.0,0,1006.4
2022-06-24 06:00:00,23.0,82,0.0,4.8,0,1006.3
2022-06-24 07:00:00,24.4,76,0.0,5.6,0,1006.6
2022-06-24 08:00:00,26.7,64,0.0,7.2,0,1007.0
2022-06-24 09:00:00,29.4,50,0.0,5.6,0,1006.8
2022-06-24 10:00:00,32.5,35,0.0,5.6,0,1006.5
2022-06-24 11:00:00,35.2,26,0.0,5.7,0,1006.2
2022-06-24 12:00:00,37.5,20,0.0,7.7,0,1005.8
2022-06-24 13:00:00,39.3,17,0.0,9.0,0,1005.0
2022-06-24 14:00:00,40.4,16,0.0,10.2,0,1004.0
2022-06-24 15:00:00,39.4,17,0.0,8.7,0,1004.2
2022-06-24 16:00:00,40.5,16,0.0,9.9,0,1003.7
2022-06-24 17:00:00,40.5,16,0.0,10.9,0,1003.1
2022-06-24 18:00:00,40.2,16,0.0,9.2,0,1002.5
2022-06-24 19:00:00,39.8,16,0.0,8.9,1,1002.4
2022-06-24 20:00:00,37.7,17,0.0,10.1,2,1002.7
2022-06-24 21:00:00,35.6,24,0.0,22.9,0,1003.6
2022-06-24 22:00:00,33.6,28,0.0,13.9,0,1004.5
2022-06-24 23:00:00,31.8,31,0.0,5.4,0,1004.8
2022-06-25 00:00:00,29.9,34,0.0,5.4,0,1004.7
2022-06-25 01:00:00,29.3,36,0.0,10.2,0,1004.6
2022-06-25 02:00:00,27.4,45,0.0,8.8,0,1004.4
2022-06-25 03:00:00,25.8,64,0.0,12.2,0,1004.3
2022-06-25 04:00:00,24.8,77,0.0,11.3,0,1004.5
2022-06-25 05:00:00,24.3,81,0.0,8.0,0,1004.8
2022-06-25 06:00:00,23.7,84,0.0,5.0,0,1004.9
2022-06-25 07:00:00,24.9,79,0.0,8.3,0,1005.5
2022-06-25 08:00:00,26.8,68,0.0,10.7,0,1005.7
2022-06-25 09:00:00,29.0,54,0.0,11.7,0,1005.9
2022-06-25 10:00:00,31.6,41,0.0,11.0,0,1005.7
2022-06-25 11:00:00,34.0,29,0.0,12.3,0,1005.6
2022-06-25 12:00:00,35.7,24,0.0,13.7,0,1005.4
2022-06-25 13:00:00,37.0,22,0.0,13.7,0,1004.9
2022-06-25 14:00:00,37.8,21,0.0,14.9,0,1004.3
2022-06-25 15:00:00,35.4,28,0.0,14.8,0,1005.0
2022-06-25 16:00:00,36.2,25,0.0,16.5,0,1004.8
2022-06-25 17:00:00,35.8,22,0.0,18.3,0,1004.3
2022-06-25 18:00:00,35.1,21,0.0,18.3,0,1004.3
2022-06-25 19:00:00,33.7,21,0.0,19.6,0,1004.7
2022-06-25 20:00:00,31.6,24,0.0,19.9,0,1005.6
2022-06-25 21:00:00,29.8,27,0.0,19.6,0,1006.4
2022-06-25 22:00:00,28.4,30,0.0,16.5,0,1007.3
2022-06-25 23:00:00,27.2,34,0.0,13.9,0,1007.7
2022-06-26 00:00:00,26.1,39,0.0,11.9,0,1007.9
2022-06-26 01:00:00,25.1,45,0.0,9.4,0,1007.9
2022-06-26 02:00:00,23.8,54,0.0,6.7,0,1007.9
2022-06-26 03:00:00,23.0,64,0.0,5.3,0,1007.4
2022-06-26 04:00:00,22.2,71,0.0,5.4,0,1007.6
2022-06-26 05:00:00,21.7,76,0.0,5.4,0,1007.8
2022-06-26 06:00:00,21.2,83,0.0,5.1,5,1007.9
2022-06-26 07:00:00,22.7,82,0.0,9.2,15,1008.3
2022-06-26 08:00:00,24.5,73,0.0,9.6,17,1008.8
2022-06-26 09:00:00,26.6,59,0.0,5.6,3,1008.7
2022-06-26 10:00:00,29.1,44,0.0,5.6,0,1008.5
2022-06-26 11:00:00,31.6,34,0.0,5.8,0,1008.2
2022-06-26 12:00:00,33.8,27,0.0,6.2,0,1007.6
2022-06-26 13:00:00,35.7,23,0.0,8.4,0,1006.8
2022-06-26 14:00:00,37.3,20,0.0,11.4,0,1006.3
2022-06-26 15:00:00,36.5,19,0.0,15.5,0,1006.9
2022-06-26 16:00:00,37.2,19,0.0,15.1,0,1006.3
2022-06-26 17:00:00,37.4,18,0.0,14.8,0,1005.9
2022-06-26 18:00:00,37.0,18,0.0,15.5,0,1005.5
2022-06-26 19:00:00,36.0,18,0.0,17.2,0,1005.7
2022-06-26 20:00:00,34.2,21,0.0,14.7,0,1006.2
2022-06-26 21:00:00,32.7,24,0.0,14.8,0,1006.6
2022-06-26 22:00:00,30.9,30,0.0,16.5,0,1007.5
2022-06-26 23:00:00,29.0,38,0.0,13.2,0,1008.1
2022-06-27 00:00:00,27.6,44,0.0,9.3,0,1008.1
2022-06-27 01:00:00,26.4,49,0.0,8.9,0,1008.1
2022-06-27 02:00:00,25.4,54,0.0,8.6,0,1008.1
2022-06-27 03:00:00,24.9,58,0.0,7.3,0,1008.0
2022-06-27 04:00:00,24.0,63,0.0,4.3,0,1007.9
2022-06-27 05:00:00,23.0,69,0.0,6.3,0,1007.8
2022-06-27 06:00:00,22.5,72,0.0,6.8,0,1007.7
2022-06-27 07:00:00,24.4,65,0.0,5.9,0,1008.0
2022-06-27 08:00:00,26.4,57,0.0,6.4,0,1008.0
2022-06-27 09:00:00,28.8,45,0.0,7.1,0,1008.1
2022-06-27 10:00:00,31.3,35,0.0,10.2,0,1008.0
2022-06-27 11:00:00,33.3,29,0.0,12.6,0,1007.7
2022-06-27 12:00:00,34.9,26,0.0,15.1,0,1007.1
2022-06-27 13:00:00,36.1,22,0.0,18.2,0,1006.5
2022-06-27 14:00:00,36.5,24,0.0,19.9,0,1005.8
2022-06-27 15:00:00,35.8,24,0.0,17.2,0,1006.0
2022-06-27 16:00:00,36.4,20,0.0,20.8,0,1005.5
2022-06-27 17:00:00,35.7,21,0.0,21.5,0,1005.1
2022-06-27 18:00:00,34.6,23,0.0,20.7,0,1004.9
2022-06-27 19:00:00,33.0,27,0.0,20.2,0,1005.0
2022-06-27 20:00:00,31.3,32,0.0,17.6,0,1005.4
2022-06-27 21:00:00,29.6,38,0.0,17.2,0,1006.1
2022-06-27 22:00:00,28.3,40,0.0,16.0,0,1006.8
2022-06-27 23:00:00,27.3,42,0.0,12.3,0,1006.9
2022-06-28 00:00:00,26.1,47,0.0,10.3,0,1006.9
2022-06-28 01:00:00,24.8,60,0.0,11.2,0,1006.7
2022-06-28 02:00:00,23.7,73,0.0,9.7,0,1006.6
2022-06-28 03:00:00,23.1,80,0.0,8.7,2,1005.7
2022-06-28 04:00:00,22.6,83,0.0,6.4,4,1005.6
2022-06-28 05:00:00,22.3,86,0.0,5.4,58,1005.4
2022-06-28 06:00:00,22.2,86,0.0,5.1,100,1005.5
2022-06-28 07:00:00,23.2,79,0.0,7.1,40,1005.6
2022-06-28 08:00:00,24.5,71,0.0,6.2,33,1006.0
2022-06-28 09:00:00,26.2,61,0.0,4.3,13,1005.9
2022-06-28 10:00:00,28.2,51,0.0,2.9,11,1005.7
2022-06-28 11:00:00,30.3,43,0.0,4.1,4,1005.5
2022-06-28 12:00:00,32.4,34,0.0,5.4,0,1004.9
2022-06-28 13:00:00,34.2,29,0.0,6.2,0,1004.2
2022-06-28 14:00:00,35.4,26,0.0,7.3,0,1003.7
2022-06-28 15:00:00,34.3,30,0.0,10.6,0,1003.8
2022-06-28 16:00:00,35.3,26,0.0,11.6,0,1003.4
2022-06-28 17:00:00,35.4,24,0.0,11.7,0,1003.1
2022-06-28 18:00:00,35.2,23,0.0,10.5,0,1002.7
2022-06-28 19:00:00,34.5,24,0.0,9.0,0,1002.6
2022-06-28 20:00:00,32.9,28,0.0,10.0,0,1003.0
2022-06-28 21:00:00,31.6,35,0.0,24.5,27,1004.0
2022-06-28 22:00:00,30.0,42,0.0,19.1,16,1005.3
2022-06-28 23:00:00,28.9,45,0.0,14.8,0,1005.9
2022-06-29 00:00:00,27.7,49,0.0,11.6,0,1005.9
2022-06-29 01:00:00,26.9,52,0.0,10.5,0,1005.8
2022-06-29 02:00:00,25.9,56,0.0,9.7,0,1005.7
2022-06-29 03:00:00,25.0,56,0.0,8.9,0,1005.5
2022-06-29 04:00:00,24.2,61,0.0,10.0,0,1005.5
2022-06-29 05:00:00,23.3,71,0.0,9.2,0,1005.3
2022-06-29 06:00:00,22.5,82,0.0,7.1,0,1005.6
2022-06-29 07:00:00,23.1,84,0.0,5.9,0,1005.9
2022-06-29 08:00:00,24.7,76,0.0,4.6,2,1006.2
2022-06-29 09:00:00,26.9,62,0.0,5.0,2,1006.3
2022-06-29 10:00:00,29.1,52,0.0,5.4,1,1006.0
2022-06-29 11:00:00,31.3,42,0.0,6.8,0,1005.8
2022-06-29 12:00:00,33.2,33,0.0,8.6,0,1005.3
2022-06-29 13:00:00,34.8,27,0.0,10.8,0,1004.8
2022-06-29 14:00:00,35.7,24,0.0,12.1,0,1004.3
2022-06-29 15:00:00,34.3,26,0.0,9.8,0,1004.3
2022-06-29 16:00:00,35.3,22,0.0,9.1,0,1003.9
2022-06-29 17:00:00,35.5,21,0.0,9.5,0,1003.5
2022-06-29 18:00:00,35.0,22,0.0,9.9,0,1003.3
2022-06-29 19:00:00,33.9,23,0.0,10.8,0,1003.1
2022-06-29 20:00:00,32.4,26,0.0,9.5,0,1003.1
2022-06-29 21:00:00,31.2,34,0.0,18.8,0,1003.9
2022-06-29 22:00:00,29.1,49,0.0,16.8,9,1005.0
2022-06-29 23:00:00,28.4,54,0.0,12.9,0,1005.4
2022-06-30 00:00:00,27.3,58,0.0,11.7,0,1005.4
2022-06-30 01:00:00,26.2,64,0.0,9.9,0,1005.2
2022-06-30 02:00:00,25.4,69,0.0,8.2,0,1004.9
2022-06-30 03:00:00,25.0,68,0.0,9.2,0,1004.4
2022-06-30 04:00:00,24.4,72,0.0,7.1,0,1004.6
2022-06-30 05:00:00,23.7,75,0.0,6.6,0,1004.6
2022-06-30 06:00:00,23.1,78,0.0,6.5,0,1004.7
2022-06-30 07:00:00,24.0,74,0.0,6.9,0,1005.1
2022-06-30 08:00:00,25.7,67,0.0,7.6,1,1005.4
2022-06-30 09:00:00,27.6,59,0.0,6.1,6,1005.7
2022-06-30 10:00:00,29.3,50,0.0,8.7,2,1005.6
2022-06-30 11:00:00,30.9,42,0.0,10.1,1,1005.5
2022-06-30 12:00:00,32.3,36,0.0,11.2,1,1005.4
2022-06-30 13:00:00,33.5,33,0.0,13.0,1,1004.9
2022-06-30 14:00:00,34.7,29,0.0,14.4,0,1004.3
2022-06-30 15:00:00,34.2,29,0.0,13.0,0,1004.2
2022-06-30 16:00:00,34.7,27,0.0,13.5,0,1003.8
2022-06-30 17:00:00,34.9,26,0.0,11.1,0,1003.2
2022-06-30 18:00:00,34.7,27,0.0,9.3,0,1003.0
2022-06-30 19:00:00,34.3,26,0.0,8.6,3,1002.9
2022-06-30 20:00:00,32.3,33,0.0,21.2,20,1003.5
2022-06-30 21:00:00,30.8,38,0.0,17.2,12,1004.6
2022-06-30 22:00:00,29.0,44,0.0,15.6,0,1005.5
2022-06-30 23:00:00,27.7,49,0.0,15.1,0,1005.9
2022-07-01 00:00:00,26.8,53,0.0,10.2,0,1005.9
2022-07-01 01:00:00,26.0,57,0.0,8.1,0,1005.5
2022-07-01 02:00:00,25.1,62,0.0,7.8,0,1005.2
2022-07-01 03:00:00,24.6,64,0.0,6.6,0,1005.1
2022-07-01 04:00:00,24.1,67,0.0,6.9,0,1005.0
2022-07-01 05:00:00,23.4,72,0.0,7.5,0,1005.1
2022-07-01 06:00:00,22.5,78,0.0,4.5,0,1005.3
2022-07-01 07:00:00,23.6,74,0.0,5.5,0,1005.7
2022-07-01 08:00:00,25.3,65,0.0,5.2,0,1005.9
2022-07-01 09:00:00,27.1,57,0.0,3.3,0,1006.0
2022-07-01 10:00:00,29.2,49,0.0,3.3,0,1005.9
2022-07-01 11:00:00,31.3,41,0.0,5.4,0,1005.8
2022-07-01 12:00:00,33.3,32,0.0,7.2,0,1005.4
2022-07-01 13:00:00,34.9,26,0.0,9.1,0,1004.9
2022-07-01 14:00:00,36.0,21,0.0,10.7,0,1004.4
2022-07-01 15:00:00,34.3,26,0.0,8.9,0,1004.5
2022-07-01 16:00:00,35.5,22,0.0,9.6,0,1004.0
2022-07-01 17:00:00,35.4,21,0.0,10.7,0,1003.7
2022-07-01 18:00:00,35.2,21,0.0,10.3,0,1003.5
2022-07-01 19:00:00,34.2,23,0.0,7.8,0,1003.6
2022-07-01 20:00:00,32.5,27,0.0,7.6,0,1003.7
2022-07-01 21:00:00,31.7,33,0.0,19.7,7,1004.6
2022-07-01 22:00:00,29.7,39,0.0,15.7,0,1005.8
2022-07-01 23:00:00,28.4,44,0.0,12.6,0,1006.2
2022-07-02 00:00:00,27.4,48,0.0,9.6,0,1006.4
2022-07-02 01:00:00,26.5,53,0.0,9.5,0,1006.1
2022-07-02 02:00:00,25.6,58,0.0,9.5,0,1006.1
2022-07-02 03:00:00,24.8,63,0.0,8.4,0,1005.7
2022-07-02 04:00:00,24.1,69,0.0,7.7,0,1005.8
2022-07-02 05:00:00,23.1,77,0.0,6.6,0,1005.6
2022-07-02 06:00:00,22.0,85,0.0,4.5,0,1005.6
2022-07-02 07:00:00,23.1,82,0.0,6.4,0,1006.0
2022-07-02 08:00:00,24.8,74,0.0,4.6,0,1006.3
2022-07-02 09:00:00,26.9,64,0.0,2.2,0,1006.1
2022-07-02 10:00:00,29.3,52,0.0,2.1,0,1006.1
2022-07-02 11:00:00,31.8,41,0.0,2.9,0,1006.0
2022-07-02 12:00:00,34.0,32,0.0,4.3,0,1005.9
2022-07-02 13:00:00,35.6,27,0.0,5.8,0,1005.2
2022-07-02 14:00:00,36.7,23,0.0,7.2,0,1004.5
2022-07-02 15:00:00,35.6,23,0.0,6.6,0,1004.6
2022-07-02 16:00:00,36.6,21,0.0,7.6,0,1004.1
2022-07-02 17:00:00,36.6,22,0.0,9.4,0,1003.6
2022-07-02 18:00:00,36.1,22,0.0,10.0,0,1003.4
2022-07-02 19:00:00,35.3,22,0.0,11.9,0,1003.3
2022-07-02 20:00:00,33.8,23,0.0,11.3,0,1003.2
2022-07-02 21:00:00,32.4,25,0.0,10.3,0,1003.4
2022-07-02 22:00:00,31.4,35,0.0,20.9,0,1004.5
2022-07-02 23:00:00,30.4,38,0.0,11.9,0,1004.8
2022-07-03 00:00:00,29.1,43,0.0,10.5,0,1005.0
2022-07-03 01:00:00,27.7,49,0.0,8.7,0,1004.8
2022-07-03 02:00:00,26.5,59,0.0,8.9,0,1004.6
2022-07-03 03:00:00,25.7,64,0.0,6.4,0,1004.3
2022-07-03 04:00:00,24.9,73,0.0,6.6,0,1004.2
2022-07-03 05:00:00,23.9,83,0.0,7.1,0,1004.0
2022-07-03 06:00:00,23.1,90,0.0,7.4,0,1004.4
2022-07-03 07:00:00,23.8,86,0.0,8.4,4,1004.6
2022-07-03 08:00:00,25.4,76,0.0,8.3,14,1004.9
2022-07-03 09:00:00,27.3,65,0.0,5.2,11,1004.8
2022-07-03 10:00:00,29.7,55,0.0,3.1,0,1004.7
2022-07-03 11:00:00,32.4,43,0.0,2.3,0,1004.3
2022-07-03 12:00:00,34.9,32,0.0,2.6,0,1003.9
2022-07-03 13:00:00,36.8,23,0.0,3.4,0,1003.3
2022-07-03 14:00:00,38.0,19,0.0,4.1,0,1002.6
2022-07-03 15:00:00,37.1,20,0.0,6.7,0,1002.5
2022-07-03 16:00:00,37.9,18,0.0,8.1,0,1002.1
2022-07-03 17:00:00,37.9,18,0.0,7.8,0,1001.7
2022-07-03 18:00:00,36.9,19,0.0,10.5,2,1001.5
2022-07-03 19:00:00,36.4,20,0.0,9.0,6,1001.4
2022-07-03 20:00:00,34.8,21,0.0,9.7,3,1001.5
2022-07-03 21:00:00,33.4,23,0.0,10.1,3,1001.9
2022-07-03 22:00:00,32.3,32,0.0,22.3,0,1003.0
2022-07-03 23:00:00,31.2,35,0.0,15.3,0,1003.5
2022-07-04 00:00:00,30.0,39,0.0,12.7,0,1003.4
2022-07-04 01:00:00,28.9,43,0.0,10.4,0,1003.3
2022-07-04 02:00:00,27.8,48,0.0,8.7,0,1003.3
2022-07-04 03:00:00,26.5,50,0.0,5.6,0,1003.2
2022-07-04 04:00:00,25.9,53,0.0,7.0,0,1003.3
2022-07-04 05:00:00,25.2,55,0.0,7.6,0,1003.4
2022-07-04 06:00:00,24.3,59,0.0,5.8,0,1003.4
2022-07-04 07:00:00,25.4,56,0.0,7.0,0,1003.8
2022-07-04 08:00:00,27.5,49,0.0,6.8,0,1003.9
2022-07-04 09:00:00,29.9,40,0.0,6.5,0,1003.9
2022-07-04 10:00:00,32.6,31,0.0,5.4,0,1003.7
2022-07-04 11:00:00,35.0,25,0.0,3.1,0,1003.6
2022-07-04 12:00:00,36.9,19,0.0,3.3,0,1003.6
2022-07-04 13:00:00,38.2,16,0.0,6.8,0,1003.0
2022-07-04 14:00:00,38.8,15,0.0,12.3,0,1002.5
2022-07-04 15:00:00,37.3,18,0.0,15.7,0,1003.3
2022-07-04 16:00:00,37.6,18,0.0,14.5,1,1002.9
2022-07-04 17:00:00,37.8,18,0.0,11.2,1,1002.3
2022-07-04 18:00:00,36.5,19,0.0,11.6,0,1002.1
2022-07-04 19:00:00,36.6,18,0.0,11.7,0,1001.8
2022-07-04 20:00:00,33.7,22,0.0,11.2,0,1002.2
2022-07-04 21:00:00,33.1,22,0.0,9.4,0,1002.4
2022-07-04 22:00:00,32.1,24,0.0,15.6,0,1003.5
2022-07-04 23:00:00,29.6,41,0.0,11.3,0,1004.4
2022-07-05 00:00:00,28.7,45,0.0,6.7,0,1004.6
2022-07-05 01:00:00,27.8,48,0.0,6.1,0,1004.5
2022-07-05 02:00:00,26.6,54,0.0,5.2,0,1004.5
2022-07-05 03:00:00,26.3,56,0.0,7.1,0,1004.4
2022-07-05 04:00:00,25.8,59,0.0,9.4,0,1004.4
2022-07-05 05:00:00,24.6,70,0.0,8.7,0,1004.7
2022-07-05 06:00:00,23.5,81,0.0,6.4,0,1005.0
2022-07-05 07:00:00,24.1,80,0.0,5.9,0,1005.4
2022-07-05 08:00:00,26.1,70,0.0,5.8,0,1005.6
2022-07-05 09:00:00,28.8,56,0.0,5.1,0,1005.5
2022-07-05 10:00:00,31.8,42,0.0,5.0,0,1005.6
2022-07-05 11:00:00,34.5,28,0.0,7.0,0,1005.3
2022-07-05 12:00:00,36.4,20,0.0,11.0,0,1005.1
2022-07-05 13:00:00,37.5,17,0.0,13.4,0,1004.7
2022-07-05 14:00:00,38.0,15,0.0,15.5,0,1004.3
2022-07-05 15:00:00,37.0,16,0.0,15.0,0,1004.8
2022-07-05 16:00:00,37.5,15,0.0,13.9,0,1004.3
2022-07-05 17:00:00,37.3,16,0.0,12.4,0,1003.8
2022-07-05 18:00:00,37.0,18,0.0,10.2,0,1003.5
2022-07-05 19:00:00,36.0,20,0.0,11.2,0,1003.3
2022-07-05 20:00:00,34.2,20,0.0,9.4,1,1003.5
2022-07-05 21:00:00,33.2,20,0.0,14.8,0,1004.1
2022-07-05 22:00:00,30.2,35,0.0,16.8,0,1005.3
2022-07-05 23:00:00,28.8,39,0.0,12.9,0,1005.6
2022-07-06 00:00:00,27.4,45,0.0,11.4,0,1005.8
2022-07-06 01:00:00,26.2,52,0.0,9.4,0,1005.5
2022-07-06 02:00:00,25.1,58,0.0,9.0,0,1005.3
2022-07-06 03:00:00,24.8,58,0.0,6.8,0,1004.8
2022-07-06 04:00:00,24.0,62,0.0,5.4,0,1004.7
2022-07-06 05:00:00,22.9,69,0.0,5.6,0,1004.4
2022-07-06 06:00:00,21.9,75,0.0,5.6,0,1004.5
2022-07-06 07:00:00,23.4,70,0.0,6.1,0,1005.0
2022-07-06 08:00:00,26.0,56,0.0,5.5,0,1005.1
2022-07-06 09:00:00,28.7,43,0.0,6.6,0,1005.6
2022-07-06 10:00:00,31.2,33,0.0,6.8,0,1005.4
2022-07-06 11:00:00,33.8,25,0.0,6.2,0,1005.2
2022-07-06 12:00:00,35.9,18,0.0,8.0,0,1004.8
2022-07-06 13:00:00,37.2,15,0.0,11.8,0,1004.4
2022-07-06 14:00:00,37.8,13,0.0,14.2,0,1004.0
2022-07-06 15:00:00,36.1,15,0.0,14.8,0,1004.4
2022-07-06 16:00:00,36.7,14,0.0,13.9,0,1004.1
2022-07-06 17:00:00,36.7,15,0.0,12.8,0,1003.7
2022-07-06 18:00:00,36.4,15,0.0,11.6,0,1003.3
2022-07-06 19:00:00,35.9,16,0.0,12.1,0,1003.1
2022-07-06 20:00:00,33.4,19,0.0,15.6,0,1003.2
2022-07-06 21:00:00,31.7,23,0.0,17.4,0,1004.1
2022-07-06 22:00:00,29.9,30,0.0,15.5,0,1005.0
2022-07-06 23:00:00,28.4,38,0.0,11.2,0,1005.7
2022-07-07 00:00:00,27.0,45,0.0,8.3,0,1005.9
2022-07-07 01:00:00,25.8,51,0.0,5.9,0,1005.9
2022-07-07 02:00:00,24.0,59,0.0,5.4,0,1005.9
2022-07-07 03:00:00,23.3,59,0.0,5.4,0,1005.4
2022-07-07 04:00:00,22.8,62,0.0,5.4,0,1005.5
2022-07-07 05:00:00,21.4,70,0.0,6.2,0,1005.4
2022-07-07 06:00:00,21.0,76,0.0,5.9,0,1005.5
2022-07-07 07:00:00,22.5,72,0.0,8.0,0,1005.9
2022-07-07 08:00:00,24.9,62,0.0,8.0,0,1006.2
2022-07-07 09:00:00,27.5,49,0.0,7.5,0,1006.2
2022-07-07 10:00:00,30.4,35,0.0,7.0,0,1006.1
2022-07-07 11:00:00,33.2,24,0.0,6.0,0,1005.8
2022-07-07 12:00:00,35.4,16,0.0,3.1,0,1005.3
2022-07-07 13:00:00,36.9,13,0.0,4.4,0,1004.9
2022-07-07 14:00:00,38.0,12,0.0,8.5,0,1004.3
2022-07-07 15:00:00,36.3,14,0.0,13.8,0,1004.8
2022-07-07 16:00:00,36.7,13,0.0,13.6,0,1004.6
2022-07-07 17:00:00,36.6,12,0.0,11.9,0,1004.2
2022-07-07 18:00:00,36.1,17,0.0,11.1,0,1003.9
2022-07-07 19:00:00,35.0,23,0.0,8.9,0,1003.7
2022-07-07 20:00:00,33.7,26,0.0,10.4,0,1004.2
2022-07-07 21:00:00,31.5,35,0.0,19.4,0,1005.0
2022-07-07 22:00:00,29.6,44,0.0,16.7,0,1005.8
2022-07-07 23:00:00,28.1,50,0.0,13.2,0,1006.0
2022-07-08 00:00:00,26.7,55,0.0,10.6,0,1006.2
2022-07-08 01:00:00,25.4,62,0.0,10.0,0,1006.1
2022-07-08 02:00:00,24.4,68,0.0,8.4,0,1005.9
2022-07-08 03:00:00,23.8,76,0.0,7.1,0,1005.9
2022-07-08 04:00:00,23.1,80,0.0,5.9,2,1005.8
2022-07-08 05:00:00,22.2,84,0.0,4.6,1,1005.8
2022-07-08 06:00:00,21.4,88,0.0,6.0,0,1005.8
2022-07-08 07:00:00,23.1,78,0.0,5.5,1,1006.1
2022-07-08 08:00:00,25.2,68,0.0,7.3,1,1006.5
2022-07-08 09:00:00,27.3,60,0.0,9.2,2,1006.3
2022-07-08 10:00:00,29.5,51,0.0,7.9,2,1005.7
2022-07-08 11:00:00,31.8,42,0.0,7.2,1,1005.4
2022-07-08 12:00:00,34.0,35,0.0,7.9,0,1005.0
2022-07-08 13:00:00,35.7,31,0.0,8.9,0,1004.4
2022-07-08 14:00:00,37.0,27,0.0,10.0,0,1003.5
2022-07-08 15:00:00,34.7,34,0.0,9.0,0,1003.8
2022-07-08 16:00:00,36.1,31,0.0,9.8,0,1003.6
2022-07-08 17:00:00,36.6,28,0.0,10.4,0,1003.1
2022-07-08 18:00:00,36.6,27,0.0,12.0,0,1002.6
2022-07-08 19:00:00,35.8,27,0.0,14.3,0,1002.4
2022-07-08 20:00:00,33.9,31,0.0,16.4,0,1002.7
2022-07-08 21:00:00,31.9,36,0.0,19.5,0,1003.6
2022-07-08 22:00:00,30.0,41,0.0,18.8,0,1004.4
2022-07-08 23:00:00,28.3,51,0.0,15.6,0,1005.2
2022-07-09 00:00:00,26.8,62,0.0,13.1,0,1005.5
2022-07-09 01:00:00,25.5,72,0.0,11.6,0,1005.4
2022-07-09 02:00:00,24.3,82,0.0,9.0,0,1005.2
2022-07-09 03:00:00,23.5,86,0.0,7.9,0,1004.9
2022-07-09 04:00:00,23.2,89,0.0,7.9,7,1005.0
2022-07-09 05:00:00,22.9,91,0.0,6.9,10,1005.0
2022-07-09 06:00:00,22.7,92,0.0,7.2,14,1005.2
2022-07-09 07:00:00,23.6,85,0.0,9.4,12,1005.5
2022-07-09 08:00:00,25.3,75,0.0,9.8,15,1005.6
2022-07-09 09:00:00,27.5,62,0.0,8.1,0,1005.5
2022-07-09 10:00:00,30.4,46,0.0,8.2,0,1005.1
2022-07-09 11:00:00,33.3,33,0.0,10.5,0,1004.7
2022-07-09 12:00:00,35.7,25,0.0,13.0,0,1004.1
2022-07-09 13:00:00,37.7,19,0.0,15.0,0,1003.2
2022-07-09 14:00:00,39.2,17,0.0,17.5,0,1002.3
2022-07-09 15:00:00,38.0,19,0.0,16.5,0,1003.1
2022-07-09 16:00:00,39.2,14,0.0,17.9,0,1002.6
2022-07-09 17:00:00,39.1,13,0.0,20.4,0,1002.0
2022-07-09 18:00:00,38.3,15,0.0,20.6,0,1002.0
2022-07-09 19:00:00,36.8,18,0.0,19.2,0,1002.3
2022-07-09 20:00:00,34.7,22,0.0,15.4,0,1002.6
2022-07-09 21:00:00,33.0,26,0.0,12.7,0,1003.2
2022-07-09 22:00:00,31.6,30,0.0,11.0,0,1003.7
2022-07-09 23:00:00,30.2,34,0.0,9.5,0,1004.0
2022-07-10 00:00:00,28.7,40,0.0,9.2,0,1004.0
2022-07-10 01:00:00,27.3,47,0.0,7.0,0,1003.8
2022-07-10 02:00:00,25.2,56,0.0,6.5,0,1003.4
2022-07-10 03:00:00,24.6,60,0.0,5.6,0,1002.6
2022-07-10 04:00:00,24.7,62,0.0,6.3,0,1002.6
2022-07-10 05:00:00,24.1,67,0.0,9.3,0,1002.8
2022-07-10 06:00:00,23.4,76,0.0,9.8,1,1003.1
2022-07-10 07:00:00,23.8,84,0.0,10.5,20,1003.3
2022-07-10 08:00:00,25.9,73,0.0,10.7,35,1003.6
2022-07-10 09:00:00,28.0,64,0.0,9.5,25,1003.5
2022-07-10 10:00:00,30.4,53,0.0,9.2,10,1003.4
2022-07-10 11:00:00,32.9,43,0.0,9.1,1,1003.3
2022-07-10 12:00:00,35.2,36,0.0,9.4,1,1003.0
2022-07-10 13:00:00,36.8,30,0.0,11.8,3,1002.3
2022-07-10 14:00:00,38.0,27,0.0,14.8,9,1001.7
2022-07-10 15:00:00,35.7,33,0.0,15.4,0,1002.2
2022-07-10 16:00:00,36.5,30,0.0,15.0,0,1002.1
2022-07-10 17:00:00,36.5,28,0.0,13.9,5,1001.7
2022-07-10 18:00:00,35.6,29,0.0,15.2,13,1001.6
2022-07-10 19:00:00,34.0,30,0.0,17.9,1,1001.9
2022-07-10 20:00:00,32.4,33,0.0,16.1,0,1002.6
2022-07-10 21:00:00,30.5,40,0.0,19.1,0,1003.6
2022-07-10 22:00:00,29.1,44,0.0,18.0,0,1004.8
2022-07-10 23:00:00,27.7,50,0.0,16.4,0,1005.4
2022-07-11 00:00:00,26.5,54,0.0,13.9,0,1005.7
2022-07-11 01:00:00,25.5,60,0.0,11.8,0,1005.5
2022-07-11 02:00:00,24.7,66,0.0,9.6,0,1005.6
2022-07-11 03:00:00,24.6,66,0.0,9.4,0,1005.3
2022-07-11 04:00:00,23.9,71,0.0,8.3,0,1005.5
2022-07-11 05:00:00,23.3,76,0.0,8.0,0,1005.4
2022-07-11 06:00:00,22.7,79,0.0,7.0,0,1005.6
2022-07-11 07:00:00,23.6,75,0.0,7.0,7,1006.0
2022-07-11 08:00:00,25.5,68,0.0,11.5,57,1006.4
2022-07-11 09:00:00,27.2,59,0.0,9.4,26,1006.7
2022-07-11 10:00:00,29.3,49,0.0,8.0,20,1006.7
2022-07-11 11:00:00,31.0,41,0.0,7.6,9,1006.4
2022-07-11 12:00:00,32.8,36,0.0,7.8,7,1005.9
2022-07-11 13:00:00,34.3,32,0.0,9.2,2,1005.3
2022-07-11 14:00:00,35.4,29,0.0,10.2,0,1004.8
2022-07-11 15:00:00,33.0,35,0.0,12.9,0,1005.4
2022-07-11 16:00:00,34.5,32,0.0,12.5,60,1005.0
2022-07-11 17:00:00,34.3,33,0.0,13.1,21,1004.8
2022-07-11 18:00:00,33.8,34,0.0,13.8,5,1004.7
2022-07-11 19:00:00,32.9,36,0.0,14.1,4,1005.0
2022-07-11 20:00:00,31.5,38,0.0,14.2,0,1005.4
2022-07-11 21:00:00,29.9,42,0.0,17.1,0,1006.1
2022-07-11 22:00:00,28.7,46,0.0,16.1,0,1006.8
2022-07-11 23:00:00,27.4,51,0.0,14.6,0,1007.4
2022-07-12 00:00:00,26.4,55,0.0,12.1,0,1007.5
2022-07-12 01:00:00,25.5,60,0.0,11.3,0,1007.6
2022-07-12 02:00:00,24.4,67,0.0,10.9,0,1007.5
2022-07-12 03:00:00,23.3,73,0.0,9.3,0,1007.6
2022-07-12 04:00:00,22.7,79,0.0,7.9,0,1008.1
2022-07-12 05:00:00,22.1,84,0.0,5.6,0,1008.1
2022-07-12 06:00:00,21.5,88,0.0,4.7,9,1008.2
2022-07-12 07:00:00,22.7,82,0.0,7.6,17,1008.3
2022-07-12 08:00:00,24.4,73,0.0,10.0,49,1008.5
2022-07-12 09:00:00,26.3,63,0.0,7.4,26,1008.6
2022-07-12 10:00:00,28.7,52,0.0,6.3,8,1008.6
2022-07-12 11:00:00,31.3,42,0.0,6.6,0,1008.3
2022-07-12 12:00:00,33.7,35,0.0,7.6,0,1008.1
2022-07-12 13:00:00,35.7,31,0.0,9.0,0,1007.2
2022-07-12 14:00:00,37.4,26,0.0,10.3,0,1006.6
2022-07-12 15:00:00,36.1,29,0.0,12.3,0,1007.0
2022-07-12 16:00:00,37.2,26,0.0,13.7,0,1006.6
2022-07-12 17:00:00,37.3,25,0.0,14.8,0,1006.0
2022-07-12 18:00:00,36.8,26,0.0,14.8,0,1005.6
2022-07-12 19:00:00,36.1,28,0.0,15.5,0,1005.5
2022-07-12 20:00:00,34.4,29,0.0,17.7,0,1005.8
2022-07-12 21:00:00,32.9,31,0.0,20.2,0,1006.5
2022-07-12 22:00:00,30.4,43,0.0,18.8,0,1007.6
2022-07-12 23:00:00,28.7,52,0.0,16.2,0,1007.8
2022-07-13 00:00:00,27.4,58,0.0,15.2,0,1007.9
2022-07-13 01:00:00,26.2,64,0.0,13.5,0,1007.8
2022-07-13 02:00:00,25.0,73,0.0,11.5,0,1007.8
2022-07-13 03:00:00,24.2,77,0.0,11.2,0,1007.8
2022-07-13 04:00:00,23.6,82,0.0,10.0,3,1007.9
2022-07-13 05:00:00,23.0,87,0.0,10.8,29,1008.0
2022-07-13 06:00:00,22.6,90,0.0,10.0,32,1007.9
2022-07-13 07:00:00,22.9,86,0.0,10.4,39,1008.2
2022-07-13 08:00:00,24.5,75,0.0,10.5,20,1008.4
2022-07-13 09:00:00,26.6,63,0.0,9.3,1,1008.3
2022-07-13 10:00:00,29.0,50,0.0,8.4,0,1008.0
2022-07-13 11:00:00,31.5,38,0.0,8.4,0,1007.5
2022-07-13 12:00:00,33.8,30,0.0,8.3,0,1007.1
2022-07-13 13:00:00,35.7,25,0.0,9.2,0,1006.3
2022-07-13 14:00:00,37.0,21,0.0,12.0,0,1005.2
2022-07-13 15:00:00,35.0,26,0.0,13.7,0,1005.7
2022-07-13 16:00:00,36.0,24,0.0,15.3,0,1005.4
2022-07-13 17:00:00,35.9,26,0.0,17.8,0,1005.1
2022-07-13 18:00:00,34.3,30,0.0,20.9,0,1004.8
2022-07-13 19:00:00,32.0,35,0.0,21.5,0,1005.3
2022-07-13 20:00:00,29.9,39,0.0,19.3,0,1005.8
2022-07-13 21:00:00,28.6,42,0.0,18.3,0,1006.6
2022-07-13 22:00:00,27.4,46,0.0,16.0,0,1007.1
2022-07-13 23:00:00,26.1,53,0.0,14.8,0,1007.3
2022-07-14 00:00:00,24.7,63,0.0,14.4,0,1007.6
2022-07-14 01:00:00,23.6,72,0.0,12.8,0,1007.2
2022-07-14 02:00:00,22.9,77,0.0,10.5,0,1006.8
2022-07-14 03:00:00,22.9,79,0.0,8.2,0,1006.5
2022-07-14 04:00:00,23.0,77,0.0,7.7,59,1006.5
2022-07-14 05:00:00,22.7,78,0.0,7.4,100,1006.5
2022-07-14 06:00:00,22.7,76,0.0,8.7,100,1006.5
2022-07-14 07:00:00,23.6,72,0.0,11.1,92,1006.7
2022-07-14 08:00:00,24.9,67,0.0,12.6,34,1006.9
2022-07-14 09:00:00,26.7,60,0.0,12.4,12,1006.7
2022-07-14 10:00:00,28.9,51,0.0,10.4,13,1006.4
2022-07-14 11:00:00,31.4,41,0.0,9.6,1,1005.9
2022-07-14 12:00:00,33.8,32,0.0,11.0,0,1005.3
2022-07-14 13:00:00,35.8,27,0.0,12.1,0,1004.6
2022-07-14 14:00:00,37.4,21,0.0,13.5,0,1003.8
2022-07-14 15:00:00,34.9,24,0.0,14.7,0,1004.4
2022-07-14 16:00:00,35.7,22,0.0,15.2,0,1003.9
2022-07-14 17:00:00,35.5,22,0.0,16.4,0,1003.4
2022-07-14 18:00:00,34.6,23,0.0,17.4,0,1003.0
2022-07-14 19:00:00,33.0,26,0.0,18.6,0,1003.0
2022-07-14 20:00:00,30.7,32,0.0,17.9,0,1003.6
2022-07-14 21:00:00,29.1,35,0.0,19.2,0,1004.4
2022-07-14 22:00:00,27.6,38,0.0,16.9,0,1005.2
2022-07-14 23:00:00,26.2,43,0.0,14.0,0,1005.5
2022-07-15 00:00:00,24.7,54,0.0,12.6,0,1005.6
2022-07-15 01:00:00,23.5,64,0.0,9.3,0,1005.4
2022-07-15 02:00:00,22.3,72,0.0,6.0,0,1005.2
2022-07-15 03:00:00,20.9,77,0.0,7.7,0,1004.7
2022-07-15 04:00:00,20.9,79,0.0,6.8,0,1004.7
2022-07-15 05:00:00,21.2,79,0.0,5.6,0,1004.7
2022-07-15 06:00:00,21.4,80,0.0,3.4,0,1004.8
2022-07-15 07:00:00,21.4,80,0.0,1.9,0,1005.0
2022-07-15 08:00:00,23.9,67,0.0,2.5,0,1005.5
2022-07-15 09:00:00,26.6,57,0.0,3.9,0,1005.5
2022-07-15 10:00:00,29.2,46,0.0,4.9,0,1005.6
2022-07-15 11:00:00,31.6,36,0.0,6.5,0,1005.4
2022-07-15 12:00:00,33.5,29,0.0,11.2,0,1005.1
2022-07-15 13:00:00,34.5,24,0.0,15.6,0,1004.8
2022-07-15 14:00:00,35.4,21,0.0,15.9,0,1004.4
2022-07-15 15:00:00,34.2,23,0.0,13.0,0,1004.2
2022-07-15 16:00:00,34.9,21,0.0,11.6,0,1003.7
2022-07-15 17:00:00,34.8,21,0.0,11.1,0,1003.2
2022-07-15 18:00:00,34.3,22,0.0,10.8,0,1003.3
2022-07-15 19:00:00,33.3,25,0.0,10.2,0,1003.5
2022-07-15 20:00:00,31.6,31,0.0,8.9,0,1003.8
2022-07-15 21:00:00,30.5,32,0.0,17.7,1,1004.2
2022-07-15 22:00:00,29.5,28,0.0,16.0,0,1005.2
2022-07-15 23:00:00,28.3,31,0.0,11.6,1,1005.8
2022-07-16 00:00:00,26.7,39,0.0,8.6,0,1005.9
2022-07-16 01:00:00,25.3,48,0.0,6.8,0,1006.0
2022-07-16 02:00:00,23.6,57,0.0,5.4,0,1005.7
2022-07-16 03:00:00,23.6,55,0.0,6.1,0,1005.3
2022-07-16 04:00:00,23.3,56,0.0,7.9,0,1005.3
2022-07-16 05:00:00,22.4,62,0.0,7.0,0,1005.4
2022-07-16 06:00:00,21.5,73,0.0,6.1,0,1005.5
2022-07-16 07:00:00,22.9,74,0.0,8.2,0,1005.7
2022-07-16 08:00:00,25.1,70,0.0,10.5,0,1006.1
2022-07-16 09:00:00,26.9,60,0.0,11.4,4,1006.2
2022-07-16 10:00:00,28.6,52,0.0,10.8,3,1006.2
2022-07-16 11:00:00,30.5,42,0.0,11.3,1,1006.2
2022-07-16 12:00:00,32.2,35,0.0,11.8,3,1006.0
2022-07-16 13:00:00,33.8,30,0.0,11.3,1,1005.5
2022-07-16 14:00:00,35.1,27,0.0,12.0,0,1004.7
2022-07-16 15:00:00,34.7,28,0.0,11.5,0,1004.5
2022-07-16 16:00:00,36.2,25,0.0,11.2,0,1004.0
2022-07-16 17:00:00,37.0,21,0.0,12.6,0,1003.3
2022-07-16 18:00:00,36.5,21,0.0,16.8,0,1003.1
2022-07-16 19:00:00,34.7,23,0.0,19.7,0,1003.2
2022-07-16 20:00:00,32.3,29,0.0,18.9,0,1003.9
2022-07-16 21:00:00,30.3,37,0.0,18.4,0,1004.6
2022-07-16 22:00:00,28.8,43,0.0,15.5,0,1005.7
2022-07-16 23:00:00,27.4,51,0.0,13.0,0,1006.1
2022-07-17 00:00:00,25.9,62,0.0,11.7,0,1006.4
2022-07-17 01:00:00,24.7,73,0.0,11.1,0,1006.2
2022-07-17 02:00:00,23.8,80,0.0,9.3,0,1006.0
2022-07-17 03:00:00,23.3,84,0.0,7.1,0,1005.7
2022-07-17 04:00:00,23.0,87,0.0,6.4,55,1005.5
2022-07-17 05:00:00,23.3,86,0.0,7.9,100,1005.4
2022-07-17 06:00:00,23.5,84,0.0,8.4,100,1005.6
2022-07-17 07:00:00,24.0,79,0.0,8.9,89,1005.9
2022-07-17 08:00:00,25.0,73,0.0,9.9,15,1006.0
2022-07-17 09:00:00,26.9,63,0.0,9.4,2,1005.8
2022-07-17 10:00:00,29.5,51,0.0,8.6,0,1005.6
2022-07-17 11:00:00,32.5,37,0.0,8.4,0,1005.2
2022-07-17 12:00:00,35.2,26,0.0,8.7,0,1004.8
2022-07-17 13:00:00,37.1,21,0.0,9.6,0,1004.3
2022-07-17 14:00:00,38.3,19,0.0,9.7,0,1003.3
2022-07-17 15:00:00,37.5,20,0.0,10.8,0,1003.5
2022-07-17 16:00:00,38.3,18,0.0,13.0,0,1003.0
2022-07-17 17:00:00,38.1,18,0.0,13.8,0,1002.7
2022-07-17 18:00:00,37.6,19,0.0,13.5,0,1002.3
2022-07-17 19:00:00,36.5,21,0.0,14.1,0,1002.2
2022-07-17 20:00:00,34.6,25,0.0,10.5,0,1002.1
2022-07-17 21:00:00,33.1,27,0.0,19.8,0,1002.8
2022-07-17 22:00:00,31.3,30,0.0,18.4,0,1003.9
2022-07-17 23:00:00,29.5,36,0.0,14.2,0,1004.4
2022-07-18 00:00:00,28.0,42,0.0,12.1,0,1004.7
2022-07-18 01:00:00,26.5,50,0.0,9.4,0,1004.4
2022-07-18 02:00:00,25.3,57,0.0,7.3,0,1004.2
2022-07-18 03:00:00,24.0,66,0.0,8.6,0,1004.2
2022-07-18 04:00:00,23.4,75,0.0,8.0,0,1004.2
2022-07-18 05:00:00,22.5,84,0.0,5.6,0,1004.0
2022-07-18 06:00:00,21.6,91,0.0,5.0,0,1004.0
2022-07-18 07:00:00,22.7,88,0.0,7.2,0,1004.3
2022-07-18 08:00:00,24.8,78,0.0,5.8,0,1004.4
2022-07-18 09:00:00,27.5,64,0.0,6.0,0,1004.1
2022-07-18 10:00:00,30.7,47,0.0,5.2,0,1003.8
2022-07-18 11:00:00,33.9,33,0.0,6.0,0,1003.6
2022-07-18 12:00:00,36.6,25,0.0,8.0,0,1003.3
2022-07-18 13:00:00,38.5,21,0.0,9.0,0,1002.5
2022-07-18 14:00:00,39.8,18,0.0,10.8,0,1001.5
2022-07-18 15:00:00,38.9,20,0.0,10.3,0,1001.7
2022-07-18 16:00:00,39.7,18,0.0,12.6,0,1001.2
2022-07-18 17:00:00,39.5,18,0.0,13.9,0,1000.7
2022-07-18 18:00:00,38.9,18,0.0,13.3,0,1000.5
2022-07-18 19:00:00,38.0,18,0.0,11.9,0,1000.8
2022-07-18 20:00:00,35.9,20,0.0,7.2,0,1001.2
2022-07-18 21:00:00,34.6,21,0.0,16.7,0,1001.9
2022-07-18 22:00:00,32.7,25,0.0,19.0,0,1002.7
2022-07-18 23:00:00,31.1,31,0.0,15.6,0,1002.9
2022-07-19 00:00:00,29.6,35,0.0,11.5,0,1003.5
2022-07-19 01:00:00,28.4,38,0.0,10.4,0,1003.5
2022-07-19 02:00:00,27.4,42,0.0,9.0,0,1003.3
2022-07-19 03:00:00,26.1,49,0.0,5.9,0,1003.1
2022-07-19 04:00:00,25.5,51,0.0,5.7,0,1003.3
2022-07-19 05:00:00,24.4,55,0.0,5.6,0,1003.4
2022-07-19 06:00:00,23.1,61,0.0,6.0,0,1003.8
2022-07-19 07:00:00,24.7,58,0.0,6.1,0,1004.1
2022-07-19 08:00:00,27.2,51,0.0,5.2,0,1004.4
2022-07-19 09:00:00,29.9,43,0.0,4.3,0,1004.4
2022-07-19 10:00:00,32.8,34,0.0,3.8,0,1004.1
2022-07-19 11:00:00,35.4,26,0.0,3.2,0,1004.1
2022-07-19 12:00:00,37.4,22,0.0,2.5,0,1003.7
2022-07-19 13:00:00,39.0,19,0.0,1.9,0,1003.1
2022-07-19 14:00:00,40.0,18,0.0,3.6,0,1002.5
2022-07-19 15:00:00,37.7,22,0.0,9.2,0,1003.1
2022-07-19 16:00:00,38.6,21,0.0,10.9,0,1002.8
2022-07-19 17:00:00,38.2,20,0.0,12.4,0,1002.3
2022-07-19 18:00:00,37.9,20,0.0,8.4,0,1002.2
2022-07-19 19:00:00,37.2,19,0.0,11.7,0,1002.0
2022-07-19 20:00:00,35.4,21,0.0,8.7,0,1002.3
2022-07-19 21:00:00,32.8,23,0.0,6.1,0,1002.6
2022-07-19 22:00:00,31.9,34,0.0,22.8,0,1004.0
2022-07-19 23:00:00,30.7,40,0.0,15.8,0,1004.6
2022-07-20 00:00:00,29.3,49,0.0,12.4,0,1004.9
2022-07-20 01:00:00,28.3,55,0.0,11.1,0,1004.9
2022-07-20 02:00:00,27.2,58,0.0,9.7,0,1004.8
2022-07-20 03:00:00,26.4,68,0.0,7.9,0,1004.7
2022-07-20 04:00:00,25.8,72,0.0,7.4,0,1004.8
2022-07-20 05:00:00,25.2,75,0.0,7.3,0,1005.0
2022-07-20 06:00:00,24.6,78,0.0,7.1,0,1005.3
2022-07-20 07:00:00,25.1,74,0.0,8.2,0,1005.6
2022-07-20 08:00:00,26.9,66,0.0,8.4,0,1006.0
2022-07-20 09:00:00,29.2,56,0.0,7.6,0,1006.2
2022-07-20 10:00:00,31.8,45,0.0,6.5,0,1006.4
2022-07-20 11:00:00,34.3,36,0.0,4.7,0,1006.1
2022-07-20 12:00:00,36.5,27,0.0,3.3,0,1005.6
2022-07-20 13:00:00,38.1,22,0.0,3.0,0,1004.9
2022-07-20 14:00:00,39.2,20,0.0,3.7,0,1004.1
2022-07-20 15:00:00,37.9,25,0.0,10.4,0,1004.6
2022-07-20 16:00:00,38.5,23,0.0,12.8,2,1004.0
2022-07-20 17:00:00,38.2,22,0.0,13.7,0,1003.7
2022-07-20 18:00:00,37.7,22,0.0,13.0,0,1003.4
2022-07-20 19:00:00,37.0,24,0.0,14.8,0,1003.5
2022-07-20 20:00:00,34.2,28,0.0,19.8,15,1004.2
2022-07-20 21:00:00,33.0,28,0.0,20.5,0,1004.9
2022-07-20 22:00:00,31.3,29,0.0,18.7,0,1005.8
2022-07-20 23:00:00,30.0,33,0.0,14.8,0,1006.4
2022-07-21 00:00:00,28.4,40,0.0,11.9,0,1006.8
2022-07-21 01:00:00,26.9,49,0.0,10.9,0,1006.6
2022-07-21 02:00:00,25.7,57,0.0,8.0,0,1006.3
2022-07-21 03:00:00,24.7,65,0.0,8.9,0,1005.5
2022-07-21 04:00:00,23.9,75,0.0,5.6,0,1005.5
2022-07-21 05:00:00,22.9,82,0.0,4.7,0,1005.6
2022-07-21 06:00:00,22.5,86,0.0,5.1,0,1005.7
2022-07-21 07:00:00,23.4,81,0.0,8.2,0,1005.9
2022-07-21 08:00:00,25.0,74,0.0,9.5,3,1006.1
2022-07-21 09:00:00,27.1,65,0.0,8.7,5,1006.0
2022-07-21 10:00:00,29.7,53,0.0,8.9,1,1005.7
2022-07-21 11:00:00,32.5,41,0.0,10.2,0,1005.5
2022-07-21 12:00:00,34.9,31,0.0,11.8,0,1004.8
2022-07-21 13:00:00,36.7,25,0.0,12.6,0,1004.3
2022-07-21 14:00:00,38.1,21,0.0,13.9,0,1003.4
2022-07-21 15:00:00,36.9,24,0.0,12.4,0,1003.7
2022-07-21 16:00:00,37.8,21,0.0,14.1,0,1003.4
2022-07-21 17:00:00,37.5,22,0.0,15.9,0,1003.1
2022-07-21 18:00:00,36.6,23,0.0,17.8,0,1003.0
2022-07-21 19:00:00,35.1,23,0.0,19.9,0,1003.4
2022-07-21 20:00:00,32.8,29,0.0,19.6,0,1003.9
2022-07-21 21:00:00,30.8,35,0.0,20.6,0,1004.6
2022-07-21 22:00:00,29.1,43,0.0,18.0,0,1005.9
2022-07-21 23:00:00,27.7,51,0.0,14.5,0,1006.2
2022-07-22 00:00:00,26.3,60,0.0,11.8,0,1006.4
2022-07-22 01:00:00,25.1,69,0.0,10.5,0,1006.1
2022-07-22 02:00:00,24.2,74,0.0,8.1,0,1005.8
2022-07-22 03:00:00,23.2,80,0.0,4.7,0,1005.5
2022-07-22 04:00:00,23.2,81,0.0,5.7,3,1005.7
2022-07-22 05:00:00,22.7,84,0.0,5.6,11,1005.8
2022-07-22 06:00:00,22.2,87,0.0,5.4,13,1006.0
2022-07-22 07:00:00,23.2,82,0.0,8.5,68,1006.3
2022-07-22 08:00:00,24.9,73,0.0,10.8,28,1006.6
2022-07-22 09:00:00,26.8,63,0.0,8.8,25,1006.9
2022-07-22 10:00:00,29.2,53,0.0,8.1,16,1006.6
2022-07-22 11:00:00,32.0,40,0.0,7.6,0,1006.3
2022-07-22 12:00:00,34.7,28,0.0,9.5,0,1005.8
2022-07-22 13:00:00,36.6,22,0.0,10.8,0,1005.4
2022-07-22 14:00:00,38.0,19,0.0,11.3,0,1004.8
2022-07-22 15:00:00,36.4,23,0.0,10.6,0,1004.9
2022-07-22 16:00:00,37.4,20,0.0,12.3,0,1004.5
2022-07-22 17:00:00,37.6,19,0.0,13.3,0,1004.3
2022-07-22 18:00:00,37.2,20,0.0,13.7,0,1004.1
2022-07-22 19:00:00,36.4,23,0.0,12.4,0,1004.2
2022-07-22 20:00:00,34.4,28,0.0,19.6,0,1004.4
2022-07-22 21:00:00,32.0,31,0.0,20.2,0,1005.3
2022-07-22 22:00:00,30.2,34,0.0,16.9,0,1006.2
2022-07-22 23:00:00,28.9,39,0.0,13.4,0,1006.6
2022-07-23 00:00:00,27.6,45,0.0,10.6,0,1006.7
2022-07-23 01:00:00,26.5,51,0.0,9.0,0,1006.6
2022-07-23 02:00:00,25.5,57,0.0,8.4,0,1006.5
2022-07-23 03:00:00,24.4,63,0.0,7.2,0,1006.6
2022-07-23 04:00:00,23.7,70,0.0,6.4,0,1006.6
2022-07-23 05:00:00,22.7,77,0.0,4.8,0,1006.7
2022-07-23 06:00:00,21.6,84,0.0,5.2,0,1006.8
2022-07-23 07:00:00,22.7,81,0.0,6.5,0,1007.0
2022-07-23 08:00:00,24.6,75,0.0,6.9,0,1007.1
2022-07-23 09:00:00,27.2,63,0.0,7.7,0,1007.0
2022-07-23 10:00:00,30.4,46,0.0,6.9,0,1006.9
2022-07-23 11:00:00,33.6,31,0.0,6.6,0,1006.7
2022-07-23 12:00:00,36.2,22,0.0,7.2,0,1006.3
2022-07-23 13:00:00,38.0,18,0.0,9.0,0,1005.5
2022-07-23 14:00:00,39.2,16,0.0,11.4,0,1004.4
2022-07-23 15:00:00,38.2,17,0.0,13.8,0,1004.6
2022-07-23 16:00:00,39.0,16,0.0,14.1,0,1003.9
2022-07-23 17:00:00,39.1,16,0.0,14.1,0,1003.5
2022-07-23 18:00:00,38.4,19,0.0,16.7,0,1003.1
2022-07-23 19:00:00,35.9,22,0.0,21.4,0,1003.5
2022-07-23 20:00:00,33.6,26,0.0,19.7,0,1003.9
2022-07-23 21:00:00,31.7,29,0.0,19.5,0,1004.5
2022-07-23 22:00:00,30.0,33,0.0,16.1,0,1005.3
2022-07-23 23:00:00,28.3,40,0.0,13.1,0,1005.5
2022-07-24 00:00:00,26.7,49,0.0,10.0,0,1005.5
2022-07-24 01:00:00,25.2,57,0.0,8.4,0,1005.4
2022-07-24 02:00:00,24.1,63,0.0,7.4,0,1005.0
2022-07-24 03:00:00,23.7,69,0.0,7.7,0,1004.4
2022-07-24 04:00:00,23.3,74,0.0,7.0,0,1004.6
2022-07-24 05:00:00,22.5,81,0.0,5.9,0,1004.5
2022-07-24 06:00:00,21.7,90,0.0,5.4,2,1004.5
2022-07-24 07:00:00,22.7,88,0.0,8.9,18,1004.9
2022-07-24 08:00:00,24.6,79,0.0,9.7,37,1005.2
2022-07-24 09:00:00,26.8,67,0.0,7.0,9,1004.9
2022-07-24 10:00:00,29.8,52,0.0,6.9,0,1004.6
2022-07-24 11:00:00,33.2,35,0.0,7.6,0,1004.0
2022-07-24 12:00:00,36.1,26,0.0,8.8,0,1003.5
2022-07-24 13:00:00,38.3,19,0.0,10.8,0,1002.6
2022-07-24 14:00:00,39.8,16,0.0,12.1,0,1001.8
2022-07-24 15:00:00,38.7,18,0.0,12.0,0,1001.7
2022-07-24 16:00:00,39.5,16,0.0,14.3,0,1001.0
2022-07-24 17:00:00,39.3,17,0.0,15.2,0,1000.6
2022-07-24 18:00:00,38.6,19,0.0,16.4,0,1000.4
2022-07-24 19:00:00,36.2,22,0.0,21.7,0,1000.6
2022-07-24 20:00:00,34.2,24,0.0,19.3,0,1001.1
2022-07-24 21:00:00,32.4,27,0.0,18.2,0,1001.8
2022-07-24 22:00:00,31.0,30,0.0,14.4,0,1002.5
2022-07-24 23:00:00,29.6,34,0.0,10.8,0,1002.8
2022-07-25 00:00:00,28.2,40,0.0,8.9,0,1002.8
2022-07-25 01:00:00,26.8,47,0.0,7.9,0,1002.7
2022-07-25 02:00:00,25.6,54,0.0,6.3,0,1002.4
2022-07-25 03:00:00,23.7,63,0.0,5.7,0,1002.4
2022-07-25 04:00:00,23.4,73,0.0,6.9,0,1002.2
2022-07-25 05:00:00,22.5,83,0.0,6.1,0,1002.1
2022-07-25 06:00:00,20.9,95,0.0,6.6,0,1002.2
2022-07-25 07:00:00,22.2,92,0.0,5.4,14,1002.5
2022-07-25 08:00:00,23.9,83,0.0,5.7,20,1003.1
2022-07-25 09:00:00,26.4,67,0.0,6.4,4,1003.3
2022-07-25 10:00:00,29.7,48,0.0,7.1,1,1003.2
2022-07-25 11:00:00,33.4,32,0.0,6.9,0,1002.9
2022-07-25 12:00:00,36.4,22,0.0,6.4,0,1002.3
2022-07-25 13:00:00,38.4,16,0.0,6.1,0,1001.7
2022-07-25 14:00:00,39.6,14,0.0,6.5,0,1001.0
2022-07-25 15:00:00,38.8,15,0.0,10.0,0,1000.7
2022-07-25 16:00:00,39.6,14,0.0,11.5,0,1000.2
2022-07-25 17:00:00,39.5,14,0.0,12.5,0,999.8
2022-07-25 18:00:00,39.0,14,0.0,11.9,0,999.6
2022-07-25 19:00:00,38.1,15,0.0,10.3,0,999.6
2022-07-25 20:00:00,34.3,20,0.0,7.7,0,999.5
2022-07-25 21:00:00,33.7,20,0.0,22.0,0,1000.9
2022-07-25 22:00:00,31.9,23,0.0,14.8,0,1001.8
2022-07-25 23:00:00,30.3,28,0.0,10.8,0,1002.2
2022-07-26 00:00:00,28.8,33,0.0,9.8,0,1002.3
2022-07-26 01:00:00,27.4,40,0.0,9.4,0,1002.2
2022-07-26 02:00:00,26.1,49,0.0,7.9,0,1002.1
2022-07-26 03:00:00,23.9,54,0.0,5.8,0,1002.3
2022-07-26 04:00:00,23.0,59,0.0,6.1,0,1002.1
2022-07-26 05:00:00,21.9,65,0.0,7.2,0,1002.2
2022-07-26 06:00:00,21.9,68,0.0,6.9,0,1002.1
2022-07-26 07:00:00,22.8,68,0.0,2.9,0,1002.6
2022-07-26 08:00:00,25.7,57,0.0,4.0,0,1002.8
2022-07-26 09:00:00,28.4,48,0.0,6.1,0,1002.9
2022-07-26 10:00:00,31.6,35,0.0,7.6,0,1002.6
2022-07-26 11:00:00,34.6,23,0.0,9.3,0,1002.5
2022-07-26 12:00:00,36.9,16,0.0,11.0,0,1002.3
2022-07-26 13:00:00,38.4,14,0.0,10.5,0,1001.6
2022-07-26 14:00:00,39.6,12,0.0,10.4,0,1001.1
2022-07-26 15:00:00,38.5,14,0.0,11.3,0,1001.2
2022-07-26 16:00:00,39.0,14,0.0,11.8,0,1000.8
2022-07-26 17:00:00,38.7,15,0.0,12.6,0,1000.4
2022-07-26 18:00:00,38.2,15,0.0,12.7,0,1000.1
2022-07-26 19:00:00,37.1,16,0.0,12.7,0,1000.0
2022-07-26 20:00:00,33.7,21,0.0,6.8,0,1000.3
2022-07-26 21:00:00,33.3,23,0.0,11.0,0,1000.9
2022-07-26 22:00:00,32.7,23,0.0,18.8,0,1001.9
2022-07-26 23:00:00,30.8,22,0.0,11.4,0,1002.6
2022-07-27 00:00:00,29.0,26,0.0,7.4,0,1002.6
2022-07-27 01:00:00,27.3,30,0.0,6.2,0,1002.3
2022-07-27 02:00:00,26.3,34,0.0,7.3,0,1002.2
2022-07-27 03:00:00,24.8,68,0.0,6.6,0,1002.4
2022-07-27 04:00:00,24.1,81,0.0,6.7,0,1002.4
2022-07-27 05:00:00,23.3,89,0.0,6.5,0,1002.5
2022-07-27 06:00:00,22.6,93,0.0,6.2,0,1002.3
2022-07-27 07:00:00,23.1,91,0.0,8.4,12,1002.7
2022-07-27 08:00:00,24.8,79,0.0,6.2,15,1003.1
2022-07-27 09:00:00,26.8,68,0.0,4.3,18,1003.3
2022-07-27 10:00:00,29.4,57,0.0,3.7,7,1003.1
2022-07-27 11:00:00,32.4,42,0.0,4.7,0,1002.8
2022-07-27 12:00:00,35.2,27,0.0,5.9,0,1002.4
2022-07-27 13:00:00,37.0,21,0.0,6.1,0,1001.8
2022-07-27 14:00:00,38.3,17,0.0,6.4,0,1001.2
2022-07-27 15:00:00,38.5,14,0.0,10.6,0,1001.0
2022-07-27 16:00:00,39.4,12,0.0,10.9,0,1000.6
2022-07-27 17:00:00,39.4,12,0.0,11.9,0,1000.0
2022-07-27 18:00:00,38.8,12,0.0,12.6,0,999.7
2022-07-27 19:00:00,37.7,12,0.0,12.8,0,999.8
2022-07-27 20:00:00,35.2,15,0.0,10.2,0,1000.1
2022-07-27 21:00:00,34.1,17,0.0,17.8,0,1000.6
2022-07-27 22:00:00,32.7,20,0.0,18.4,0,1001.5
2022-07-27 23:00:00,31.1,24,0.0,15.0,0,1002.0
2022-07-28 00:00:00,29.3,29,0.0,10.7,0,1002.6
2022-07-28 01:00:00,27.8,33,0.0,10.1,0,1003.0
2022-07-28 02:00:00,26.5,39,0.0,10.2,0,1003.0
2022-07-28 03:00:00,25.5,46,0.0,10.1,0,1002.5
2022-07-28 04:00:00,24.8,52,0.0,8.3,0,1002.6
2022-07-28 05:00:00,23.8,58,0.0,7.2,0,1003.0
2022-07-28 06:00:00,22.9,65,0.0,6.9,0,1003.1
2022-07-28 07:00:00,23.3,66,0.0,8.0,0,1003.5
2022-07-28 08:00:00,25.8,60,0.0,7.5,0,1003.7
2022-07-28 09:00:00,28.9,50,0.0,8.9,0,1004.1
2022-07-28 10:00:00,32.3,33,0.0,10.0,0,1003.9
2022-07-28 11:00:00,35.2,21,0.0,12.3,0,1003.8
2022-07-28 12:00:00,37.0,16,0.0,13.3,0,1003.6
2022-07-28 13:00:00,38.3,14,0.0,12.5,0,1003.2
2022-07-28 14:00:00,39.3,13,0.0,10.8,0,1002.5
2022-07-28 15:00:00,39.3,14,0.0,9.8,0,1002.5
2022-07-28 16:00:00,40.1,13,0.0,8.7,0,1002.1
2022-07-28 17:00:00,40.2,13,0.0,8.4,0,1001.7
2022-07-28 18:00:00,39.9,13,0.0,7.4,0,1001.6
2022-07-28 19:00:00,39.0,14,0.0,8.4,0,1001.6
2022-07-28 20:00:00,36.3,17,0.0,10.5,0,1002.2
2022-07-28 21:00:00,34.6,18,0.0,19.9,0,1003.0
2022-07-28 22:00:00,32.6,22,0.0,19.1,0,1004.3
2022-07-28 23:00:00,30.8,27,0.0,14.0,0,1004.6
2022-07-29 00:00:00,29.3,32,0.0,11.2,0,1004.9
2022-07-29 01:00:00,28.0,37,0.0,9.7,0,1004.8
2022-07-29 02:00:00,26.9,44,0.0,9.0,0,1004.7
2022-07-29 03:00:00,25.6,49,0.0,7.2,0,1004.6
2022-07-29 04:00:00,25.0,54,0.0,6.8,0,1004.7
2022-07-29 05:00:00,24.1,60,0.0,5.8,0,1004.6
2022-07-29 06:00:00,22.9,67,0.0,5.4,0,1004.6
2022-07-29 07:00:00,24.1,65,0.0,6.9,0,1005.1
2022-07-29 08:00:00,26.5,58,0.0,6.7,0,1005.6
2022-07-29 09:00:00,29.0,53,0.0,7.5,0,1005.8
2022-07-29 10:00:00,32.1,40,0.0,8.2,0,1005.8
2022-07-29 11:00:00,35.1,27,0.0,8.9,0,1005.5
2022-07-29 12:00:00,37.3,19,0.0,9.2,0,1005.2
2022-07-29 13:00:00,38.7,16,0.0,7.2,0,1004.7
2022-07-29 14:00:00,39.9,14,0.0,5.4,0,1004.0
2022-07-29 15:00:00,39.2,15,0.0,6.0,0,1003.9
2022-07-29 16:00:00,40.1,14,0.0,6.6,0,1003.2
2022-07-29 17:00:00,39.9,13,0.0,9.7,0,1002.6
2022-07-29 18:00:00,39.1,14,0.0,12.9,0,1002.7
2022-07-29 19:00:00,37.9,14,0.0,14.2,0,1002.8
2022-07-29 20:00:00,35.5,17,0.0,11.3,0,1003.2
2022-07-29 21:00:00,32.4,28,0.0,28.1,0,1004.9
2022-07-29 22:00:00,31.2,31,0.0,17.7,0,1005.9
2022-07-29 23:00:00,29.9,34,0.0,14.5,33,1006.0
2022-07-30 00:00:00,28.7,37,0.0,12.4,0,1006.0
2022-07-30 01:00:00,27.3,42,0.0,9.4,0,1005.9
2022-07-30 02:00:00,26.2,48,0.0,8.0,0,1005.7
2022-07-30 03:00:00,24.9,51,0.0,6.2,0,1005.3
2022-07-30 04:00:00,25.1,52,0.0,6.4,0,1005.2
2022-07-30 05:00:00,24.3,57,0.0,6.2,0,1005.2
2022-07-30 06:00:00,23.3,63,0.0,5.6,0,1005.3
2022-07-30 07:00:00,24.3,62,0.0,7.1,0,1005.7
2022-07-30 08:00:00,26.5,58,0.0,6.6,0,1006.0
2022-07-30 09:00:00,28.9,53,0.0,6.1,0,1006.1
2022-07-30 10:00:00,31.9,39,0.0,5.9,0,1006.0
2022-07-30 11:00:00,34.7,26,0.0,7.4,0,1005.7
2022-07-30 12:00:00,36.7,20,0.0,6.5,0,1004.9
2022-07-30 13:00:00,38.1,17,0.0,6.2,0,1004.3
2022-07-30 14:00:00,39.2,15,0.0,8.4,0,1003.5
2022-07-30 15:00:00,38.1,17,0.0,10.4,0,1004.1
2022-07-30 16:00:00,38.5,15,0.0,13.6,0,1003.7
2022-07-30 17:00:00,38.0,14,0.0,15.3,0,1003.5
2022-07-30 18:00:00,37.1,14,0.0,14.5,0,1003.5
2022-07-30 19:00:00,36.1,15,0.0,13.2,0,1003.3
2022-07-30 20:00:00,33.6,19,0.0,7.2,0,1003.3
2022-07-30 21:00:00,32.3,26,0.0,18.6,0,1004.2
2022-07-30 22:00:00,30.9,28,0.0,15.1,0,1005.1
2022-07-30 23:00:00,29.5,32,0.0,10.2,0,1005.3
2022-07-31 00:00:00,28.2,35,0.0,6.8,0,1005.2
2022-07-31 01:00:00,26.8,40,0.0,5.6,0,1004.8
2022-07-31 02:00:00,25.5,45,0.0,6.0,0,1004.6
2022-07-31 03:00:00,24.0,52,0.0,6.1,0,1004.2
2022-07-31 04:00:00,23.0,57,0.0,6.2,0,1004.1
2022-07-31 05:00:00,22.4,60,0.0,6.1,0,1004.0
2022-07-31 06:00:00,21.3,66,0.0,8.2,0,1004.0
2022-07-31 07:00:00,23.1,59,0.0,5.0,0,1004.1
2022-07-31 08:00:00,25.9,50,0.0,6.1,0,1004.3
2022-07-31 09:00:00,27.9,57,0.0,8.4,0,1004.3
2022-07-31 10:00:00,30.4,48,0.0,9.6,0,1004.1
2022-07-31 11:00:00,32.7,40,0.0,11.5,0,1003.6
2022-07-31 12:00:00,34.8,33,0.0,13.4,0,1003.0
2022-07-31 13:00:00,36.4,28,0.0,14.1,0,1002.6
2022-07-31 14:00:00,37.4,29,0.0,15.6,0,1002.0
2022-07-31 15:00:00,36.0,34,0.0,11.8,0,1001.9
2022-07-31 16:00:00,37.2,31,0.0,11.6,0,1001.2
2022-07-31 17:00:00,37.9,26,0.0,10.5,0,1000.6
2022-07-31 18:00:00,37.9,25,0.0,11.1,0,1000.0
2022-07-31 19:00:00,36.8,29,0.0,15.7,1,999.8
2022-07-31 20:00:00,34.5,36,0.0,18.1,1,1000.4
2022-07-31 21:00:00,32.8,42,0.0,19.8,0,1001.3
2022-07-31 22:00:00,30.7,51,0.0,17.8,0,1002.0
2022-07-31 23:00:00,29.0,59,0.0,14.3,0,1002.3
2022-08-01 00:00:00,27.8,65,0.0,12.0,0,1002.7
2022-08-01 01:00:00,26.8,70,0.0,11.4,0,1002.7
2022-08-01 02:00:00,26.0,75,0.0,10.3,0,1002.4
2022-08-01 03:00:00,25.1,79,0.0,8.7,0,1002.3
2022-08-01 04:00:00,24.6,84,0.0,7.1,0,1002.4
2022-08-01 05:00:00,24.1,87,0.0,7.2,0,1002.6
2022-08-01 06:00:00,23.5,91,0.0,6.1,1,1002.7
2022-08-01 07:00:00,24.0,89,0.0,8.2,8,1002.9
2022-08-01 08:00:00,25.9,78,0.0,9.0,7,1003.1
2022-08-01 09:00:00,28.3,63,0.0,8.4,0,1002.9
2022-08-01 10:00:00,31.2,47,0.0,8.7,0,1002.7
2022-08-01 11:00:00,34.2,33,0.0,8.7,0,1002.6
2022-08-01 12:00:00,36.9,25,0.0,9.4,0,1002.3
2022-08-01 13:00:00,38.9,19,0.0,11.0,0,1001.7
2022-08-01 14:00:00,40.3,16,0.0,14.3,0,1001.3
2022-08-01 15:00:00,39.1,19,0.0,14.9,0,1001.2
2022-08-01 16:00:00,40.1,15,0.0,15.8,0,1000.8
2022-08-01 17:00:00,39.8,14,0.0,17.6,0,1000.6
2022-08-01 18:00:00,38.5,17,0.0,19.1,0,1000.4
2022-08-01 19:00:00,36.7,21,0.0,18.9,0,1000.9
2022-08-01 20:00:00,34.5,27,0.0,18.5,0,1001.6
2022-08-01 21:00:00,32.6,33,0.0,17.9,0,1002.4
2022-08-01 22:00:00,31.1,38,0.0,15.5,0,1003.0
2022-08-01 23:00:00,29.4,45,0.0,13.5,0,1003.3
2022-08-02 00:00:00,28.1,52,0.0,12.0,0,1003.4
2022-08-02 01:00:00,26.9,58,0.0,11.0,0,1003.4
2022-08-02 02:00:00,26.0,64,0.0,9.2,0,1003.3
2022-08-02 03:00:00,25.3,68,0.0,7.1,0,1003.1
2022-08-02 04:00:00,24.8,71,0.0,5.4,0,1003.2
2022-08-02 05:00:00,23.6,77,0.0,7.4,0,1003.3
2022-08-02 06:00:00,24.7,73,0.0,4.3,0,1003.5
2022-08-02 07:00:00,24.3,75,0.0,1.6,0,1003.8
2022-08-02 08:00:00,26.5,66,0.0,3.7,0,1003.8
2022-08-02 09:00:00,28.9,57,0.0,5.8,0,1003.8
2022-08-02 10:00:00,31.3,47,0.0,7.9,0,1003.7
2022-08-02 11:00:00,33.6,39,0.0,10.5,0,1003.6
2022-08-02 12:00:00,35.6,33,0.0,12.2,0,1003.2
2022-08-02 13:00:00,37.2,29,0.0,14.1,0,1002.6
2022-08-02 14:00:00,38.1,29,0.0,15.6,0,1002.1
2022-08-02 15:00:00,37.3,29,0.0,12.4,0,1002.1
2022-08-02 16:00:00,39.1,21,0.0,14.2,0,1001.5
2022-08-02 17:00:00,38.8,20,0.0,18.3,0,1001.2
2022-08-02 18:00:00,37.8,21,0.0,19.7,0,1001.4
2022-08-02 19:00:00,36.1,23,0.0,20.1,0,1001.4
2022-08-02 20:00:00,34.0,26,0.0,19.6,0,1002.0
2022-08-02 21:00:00,32.4,30,0.0,18.2,0,1002.8
2022-08-02 22:00:00,30.9,35,0.0,15.9,0,1003.4
2022-08-02 23:00:00,29.3,42,0.0,14.4,0,1003.5
2022-08-03 00:00:00,27.9,50,0.0,12.8,0,1003.8
2022-08-03 01:00:00,26.7,58,0.0,10.0,0,1004.0
2022-08-03 02:00:00,25.7,65,0.0,6.6,0,1004.0
2022-08-03 03:00:00,24.6,71,0.0,4.5,0,1004.0
2022-08-03 04:00:00,23.8,77,0.0,5.4,0,1004.2
2022-08-03 05:00:00,23.0,82,0.0,6.0,0,1004.0
2022-08-03 06:00:00,22.1,88,0.0,7.4,0,1004.0
2022-08-03 07:00:00,23.6,81,0.0,4.4,0,1004.3
2022-08-03 08:00:00,25.8,69,0.0,5.1,0,1004.2
2022-08-03 09:00:00,28.2,57,0.0,4.7,0,1004.4
2022-08-03 10:00:00,31.1,43,0.0,4.4,0,1004.4
2022-08-03 11:00:00,33.9,31,0.0,5.5,0,1004.3
2022-08-03 12:00:00,36.3,23,0.0,7.9,0,1004.1
2022-08-03 13:00:00,37.8,19,0.0,11.1,0,1003.7
2022-08-03 14:00:00,38.4,18,0.0,14.1,0,1003.2
2022-08-03 15:00:00,36.5,24,0.0,14.6,0,1003.8
2022-08-03 16:00:00,37.3,22,0.0,13.8,0,1003.3
2022-08-03 17:00:00,37.4,20,0.0,13.3,8,1002.9
2022-08-03 18:00:00,36.9,20,0.0,13.3,0,1002.6
2022-08-03 19:00:00,35.5,22,0.0,14.3,0,1002.8
2022-08-03 20:00:00,33.7,25,0.0,12.7,0,1003.0
2022-08-03 21:00:00,32.1,29,0.0,16.2,0,1003.7
2022-08-03 22:00:00,30.2,38,0.0,16.6,0,1004.5
2022-08-03 23:00:00,28.6,47,0.0,12.7,0,1005.0
2022-08-04 00:00:00,27.4,54,0.0,10.8,0,1005.5
2022-08-04 01:00:00,26.3,59,0.0,10.3,0,1005.5
2022-08-04 02:00:00,25.3,64,0.0,8.2,0,1005.5
2022-08-04 03:00:00,23.5,71,0.0,6.2,0,1005.0
2022-08-04 04:00:00,22.9,75,0.0,5.6,0,1004.7
2022-08-04 05:00:00,22.1,81,0.0,7.2,0,1004.9
2022-08-04 06:00:00,21.5,84,0.0,7.6,0,1004.8
2022-08-04 07:00:00,23.0,78,0.0,4.5,0,1005.2
2022-08-04 08:00:00,25.2,70,0.0,5.9,0,1005.7
2022-08-04 09:00:00,27.4,62,0.0,6.2,0,1005.6
2022-08-04 10:00:00,30.1,49,0.0,6.5,0,1005.4
2022-08-04 11:00:00,33.1,37,0.0,7.8,0,1005.3
2022-08-04 12:00:00,35.7,28,0.0,9.1,0,1004.9
2022-08-04 13:00:00,37.8,22,0.0,9.8,0,1004.6
2022-08-04 14:00:00,39.1,19,0.0,10.0,0,1003.9
2022-08-04 15:00:00,37.2,24,0.0,11.2,0,1004.1
2022-08-04 16:00:00,38.2,23,0.0,11.0,0,1003.5
2022-08-04 17:00:00,38.4,22,0.0,10.8,0,1003.2
2022-08-04 18:00:00,38.0,22,0.0,10.8,0,1003.1
2022-08-04 19:00:00,37.1,23,0.0,10.7,0,1002.9
2022-08-04 20:00:00,35.3,29,0.0,11.7,0,1003.3
2022-08-04 21:00:00,33.0,34,0.0,19.2,0,1004.1
2022-08-04 22:00:00,31.1,40,0.0,18.4,0,1005.0
2022-08-04 23:00:00,29.6,46,0.0,15.2,0,1005.4
2022-08-05 00:00:00,28.3,54,0.0,13.3,0,1005.8
2022-08-05 01:00:00,27.1,63,0.0,12.6,0,1005.7
2022-08-05 02:00:00,26.2,70,0.0,12.3,0,1005.4
2022-08-05 03:00:00,24.9,76,0.0,9.8,0,1005.4
2022-08-05 04:00:00,24.4,81,0.0,8.0,0,1005.5
2022-08-05 05:00:00,24.0,84,0.0,7.2,1,1005.4
2022-08-05 06:00:00,23.6,86,0.0,6.2,2,1005.5
2022-08-05 07:00:00,23.9,85,0.0,7.8,3,1005.9
2022-08-05 08:00:00,25.4,76,0.0,9.8,42,1006.1
2022-08-05 09:00:00,27.1,67,0.0,7.8,40,1006.0
2022-08-05 10:00:00,29.3,55,0.0,6.9,29,1005.8
2022-08-05 11:00:00,32.2,41,0.0,6.9,2,1005.4
2022-08-05 12:00:00,34.8,31,0.0,7.7,0,1005.0
2022-08-05 13:00:00,36.7,25,0.0,9.8,0,1004.4
2022-08-05 14:00:00,38.0,22,0.0,10.9,0,1003.7
2022-08-05 15:00:00,35.7,27,0.0,10.5,0,1004.3
2022-08-05 16:00:00,36.7,22,0.0,10.5,0,1003.7
2022-08-05 17:00:00,36.8,21,0.0,10.6,0,1003.1
2022-08-05 18:00:00,36.4,21,0.0,10.6,0,1002.9
2022-08-05 19:00:00,35.2,22,0.0,9.6,0,1002.8
2022-08-05 20:00:00,32.6,26,0.0,6.2,0,1002.8
2022-08-05 21:00:00,32.5,28,0.0,8.5,0,1003.3
2022-08-05 22:00:00,29.9,46,0.0,18.9,0,1004.6
2022-08-05 23:00:00,28.8,53,0.0,14.9,0,1004.8
2022-08-06 00:00:00,27.5,62,0.0,12.5,0,1004.9
2022-08-06 01:00:00,26.6,68,0.0,10.2,0,1004.9
2022-08-06 02:00:00,25.8,73,0.0,8.9,0,1004.9
2022-08-06 03:00:00,24.9,77,0.0,8.6,0,1004.1
2022-08-06 04:00:00,24.4,81,0.0,7.3,0,1004.0
2022-08-06 05:00:00,23.8,85,0.0,7.8,2,1004.1
2022-08-06 06:00:00,23.2,89,0.0,7.0,3,1004.3
2022-08-06 07:00:00,23.7,87,0.0,9.9,33,1004.4
2022-08-06 08:00:00,25.3,76,0.0,9.0,32,1004.9
2022-08-06 09:00:00,27.2,66,0.0,7.6,17,1004.6
2022-08-06 10:00:00,29.6,56,0.0,7.2,2,1004.4
2022-08-06 11:00:00,32.2,45,0.0,8.0,0,1004.1
2022-08-06 12:00:00,34.8,36,0.0,8.3,0,1003.8
2022-08-06 13:00:00,36.9,29,0.0,8.0,0,1003.3
2022-08-06 14:00:00,38.6,23,0.0,8.0,0,1002.4
2022-08-06 15:00:00,37.0,28,0.0,8.7,0,1002.2
2022-08-06 16:00:00,38.3,24,0.0,9.7,0,1001.8
2022-08-06 17:00:00,38.4,22,0.0,10.4,0,1001.3
2022-08-06 18:00:00,37.9,22,0.0,11.2,0,1001.0
2022-08-06 19:00:00,36.9,24,0.0,11.2,0,1000.8
2022-08-06 20:00:00,34.4,31,0.0,19.8,0,1001.5
2022-08-06 21:00:00,32.3,34,0.0,19.1,0,1002.4
2022-08-06 22:00:00,30.7,37,0.0,16.6,0,1003.2
2022-08-06 23:00:00,29.7,40,0.0,13.0,0,1003.3
2022-08-07 00:00:00,28.7,42,0.0,10.6,0,1003.3
2022-08-07 01:00:00,27.7,46,0.0,9.6,0,1003.1
2022-08-07 02:00:00,26.7,52,0.0,8.9,0,1003.1
2022-08-07 03:00:00,25.4,55,0.0,9.2,0,1003.1
2022-08-07 04:00:00,24.6,60,0.0,7.4,0,1002.9
2022-08-07 05:00:00,23.6,67,0.0,5.8,0,1003.0
2022-08-07 06:00:00,22.2,76,0.0,5.6,0,1003.0
2022-08-07 07:00:00,23.1,74,0.0,3.6,0,1003.4
2022-08-07 08:00:00,24.9,70,0.0,4.4,0,1003.7
2022-08-07 09:00:00,27.1,61,0.0,5.1,4,1003.7
2022-08-07 10:00:00,29.6,50,0.0,4.6,0,1003.5
2022-08-07 11:00:00,32.1,39,0.0,6.0,0,1003.1
2022-08-07 12:00:00,34.1,31,0.0,7.4,0,1002.8
2022-08-07 13:00:00,35.6,27,0.0,10.1,0,1002.3
2022-08-07 14:00:00,36.5,24,0.0,12.6,0,1001.7
2022-08-07 15:00:00,34.8,32,0.0,11.6,0,1002.0
2022-08-07 16:00:00,35.4,31,0.0,10.6,0,1001.5
2022-08-07 17:00:00,35.3,29,0.0,10.6,0,1001.1
2022-08-07 18:00:00,34.9,30,0.0,9.5,0,1001.0
2022-08-07 19:00:00,34.0,35,0.0,8.7,0,1000.9
2022-08-07 20:00:00,32.5,39,0.0,9.2,0,1001.3
2022-08-07 21:00:00,31.9,37,0.0,7.6,0,1002.0
2022-08-07 22:00:00,31.3,35,0.0,13.5,0,1002.6
2022-08-07 23:00:00,29.9,42,0.0,14.4,0,1003.1
2022-08-08 00:00:00,28.3,56,0.0,7.6,0,1003.3
2022-08-08 01:00:00,27.6,57,0.0,7.0,0,1003.4
2022-08-08 02:00:00,26.8,56,0.0,7.5,0,1003.5
2022-08-08 03:00:00,25.7,55,0.0,6.2,0,1003.8
2022-08-08 04:00:00,24.8,58,0.0,5.5,0,1004.0
2022-08-08 05:00:00,23.5,65,0.0,5.9,0,1004.3
2022-08-08 06:00:00,22.6,73,0.0,6.5,0,1004.2
2022-08-08 07:00:00,23.7,72,0.0,3.6,0,1004.6
2022-08-08 08:00:00,26.7,61,0.0,2.8,0,1004.8
2022-08-08 09:00:00,29.5,48,0.0,3.2,0,1004.9
2022-08-08 10:00:00,32.2,37,0.0,3.3,0,1005.0
2022-08-08 11:00:00,34.7,26,0.0,5.1,0,1004.9
2022-08-08 12:00:00,36.6,20,0.0,8.0,0,1004.8
2022-08-08 13:00:00,37.9,18,0.0,12.4,0,1004.3
2022-08-08 14:00:00,38.4,18,0.0,15.8,0,1004.0
2022-08-08 15:00:00,37.3,19,0.0,14.3,0,1003.9
2022-08-08 16:00:00,37.7,18,0.0,13.2,0,1003.7
2022-08-08 17:00:00,37.6,19,0.0,13.4,0,1003.5
2022-08-08 18:00:00,36.4,21,0.0,11.3,0,1003.5
2022-08-08 19:00:00,35.8,23,0.0,10.7,0,1003.5
2022-08-08 20:00:00,33.6,26,0.0,5.8,0,1003.7
2022-08-08 21:00:00,32.9,27,0.0,11.5,0,1004.2
2022-08-08 22:00:00,30.2,51,0.0,24.0,0,1004.8
2022-08-08 23:00:00,29.4,58,0.0,11.7,0,1005.4
2022-08-09 00:00:00,28.8,61,0.0,11.8,0,1005.6
2022-08-09 01:00:00,27.9,65,0.0,9.7,0,1005.4
2022-08-09 02:00:00,27.1,67,0.0,6.0,0,1005.2
2022-08-09 03:00:00,26.3,67,0.0,6.6,0,1004.9
2022-08-09 04:00:00,25.8,70,0.0,3.4,0,1005.1
2022-08-09 05:00:00,25.6,73,0.0,4.8,0,1005.0
2022-08-09 06:00:00,24.8,77,0.0,5.6,0,1005.1
2022-08-09 07:00:00,25.1,75,0.0,7.6,0,1005.7
2022-08-09 08:00:00,27.5,62,0.0,7.0,0,1006.2
2022-08-09 09:00:00,29.7,53,0.0,6.7,0,1006.0
2022-08-09 10:00:00,32.2,42,0.0,5.4,0,1005.9
2022-08-09 11:00:00,34.7,30,0.0,6.5,0,1005.7
2022-08-09 12:00:00,36.3,23,0.0,10.0,0,1005.5
2022-08-09 13:00:00,37.5,21,0.0,12.1,0,1005.1
2022-08-09 14:00:00,38.2,19,0.0,13.4,0,1004.6
2022-08-09 15:00:00,36.8,20,0.0,12.0,0,1004.8
2022-08-09 16:00:00,37.5,19,0.0,12.4,0,1004.5
2022-08-09 17:00:00,37.4,19,0.0,14.0,0,1004.2
2022-08-09 18:00:00,36.4,19,0.0,11.1,0,1004.1
2022-08-09 19:00:00,35.3,21,0.0,12.5,0,1003.8
2022-08-09 20:00:00,33.5,23,0.0,6.8,0,1004.0
2022-08-09 21:00:00,32.4,28,0.0,12.5,0,1004.6
2022-08-09 22:00:00,30.0,49,0.0,18.5,0,1005.6
2022-08-09 23:00:00,29.6,51,0.0,12.3,0,1005.6
2022-08-10 00:00:00,28.6,55,0.0,12.9,0,1005.5
2022-08-10 01:00:00,27.7,59,0.0,9.4,0,1005.4
2022-08-10 02:00:00,26.9,62,0.0,7.4,0,1005.1
2022-08-10 03:00:00,26.4,65,0.0,6.8,0,1005.2
2022-08-10 04:00:00,25.5,69,0.0,4.3,0,1005.0
2022-08-10 05:00:00,24.8,73,0.0,4.0,0,1005.1
2022-08-10 06:00:00,24.6,75,0.0,5.8,0,1005.2
2022-08-10 07:00:00,24.9,73,0.0,8.4,0,1005.5
2022-08-10 08:00:00,26.6,65,0.0,9.4,0,1005.8
2022-08-10 09:00:00,28.5,56,0.0,8.6,0,1005.9
2022-08-10 10:00:00,30.7,44,0.0,8.3,0,1005.7
2022-08-10 11:00:00,33.1,34,0.0,8.3,0,1005.5
2022-08-10 12:00:00,35.1,28,0.0,9.7,0,1004.9
2022-08-10 13:00:00,36.7,25,0.0,10.5,0,1004.3
2022-08-10 14:00:00,37.8,23,0.0,10.3,0,1003.5
2022-08-10 15:00:00,36.3,29,0.0,10.5,0,1003.7
2022-08-10 16:00:00,37.1,28,0.0,10.2,0,1003.5
2022-08-10 17:00:00,36.9,27,0.0,9.5,3,1003.2
2022-08-10 18:00:00,36.6,28,0.0,8.7,0,1002.8
2022-08-10 19:00:00,35.7,29,0.0,7.1,0,1002.7
2022-08-10 20:00:00,33.8,32,0.0,4.5,6,1002.7
2022-08-10 21:00:00,32.7,33,0.0,6.2,23,1003.3
2022-08-10 22:00:00,32.0,40,0.0,18.0,19,1004.6
2022-08-10 23:00:00,30.4,48,0.0,15.2,1,1004.9
2022-08-11 00:00:00,29.6,51,0.0,9.4,0,1004.7
2022-08-11 01:00:00,28.7,54,0.0,6.8,0,1004.6
2022-08-11 02:00:00,27.4,59,0.0,4.7,0,1004.4
2022-08-11 03:00:00,26.5,66,0.0,5.2,0,1004.7
2022-08-11 04:00:00,26.4,66,0.0,8.7,0,1004.9
2022-08-11 05:00:00,25.5,66,0.0,8.4,0,1005.1
2022-08-11 06:00:00,24.5,72,0.0,5.6,0,1005.3
2022-08-11 07:00:00,24.4,77,0.0,7.1,0,1005.5
2022-08-11 08:00:00,25.7,75,0.0,6.9,0,1005.8
2022-08-11 09:00:00,27.8,64,0.0,7.4,0,1006.1
2022-08-11 10:00:00,30.1,52,0.0,7.5,0,1005.9
2022-08-11 11:00:00,32.7,36,0.0,7.2,0,1005.6
2022-08-11 12:00:00,34.9,24,0.0,8.7,0,1005.4
2022-08-11 13:00:00,36.3,19,0.0,10.9,0,1004.8
2022-08-11 14:00:00,37.3,16,0.0,11.8,0,1004.3
2022-08-11 15:00:00,35.9,21,0.0,12.4,0,1004.6
2022-08-11 16:00:00,36.5,19,0.0,11.3,0,1004.2
2022-08-11 17:00:00,36.6,16,0.0,11.3,0,1003.7
2022-08-11 18:00:00,35.9,17,0.0,10.0,0,1003.4
2022-08-11 19:00:00,34.9,19,0.0,9.6,0,1003.2
2022-08-11 20:00:00,31.7,25,0.0,6.5,0,1003.5
2022-08-11 21:00:00,31.2,29,0.0,6.5,0,1003.7
2022-08-11 22:00:00,29.8,44,0.0,24.6,0,1005.0
2022-08-11 23:00:00,28.8,50,0.0,14.8,0,1005.5
2022-08-12 00:00:00,28.0,54,0.0,11.7,0,1005.9
2022-08-12 01:00:00,27.3,58,0.0,10.3,0,1005.8
2022-08-12 02:00:00,26.6,62,0.0,8.3,0,1005.8
2022-08-12 03:00:00,25.5,62,0.0,7.6,0,1006.0
2022-08-12 04:00:00,24.9,67,0.0,5.8,0,1005.8
2022-08-12 05:00:00,24.1,72,0.0,5.8,0,1005.9
2022-08-12 06:00:00,23.4,78,0.0,5.4,0,1005.6
2022-08-12 07:00:00,23.8,78,0.0,6.5,0,1006.0
2022-08-12 08:00:00,25.6,72,0.0,7.3,0,1006.4
2022-08-12 09:00:00,27.6,63,0.0,7.3,0,1006.5
2022-08-12 10:00:00,30.1,48,0.0,7.3,0,1006.7
2022-08-12 11:00:00,32.5,34,0.0,6.8,0,1006.6
2022-08-12 12:00:00,34.4,27,0.0,7.0,0,1006.1
2022-08-12 13:00:00,35.9,22,0.0,7.9,0,1005.4
2022-08-12 14:00:00,37.1,20,0.0,8.7,0,1004.6
2022-08-12 15:00:00,35.0,27,0.0,10.9,0,1004.6
2022-08-12 16:00:00,35.8,25,0.0,11.3,0,1004.3
2022-08-12 17:00:00,35.7,25,0.0,11.6,0,1003.9
2022-08-12 18:00:00,35.1,25,0.0,10.9,0,1003.8
2022-08-12 19:00:00,34.3,26,0.0,10.0,0,1003.7
2022-08-12 20:00:00,32.5,31,0.0,10.1,0,1003.9
2022-08-12 21:00:00,31.7,33,0.0,10.5,0,1004.5
2022-08-12 22:00:00,29.2,49,0.0,18.4,0,1005.8
2022-08-12 23:00:00,28.2,54,0.0,14.0,0,1006.5
2022-08-13 00:00:00,27.4,57,0.0,10.8,0,1006.6
2022-08-13 01:00:00,26.7,61,0.0,8.6,0,1006.4
2022-08-13 02:00:00,26.0,65,0.0,6.3,0,1006.1
2022-08-13 03:00:00,25.1,67,0.0,8.4,4,1006.0
2022-08-13 04:00:00,24.4,72,0.0,6.4,0,1005.9
2022-08-13 05:00:00,23.8,76,0.0,5.1,0,1005.9
2022-08-13 06:00:00,23.3,79,0.0,4.9,3,1005.7
2022-08-13 07:00:00,24.1,78,0.0,5.9,0,1006.3
2022-08-13 08:00:00,25.9,71,0.0,6.9,2,1006.5
2022-08-13 09:00:00,28.0,63,0.0,8.7,4,1006.4
2022-08-13 10:00:00,30.3,51,0.0,8.7,0,1006.2
2022-08-13 11:00:00,33.0,37,0.0,10.5,0,1005.8
2022-08-13 12:00:00,35.1,28,0.0,12.4,0,1005.5
2022-08-13 13:00:00,36.5,24,0.0,13.3,0,1005.0
2022-08-13 14:00:00,37.4,22,0.0,14.3,0,1004.4
2022-08-13 15:00:00,35.7,26,0.0,12.1,0,1004.6
2022-08-13 16:00:00,36.6,24,0.0,12.3,0,1004.1
2022-08-13 17:00:00,36.8,22,0.0,13.0,0,1003.5
2022-08-13 18:00:00,36.2,22,0.0,15.0,0,1003.3
2022-08-13 19:00:00,34.6,24,0.0,16.8,0,1003.3
2022-08-13 20:00:00,32.8,27,0.0,15.5,0,1003.8
2022-08-13 21:00:00,31.2,30,0.0,17.6,0,1004.5
2022-08-13 22:00:00,29.7,36,0.0,17.0,0,1005.2
2022-08-13 23:00:00,28.3,43,0.0,14.6,0,1005.8
2022-08-14 00:00:00,27.0,52,0.0,12.2,0,1006.0
2022-08-14 01:00:00,25.7,63,0.0,9.7,0,1006.1
2022-08-14 02:00:00,24.7,72,0.0,6.7,0,1006.0
2022-08-14 03:00:00,23.7,78,0.0,4.7,0,1005.6
2022-08-14 04:00:00,22.9,83,0.0,5.9,0,1005.6
2022-08-14 05:00:00,22.2,89,0.0,6.9,0,1005.7
2022-08-14 06:00:00,22.3,90,0.0,6.1,0,1005.7
2022-08-14 07:00:00,22.7,89,0.0,3.5,5,1005.7
2022-08-14 08:00:00,25.1,79,0.0,5.2,7,1006.1
2022-08-14 09:00:00,27.4,66,0.0,7.9,9,1006.0
2022-08-14 10:00:00,29.9,50,0.0,8.0,0,1006.0
2022-08-14 11:00:00,32.5,37,0.0,8.2,0,1005.8
2022-08-14 12:00:00,34.7,29,0.0,9.9,0,1005.3
2022-08-14 13:00:00,36.3,24,0.0,12.1,0,1004.8
2022-08-14 14:00:00,37.4,22,0.0,13.6,0,1003.9
2022-08-14 15:00:00,36.1,25,0.0,12.2,0,1003.6
2022-08-14 16:00:00,37.0,22,0.0,12.9,0,1003.2
2022-08-14 17:00:00,36.9,21,0.0,13.1,0,1002.8
2022-08-14 18:00:00,36.2,23,0.0,12.4,0,1002.5
2022-08-14 19:00:00,35.3,25,0.0,11.2,0,1002.4
2022-08-14 20:00:00,33.4,30,0.0,14.5,3,1002.6
2022-08-14 21:00:00,31.9,34,0.0,17.5,0,1003.8
2022-08-14 22:00:00,30.0,42,0.0,19.1,0,1004.9
2022-08-14 23:00:00,28.4,51,0.0,15.7,0,1005.4
2022-08-15 00:00:00,27.3,58,0.0,12.3,0,1005.9
2022-08-15 01:00:00,26.3,64,0.0,9.7,0,1005.8
2022-08-15 02:00:00,25.3,71,0.0,9.4,0,1005.7
2022-08-15 03:00:00,24.7,73,0.0,7.6,0,1005.2
2022-08-15 04:00:00,24.1,77,0.0,5.1,0,1005.4
2022-08-15 05:00:00,22.8,84,0.0,5.8,0,1005.3
2022-08-15 06:00:00,22.9,85,0.0,5.1,0,1005.4
2022-08-15 07:00:00,23.0,86,0.0,3.1,3,1005.7
2022-08-15 08:00:00,25.4,72,0.0,4.3,0,1006.0
2022-08-15 09:00:00,27.5,61,0.0,9.0,23,1006.0
2022-08-15 10:00:00,29.3,53,0.0,8.3,10,1006.2
2022-08-15 11:00:00,31.5,43,0.0,6.5,8,1006.3
2022-08-15 12:00:00,33.5,37,0.0,6.6,0,1005.9
2022-08-15 13:00:00,35.4,31,0.0,8.8,0,1005.3
2022-08-15 14:00:00,36.7,28,0.0,11.9,0,1004.8
2022-08-15 15:00:00,35.2,34,0.0,11.4,0,1005.1
2022-08-15 16:00:00,36.0,32,0.0,11.9,3,1004.7
2022-08-15 17:00:00,36.0,31,0.0,13.0,1,1004.2
2022-08-15 18:00:00,35.5,31,0.0,14.0,10,1004.2
2022-08-15 19:00:00,34.4,33,0.0,13.1,1,1004.0
2022-08-15 20:00:00,33.4,36,0.0,9.2,2,1004.2
2022-08-15 21:00:00,31.9,42,0.0,19.8,15,1005.3
2022-08-15 22:00:00,29.9,49,0.0,19.2,0,1006.4
2022-08-15 23:00:00,28.5,55,0.0,15.5,0,1006.9
2022-08-16 00:00:00,27.5,59,0.0,12.6,0,1007.4
2022-08-16 01:00:00,26.7,62,0.0,11.2,0,1007.3
2022-08-16 02:00:00,26.0,65,0.0,10.3,0,1007.3
2022-08-16 03:00:00,25.2,68,0.0,8.7,0,1007.0
2022-08-16 04:00:00,24.7,70,0.0,8.3,0,1006.8
2022-08-16 05:00:00,24.1,74,0.0,7.8,0,1007.1
2022-08-16 06:00:00,23.4,79,0.0,7.5,0,1007.1
2022-08-16 07:00:00,23.5,80,0.0,8.1,0,1007.2
2022-08-16 08:00:00,25.2,72,0.0,10.4,0,1007.5
2022-08-16 09:00:00,27.1,60,0.0,11.3,0,1007.2
2022-08-16 10:00:00,29.3,49,0.0,11.2,0,1007.3
2022-08-16 11:00:00,31.7,40,0.0,11.3,0,1007.3
2022-08-16 12:00:00,33.9,32,0.0,10.8,0,1006.8
2022-08-16 13:00:00,35.9,26,0.0,10.8,0,1006.4
2022-08-16 14:00:00,37.2,23,0.0,11.7,0,1005.8
2022-08-16 15:00:00,36.1,24,0.0,13.7,0,1005.8
2022-08-16 16:00:00,36.7,24,0.0,13.1,0,1005.3
2022-08-16 17:00:00,36.5,24,0.0,12.4,0,1005.0
2022-08-16 18:00:00,36.0,25,0.0,12.7,0,1004.8
2022-08-16 19:00:00,34.8,27,0.0,11.5,0,1004.5
2022-08-16 20:00:00,33.1,31,0.0,8.3,0,1004.7
2022-08-16 21:00:00,31.8,39,0.0,17.3,0,1005.4
2022-08-16 22:00:00,30.3,41,0.0,18.4,0,1006.2
2022-08-16 23:00:00,28.6,47,0.0,16.5,0,1006.6
2022-08-17 00:00:00,27.3,56,0.0,15.6,0,1006.9
2022-08-17 01:00:00,26.2,63,0.0,13.5,0,1007.0
2022-08-17 02:00:00,25.5,66,0.0,11.1,0,1006.9
2022-08-17 03:00:00,24.8,66,0.0,9.7,0,1006.4
2022-08-17 04:00:00,24.2,68,0.0,8.3,0,1006.4
2022-08-17 05:00:00,23.6,71,0.0,6.8,0,1006.2
2022-08-17 06:00:00,22.9,75,0.0,6.1,0,1006.2
2022-08-17 07:00:00,23.1,75,0.0,7.2,0,1006.2
2022-08-17 08:00:00,24.9,68,0.0,9.5,1,1006.4
2022-08-17 09:00:00,26.8,59,0.0,11.1,1,1006.3
2022-08-17 10:00:00,28.8,51,0.0,11.1,10,1005.9
2022-08-17 11:00:00,30.9,45,0.0,9.5,4,1005.7
2022-08-17 12:00:00,33.1,37,0.0,9.0,0,1005.1
2022-08-17 13:00:00,35.0,30,0.0,9.4,0,1004.5
2022-08-17 14:00:00,36.6,26,0.0,10.2,0,1003.8
2022-08-17 15:00:00,35.4,27,0.0,10.8,0,1003.9
2022-08-17 16:00:00,36.3,25,0.0,11.5,0,1003.3
2022-08-17 17:00:00,36.5,24,0.0,11.2,0,1002.8
2022-08-17 18:00:00,36.0,26,0.0,11.2,0,1002.8
2022-08-17 19:00:00,35.0,29,0.0,10.2,0,1002.6
2022-08-17 20:00:00,33.5,32,0.0,12.0,0,1002.6
2022-08-17 21:00:00,31.6,36,0.0,18.7,0,1003.6
2022-08-17 22:00:00,29.9,41,0.0,17.7,0,1004.3
2022-08-17 23:00:00,28.7,44,0.0,13.7,0,1004.4
2022-08-18 00:00:00,27.7,48,0.0,11.2,0,1004.6
2022-08-18 01:00:00,26.7,54,0.0,10.0,0,1004.6
2022-08-18 02:00:00,25.7,63,0.0,9.7,0,1004.4
2022-08-18 03:00:00,24.4,69,0.0,8.6,0,1004.1
2022-08-18 04:00:00,23.7,75,0.0,7.3,0,1004.0
2022-08-18 05:00:00,22.8,82,0.0,5.0,0,1003.7
2022-08-18 06:00:00,21.6,90,0.0,5.5,1,1003.7
2022-08-18 07:00:00,22.4,88,0.0,4.2,31,1003.9
2022-08-18 08:00:00,24.7,79,0.0,10.0,58,1004.4
2022-08-18 09:00:00,26.8,66,0.0,8.2,38,1004.4
2022-08-18 10:00:00,29.1,56,0.0,6.2,13,1004.5
2022-08-18 11:00:00,31.7,46,0.0,6.1,0,1004.0
2022-08-18 12:00:00,34.2,37,0.0,6.7,0,1003.2
2022-08-18 13:00:00,36.3,30,0.0,9.0,0,1002.5
2022-08-18 14:00:00,37.8,26,0.0,11.0,0,1001.9
2022-08-18 15:00:00,36.8,27,0.0,11.5,0,1001.8
2022-08-18 16:00:00,37.7,25,0.0,12.0,0,1001.4
2022-08-18 17:00:00,37.9,25,0.0,11.2,0,1001.0
2022-08-18 18:00:00,37.7,25,0.0,9.7,0,1000.8
2022-08-18 19:00:00,36.7,26,0.0,14.3,0,1000.5
2022-08-18 20:00:00,33.7,30,0.0,20.7,0,1001.3
2022-08-18 21:00:00,32.1,35,0.0,19.7,0,1002.6
2022-08-18 22:00:00,30.7,41,0.0,14.7,0,1003.5
2022-08-18 23:00:00,29.5,46,0.0,11.3,0,1003.7
2022-08-19 00:00:00,28.3,51,0.0,9.0,0,1003.5
2022-08-19 01:00:00,27.0,57,0.0,8.7,0,1003.2
2022-08-19 02:00:00,25.8,64,0.0,9.4,0,1003.1
2022-08-19 03:00:00,24.8,69,0.0,6.1,0,1002.9
2022-08-19 04:00:00,23.8,75,0.0,5.2,0,1003.1
2022-08-19 05:00:00,22.8,82,0.0,7.3,0,1003.1
2022-08-19 06:00:00,23.2,82,0.0,5.6,0,1003.4
2022-08-19 07:00:00,22.8,84,0.0,3.9,0,1003.6
2022-08-19 08:00:00,25.6,72,0.0,3.3,0,1004.1
2022-08-19 09:00:00,28.0,61,0.0,3.8,0,1004.3
2022-08-19 10:00:00,30.5,47,0.0,5.0,0,1004.3
2022-08-19 11:00:00,32.9,37,0.0,8.0,0,1004.0
2022-08-19 12:00:00,34.7,31,0.0,11.6,0,1003.6
2022-08-19 13:00:00,36.1,27,0.0,13.3,0,1003.3
2022-08-19 14:00:00,37.4,25,0.0,15.2,0,1002.8
2022-08-19 15:00:00,36.6,25,0.0,14.0,0,1002.7
2022-08-19 16:00:00,37.3,24,0.0,14.7,0,1002.4
2022-08-19 17:00:00,37.2,23,0.0,15.5,0,1002.0
2022-08-19 18:00:00,36.6,23,0.0,15.4,1,1001.8
2022-08-19 19:00:00,35.4,26,0.0,12.4,0,1001.7
2022-08-19 20:00:00,33.8,29,0.0,10.4,0,1002.0
2022-08-19 21:00:00,33.0,31,0.0,12.1,0,1002.8
2022-08-19 22:00:00,32.0,36,0.0,11.2,0,1003.4
2022-08-19 23:00:00,30.6,41,0.0,8.1,0,1003.8
2022-08-20 00:00:00,29.3,46,0.0,7.7,0,1004.0
2022-08-20 01:00:00,28.2,53,0.0,10.9,0,1004.1
2022-08-20 02:00:00,27.0,66,0.0,10.7,0,1003.9
2022-08-20 03:00:00,25.7,74,0.0,7.1,0,1003.7
2022-08-20 04:00:00,25.0,83,0.0,5.7,0,1003.6
2022-08-20 05:00:00,23.6,94,0.0,5.8,0,1003.7
2022-08-20 06:00:00,23.4,95,0.0,6.9,0,1003.7
2022-08-20 07:00:00,23.9,95,0.0,3.1,4,1004.4
2022-08-20 08:00:00,26.1,83,0.0,5.2,19,1004.6
2022-08-20 09:00:00,28.4,70,0.0,6.5,7,1004.7
2022-08-20 10:00:00,31.0,56,0.0,7.6,1,1004.4
2022-08-20 11:00:00,33.9,41,0.0,8.6,0,1004.4
2022-08-20 12:00:00,36.4,31,0.0,10.9,0,1004.2
2022-08-20 13:00:00,38.3,24,0.0,12.8,0,1003.7
2022-08-20 14:00:00,39.6,21,0.0,13.9,0,1003.1
2022-08-20 15:00:00,39.2,23,0.0,14.1,0,1003.1
2022-08-20 16:00:00,40.0,20,0.0,15.5,7,1002.7
2022-08-20 17:00:00,39.8,20,0.0,16.6,11,1002.1
2022-08-20 18:00:00,38.6,20,0.0,19.7,12,1001.9
2022-08-20 19:00:00,36.9,21,0.0,19.3,0,1002.2
2022-08-20 20:00:00,35.0,24,0.0,18.9,0,1003.0
2022-08-20 21:00:00,33.2,31,0.0,18.4,0,1004.0
2022-08-20 22:00:00,31.9,34,0.0,13.9,0,1004.5
2022-08-20 23:00:00,30.3,38,0.0,7.3,0,1004.6
2022-08-21 00:00:00,28.0,44,0.0,6.1,0,1004.7
2022-08-21 01:00:00,26.8,49,0.0,7.4,0,1004.4
2022-08-21 02:00:00,28.1,46,0.0,2.7,0,1004.1
2022-08-21 03:00:00,25.4,58,0.0,3.4,0,1003.8
2022-08-21 04:00:00,24.2,63,0.0,4.9,0,1003.6
2022-08-21 05:00:00,22.9,68,0.0,7.1,0,1003.4
2022-08-21 06:00:00,22.3,69,0.0,7.7,0,1003.3
2022-08-21 07:00:00,22.7,67,0.0,6.6,0,1003.6
2022-08-21 08:00:00,26.7,52,0.0,3.8,0,1004.3
2022-08-21 09:00:00,30.0,40,0.0,5.1,0,1004.3
2022-08-21 10:00:00,32.5,31,0.0,7.9,0,1004.2
2022-08-21 11:00:00,34.5,26,0.0,9.7,0,1004.1
2022-08-21 12:00:00,36.0,23,0.0,11.2,0,1003.7
2022-08-21 13:00:00,37.2,21,0.0,12.6,0,1003.0
2022-08-21 14:00:00,38.1,19,0.0,13.0,0,1002.3
2022-08-21 15:00:00,37.4,22,0.0,12.1,0,1002.2
2022-08-21 16:00:00,37.9,20,0.0,12.9,0,1001.8
2022-08-21 17:00:00,37.6,20,0.0,13.3,0,1001.5
2022-08-21 18:00:00,37.0,21,0.0,12.9,1,1001.3
2022-08-21 19:00:00,35.7,22,0.0,10.5,1,1001.2
2022-08-21 20:00:00,33.7,25,0.0,7.0,0,1001.3
2022-08-21 21:00:00,33.0,27,0.0,11.6,0,1001.9
2022-08-21 22:00:00,31.8,32,0.0,13.6,0,1002.5
2022-08-21 23:00:00,30.1,39,0.0,11.4,0,1003.0
2022-08-22 00:00:00,28.8,42,0.0,8.6,0,1003.3
2022-08-22 01:00:00,27.7,46,0.0,10.8,0,1003.3
2022-08-22 02:00:00,26.3,52,0.0,9.4,0,1003.4
2022-08-22 03:00:00,25.6,54,0.0,9.4,0,1003.4
2022-08-22 04:00:00,24.9,59,0.0,7.9,0,1003.7
2022-08-22 05:00:00,23.5,67,0.0,5.8,0,1003.9
2022-08-22 06:00:00,24.2,67,0.0,5.2,0,1004.2
2022-08-22 07:00:00,24.0,69,0.0,2.3,0,1004.7
2022-08-22 08:00:00,26.1,63,0.0,2.9,0,1005.1
2022-08-22 09:00:00,28.4,62,0.0,5.8,0,1005.2
2022-08-22 10:00:00,31.0,52,0.0,5.2,0,1005.4
2022-08-22 11:00:00,33.9,40,0.0,4.8,0,1005.3
2022-08-22 12:00:00,36.4,31,0.0,5.9,0,1005.2
2022-08-22 13:00:00,38.2,26,0.0,8.2,16,1004.7
2022-08-22 14:00:00,39.1,23,0.0,13.2,4,1004.1
2022-08-22 15:00:00,38.1,24,0.0,14.1,13,1004.5
2022-08-22 16:00:00,38.3,23,0.0,12.8,2,1004.2
2022-08-22 17:00:00,38.2,23,0.0,11.7,1,1003.9
2022-08-22 18:00:00,37.5,24,0.0,11.9,0,1003.9
2022-08-22 19:00:00,36.3,26,0.0,9.5,0,1003.9
2022-08-22 20:00:00,33.9,30,0.0,5.3,1,1004.0
2022-08-22 21:00:00,33.3,32,0.0,8.5,1,1004.6
2022-08-22 22:00:00,31.6,37,0.0,16.5,0,1005.4
2022-08-22 23:00:00,30.5,44,0.0,14.0,0,1005.6
2022-08-23 00:00:00,29.5,51,0.0,12.5,0,1005.7
2022-08-23 01:00:00,28.5,58,0.0,12.1,0,1005.9
2022-08-23 02:00:00,27.6,62,0.0,12.5,0,1005.9
2022-08-23 03:00:00,26.9,64,0.0,10.0,0,1005.6
2022-08-23 04:00:00,26.5,66,0.0,8.2,0,1005.8
2022-08-23 05:00:00,25.8,67,0.0,5.4,0,1006.2
2022-08-23 06:00:00,24.8,70,0.0,7.4,0,1006.4
2022-08-23 07:00:00,25.2,66,0.0,5.4,0,1006.7
2022-08-23 08:00:00,28.4,52,0.0,3.8,0,1007.0
2022-08-23 09:00:00,31.9,37,0.0,6.1,0,1007.2
2022-08-23 10:00:00,34.5,30,0.0,7.9,0,1007.2
2022-08-23 11:00:00,36.5,26,0.0,6.5,0,1007.0
2022-08-23 12:00:00,38.1,22,0.0,3.9,0,1006.6
2022-08-23 13:00:00,39.6,19,0.0,5.1,0,1006.0
2022-08-23 14:00:00,40.5,16,0.0,11.4,0,1005.6
2022-08-23 15:00:00,40.1,15,0.0,13.2,0,1005.8
2022-08-23 16:00:00,40.5,13,0.0,11.0,0,1005.2
2022-08-23 17:00:00,40.2,13,0.0,10.4,0,1004.8
2022-08-23 18:00:00,39.3,13,0.0,12.2,0,1004.8
2022-08-23 19:00:00,37.3,15,0.0,12.9,4,1004.6
2022-08-23 20:00:00,35.2,17,0.0,13.4,3,1004.8
2022-08-23 21:00:00,32.8,30,0.0,18.8,1,1006.0
2022-08-23 22:00:00,31.3,44,0.0,22.3,0,1006.7
2022-08-23 23:00:00,30.3,45,0.0,18.9,0,1006.6
2022-08-24 00:00:00,29.2,49,0.0,17.2,0,1006.4
2022-08-24 01:00:00,28.4,52,0.0,15.5,0,1006.1
2022-08-24 02:00:00,27.8,51,0.0,15.5,0,1005.7
2022-08-24 03:00:00,27.5,53,0.0,11.5,0,1005.4
2022-08-24 04:00:00,27.1,55,0.0,10.2,0,1005.4
2022-08-24 05:00:00,26.7,55,0.0,10.2,0,1005.2
2022-08-24 06:00:00,26.3,57,0.0,12.6,0,1005.0
2022-08-24 07:00:00,26.1,57,0.0,11.0,0,1005.4
2022-08-24 08:00:00,28.3,49,0.0,11.3,0,1005.4
2022-08-24 09:00:00,31.6,36,0.0,12.3,0,1005.4
2022-08-24 10:00:00,35.1,24,0.0,13.0,0,1005.4
2022-08-24 11:00:00,37.7,19,0.0,9.4,0,1005.2
2022-08-24 12:00:00,39.5,17,0.0,4.1,0,1004.6
2022-08-24 13:00:00,40.9,15,0.0,6.3,0,1004.0
2022-08-24 14:00:00,41.6,14,0.0,14.7,0,1003.5
2022-08-24 15:00:00,41.0,14,0.0,7.2,0,1002.9
2022-08-24 16:00:00,41.3,14,0.0,14.6,0,1002.4
2022-08-24 17:00:00,40.4,13,0.0,16.5,0,1002.2
2022-08-24 18:00:00,39.7,12,0.0,14.0,0,1002.0
2022-08-24 19:00:00,38.6,13,0.0,9.1,0,1001.7
2022-08-24 20:00:00,37.7,13,0.0,4.7,0,1002.2
2022-08-24 21:00:00,32.6,34,0.0,23.5,0,1004.0
2022-08-24 22:00:00,30.8,42,0.0,21.8,0,1005.1
2022-08-24 23:00:00,29.4,48,0.0,17.9,0,1005.4
2022-08-25 00:00:00,27.9,61,0.0,15.6,0,1005.8
2022-08-25 01:00:00,26.9,71,0.0,14.8,0,1006.0
2022-08-25 02:00:00,26.4,74,0.0,15.2,0,1005.9
2022-08-25 03:00:00,26.6,72,0.0,13.8,0,1005.5
2022-08-25 04:00:00,26.2,75,0.0,12.3,0,1005.5
2022-08-25 05:00:00,25.7,79,0.0,10.3,0,1005.7
2022-08-25 06:00:00,25.2,83,0.0,10.0,9,1005.6
2022-08-25 07:00:00,25.2,84,0.0,11.6,22,1005.9
2022-08-25 08:00:00,26.8,78,0.0,15.5,75,1006.1
2022-08-25 09:00:00,28.6,68,0.0,15.0,35,1006.2
2022-08-25 10:00:00,30.8,57,0.0,13.4,17,1006.2
2022-08-25 11:00:00,33.0,48,0.0,11.6,15,1005.9
2022-08-25 12:00:00,35.3,38,0.0,11.2,25,1005.5
2022-08-25 13:00:00,37.0,30,0.0,10.7,16,1004.8
2022-08-25 14:00:00,38.3,26,0.0,10.2,13,1004.1
2022-08-25 15:00:00,36.2,34,0.0,11.2,14,1004.4
2022-08-25 16:00:00,37.0,31,0.0,10.5,34,1004.0
2022-08-25 17:00:00,36.8,31,0.0,11.1,28,1003.6
2022-08-25 18:00:00,35.8,32,0.0,13.4,17,1003.6
2022-08-25 19:00:00,34.2,36,0.0,17.9,100,1003.7
2022-08-25 20:00:00,32.2,43,0.0,19.0,85,1004.6
2022-08-25 21:00:00,30.9,49,0.0,19.8,4,1005.5
2022-08-25 22:00:00,29.9,52,0.0,17.2,0,1006.0
2022-08-25 23:00:00,28.7,57,0.0,15.1,0,1006.3
2022-08-26 00:00:00,27.9,60,0.0,13.5,0,1006.8
2022-08-26 01:00:00,27.1,61,0.0,12.9,0,1006.8
2022-08-26 02:00:00,26.1,65,0.0,12.7,0,1006.8
2022-08-26 03:00:00,25.1,69,0.0,10.1,0,1006.4
2022-08-26 04:00:00,24.5,74,0.0,9.4,0,1006.4
2022-08-26 05:00:00,23.9,78,0.0,8.4,1,1006.4
2022-08-26 06:00:00,23.4,81,0.0,7.4,2,1006.2
2022-08-26 07:00:00,23.4,81,0.0,7.8,0,1006.6
2022-08-26 08:00:00,25.2,72,0.0,9.0,0,1006.9
2022-08-26 09:00:00,27.4,59,0.0,9.7,0,1007.1
2022-08-26 10:00:00,29.7,47,0.0,9.2,0,1006.9
2022-08-26 11:00:00,31.9,38,0.0,8.4,0,1006.7
2022-08-26 12:00:00,33.9,31,0.0,7.6,0,1006.2
2022-08-26 13:00:00,35.7,25,0.0,7.8,0,1005.5
2022-08-26 14:00:00,37.0,21,0.0,8.0,0,1004.8
2022-08-26 15:00:00,35.8,24,0.0,9.6,0,1005.0
2022-08-26 16:00:00,36.3,22,0.0,11.7,0,1004.3
2022-08-26 17:00:00,36.4,21,0.0,10.5,0,1003.5
2022-08-26 18:00:00,35.5,23,0.0,12.7,0,1003.5
2022-08-26 19:00:00,34.3,24,0.0,11.2,0,1003.5
2022-08-26 20:00:00,31.1,41,0.0,23.4,0,1004.5
2022-08-26 21:00:00,29.6,47,0.0,19.0,0,1005.6
2022-08-26 22:00:00,28.5,51,0.0,17.3,0,1006.6
2022-08-26 23:00:00,27.6,55,0.0,14.8,0,1006.7
2022-08-27 00:00:00,26.7,60,0.0,13.1,0,1007.0
2022-08-27 01:00:00,25.9,65,0.0,13.5,0,1006.8
2022-08-27 02:00:00,25.1,70,0.0,11.9,0,1006.8
2022-08-27 03:00:00,24.2,71,0.0,10.6,0,1006.3
2022-08-27 04:00:00,23.7,75,0.0,9.7,0,1006.2
2022-08-27 05:00:00,23.2,78,0.0,9.2,0,1006.1
2022-08-27 06:00:00,22.7,81,0.0,7.9,0,1006.2
2022-08-27 07:00:00,22.7,82,0.0,8.3,0,1006.6
2022-08-27 08:00:00,24.6,73,0.0,9.4,0,1007.0
2022-08-27 09:00:00,26.8,65,0.0,13.0,0,1006.9
2022-08-27 10:00:00,29.3,53,0.0,13.5,0,1006.9
2022-08-27 11:00:00,32.0,40,0.0,13.5,0,1006.8
2022-08-27 12:00:00,34.2,32,0.0,14.5,0,1006.3
2022-08-27 13:00:00,36.0,27,0.0,14.3,0,1005.9
2022-08-27 14:00:00,37.5,23,0.0,13.9,0,1005.2
2022-08-27 15:00:00,36.8,25,0.0,15.0,0,1004.7
2022-08-27 16:00:00,37.5,25,0.0,15.5,0,1004.4
2022-08-27 17:00:00,37.1,26,0.0,17.0,0,1004.0
2022-08-27 18:00:00,35.9,28,0.0,18.4,0,1004.2
2022-08-27 19:00:00,33.9,33,0.0,19.8,0,1004.6
2022-08-27 20:00:00,31.5,39,0.0,22.1,0,1005.5
2022-08-27 21:00:00,29.8,45,0.0,21.4,0,1006.6
2022-08-27 22:00:00,28.2,54,0.0,18.7,0,1007.3
2022-08-27 23:00:00,27.0,62,0.0,17.3,0,1007.8
2022-08-28 00:00:00,26.1,68,0.0,16.5,0,1007.9
2022-08-28 01:00:00,25.3,73,0.0,14.7,1,1007.8
2022-08-28 02:00:00,24.9,76,0.0,13.2,1,1007.6
2022-08-28 03:00:00,24.9,76,0.0,12.9,2,1006.8
2022-08-28 04:00:00,24.8,77,0.0,11.7,8,1006.7
2022-08-28 05:00:00,24.5,79,0.0,10.9,35,1006.9
2022-08-28 06:00:00,24.3,80,0.0,10.5,69,1006.7
2022-08-28 07:00:00,24.4,80,0.0,11.6,9,1006.9
2022-08-28 08:00:00,26.1,72,0.0,13.6,1,1007.3
2022-08-28 09:00:00,28.1,63,0.0,16.9,15,1007.1
2022-08-28 10:00:00,30.1,54,0.0,16.9,6,1007.2
2022-08-28 11:00:00,32.3,46,0.0,16.5,5,1006.9
2022-08-28 12:00:00,34.4,39,0.0,16.6,2,1006.4
2022-08-28 13:00:00,36.2,34,0.0,15.1,1,1006.1
2022-08-28 14:00:00,37.7,30,0.0,14.6,0,1005.3
2022-08-28 15:00:00,37.2,32,0.0,15.6,0,1005.1
2022-08-28 16:00:00,37.7,30,0.0,16.7,0,1004.6
2022-08-28 17:00:00,37.3,30,0.0,17.4,0,1004.5
2022-08-28 18:00:00,36.2,31,0.0,18.1,0,1004.6
2022-08-28 19:00:00,34.2,35,0.0,18.4,0,1004.8
2022-08-28 20:00:00,31.9,41,0.0,19.9,0,1005.7
2022-08-28 21:00:00,30.1,48,0.0,20.7,0,1006.7
2022-08-28 22:00:00,28.4,56,0.0,20.2,0,1007.7
2022-08-28 23:00:00,27.2,63,0.0,18.4,0,1008.1
2022-08-29 00:00:00,26.2,69,0.0,15.6,0,1008.4
2022-08-29 01:00:00,25.5,74,0.0,13.5,5,1008.6
2022-08-29 02:00:00,24.9,78,0.0,12.3,0,1008.5
2022-08-29 03:00:00,24.7,80,0.0,12.2,7,1008.2
2022-08-29 04:00:00,24.5,82,0.0,10.4,24,1008.3
2022-08-29 05:00:00,24.4,83,0.0,10.4,11,1008.5
2022-08-29 06:00:00,24.0,85,0.0,10.4,5,1008.3
2022-08-29 07:00:00,24.1,85,0.0,10.4,10,1008.3
2022-08-29 08:00:00,25.9,75,0.0,11.5,12,1008.9
2022-08-29 09:00:00,28.0,65,0.0,16.4,30,1009.0
2022-08-29 10:00:00,29.8,57,0.0,15.0,21,1008.7
2022-08-29 11:00:00,32.1,48,0.0,13.7,6,1008.5
2022-08-29 12:00:00,34.3,39,0.0,13.3,1,1008.2
2022-08-29 13:00:00,36.3,34,0.0,12.1,0,1007.6
2022-08-29 14:00:00,37.9,29,0.0,11.1,0,1006.9
2022-08-29 15:00:00,36.8,33,0.0,13.3,0,1007.0
2022-08-29 16:00:00,37.6,30,0.0,14.0,0,1006.4
2022-08-29 17:00:00,37.6,30,0.0,14.9,0,1006.0
2022-08-29 18:00:00,36.6,33,0.0,16.6,0,1005.9
2022-08-29 19:00:00,34.7,36,0.0,17.1,0,1006.0
2022-08-29 20:00:00,33.0,39,0.0,17.8,0,1006.7
2022-08-29 21:00:00,31.3,43,0.0,19.1,0,1007.7
2022-08-29 22:00:00,29.8,49,0.0,17.7,0,1008.3
2022-08-29 23:00:00,28.6,55,0.0,15.7,0,1008.5
2022-08-30 00:00:00,27.7,60,0.0,14.9,0,1008.7
2022-08-30 01:00:00,26.8,66,0.0,13.6,0,1008.6
2022-08-30 02:00:00,26.0,72,0.0,12.7,6,1008.6
2022-08-30 03:00:00,25.4,76,0.0,12.3,9,1008.7
2022-08-30 04:00:00,25.3,77,0.0,13.8,64,1008.7
2022-08-30 05:00:00,25.4,76,0.0,13.4,78,1008.8
2022-08-30 06:00:00,25.3,78,0.0,12.4,43,1008.9
2022-08-30 07:00:00,25.3,79,0.0,12.1,17,1009.4
2022-08-30 08:00:00,26.5,73,0.0,13.9,20,1009.7
2022-08-30 09:00:00,28.2,63,0.0,14.0,29,1009.8
2022-08-30 10:00:00,30.2,55,0.0,11.6,17,1009.9
2022-08-30 11:00:00,32.3,47,0.0,10.6,16,1009.9
2022-08-30 12:00:00,34.4,40,0.0,10.7,1,1009.5
2022-08-30 13:00:00,36.3,34,0.0,10.1,0,1008.9
2022-08-30 14:00:00,37.7,30,0.0,10.8,0,1008.2
2022-08-30 15:00:00,36.4,36,0.0,11.9,0,1007.9
2022-08-30 16:00:00,37.1,34,0.0,11.9,0,1007.2
2022-08-30 17:00:00,37.2,34,0.0,11.6,0,1006.7
2022-08-30 18:00:00,36.5,35,0.0,11.9,0,1006.4
2022-08-30 19:00:00,35.6,37,0.0,10.9,0,1006.1
2022-08-30 20:00:00,33.4,44,0.0,19.5,4,1006.6
2022-08-30 21:00:00,31.8,47,0.0,20.2,4,1007.8
2022-08-30 22:00:00,30.2,52,0.0,18.7,0,1008.7
2022-08-30 23:00:00,29.1,57,0.0,14.9,0,1008.8
2022-08-31 00:00:00,28.1,62,0.0,14.0,0,1008.9
2022-08-31 01:00:00,27.0,69,0.0,13.7,1,1008.8
2022-08-31 02:00:00,26.1,75,0.0,12.3,7,1008.5
2022-08-31 03:00:00,25.2,79,0.0,12.0,5,1008.2
2022-08-31 04:00:00,25.0,83,0.0,13.3,46,1008.1
2022-08-31 05:00:00,25.0,84,0.0,13.3,49,1008.2
2022-08-31 06:00:00,24.9,84,0.0,12.6,50,1008.3
2022-08-31 07:00:00,25.1,84,0.0,11.7,27,1008.6
2022-08-31 08:00:00,26.5,76,0.0,14.1,32,1008.8
2022-08-31 09:00:00,28.1,66,0.0,14.1,18,1008.9
2022-08-31 10:00:00,30.0,56,0.0,13.4,14,1008.7
2022-08-31 11:00:00,32.5,45,0.0,13.1,1,1008.4
2022-08-31 12:00:00,34.7,36,0.0,13.2,0,1007.7
2022-08-31 13:00:00,36.6,30,0.0,12.7,0,1007.0
2022-08-31 14:00:00,38.1,26,0.0,12.3,0,1006.3
2022-08-31 15:00:00,36.2,33,0.0,12.2,0,1006.0
2022-08-31 16:00:00,37.1,31,0.0,12.2,0,1005.4
2022-08-31 17:00:00,37.1,30,0.0,12.2,0,1004.9
2022-08-31 18:00:00,36.5,32,0.0,13.0,0,1004.8
2022-08-31 19:00:00,35.3,35,0.0,13.7,1,1005.0
2022-08-31 20:00:00,33.1,39,0.0,21.6,0,1005.7
2022-08-31 21:00:00,30.4,44,0.0,22.4,0,1007.0
2022-08-31 22:00:00,29.0,50,0.0,18.0,0,1007.9
2022-08-31 23:00:00,28.0,55,0.0,15.1,0,1008.0
2022-09-01 00:00:00,27.1,60,0.0,13.4,0,1008.1
2022-09-01 01:00:00,26.2,67,0.0,12.8,0,1008.0
2022-09-01 02:00:00,25.3,75,0.0,12.5,0,1007.9
2022-09-01 03:00:00,24.2,77,0.0,10.6,12,1007.3
2022-09-01 04:00:00,23.9,81,0.0,9.8,8,1007.3
2022-09-01 05:00:00,23.6,85,0.0,9.5,13,1007.3
2022-09-01 06:00:00,23.3,87,0.0,8.8,33,1007.3
2022-09-01 07:00:00,23.5,87,0.0,9.7,100,1007.5
2022-09-01 08:00:00,25.3,77,0.0,15.0,50,1007.6
2022-09-01 09:00:00,27.2,65,0.0,14.3,30,1007.5
2022-09-01 10:00:00,29.2,55,0.0,12.6,11,1007.4
2022-09-01 11:00:00,31.7,44,0.0,13.0,7,1007.3
2022-09-01 12:00:00,34.0,34,0.0,12.8,0,1006.7
2022-09-01 13:00:00,35.9,27,0.0,12.4,0,1006.0
2022-09-01 14:00:00,37.2,24,0.0,12.0,0,1005.3
2022-09-01 15:00:00,35.9,27,0.0,13.1,0,1005.3
2022-09-01 16:00:00,36.6,26,0.0,13.4,0,1004.9
2022-09-01 17:00:00,36.3,26,0.0,14.4,0,1004.4
2022-09-01 18:00:00,35.5,28,0.0,15.3,0,1004.4
2022-09-01 19:00:00,33.9,33,0.0,15.6,0,1004.5
2022-09-01 20:00:00,32.1,37,0.0,18.2,0,1005.2
2022-09-01 21:00:00,30.6,40,0.0,19.7,0,1006.3
2022-09-01 22:00:00,29.0,46,0.0,18.7,0,1007.1
2022-09-01 23:00:00,28.0,52,0.0,14.7,0,1007.4
2022-09-02 00:00:00,27.1,58,0.0,13.8,0,1007.8
2022-09-02 01:00:00,26.3,65,0.0,13.1,0,1007.9
2022-09-02 02:00:00,25.4,72,0.0,10.8,1,1007.7
2022-09-02 03:00:00,24.5,74,0.0,9.0,6,1007.4
2022-09-02 04:00:00,23.9,81,0.0,8.7,0,1007.4
2022-09-02 05:00:00,23.4,85,0.0,8.4,0,1007.5
2022-09-02 06:00:00,22.9,89,0.0,6.9,2,1007.6
2022-09-02 07:00:00,22.8,91,0.0,8.0,3,1008.1
2022-09-02 08:00:00,24.7,80,0.0,10.7,44,1008.5
2022-09-02 09:00:00,26.8,67,0.0,12.6,24,1008.5
2022-09-02 10:00:00,28.9,55,0.0,11.9,3,1008.7
2022-09-02 11:00:00,31.3,43,0.0,11.8,3,1008.5
2022-09-02 12:00:00,33.3,35,0.0,11.1,0,1007.8
2022-09-02 13:00:00,35.1,29,0.0,10.6,0,1007.3
2022-09-02 14:00:00,36.5,25,0.0,10.2,0,1006.5
2022-09-02 15:00:00,34.9,30,0.0,11.1,0,1006.4
2022-09-02 16:00:00,35.7,28,0.0,11.5,0,1005.9
2022-09-02 17:00:00,35.6,27,0.0,11.5,0,1005.6
2022-09-02 18:00:00,35.1,28,0.0,12.2,0,1005.7
2022-09-02 19:00:00,33.8,31,0.0,10.5,0,1005.9
2022-09-02 20:00:00,32.4,37,0.0,16.6,0,1006.5
2022-09-02 21:00:00,29.9,47,0.0,21.0,0,1007.8
2022-09-02 22:00:00,28.4,52,0.0,18.8,0,1008.8
2022-09-02 23:00:00,27.3,58,0.0,15.6,0,1009.3
2022-09-03 00:00:00,26.6,62,0.0,13.3,0,1009.6
2022-09-03 01:00:00,25.9,65,0.0,11.0,0,1009.6
2022-09-03 02:00:00,25.4,68,0.0,9.1,0,1009.5
2022-09-03 03:00:00,25.1,67,0.0,8.6,0,1008.6
2022-09-03 04:00:00,24.6,70,0.0,7.3,0,1008.8
2022-09-03 05:00:00,24.2,73,0.0,6.9,0,1008.8
2022-09-03 06:00:00,23.7,75,0.0,6.5,4,1009.2
2022-09-03 07:00:00,23.7,76,0.0,6.5,5,1009.6
2022-09-03 08:00:00,25.7,66,0.0,7.7,3,1009.8
2022-09-03 09:00:00,27.9,60,0.0,13.1,6,1010.0
2022-09-03 10:00:00,29.8,52,0.0,13.2,15,1010.0
2022-09-03 11:00:00,31.8,45,0.0,12.6,7,1009.7
2022-09-03 12:00:00,34.0,36,0.0,12.4,1,1009.0
2022-09-03 13:00:00,35.9,29,0.0,12.9,0,1008.6
2022-09-03 14:00:00,37.3,25,0.0,13.4,0,1008.0
2022-09-03 15:00:00,35.8,28,0.0,14.4,0,1008.1
2022-09-03 16:00:00,36.5,27,0.0,14.7,0,1007.6
2022-09-03 17:00:00,36.4,28,0.0,14.6,0,1007.4
2022-09-03 18:00:00,35.5,30,0.0,15.5,0,1007.2
2022-09-03 19:00:00,33.7,32,0.0,17.1,0,1007.5
2022-09-03 20:00:00,31.9,35,0.0,17.9,0,1008.3
2022-09-03 21:00:00,30.5,36,0.0,18.7,0,1009.4
2022-09-03 22:00:00,28.5,47,0.0,17.8,0,1010.1
2022-09-03 23:00:00,27.1,58,0.0,15.5,0,1010.5
2022-09-04 00:00:00,25.9,66,0.0,14.6,0,1010.7
2022-09-04 01:00:00,24.9,73,0.0,12.1,4,1010.6
2022-09-04 02:00:00,24.2,78,0.0,9.5,10,1010.3
2022-09-04 03:00:00,23.8,76,0.0,8.6,89,1009.7
2022-09-04 04:00:00,23.9,78,0.0,9.0,92,1010.0
2022-09-04 05:00:00,24.9,75,0.0,14.3,41,1010.1
2022-09-04 06:00:00,24.2,80,0.0,10.5,67,1010.2
2022-09-04 07:00:00,24.9,77,0.0,13.1,62,1010.5
2022-09-04 08:00:00,25.8,70,0.0,15.5,29,1010.6
2022-09-04 09:00:00,27.5,63,0.0,14.3,19,1010.7
2022-09-04 10:00:00,29.4,55,0.0,13.8,14,1010.5
2022-09-04 11:00:00,31.8,43,0.0,13.8,1,1010.4
2022-09-04 12:00:00,34.0,35,0.0,13.9,0,1009.7
2022-09-04 13:00:00,36.0,28,0.0,13.9,0,1009.0
2022-09-04 14:00:00,37.4,24,0.0,13.8,0,1008.2
2022-09-04 15:00:00,36.3,27,0.0,14.9,0,1007.7
2022-09-04 16:00:00,36.9,26,0.0,15.3,0,1007.3
2022-09-04 17:00:00,36.7,26,0.0,15.4,0,1007.0
2022-09-04 18:00:00,35.8,27,0.0,15.2,0,1006.8
2022-09-04 19:00:00,34.2,30,0.0,14.6,0,1007.0
2022-09-04 20:00:00,32.7,31,0.0,14.9,0,1007.6
2022-09-04 21:00:00,31.4,34,0.0,17.2,0,1008.6
2022-09-04 22:00:00,29.7,41,0.0,16.1,0,1009.3
2022-09-04 23:00:00,28.2,50,0.0,12.8,0,1009.6
2022-09-05 00:00:00,26.9,59,0.0,11.5,0,1009.8
2022-09-05 01:00:00,25.8,69,0.0,10.8,0,1009.7
2022-09-05 02:00:00,24.7,79,0.0,10.2,0,1009.5
2022-09-05 03:00:00,24.4,82,0.0,9.2,16,1009.3
2022-09-05 04:00:00,23.9,86,0.0,7.4,8,1009.2
2022-09-05 05:00:00,23.4,90,0.0,5.5,31,1009.1
2022-09-05 06:00:00,23.2,91,0.0,4.8,100,1009.1
2022-09-05 07:00:00,23.8,88,0.0,6.4,100,1009.1
2022-09-05 08:00:00,25.1,80,0.0,8.9,23,1009.5
2022-09-05 09:00:00,27.2,66,0.0,9.8,30,1009.5
2022-09-05 10:00:00,29.2,56,0.0,7.9,23,1009.5
2022-09-05 11:00:00,31.3,46,0.0,7.4,14,1009.2
2022-09-05 12:00:00,33.5,38,0.0,8.7,7,1008.7
2022-09-05 13:00:00,35.2,32,0.0,10.4,1,1007.8
2022-09-05 14:00:00,36.4,28,0.0,12.4,0,1007.1
2022-09-05 15:00:00,35.2,30,0.0,11.7,0,1006.7
2022-09-05 16:00:00,36.0,27,0.0,10.8,0,1006.2
2022-09-05 17:00:00,36.0,27,0.0,11.0,0,1005.8
2022-09-05 18:00:00,35.3,30,0.0,11.8,0,1005.4
2022-09-05 19:00:00,33.2,36,0.0,16.1,3,1005.5
2022-09-05 20:00:00,31.6,39,0.0,17.1,0,1006.1
2022-09-05 21:00:00,29.9,45,0.0,18.2,0,1007.0
2022-09-05 22:00:00,28.3,54,0.0,16.1,0,1007.9
2022-09-05 23:00:00,27.2,61,0.0,12.9,0,1007.9
2022-09-06 00:00:00,26.5,65,0.0,10.2,0,1007.9
2022-09-06 01:00:00,25.8,68,0.0,7.9,0,1007.7
2022-09-06 02:00:00,25.2,71,0.0,7.1,5,1007.5
2022-09-06 03:00:00,24.4,73,0.0,5.6,0,1007.3
2022-09-06 04:00:00,23.8,76,0.0,4.8,2,1007.2
2022-09-06 05:00:00,23.6,78,0.0,5.5,11,1007.1
2022-09-06 06:00:00,23.4,81,0.0,5.6,17,1007.1
2022-09-06 07:00:00,23.4,82,0.0,5.0,4,1007.3
2022-09-06 08:00:00,25.6,73,0.0,6.5,35,1007.7
2022-09-06 09:00:00,27.7,63,0.0,13.2,72,1007.8
2022-09-06 10:00:00,29.7,52,0.0,14.7,37,1007.7
2022-09-06 11:00:00,31.7,44,0.0,13.2,25,1007.5
2022-09-06 12:00:00,33.4,39,0.0,10.5,10,1007.0
2022-09-06 13:00:00,35.2,33,0.0,10.5,7,1006.4
2022-09-06 14:00:00,36.7,29,0.0,13.5,22,1005.5
2022-09-06 15:00:00,34.4,36,0.0,14.8,9,1006.3
2022-09-06 16:00:00,34.6,35,0.0,15.7,25,1005.7
2022-09-06 17:00:00,34.4,32,0.0,14.6,7,1005.2
2022-09-06 18:00:00,34.0,31,0.0,14.1,10,1005.0
2022-09-06 19:00:00,32.2,35,0.0,16.6,30,1005.4
2022-09-06 20:00:00,30.8,38,0.0,17.6,14,1005.9
2022-09-06 21:00:00,29.6,40,0.0,17.1,1,1006.9
2022-09-06 22:00:00,28.4,47,0.0,14.9,1,1007.4
2022-09-06 23:00:00,27.2,53,0.0,11.6,0,1007.3
2022-09-07 00:00:00,26.3,58,0.0,9.7,0,1007.3
2022-09-07 01:00:00,25.6,63,0.0,7.7,0,1007.0
2022-09-07 02:00:00,24.7,68,0.0,5.6,0,1006.6
2022-09-07 03:00:00,24.2,69,0.0,5.9,0,1006.4
2022-09-07 04:00:00,22.9,75,0.0,5.9,0,1006.3
2022-09-07 05:00:00,22.3,78,0.0,7.5,0,1006.3
2022-09-07 06:00:00,22.0,79,0.0,7.6,0,1006.4
2022-09-07 07:00:00,22.0,80,0.0,5.8,0,1006.6
2022-09-07 08:00:00,25.0,68,0.0,4.7,7,1007.2
2022-09-07 09:00:00,27.3,61,0.0,6.6,34,1007.4
2022-09-07 10:00:00,29.3,53,0.0,9.3,52,1007.5
2022-09-07 11:00:00,31.4,44,0.0,8.7,47,1007.4
2022-09-07 12:00:00,33.2,36,0.0,8.6,36,1006.8
2022-09-07 13:00:00,34.6,32,0.0,8.0,23,1006.1
2022-09-07 14:00:00,36.2,26,0.0,8.9,74,1005.4
2022-09-07 15:00:00,34.2,34,0.0,10.6,96,1005.6
2022-09-07 16:00:00,34.7,33,0.0,12.7,100,1005.2
2022-09-07 17:00:00,34.0,34,0.0,14.0,64,1005.0
2022-09-07 18:00:00,33.1,39,0.0,14.8,43,1005.2
2022-09-07 19:00:00,31.8,44,0.0,14.1,24,1005.5
2022-09-07 20:00:00,31.1,46,0.0,11.5,10,1005.9
2022-09-07 21:00:00,30.8,47,0.0,13.1,48,1006.9
2022-09-07 22:00:00,28.7,55,0.0,19.6,32,1007.8
2022-09-07 23:00:00,27.3,63,0.0,17.3,20,1008.1
2022-09-08 00:00:00,26.5,66,0.0,14.9,0,1008.3
2022-09-08 01:00:00,25.9,70,0.0,11.6,0,1008.2
2022-09-08 02:00:00,25.5,72,0.0,10.4,1,1008.1
2022-09-08 03:00:00,25.1,70,0.0,9.1,7,1007.5
2022-09-08 04:00:00,24.8,72,0.0,8.7,0,1007.4
2022-09-08 05:00:00,24.2,75,0.0,7.2,0,1007.6
2022-09-08 06:00:00,23.6,79,0.0,5.8,0,1007.9
2022-09-08 07:00:00,23.5,80,0.0,5.8,0,1008.1
2022-09-08 08:00:00,25.4,71,0.0,8.8,0,1008.7
2022-09-08 09:00:00,27.3,61,0.0,9.3,0,1009.0
2022-09-08 10:00:00,29.4,53,0.0,7.9,0,1009.0
2022-09-08 11:00:00,31.7,44,0.0,8.1,0,1008.8
2022-09-08 12:00:00,33.8,35,0.0,9.0,0,1008.1
2022-09-08 13:00:00,35.2,30,0.0,10.1,0,1007.4
2022-09-08 14:00:00,36.0,28,0.0,10.5,1,1006.8
2022-09-08 15:00:00,35.5,30,0.0,9.5,4,1006.5
2022-09-08 16:00:00,36.6,26,0.0,8.9,46,1006.0
2022-09-08 17:00:00,36.7,25,0.0,11.9,20,1005.7
2022-09-08 18:00:00,35.7,27,0.0,13.3,7,1005.7
2022-09-08 19:00:00,34.8,28,0.0,15.7,14,1005.8
2022-09-08 20:00:00,32.5,35,0.0,19.8,9,1006.6
2022-09-08 21:00:00,31.1,38,0.0,21.7,0,1007.9
2022-09-08 22:00:00,29.6,46,0.0,19.0,0,1008.7
2022-09-08 23:00:00,28.2,54,0.0,16.6,0,1009.2
2022-09-09 00:00:00,27.0,65,0.0,13.8,0,1009.5
2022-09-09 01:00:00,26.0,73,0.0,12.1,0,1009.7
2022-09-09 02:00:00,25.2,80,0.0,10.1,6,1009.5
2022-09-09 03:00:00,24.6,84,0.0,8.6,14,1009.4
2022-09-09 04:00:00,24.4,86,0.0,8.3,26,1009.4
2022-09-09 05:00:00,24.0,89,0.0,9.1,100,1009.6
2022-09-09 06:00:00,23.9,90,0.0,9.7,100,1009.6
2022-09-09 07:00:00,24.2,89,0.0,11.2,97,1009.8
2022-09-09 08:00:00,25.2,82,0.0,12.0,41,1010.4
2022-09-09 09:00:00,27.1,70,0.0,12.4,35,1010.6
2022-09-09 10:00:00,29.3,58,0.0,12.1,7,1010.6
2022-09-09 11:00:00,31.9,44,0.0,13.8,1,1010.3
2022-09-09 12:00:00,34.0,36,0.0,14.5,0,1009.7
2022-09-09 13:00:00,35.9,28,0.0,14.0,0,1008.9
2022-09-09 14:00:00,37.1,24,0.0,14.0,0,1007.9
2022-09-09 15:00:00,36.1,28,0.0,14.7,0,1008.1
2022-09-09 16:00:00,36.8,25,0.0,15.8,0,1007.6
2022-09-09 17:00:00,36.3,23,0.0,17.9,0,1007.6
2022-09-09 18:00:00,34.9,24,0.0,20.3,0,1007.9
2022-09-09 19:00:00,33.0,27,0.0,18.5,0,1008.4
2022-09-09 20:00:00,31.6,30,0.0,18.2,0,1009.1
2022-09-09 21:00:00,30.4,32,0.0,18.2,0,1010.1
2022-09-09 22:00:00,29.2,36,0.0,16.6,0,1010.8
2022-09-09 23:00:00,27.7,44,0.0,15.2,0,1010.9
2022-09-10 00:00:00,26.3,55,0.0,12.1,0,1011.0
2022-09-10 01:00:00,25.2,63,0.0,9.7,0,1010.9
2022-09-10 02:00:00,24.2,71,0.0,8.3,0,1010.4
2022-09-10 03:00:00,23.6,80,0.0,7.6,5,1010.3
2022-09-10 04:00:00,23.1,87,0.0,7.1,32,1010.0
2022-09-10 05:00:00,22.9,93,0.0,6.3,100,1010.1
2022-09-10 06:00:00,23.7,92,0.0,10.5,100,1010.3
2022-09-10 07:00:00,24.0,90,0.0,11.8,100,1010.5
2022-09-10 08:00:00,24.7,83,0.0,12.6,28,1010.7
2022-09-10 09:00:00,26.7,70,0.0,13.0,26,1011.0
2022-09-10 10:00:00,29.0,58,0.0,10.8,15,1011.1
2022-09-10 11:00:00,31.7,42,0.0,10.8,0,1010.8
2022-09-10 12:00:00,34.0,31,0.0,11.2,0,1010.1
2022-09-10 13:00:00,35.8,25,0.0,11.9,0,1009.3
2022-09-10 14:00:00,37.0,21,0.0,12.3,0,1008.4
2022-09-10 15:00:00,35.7,24,0.0,11.7,0,1008.1
2022-09-10 16:00:00,36.4,23,0.0,12.6,0,1007.5
2022-09-10 17:00:00,36.1,23,0.0,13.0,0,1007.0
2022-09-10 18:00:00,35.4,24,0.0,12.4,0,1006.9
2022-09-10 19:00:00,33.9,29,0.0,9.0,0,1006.8
2022-09-10 20:00:00,32.3,36,0.0,16.4,0,1007.5
2022-09-10 21:00:00,30.9,38,0.0,17.3,0,1008.6
2022-09-10 22:00:00,29.6,38,0.0,14.5,0,1009.3
2022-09-10 23:00:00,28.1,42,0.0,12.0,0,1009.3
2022-09-11 00:00:00,26.7,51,0.0,10.8,0,1009.3
2022-09-11 01:00:00,25.5,62,0.0,9.5,0,1009.3
2022-09-11 02:00:00,24.5,71,0.0,8.0,0,1009.0
2022-09-11 03:00:00,23.3,75,0.0,8.2,0,1008.8
2022-09-11 04:00:00,22.7,80,0.0,7.1,0,1008.9
2022-09-11 05:00:00,22.0,84,0.0,6.8,0,1008.9
2022-09-11 06:00:00,21.2,89,0.0,6.2,0,1008.9
2022-09-11 07:00:00,20.9,91,0.0,5.7,0,1009.0
2022-09-11 08:00:00,23.0,80,0.0,5.9,0,1009.4
2022-09-11 09:00:00,25.4,70,0.0,6.9,0,1009.4
2022-09-11 10:00:00,28.1,56,0.0,6.5,0,1009.4
2022-09-11 11:00:00,30.9,41,0.0,6.2,0,1009.2
2022-09-11 12:00:00,33.5,30,0.0,6.6,0,1008.6
2022-09-11 13:00:00,35.5,23,0.0,7.0,0,1007.7
2022-09-11 14:00:00,37.0,20,0.0,8.2,0,1006.8
2022-09-11 15:00:00,36.7,20,0.0,9.9,0,1006.3
2022-09-11 16:00:00,37.5,18,0.0,11.2,0,1005.7
2022-09-11 17:00:00,37.3,18,0.0,11.9,0,1005.2
2022-09-11 18:00:00,36.3,21,0.0,11.9,0,1004.9
2022-09-11 19:00:00,34.6,25,0.0,12.1,0,1004.7
2022-09-11 20:00:00,32.8,29,0.0,18.1,0,1005.2
2022-09-11 21:00:00,30.9,38,0.0,17.8,0,1006.2
2022-09-11 22:00:00,29.2,47,0.0,15.1,0,1006.9
2022-09-11 23:00:00,27.8,55,0.0,11.9,0,1007.0
2022-09-12 00:00:00,26.6,62,0.0,9.4,0,1007.1
2022-09-12 01:00:00,25.4,69,0.0,7.3,0,1006.8
2022-09-12 02:00:00,24.3,76,0.0,5.6,0,1006.2
2022-09-12 03:00:00,23.2,82,0.0,4.7,0,1005.8
2022-09-12 04:00:00,22.9,86,0.0,4.7,8,1005.9
2022-09-12 05:00:00,22.9,91,0.0,4.7,100,1005.7
2022-09-12 06:00:00,23.7,90,0.0,6.9,100,1005.7
2022-09-12 07:00:00,24.1,86,0.0,7.3,94,1005.8
2022-09-12 08:00:00,25.0,79,0.0,7.6,42,1006.1
2022-09-12 09:00:00,26.7,69,0.0,7.4,21,1006.3
2022-09-12 10:00:00,28.8,59,0.0,5.7,11,1006.4
2022-09-12 11:00:00,31.2,49,0.0,5.3,6,1006.1
2022-09-12 12:00:00,33.6,39,0.0,6.0,0,1005.6
2022-09-12 13:00:00,35.6,31,0.0,6.7,0,1004.9
2022-09-12 14:00:00,37.0,27,0.0,7.6,0,1004.2
2022-09-12 15:00:00,35.8,31,0.0,11.1,0,1004.1
2022-09-12 16:00:00,36.3,29,0.0,12.7,0,1003.6
2022-09-12 17:00:00,36.0,29,0.0,13.1,0,1003.3
2022-09-12 18:00:00,35.0,30,0.0,13.0,0,1003.1
2022-09-12 19:00:00,33.5,33,0.0,9.5,0,1002.9
2022-09-12 20:00:00,32.4,37,0.0,9.2,0,1003.4
2022-09-12 21:00:00,31.9,41,0.0,14.8,3,1004.2
2022-09-12 22:00:00,30.0,53,0.0,14.8,0,1005.1
2022-09-12 23:00:00,29.0,56,0.0,12.6,1,1005.3
2022-09-13 00:00:00,27.7,60,0.0,11.4,0,1005.3
2022-09-13 01:00:00,26.7,65,0.0,10.2,0,1005.5
2022-09-13 02:00:00,25.8,71,0.0,9.5,0,1005.3
2022-09-13 03:00:00,24.9,75,0.0,10.0,0,1004.6
2022-09-13 04:00:00,24.1,83,0.0,8.0,0,1004.9
2022-09-13 05:00:00,23.3,90,0.0,5.2,8,1004.9
2022-09-13 06:00:00,22.8,94,0.0,4.6,53,1005.0
2022-09-13 07:00:00,23.1,92,0.0,5.9,100,1005.2
2022-09-13 08:00:00,24.1,84,0.0,5.4,23,1005.7
2022-09-13 09:00:00,26.1,71,0.0,4.6,28,1006.0
2022-09-13 10:00:00,28.3,59,0.0,4.7,31,1006.2
2022-09-13 11:00:00,30.4,51,0.0,6.1,20,1006.0
2022-09-13 12:00:00,32.5,43,0.0,8.6,2,1005.5
2022-09-13 13:00:00,34.1,35,0.0,11.6,0,1005.0
2022-09-13 14:00:00,35.2,29,0.0,13.4,0,1004.6
2022-09-13 15:00:00,34.1,33,0.0,14.0,0,1004.3
2022-09-13 16:00:00,34.6,30,0.0,13.8,0,1004.1
2022-09-13 17:00:00,34.3,31,0.0,13.4,0,1004.1
2022-09-13 18:00:00,33.7,35,0.0,11.3,0,1004.1
2022-09-13 19:00:00,32.8,37,0.0,9.4,9,1004.2
2022-09-13 20:00:00,30.1,45,0.0,18.9,3,1005.2
2022-09-13 21:00:00,29.0,49,0.0,17.6,0,1006.5
2022-09-13 22:00:00,27.7,54,0.0,15.2,0,1007.6
2022-09-13 23:00:00,26.7,57,0.0,13.1,2,1008.2
2022-09-14 00:00:00,25.7,62,0.0,12.1,0,1008.6
2022-09-14 01:00:00,24.8,66,0.0,10.3,0,1008.7
2022-09-14 02:00:00,23.9,71,0.0,7.6,0,1008.6
2022-09-14 03:00:00,22.5,75,0.0,6.5,0,1008.5
2022-09-14 04:00:00,21.7,79,0.0,7.0,0,1008.6
2022-09-14 05:00:00,21.6,80,0.0,6.9,0,1008.7
2022-09-14 06:00:00,21.9,80,0.0,5.2,0,1008.9
2022-09-14 07:00:00,21.1,84,0.0,5.8,0,1009.3
2022-09-14 08:00:00,23.8,70,0.0,3.6,0,1009.9
2022-09-14 09:00:00,26.3,59,0.0,5.4,0,1010.2
2022-09-14 10:00:00,28.4,49,0.0,8.1,0,1010.1
2022-09-14 11:00:00,30.4,39,0.0,8.0,0,1010.0
2022-09-14 12:00:00,32.3,29,0.0,8.2,0,1009.8
2022-09-14 13:00:00,33.6,25,0.0,10.3,0,1009.4
2022-09-14 14:00:00,34.4,23,0.0,12.7,0,1008.8
2022-09-14 15:00:00,32.9,25,0.0,13.5,0,1009.2
2022-09-14 16:00:00,33.2,25,0.0,13.2,0,1008.8
2022-09-14 17:00:00,33.0,25,0.0,12.5,0,1008.6
2022-09-14 18:00:00,32.4,26,0.0,13.2,0,1008.5
2022-09-14 19:00:00,30.3,31,0.0,15.6,0,1008.7
2022-09-14 20:00:00,28.8,35,0.0,18.1,0,1009.4
2022-09-14 21:00:00,27.4,37,0.0,18.1,0,1010.6
2022-09-14 22:00:00,26.2,42,0.0,16.8,0,1011.3
2022-09-14 23:00:00,25.1,51,0.0,13.9,0,1011.6
2022-09-15 00:00:00,24.3,57,0.0,10.5,0,1011.8
2022-09-15 01:00:00,23.6,61,0.0,7.7,0,1011.9
2022-09-15 02:00:00,22.6,67,0.0,5.2,0,1011.8
2022-09-15 03:00:00,21.4,74,0.0,8.0,0,1011.3
2022-09-15 04:00:00,21.6,74,0.0,6.8,0,1011.2
2022-09-15 05:00:00,22.5,71,0.0,4.8,0,1011.3
2022-09-15 06:00:00,22.1,74,0.0,4.3,0,1011.5
2022-09-15 07:00:00,21.8,75,0.0,1.5,0,1011.9
2022-09-15 08:00:00,23.3,67,0.0,1.1,2,1012.2
2022-09-15 09:00:00,25.7,56,0.0,1.8,3,1012.3
2022-09-15 10:00:00,27.8,46,0.0,8.3,22,1012.3
2022-09-15 11:00:00,29.3,39,0.0,9.4,44,1012.0
2022-09-15 12:00:00,30.6,35,0.0,9.1,19,1011.8
2022-09-15 13:00:00,32.0,31,0.0,9.3,20,1011.0
2022-09-15 14:00:00,32.9,29,0.0,10.7,6,1010.3
2022-09-15 15:00:00,31.8,31,0.0,10.3,2,1010.0
2022-09-15 16:00:00,32.6,29,0.0,10.3,0,1009.4
2022-09-15 17:00:00,32.5,30,0.0,11.2,6,1008.9
2022-09-15 18:00:00,31.7,31,0.0,11.9,0,1008.7
2022-09-15 19:00:00,30.2,34,0.0,9.8,1,1008.6
2022-09-15 20:00:00,28.9,37,0.0,13.2,0,1009.2
2022-09-15 21:00:00,27.7,40,0.0,14.8,0,1010.1
2022-09-15 22:00:00,26.8,42,0.0,18.0,2,1011.0
2022-09-15 23:00:00,25.4,45,0.0,17.0,0,1011.3
2022-09-16 00:00:00,24.5,48,0.0,13.7,0,1011.6
2022-09-16 01:00:00,23.7,51,0.0,9.4,1,1011.5
2022-09-16 02:00:00,22.9,55,0.0,6.5,1,1011.1
2022-09-16 03:00:00,21.7,59,0.0,5.4,0,1010.5
2022-09-16 04:00:00,20.8,64,0.0,6.1,0,1010.4
2022-09-16 05:00:00,20.0,69,0.0,7.6,0,1010.5
2022-09-16 06:00:00,20.5,67,0.0,6.6,0,1010.5
2022-09-16 07:00:00,21.1,66,0.0,3.9,0,1010.5
2022-09-16 08:00:00,22.5,59,0.0,1.1,0,1010.6
2022-09-16 09:00:00,25.0,48,0.0,3.6,0,1010.6
2022-09-16 10:00:00,26.8,41,0.0,6.5,0,1010.9
2022-09-16 11:00:00,28.5,35,0.0,6.9,0,1010.4
2022-09-16 12:00:00,30.0,31,0.0,6.2,0,1009.6
2022-09-16 13:00:00,31.4,27,0.0,6.0,0,1008.8
2022-09-16 14:00:00,32.6,24,0.0,5.5,0,1007.8
2022-09-16 15:00:00,31.7,24,0.0,5.2,0,1007.2
2022-09-16 16:00:00,32.7,20,0.0,5.9,0,1006.5
2022-09-16 17:00:00,32.5,20,0.0,6.4,0,1006.2
2022-09-16 18:00:00,31.9,20,0.0,7.1,0,1006.2
2022-09-16 19:00:00,29.7,23,0.0,7.4,0,1006.2
2022-09-16 20:00:00,27.7,27,0.0,5.9,0,1006.5
2022-09-16 21:00:00,26.6,31,0.0,7.2,0,1007.0
2022-09-16 22:00:00,27.0,34,0.0,14.1,1,1007.5
2022-09-16 23:00:00,25.5,57,0.0,16.6,0,1007.6
2022-09-17 00:00:00,24.8,60,0.0,10.8,0,1007.6
2022-09-17 01:00:00,24.1,65,0.0,7.3,0,1007.6
2022-09-17 02:00:00,23.4,69,0.0,7.3,0,1007.7
2022-09-17 03:00:00,22.9,80,0.0,6.4,10,1007.4
2022-09-17 04:00:00,22.6,84,0.0,6.2,9,1007.2
2022-09-17 05:00:00,22.0,88,0.0,5.5,19,1007.1
2022-09-17 06:00:00,21.4,93,0.0,4.7,16,1006.8
2022-09-17 07:00:00,20.9,95,0.0,5.9,3,1006.8
2022-09-17 08:00:00,23.6,80,0.0,5.5,8,1007.1
2022-09-17 09:00:00,25.9,68,0.0,8.4,32,1007.4
2022-09-17 10:00:00,27.8,58,0.0,7.1,18,1007.5
2022-09-17 11:00:00,29.8,48,0.0,6.0,19,1007.4
2022-09-17 12:00:00,31.5,41,0.0,4.6,26,1006.9
2022-09-17 13:00:00,32.8,36,0.0,3.1,14,1006.2
2022-09-17 14:00:00,34.0,33,0.0,2.9,7,1005.2
2022-09-17 15:00:00,33.3,33,0.0,5.3,3,1005.1
2022-09-17 16:00:00,34.3,31,0.0,8.1,8,1004.6
2022-09-17 17:00:00,33.8,31,0.0,11.5,16,1004.4
2022-09-17 18:00:00,32.7,33,0.0,13.5,12,1004.5
2022-09-17 19:00:00,31.0,36,0.0,13.2,4,1004.7
2022-09-17 20:00:00,29.7,38,0.0,13.9,0,1005.2
2022-09-17 21:00:00,29.1,38,0.0,14.1,0,1006.1
2022-09-17 22:00:00,27.1,52,0.0,16.0,2,1007.0
2022-09-17 23:00:00,26.3,56,0.0,12.0,0,1007.2
2022-09-18 00:00:00,25.4,61,0.0,10.5,1,1007.3
2022-09-18 01:00:00,24.6,65,0.0,8.6,0,1007.3
2022-09-18 02:00:00,23.9,70,0.0,6.5,0,1007.0
2022-09-18 03:00:00,23.0,71,0.0,6.6,0,1006.7
2022-09-18 04:00:00,22.5,74,0.0,5.5,0,1006.7
2022-09-18 05:00:00,21.9,79,0.0,5.7,0,1007.0
2022-09-18 06:00:00,21.6,82,0.0,6.1,0,1006.9
2022-09-18 07:00:00,21.3,85,0.0,6.3,0,1007.5
2022-09-18 08:00:00,24.1,70,0.0,2.8,0,1008.0
2022-09-18 09:00:00,26.5,59,0.0,3.8,0,1008.5
2022-09-18 10:00:00,28.9,47,0.0,4.0,0,1008.5
2022-09-18 11:00:00,30.8,37,0.0,3.8,0,1008.3
2022-09-18 12:00:00,32.3,32,0.0,4.7,0,1007.8
2022-09-18 13:00:00,33.4,28,0.0,7.8,0,1007.2
2022-09-18 14:00:00,34.1,26,0.0,11.3,0,1006.8
2022-09-18 15:00:00,33.0,23,0.0,12.6,0,1007.0
2022-09-18 16:00:00,33.0,24,0.0,12.2,0,1006.8
2022-09-18 17:00:00,32.7,25,0.0,10.8,0,1006.6
2022-09-18 18:00:00,31.5,27,0.0,10.1,0,1006.7
2022-09-18 19:00:00,29.8,30,0.0,6.6,0,1006.7
2022-09-18 20:00:00,28.5,33,0.0,6.5,0,1007.1
2022-09-18 21:00:00,26.8,37,0.0,7.0,0,1007.7
2022-09-18 22:00:00,27.1,43,0.0,15.7,0,1008.5
2022-09-18 23:00:00,25.6,62,0.0,12.8,0,1009.0
2022-09-19 00:00:00,25.0,65,0.0,11.2,1,1009.0
2022-09-19 01:00:00,24.3,69,0.0,8.4,0,1008.7
2022-09-19 02:00:00,23.6,73,0.0,7.1,0,1008.5
2022-09-19 03:00:00,23.0,76,0.0,5.8,0,1008.3
2022-09-19 04:00:00,22.4,79,0.0,4.9,0,1008.4
2022-09-19 05:00:00,21.7,83,0.0,4.8,0,1008.4
2022-09-19 06:00:00,20.7,88,0.0,6.6,0,1008.6
2022-09-19 07:00:00,20.6,89,0.0,6.8,0,1008.9
2022-09-19 08:00:00,23.1,75,0.0,4.6,0,1009.3
2022-09-19 09:00:00,25.4,65,0.0,5.9,3,1009.5
2022-09-19 10:00:00,27.4,53,0.0,5.0,7,1009.7
2022-09-19 11:00:00,29.2,44,0.0,4.9,1,1009.4
2022-09-19 12:00:00,31.0,37,0.0,6.4,0,1009.0
2022-09-19 13:00:00,32.7,32,0.0,8.9,0,1008.4
2022-09-19 14:00:00,33.7,31,0.0,11.7,0,1008.0
2022-09-19 15:00:00,32.2,37,0.0,14.6,0,1008.3
2022-09-19 16:00:00,32.6,37,0.0,13.0,8,1008.0
2022-09-19 17:00:00,33.1,35,0.0,7.8,3,1007.6
2022-09-19 18:00:00,33.8,32,0.0,3.1,16,1006.8
2022-09-19 19:00:00,32.2,33,0.0,7.0,28,1006.7
2022-09-19 20:00:00,30.9,42,0.0,19.1,2,1007.5
2022-09-19 21:00:00,29.6,47,0.0,15.6,0,1008.5
2022-09-19 22:00:00,28.2,53,0.0,12.8,0,1009.1
2022-09-19 23:00:00,27.2,58,0.0,10.6,0,1009.2
2022-09-20 00:00:00,26.2,62,0.0,9.0,0,1009.2
2022-09-20 01:00:00,25.3,67,0.0,7.7,5,1009.1
2022-09-20 02:00:00,24.5,72,0.0,6.6,9,1008.7
2022-09-20 03:00:00,23.9,75,0.0,7.7,21,1008.3
2022-09-20 04:00:00,23.4,78,0.0,5.9,0,1008.0
2022-09-20 05:00:00,22.1,86,0.0,5.1,0,1008.0
2022-09-20 06:00:00,21.8,90,0.0,5.7,12,1008.1
2022-09-20 07:00:00,21.4,93,0.0,5.2,16,1008.3
2022-09-20 08:00:00,23.8,80,0.0,6.1,18,1008.4
2022-09-20 09:00:00,25.9,65,0.0,7.1,12,1009.0
2022-09-20 10:00:00,27.6,56,0.0,3.6,11,1008.8
2022-09-20 11:00:00,29.3,47,0.0,2.3,1,1008.6
2022-09-20 12:00:00,31.1,40,0.0,3.3,0,1007.9
2022-09-20 13:00:00,32.5,35,0.0,6.5,1,1007.3
2022-09-20 14:00:00,33.5,30,0.0,9.1,1,1006.6
2022-09-20 15:00:00,32.7,32,0.0,10.2,0,1006.4
2022-09-20 16:00:00,33.2,30,0.0,12.1,3,1006.0
2022-09-20 17:00:00,32.8,30,0.0,11.8,0,1006.2
2022-09-20 18:00:00,32.0,32,0.0,11.9,0,1006.0
2022-09-20 19:00:00,30.6,37,0.0,9.7,1,1006.1
2022-09-20 20:00:00,29.9,39,0.0,7.6,10,1006.4
2022-09-20 21:00:00,28.3,43,0.0,19.9,0,1007.7
2022-09-20 22:00:00,27.0,46,0.0,16.6,0,1008.5
2022-09-20 23:00:00,25.8,53,0.0,12.6,0,1008.9
2022-09-21 00:00:00,24.9,60,0.0,9.4,0,1008.7
2022-09-21 01:00:00,24.0,65,0.0,6.5,0,1008.6
2022-09-21 02:00:00,22.8,71,0.0,5.2,0,1008.4
2022-09-21 03:00:00,22.2,75,0.0,6.2,0,1007.6
2022-09-21 04:00:00,21.6,78,0.0,5.4,0,1007.7
2022-09-21 05:00:00,21.3,81,0.0,6.6,0,1007.8
2022-09-21 06:00:00,21.4,81,0.0,4.7,0,1007.7
2022-09-21 07:00:00,20.3,86,0.0,6.3,2,1007.9
2022-09-21 08:00:00,23.3,71,0.0,3.9,100,1008.3
2022-09-21 09:00:00,25.9,59,0.0,6.2,100,1008.6
2022-09-21 10:00:00,27.8,48,0.0,10.5,19,1008.5
2022-09-21 11:00:00,29.4,42,0.0,9.4,2,1008.3
2022-09-21 12:00:00,31.1,36,0.0,9.4,0,1007.7
2022-09-21 13:00:00,32.7,29,0.0,9.5,0,1007.0
2022-09-21 14:00:00,33.9,23,0.0,12.2,0,1006.4
2022-09-21 15:00:00,32.6,26,0.0,14.8,0,1007.1
2022-09-21 16:00:00,32.8,29,0.0,14.9,0,1006.8
2022-09-21 17:00:00,32.7,29,0.0,13.4,0,1006.9
2022-09-21 18:00:00,32.6,25,0.0,12.4,0,1006.3
2022-09-21 19:00:00,30.5,30,0.0,14.9,0,1006.9
2022-09-21 20:00:00,29.1,33,0.0,12.2,0,1007.6
2022-09-21 21:00:00,27.7,36,0.0,10.5,0,1008.3
2022-09-21 22:00:00,26.5,40,0.0,8.3,0,1008.7
2022-09-21 23:00:00,25.3,45,0.0,6.1,0,1008.8
2022-09-22 00:00:00,23.9,52,0.0,5.8,0,1008.4
2022-09-22 01:00:00,23.1,55,0.0,6.4,0,1007.9
2022-09-22 02:00:00,23.2,56,0.0,5.6,0,1007.7
2022-09-22 03:00:00,23.8,56,0.0,3.8,0,1007.2
2022-09-22 04:00:00,23.5,57,0.0,2.9,0,1006.9
2022-09-22 05:00:00,23.2,59,0.0,0.7,0,1006.9
2022-09-22 06:00:00,22.1,66,0.0,2.2,0,1007.2
2022-09-22 07:00:00,20.9,72,0.0,2.5,0,1007.4
2022-09-22 08:00:00,23.6,59,0.0,2.9,0,1007.8
2022-09-22 09:00:00,27.2,40,0.0,2.4,0,1008.4
2022-09-22 10:00:00,30.2,30,0.0,2.5,0,1008.3
2022-09-22 11:00:00,32.4,26,0.0,2.5,0,1008.3
2022-09-22 12:00:00,34.1,24,0.0,4.2,0,1007.7
2022-09-22 13:00:00,35.4,22,0.0,7.1,0,1007.1
2022-09-22 14:00:00,36.3,21,0.0,8.8,0,1006.3
2022-09-22 15:00:00,35.3,22,0.0,7.6,0,1006.4
2022-09-22 16:00:00,35.6,22,0.0,7.9,0,1006.2
2022-09-22 17:00:00,35.5,22,0.0,6.5,0,1005.9
2022-09-22 18:00:00,34.7,23,0.0,5.1,0,1005.6
2022-09-22 19:00:00,32.5,26,0.0,9.0,0,1005.7
2022-09-22 20:00:00,31.5,28,0.0,9.4,0,1006.1
2022-09-22 21:00:00,30.3,31,0.0,8.7,0,1006.5
2022-09-22 22:00:00,29.5,35,0.0,12.7,0,1007.0
2022-09-22 23:00:00,28.4,40,0.0,11.7,0,1007.2
2022-09-23 00:00:00,26.9,53,0.0,19.2,0,1007.5
2022-09-23 01:00:00,26.1,56,0.0,18.2,0,1007.8
2022-09-23 02:00:00,25.2,64,0.0,14.7,0,1007.9
2022-09-23 03:00:00,25.2,67,0.0,14.8,0,1007.6
2022-09-23 04:00:00,24.8,70,0.0,14.2,0,1007.7
2022-09-23 05:00:00,24.4,73,0.0,14.2,0,1008.1
2022-09-23 06:00:00,24.0,76,0.0,13.6,0,1008.5
2022-09-23 07:00:00,23.8,76,0.0,14.5,1,1008.9
2022-09-23 08:00:00,25.2,66,0.0,16.8,0,1009.4
2022-09-23 09:00:00,26.9,59,0.0,18.4,0,1009.5
2022-09-23 10:00:00,28.9,53,0.0,18.3,0,1009.6
2022-09-23 11:00:00,31.0,45,0.0,17.2,0,1009.5
2022-09-23 12:00:00,32.9,39,0.0,15.5,0,1008.9
2022-09-23 13:00:00,34.4,34,0.0,13.8,0,1008.4
2022-09-23 14:00:00,35.6,31,0.0,11.7,0,1007.7
2022-09-23 15:00:00,35.5,31,0.0,10.2,0,1007.4
2022-09-23 16:00:00,36.0,28,0.0,9.2,0,1006.7
2022-09-23 17:00:00,35.7,28,0.0,8.4,0,1006.2
2022-09-23 18:00:00,34.7,30,0.0,8.8,0,1006.4
2022-09-23 19:00:00,32.8,34,0.0,10.7,0,1007.0
2022-09-23 20:00:00,31.0,44,0.0,20.1,0,1007.6
2022-09-23 21:00:00,29.2,47,0.0,21.3,0,1008.5
2022-09-23 22:00:00,27.7,52,0.0,20.4,0,1009.0
2022-09-23 23:00:00,26.7,57,0.0,18.0,0,1009.6
2022-09-24 00:00:00,25.8,61,0.0,16.4,0,1010.0
2022-09-24 01:00:00,25.1,66,0.0,15.6,0,1010.1
2022-09-24 02:00:00,24.6,70,0.0,15.8,0,1009.6
2022-09-24 03:00:00,24.3,71,0.0,14.2,0,1009.5
2022-09-24 04:00:00,23.9,74,0.0,14.5,0,1009.6
2022-09-24 05:00:00,23.5,76,0.0,14.8,0,1009.7
2022-09-24 06:00:00,23.1,79,0.0,14.6,0,1010.1
2022-09-24 07:00:00,22.8,81,0.0,14.8,0,1010.6
2022-09-24 08:00:00,24.1,75,0.0,13.8,0,1010.8
2022-09-24 09:00:00,26.5,65,0.0,14.8,0,1011.4
2022-09-24 10:00:00,29.2,54,0.0,16.3,0,1011.3
2022-09-24 11:00:00,32.0,43,0.0,17.5,0,1011.1
2022-09-24 12:00:00,34.5,35,0.0,17.2,0,1010.5
2022-09-24 13:00:00,36.3,29,0.0,15.9,0,1009.8
2022-09-24 14:00:00,37.5,26,0.0,15.1,0,1009.2
2022-09-24 15:00:00,37.5,25,0.0,13.8,0,1009.2
2022-09-24 16:00:00,37.8,25,0.0,15.0,0,1008.8
2022-09-24 17:00:00,37.2,27,0.0,16.5,0,1008.6
2022-09-24 18:00:00,35.7,30,0.0,18.6,0,1008.6
2022-09-24 19:00:00,32.0,41,0.0,24.2,0,1009.5
2022-09-24 20:00:00,29.7,46,0.0,23.9,2,1010.5
2022-09-24 21:00:00,27.9,52,0.0,21.7,10,1010.9
2022-09-24 22:00:00,26.9,57,0.0,19.7,2,1011.5
2022-09-24 23:00:00,26.0,61,0.0,17.9,0,1012.0
2022-09-25 00:00:00,25.4,66,0.0,16.8,0,1011.9
2022-09-25 01:00:00,24.9,70,0.0,16.4,0,1012.0
2022-09-25 02:00:00,24.4,74,0.0,15.9,0,1011.8
2022-09-25 03:00:00,24.1,76,0.0,17.4,0,1010.8
2022-09-25 04:00:00,23.8,78,0.0,17.1,0,1010.7
2022-09-25 05:00:00,23.5,81,0.0,16.5,0,1010.7
2022-09-25 06:00:00,23.2,83,0.0,17.3,0,1010.6
2022-09-25 07:00:00,23.0,85,0.0,18.1,0,1010.8
2022-09-25 08:00:00,24.3,78,0.0,16.0,0,1011.0
2022-09-25 09:00:00,26.6,67,0.0,18.4,0,1011.4
2022-09-25 10:00:00,29.1,55,0.0,20.9,0,1011.4
2022-09-25 11:00:00,31.9,41,0.0,21.5,0,1011.1
2022-09-25 12:00:00,34.4,32,0.0,21.0,0,1010.5
2022-09-25 13:00:00,36.3,27,0.0,20.0,0,1009.8
2022-09-25 14:00:00,37.4,24,0.0,19.6,0,1009.4
2022-09-25 15:00:00,37.4,23,0.0,16.3,0,1009.4
2022-09-25 16:00:00,37.8,23,0.0,16.0,0,1009.1
2022-09-25 17:00:00,37.2,24,0.0,16.3,0,1008.9
2022-09-25 18:00:00,35.6,30,0.0,17.3,0,1008.8
2022-09-25 19:00:00,33.1,39,0.0,17.9,0,1009.1
2022-09-25 20:00:00,31.3,43,0.0,20.4,0,1010.0
2022-09-25 21:00:00,29.5,47,0.0,20.9,0,1010.8
2022-09-25 22:00:00,28.0,52,0.0,18.3,0,1011.3
2022-09-25 23:00:00,26.8,58,0.0,16.6,0,1011.5
2022-09-26 00:00:00,25.9,66,0.0,15.1,0,1011.5
2022-09-26 01:00:00,25.1,72,0.0,15.0,0,1011.1
2022-09-26 02:00:00,24.5,77,0.0,13.3,0,1010.8
2022-09-26 03:00:00,24.3,81,0.0,13.5,0,1010.4
2022-09-26 04:00:00,24.0,85,0.0,13.5,0,1010.4
2022-09-26 05:00:00,23.5,89,0.0,13.1,0,1010.4
2022-09-26 06:00:00,23.0,93,0.0,12.9,1,1010.4
2022-09-26 07:00:00,22.8,95,0.0,13.0,3,1010.7
2022-09-26 08:00:00,24.2,86,0.0,15.2,16,1010.9
2022-09-26 09:00:00,26.5,74,0.0,15.9,1,1011.7
2022-09-26 10:00:00,29.1,62,0.0,16.6,0,1011.8
2022-09-26 11:00:00,31.7,47,0.0,17.3,0,1011.6
2022-09-26 12:00:00,34.2,36,0.0,17.6,0,1011.1
2022-09-26 13:00:00,36.2,29,0.0,17.1,0,1010.5
2022-09-26 14:00:00,37.5,24,0.0,16.1,0,1009.8
2022-09-26 15:00:00,37.8,23,0.0,12.5,0,1009.4
2022-09-26 16:00:00,38.3,22,0.0,12.5,0,1009.0
2022-09-26 17:00:00,37.8,23,0.0,12.5,0,1008.7
2022-09-26 18:00:00,36.6,25,0.0,12.6,0,1008.5
2022-09-26 19:00:00,34.2,30,0.0,12.7,0,1008.6
2022-09-26 20:00:00,32.4,35,0.0,18.6,0,1009.5
2022-09-26 21:00:00,30.4,39,0.0,19.1,0,1010.4
2022-09-26 22:00:00,28.8,45,0.0,16.8,0,1010.9
2022-09-26 23:00:00,27.5,53,0.0,15.8,0,1011.0
2022-09-27 00:00:00,26.3,61,0.0,14.8,0,1011.2
2022-09-27 01:00:00,25.4,68,0.0,14.0,0,1011.1
2022-09-27 02:00:00,24.7,72,0.0,13.3,0,1010.7
2022-09-27 03:00:00,24.0,78,0.0,13.3,0,1010.6
2022-09-27 04:00:00,23.6,81,0.0,12.4,0,1010.4
2022-09-27 05:00:00,23.1,83,0.0,11.3,0,1010.2
2022-09-27 06:00:00,22.6,87,0.0,10.6,0,1010.0
2022-09-27 07:00:00,22.2,89,0.0,11.7,0,1010.0
2022-09-27 08:00:00,23.6,83,0.0,13.5,0,1010.4
2022-09-27 09:00:00,26.0,72,0.0,14.0,0,1010.9
2022-09-27 10:00:00,29.0,58,0.0,13.5,0,1011.0
2022-09-27 11:00:00,32.2,42,0.0,12.5,0,1010.8
2022-09-27 12:00:00,35.1,31,0.0,12.3,0,1010.2
2022-09-27 13:00:00,37.0,25,0.0,11.2,0,1009.7
2022-09-27 14:00:00,38.1,22,0.0,8.7,0,1008.9
2022-09-27 15:00:00,38.3,22,0.0,7.1,0,1008.3
2022-09-27 16:00:00,38.8,21,0.0,6.3,0,1007.8
2022-09-27 17:00:00,38.5,21,0.0,6.3,0,1007.5
2022-09-27 18:00:00,37.6,21,0.0,6.0,0,1007.5
2022-09-27 19:00:00,34.0,27,0.0,6.6,0,1007.5
2022-09-27 20:00:00,33.7,27,0.0,11.2,0,1008.1
2022-09-27 21:00:00,30.5,45,0.0,21.5,0,1009.2
2022-09-27 22:00:00,29.5,47,0.0,18.5,0,1010.3
2022-09-27 23:00:00,28.2,51,0.0,14.2,0,1010.8
2022-09-28 00:00:00,27.1,56,0.0,13.2,0,1011.0
2022-09-28 01:00:00,26.0,63,0.0,12.1,0,1010.9
2022-09-28 02:00:00,25.3,69,0.0,10.0,0,1010.7
2022-09-28 03:00:00,24.7,74,0.0,10.2,0,1010.6
2022-09-28 04:00:00,24.2,78,0.0,9.1,0,1010.7
2022-09-28 05:00:00,23.6,82,0.0,8.7,0,1010.7
2022-09-28 06:00:00,23.0,86,0.0,8.2,0,1010.5
2022-09-28 07:00:00,22.6,88,0.0,8.2,0,1010.7
2022-09-28 08:00:00,24.3,78,0.0,7.6,0,1010.8
2022-09-28 09:00:00,27.4,57,0.0,8.6,0,1011.3
2022-09-28 10:00:00,30.6,40,0.0,9.7,0,1011.0
2022-09-28 11:00:00,32.9,32,0.0,10.2,0,1010.9
2022-09-28 12:00:00,34.7,25,0.0,9.2,0,1010.3
2022-09-28 13:00:00,36.2,21,0.0,9.4,0,1009.7
2022-09-28 14:00:00,37.1,20,0.0,11.8,0,1009.1
2022-09-28 15:00:00,37.3,19,0.0,13.3,0,1008.6
2022-09-28 16:00:00,37.2,21,0.0,13.5,0,1008.2
2022-09-28 17:00:00,37.0,22,0.0,12.3,0,1007.9
2022-09-28 18:00:00,36.3,23,0.0,11.1,0,1007.8
2022-09-28 19:00:00,34.1,27,0.0,7.4,0,1008.1
2022-09-28 20:00:00,33.0,29,0.0,7.4,0,1008.3
2022-09-28 21:00:00,32.0,33,0.0,19.5,0,1009.3
2022-09-28 22:00:00,30.0,38,0.0,17.1,0,1010.2
2022-09-28 23:00:00,28.6,44,0.0,13.8,0,1010.4
2022-09-29 00:00:00,27.5,49,0.0,12.0,0,1010.4
2022-09-29 01:00:00,26.4,55,0.0,11.0,0,1010.4
2022-09-29 02:00:00,25.6,61,0.0,10.8,0,1010.4
2022-09-29 03:00:00,24.6,69,0.0,10.3,0,1010.3
2022-09-29 04:00:00,24.2,73,0.0,10.8,0,1010.3
2022-09-29 05:00:00,23.7,76,0.0,10.3,0,1010.4
2022-09-29 06:00:00,23.2,78,0.0,9.8,0,1010.4
2022-09-29 07:00:00,22.9,78,0.0,9.5,0,1010.6
2022-09-29 08:00:00,25.0,66,0.0,8.6,0,1010.5
2022-09-29 09:00:00,28.7,46,0.0,8.9,0,1010.5
2022-09-29 10:00:00,32.5,29,0.0,13.4,0,1010.3
2022-09-29 11:00:00,34.8,23,0.0,16.0,0,1010.3
2022-09-29 12:00:00,36.3,21,0.0,17.6,0,1009.8
2022-09-29 13:00:00,37.3,19,0.0,18.4,0,1009.6
2022-09-29 14:00:00,38.1,19,0.0,18.4,0,1009.0
2022-09-29 15:00:00,38.5,17,0.0,16.5,0,1008.6
2022-09-29 16:00:00,38.6,18,0.0,17.2,0,1008.2
2022-09-29 17:00:00,38.0,18,0.0,17.4,0,1008.2
2022-09-29 18:00:00,36.9,20,0.0,16.7,0,1008.3
2022-09-29 19:00:00,34.9,24,0.0,14.8,0,1008.3
2022-09-29 20:00:00,33.9,26,0.0,16.8,0,1008.9
2022-09-29 21:00:00,32.2,32,0.0,17.1,0,1009.7
2022-09-29 22:00:00,30.7,37,0.0,16.1,0,1010.3
2022-09-29 23:00:00,29.1,43,0.0,15.0,0,1010.7
2022-09-30 00:00:00,27.8,49,0.0,14.8,0,1010.9
2022-09-30 01:00:00,26.7,57,0.0,13.5,0,1011.1
2022-09-30 02:00:00,26.0,62,0.0,12.8,0,1011.0
2022-09-30 03:00:00,25.5,69,0.0,12.4,0,1010.8
2022-09-30 04:00:00,25.1,72,0.0,12.4,0,1010.9
2022-09-30 05:00:00,24.7,75,0.0,12.7,0,1011.1
2022-09-30 06:00:00,24.3,77,0.0,13.0,0,1011.1
2022-09-30 07:00:00,24.1,77,0.0,13.0,0,1011.5
2022-09-30 08:00:00,25.7,69,0.0,10.5,0,1011.6
2022-09-30 09:00:00,28.9,53,0.0,13.2,0,1011.9
2022-09-30 10:00:00,32.2,38,0.0,17.2,0,1011.9
2022-09-30 11:00:00,34.5,30,0.0,19.6,0,1012.0
2022-09-30 12:00:00,36.2,25,0.0,20.2,0,1011.9
2022-09-30 13:00:00,37.5,23,0.0,20.2,0,1011.5
2022-09-30 14:00:00,38.4,22,0.0,20.1,0,1011.0
2022-09-30 15:00:00,38.3,20,0.0,18.3,0,1010.9
2022-09-30 16:00:00,38.7,20,0.0,18.6,0,1010.6
2022-09-30 17:00:00,38.4,20,0.0,18.6,0,1010.5
2022-09-30 18:00:00,37.3,20,0.0,18.3,0,1010.6
2022-09-30 19:00:00,35.0,24,0.0,17.1,0,1010.9
2022-09-30 20:00:00,33.2,31,0.0,19.7,0,1011.8
2022-09-30 21:00:00,30.9,42,0.0,19.6,0,1012.8
2022-09-30 22:00:00,29.2,50,0.0,18.0,0,1013.3
2022-09-30 23:00:00,28.0,56,0.0,16.7,0,1013.8
2022-10-01 00:00:00,27.3,61,0.0,15.5,0,1014.0
2022-10-01 01:00:00,26.7,65,0.0,14.3,0,1014.0
2022-10-01 02:00:00,26.1,69,0.0,13.0,0,1013.8
2022-10-01 03:00:00,26.1,70,0.0,13.5,0,1013.9
2022-10-01 04:00:00,25.7,73,0.0,13.0,0,1013.9
2022-10-01 05:00:00,25.2,76,0.0,12.0,0,1014.1
2022-10-01 06:00:00,24.6,80,0.0,11.0,0,1014.1
2022-10-01 07:00:00,24.1,83,0.0,10.1,0,1014.6
2022-10-01 08:00:00,25.7,76,0.0,9.4,0,1014.7
2022-10-01 09:00:00,28.5,62,0.0,10.6,0,1014.9
2022-10-01 10:00:00,31.7,46,0.0,13.4,0,1015.0
2022-10-01 11:00:00,34.4,35,0.0,14.6,0,1014.6
2022-10-01 12:00:00,36.7,27,0.0,14.5,0,1014.1
2022-10-01 13:00:00,38.5,23,0.0,14.3,0,1013.3
2022-10-01 14:00:00,40.0,19,0.0,14.4,0,1012.2
2022-10-01 15:00:00,39.6,18,0.0,17.1,0,1011.9
2022-10-01 16:00:00,39.8,17,0.0,18.2,0,1011.0
2022-10-01 17:00:00,39.4,15,0.0,19.2,0,1010.6
2022-10-01 18:00:00,37.5,17,0.0,20.6,0,1010.6
2022-10-01 19:00:00,34.3,22,0.0,19.6,0,1010.9
2022-10-01 20:00:00,32.2,29,0.0,16.5,0,1011.0
2022-10-01 21:00:00,30.5,33,0.0,15.4,0,1011.6
2022-10-01 22:00:00,28.7,41,0.0,13.6,0,1011.9
2022-10-01 23:00:00,27.1,51,0.0,11.7,0,1012.0
2022-10-02 00:00:00,25.8,59,0.0,10.3,0,1012.0
2022-10-02 01:00:00,24.9,67,0.0,8.2,0,1011.8
2022-10-02 02:00:00,23.6,75,0.0,5.2,0,1011.4
2022-10-02 03:00:00,22.9,82,0.0,5.0,0,1011.0
2022-10-02 04:00:00,22.8,83,0.0,6.1,0,1010.6
2022-10-02 05:00:00,22.0,88,0.0,5.2,0,1010.5
2022-10-02 06:00:00,21.3,93,0.0,5.8,0,1010.5
2022-10-02 07:00:00,21.2,94,0.0,5.2,0,1010.5
2022-10-02 08:00:00,23.4,84,0.0,5.8,0,1010.6
2022-10-02 09:00:00,25.7,73,0.0,6.4,0,1010.7
2022-10-02 10:00:00,28.3,61,0.0,6.4,0,1010.5
2022-10-02 11:00:00,31.0,49,0.0,6.5,0,1010.0
2022-10-02 12:00:00,34.0,37,0.0,7.1,0,1009.1
2022-10-02 13:00:00,36.5,29,0.0,7.6,0,1008.4
2022-10-02 14:00:00,38.4,22,0.0,9.7,0,1007.2
2022-10-02 15:00:00,37.7,22,0.0,11.4,0,1006.9
2022-10-02 16:00:00,38.2,21,0.0,14.4,0,1006.3
2022-10-02 17:00:00,37.5,22,0.0,15.5,0,1005.8
2022-10-02 18:00:00,36.7,22,0.0,12.0,0,1005.4
2022-10-02 19:00:00,33.4,26,0.0,7.1,0,1005.2
2022-10-02 20:00:00,33.4,26,0.0,17.3,0,1005.9
2022-10-02 21:00:00,32.0,30,0.0,15.1,0,1006.1
2022-10-02 22:00:00,30.3,38,0.0,15.5,0,1006.7
2022-10-02 23:00:00,28.6,46,0.0,11.6,0,1006.9
2022-10-03 00:00:00,27.3,52,0.0,9.0,0,1006.7
2022-10-03 01:00:00,26.5,59,0.0,10.2,0,1006.8
2022-10-03 02:00:00,25.6,69,0.0,8.0,0,1006.5
2022-10-03 03:00:00,25.0,76,0.0,8.7,0,1006.3
2022-10-03 04:00:00,24.5,83,0.0,8.7,0,1006.2
2022-10-03 05:00:00,23.9,89,0.0,8.9,8,1006.1
2022-10-03 06:00:00,23.7,92,0.0,8.7,16,1006.0
2022-10-03 07:00:00,23.5,93,0.0,7.1,23,1006.2
2022-10-03 08:00:00,24.8,84,0.0,10.0,38,1006.5
2022-10-03 09:00:00,26.4,72,0.0,10.8,21,1006.7
2022-10-03 10:00:00,28.2,60,0.0,10.9,11,1006.5
2022-10-03 11:00:00,30.2,49,0.0,9.7,6,1006.1
2022-10-03 12:00:00,31.9,41,0.0,10.0,0,1005.7
2022-10-03 13:00:00,33.3,33,0.0,11.6,0,1005.1
2022-10-03 14:00:00,34.2,27,0.0,12.6,0,1004.3
2022-10-03 15:00:00,32.8,30,0.0,13.4,0,1004.5
2022-10-03 16:00:00,33.1,30,0.0,13.7,0,1004.1
2022-10-03 17:00:00,32.5,32,0.0,13.9,0,1003.9
2022-10-03 18:00:00,31.1,35,0.0,15.3,0,1004.2
2022-10-03 19:00:00,29.4,39,0.0,15.3,0,1005.0
2022-10-03 20:00:00,28.1,42,0.0,17.8,0,1005.9
2022-10-03 21:00:00,26.7,46,0.0,18.1,0,1006.9
2022-10-03 22:00:00,25.4,52,0.0,15.9,0,1007.4
2022-10-03 23:00:00,24.4,58,0.0,12.8,0,1007.4
2022-10-04 00:00:00,23.6,62,0.0,9.9,0,1007.2
2022-10-04 01:00:00,22.8,65,0.0,6.6,0,1007.1
2022-10-04 02:00:00,21.1,73,0.0,7.4,0,1007.1
2022-10-04 03:00:00,20.9,75,0.0,8.4,0,1006.7
2022-10-04 04:00:00,20.9,75,0.0,7.4,0,1006.7
2022-10-04 05:00:00,21.2,73,0.0,6.5,0,1006.8
2022-10-04 06:00:00,21.6,72,0.0,5.4,0,1006.9
2022-10-04 07:00:00,21.1,74,0.0,4.9,0,1007.2
2022-10-04 08:00:00,22.0,69,0.0,2.9,0,1007.7
2022-10-04 09:00:00,24.7,58,0.0,2.0,0,1008.5
2022-10-04 10:00:00,26.8,50,0.0,4.3,0,1008.6
2022-10-04 11:00:00,28.6,43,0.0,6.4,0,1008.6
2022-10-04 12:00:00,30.3,37,0.0,7.6,0,1008.2
2022-10-04 13:00:00,31.6,33,0.0,9.2,0,1007.6
2022-10-04 14:00:00,32.5,30,0.0,11.1,0,1007.3
2022-10-04 15:00:00,31.3,35,0.0,12.2,0,1007.4
2022-10-04 16:00:00,31.7,35,0.0,10.9,0,1007.5
2022-10-04 17:00:00,31.3,36,0.0,8.9,0,1007.5
2022-10-04 18:00:00,30.8,37,0.0,4.6,0,1007.6
2022-10-04 19:00:00,29.3,41,0.0,2.2,0,1007.8
2022-10-04 20:00:00,28.4,42,0.0,8.9,0,1008.7
2022-10-04 21:00:00,27.0,45,0.0,13.6,0,1009.9
2022-10-04 22:00:00,25.9,52,0.0,12.2,0,1010.6
2022-10-04 23:00:00,25.0,58,0.0,10.2,0,1011.0
2022-10-05 00:00:00,24.1,63,0.0,8.3,0,1011.1
2022-10-05 01:00:00,23.2,69,0.0,6.5,0,1011.2
2022-10-05 02:00:00,22.2,75,0.0,5.1,0,1011.3
2022-10-05 03:00:00,22.0,77,0.0,6.3,0,1011.8
2022-10-05 04:00:00,21.4,80,0.0,5.2,0,1011.7
2022-10-05 05:00:00,20.3,87,0.0,5.4,6,1012.1
2022-10-05 06:00:00,19.5,92,0.0,6.5,14,1012.1
2022-10-05 07:00:00,18.9,94,0.0,7.6,15,1012.4
2022-10-05 08:00:00,21.7,82,0.0,4.5,22,1012.8
2022-10-05 09:00:00,24.1,70,0.0,7.4,22,1013.3
2022-10-05 10:00:00,26.3,59,0.0,9.9,8,1013.4
2022-10-05 11:00:00,28.5,48,0.0,10.3,0,1013.3
2022-10-05 12:00:00,30.6,39,0.0,11.1,0,1012.8
2022-10-05 13:00:00,32.3,32,0.0,10.9,0,1012.2
2022-10-05 14:00:00,33.4,28,0.0,10.1,0,1011.7
2022-10-05 15:00:00,33.2,28,0.0,11.4,0,1011.2
2022-10-05 16:00:00,33.7,27,0.0,12.6,0,1010.7
2022-10-05 17:00:00,33.1,27,0.0,12.9,0,1010.5
2022-10-05 18:00:00,32.2,28,0.0,10.9,0,1010.6
2022-10-05 19:00:00,30.0,33,0.0,7.3,0,1010.8
2022-10-05 20:00:00,29.5,35,0.0,14.6,0,1011.4
2022-10-05 21:00:00,27.7,44,0.0,18.7,0,1012.6
2022-10-05 22:00:00,26.3,54,0.0,17.1,0,1013.2
2022-10-05 23:00:00,25.3,63,0.0,14.8,0,1013.3
2022-10-06 00:00:00,24.5,70,0.0,12.7,2,1013.4
2022-10-06 01:00:00,23.8,75,0.0,12.3,7,1013.4
2022-10-06 02:00:00,23.2,75,0.0,12.9,33,1013.3
2022-10-06 03:00:00,22.6,77,0.0,12.9,33,1013.4
2022-10-06 04:00:00,22.4,75,0.0,13.3,42,1013.5
2022-10-06 05:00:00,22.1,76,0.0,12.8,50,1013.4
2022-10-06 06:00:00,21.9,77,0.0,12.4,39,1013.4
2022-10-06 07:00:00,21.5,79,0.0,12.4,0,1013.3
2022-10-06 08:00:00,22.2,76,0.0,9.5,5,1013.5
2022-10-06 09:00:00,24.4,65,0.0,8.7,9,1014.1
2022-10-06 10:00:00,26.3,55,0.0,10.5,4,1014.0
2022-10-06 11:00:00,28.3,44,0.0,10.3,0,1013.7
2022-10-06 12:00:00,30.2,35,0.0,10.2,0,1012.7
2022-10-06 13:00:00,31.7,29,0.0,9.8,0,1012.0
2022-10-06 14:00:00,32.7,26,0.0,10.1,0,1011.1
2022-10-06 15:00:00,31.1,35,0.0,14.2,0,1011.0
2022-10-06 16:00:00,31.2,34,0.0,14.0,0,1010.8
2022-10-06 17:00:00,30.9,33,0.0,13.5,0,1010.7
2022-10-06 18:00:00,29.8,35,0.0,14.6,1,1010.7
2022-10-06 19:00:00,26.9,42,0.0,18.9,0,1011.3
2022-10-06 20:00:00,26.1,43,0.0,17.9,0,1012.1
2022-10-06 21:00:00,25.0,47,0.0,15.5,0,1012.9
2022-10-06 22:00:00,24.0,52,0.0,15.2,0,1013.5
2022-10-06 23:00:00,23.0,58,0.0,14.3,0,1013.9
2022-10-07 00:00:00,22.3,61,0.0,11.4,0,1014.0
2022-10-07 01:00:00,21.6,64,0.0,9.2,0,1013.8
2022-10-07 02:00:00,20.8,68,0.0,7.2,0,1013.5
2022-10-07 03:00:00,20.4,71,0.0,6.3,0,1012.9
2022-10-07 04:00:00,19.6,75,0.0,5.2,0,1012.6
2022-10-07 05:00:00,18.7,80,0.0,6.0,0,1012.5
2022-10-07 06:00:00,17.8,84,0.0,7.7,0,1012.4
2022-10-07 07:00:00,17.5,85,0.0,8.4,0,1012.7
2022-10-07 08:00:00,20.4,71,0.0,3.8,0,1012.9
2022-10-07 09:00:00,23.3,54,0.0,3.9,0,1013.1
2022-10-07 10:00:00,25.3,43,0.0,10.0,0,1013.1
2022-10-07 11:00:00,26.8,38,0.0,8.7,1,1012.7
2022-10-07 12:00:00,28.2,34,0.0,7.9,0,1012.1
2022-10-07 13:00:00,29.5,30,0.0,8.6,0,1011.5
2022-10-07 14:00:00,30.1,28,0.0,9.7,0,1010.7
2022-10-07 15:00:00,28.8,30,0.0,10.4,0,1011.0
2022-10-07 16:00:00,28.9,29,0.0,11.1,0,1010.4
2022-10-07 17:00:00,28.7,29,0.0,9.9,0,1010.1
2022-10-07 18:00:00,27.7,30,0.0,9.7,0,1010.1
2022-10-07 19:00:00,25.9,34,0.0,9.7,0,1010.5
2022-10-07 20:00:00,24.7,41,0.0,15.2,0,1011.1
2022-10-07 21:00:00,24.0,42,0.0,12.7,0,1011.8
2022-10-07 22:00:00,23.1,42,0.0,10.8,0,1012.4
2022-10-07 23:00:00,22.2,45,0.0,9.4,0,1012.7
2022-10-08 00:00:00,20.9,50,0.0,5.4,0,1012.9
2022-10-08 01:00:00,19.8,57,0.0,7.2,0,1012.8
2022-10-08 02:00:00,19.3,61,0.0,6.5,0,1012.5
2022-10-08 03:00:00,20.4,58,0.0,4.5,0,1011.9
2022-10-08 04:00:00,20.1,60,0.0,2.3,0,1011.7
2022-10-08 05:00:00,19.6,62,0.0,3.0,0,1011.8
2022-10-08 06:00:00,19.1,65,0.0,3.3,0,1011.8
2022-10-08 07:00:00,18.8,66,0.0,5.1,0,1012.1
2022-10-08 08:00:00,19.6,59,0.0,4.6,0,1012.5
2022-10-08 09:00:00,22.8,47,0.0,4.0,0,1013.0
2022-10-08 10:00:00,25.5,45,0.0,8.7,25,1013.1
2022-10-08 11:00:00,27.1,39,0.0,11.5,33,1012.8
2022-10-08 12:00:00,28.3,34,0.0,11.8,76,1012.3
2022-10-08 13:00:00,29.4,31,0.0,11.7,20,1011.5
2022-10-08 14:00:00,30.0,28,0.0,15.0,100,1010.8
2022-10-08 15:00:00,28.7,34,0.0,11.7,100,1011.1
2022-10-08 16:00:00,29.1,31,0.0,12.7,100,1010.5
2022-10-08 17:00:00,28.4,33,0.0,14.0,57,1010.4
2022-10-08 18:00:00,27.4,38,0.0,13.8,50,1010.6
2022-10-08 19:00:00,26.5,41,0.0,9.7,11,1011.0
2022-10-08 20:00:00,25.2,45,0.0,7.9,37,1011.3
2022-10-08 21:00:00,24.8,46,0.0,11.5,39,1012.1
2022-10-08 22:00:00,24.1,51,0.0,17.4,49,1013.0
2022-10-08 23:00:00,23.1,56,0.0,12.3,0,1013.4
2022-10-09 00:00:00,22.0,61,0.0,6.9,0,1013.7
2022-10-09 01:00:00,20.3,70,0.0,6.2,1,1013.5
2022-10-09 02:00:00,19.5,75,0.0,6.8,4,1013.4
2022-10-09 03:00:00,19.4,77,0.0,6.0,1,1012.8
2022-10-09 04:00:00,18.7,81,0.0,6.8,0,1012.8
2022-10-09 05:00:00,18.4,83,0.0,7.6,0,1012.7
2022-10-09 06:00:00,18.4,85,0.0,6.6,0,1012.8
2022-10-09 07:00:00,18.9,82,0.0,5.6,0,1013.3
2022-10-09 08:00:00,20.0,77,0.0,2.6,0,1013.7
2022-10-09 09:00:00,23.0,62,0.0,2.5,0,1014.2
2022-10-09 10:00:00,25.5,49,0.0,7.3,0,1014.4
2022-10-09 11:00:00,27.4,37,0.0,9.4,0,1014.4
2022-10-09 12:00:00,28.6,32,0.0,9.8,0,1013.8
2022-10-09 13:00:00,29.6,29,0.0,10.2,6,1013.2
2022-10-09 14:00:00,30.3,28,0.0,10.6,1,1012.4
2022-10-09 15:00:00,29.3,31,0.0,13.5,5,1012.5
2022-10-09 16:00:00,28.6,35,0.0,15.1,62,1012.4
2022-10-09 17:00:00,28.4,34,0.0,11.9,34,1012.1
2022-10-09 18:00:00,27.9,34,0.0,12.6,100,1012.2
2022-10-09 19:00:00,26.7,41,0.0,14.0,20,1012.5
2022-10-09 20:00:00,25.6,44,0.0,13.3,36,1012.9
2022-10-09 21:00:00,24.9,46,0.0,11.8,11,1013.5
2022-10-09 22:00:00,24.0,48,0.0,14.7,3,1014.0
2022-10-09 23:00:00,23.1,53,0.0,10.1,1,1014.7
2022-10-10 00:00:00,21.9,58,0.0,6.2,3,1014.9
2022-10-10 01:00:00,20.5,65,0.0,5.4,9,1014.8
2022-10-10 02:00:00,19.6,71,0.0,6.3,8,1014.8
2022-10-10 03:00:00,19.1,76,0.0,6.9,4,1014.7
2022-10-10 04:00:00,18.5,80,0.0,7.2,0,1014.8
2022-10-10 05:00:00,17.9,83,0.0,7.7,1,1014.7
2022-10-10 06:00:00,17.3,88,0.0,8.4,2,1014.8
2022-10-10 07:00:00,17.0,91,0.0,8.4,4,1015.0
2022-10-10 08:00:00,19.9,78,0.0,6.0,1,1015.5
2022-10-10 09:00:00,22.8,65,0.0,6.8,0,1016.1
2022-10-10 10:00:00,25.5,52,0.0,12.6,28,1016.1
2022-10-10 11:00:00,27.4,44,0.0,13.0,32,1015.9
2022-10-10 12:00:00,28.9,38,0.0,12.5,100,1015.8
2022-10-10 13:00:00,29.7,35,0.0,11.5,72,1015.0
2022-10-10 14:00:00,30.9,30,0.0,11.6,74,1014.2
2022-10-10 15:00:00,29.2,38,0.0,10.9,4,1014.2
2022-10-10 16:00:00,29.9,36,0.0,12.7,100,1013.8
2022-10-10 17:00:00,29.6,36,0.0,13.8,37,1013.7
2022-10-10 18:00:00,28.8,38,0.0,11.6,22,1013.7
2022-10-10 19:00:00,27.1,42,0.0,8.0,0,1013.8
2022-10-10 20:00:00,25.4,46,0.0,6.0,4,1013.9
2022-10-10 21:00:00,25.4,47,0.0,10.1,15,1014.5
2022-10-10 22:00:00,25.0,55,0.0,14.6,44,1015.1
2022-10-10 23:00:00,23.9,61,0.0,14.0,36,1015.4
2022-10-11 00:00:00,23.0,64,0.0,11.2,31,1015.6
2022-10-11 01:00:00,22.1,67,0.0,10.2,18,1015.5
2022-10-11 02:00:00,21.3,72,0.0,9.7,7,1015.5
2022-10-11 03:00:00,20.5,75,0.0,9.5,5,1015.2
2022-10-11 04:00:00,20.1,78,0.0,8.1,0,1015.2
2022-10-11 05:00:00,19.5,81,0.0,5.9,0,1015.0
2022-10-11 06:00:00,18.3,88,0.0,6.5,0,1014.9
2022-10-11 07:00:00,18.1,90,0.0,6.8,0,1015.0
2022-10-11 08:00:00,20.3,79,0.0,4.7,0,1015.1
2022-10-11 09:00:00,22.6,67,0.0,5.4,0,1015.6
2022-10-11 10:00:00,25.4,55,0.0,8.1,0,1015.5
2022-10-11 11:00:00,27.5,46,0.0,11.8,20,1015.3
2022-10-11 12:00:00,28.8,40,0.0,10.7,6,1014.8
2022-10-11 13:00:00,30.1,36,0.0,9.2,2,1013.9
2022-10-11 14:00:00,31.2,33,0.0,8.3,6,1013.1
2022-10-11 15:00:00,30.8,32,0.0,13.1,4,1012.6
2022-10-11 16:00:00,30.8,33,0.0,13.9,8,1012.2
2022-10-11 17:00:00,30.5,34,0.0,11.6,0,1012.2
2022-10-11 18:00:00,29.5,36,0.0,9.2,2,1012.1
2022-10-11 19:00:00,26.7,43,0.0,8.0,11,1012.0
2022-10-11 20:00:00,27.0,43,0.0,14.1,19,1012.6
2022-10-11 21:00:00,26.0,49,0.0,16.7,9,1013.4
2022-10-11 22:00:00,24.9,52,0.0,14.1,3,1013.8
2022-10-11 23:00:00,23.9,57,0.0,12.6,1,1014.0
2022-10-12 00:00:00,22.9,69,0.0,11.2,0,1014.1
2022-10-12 01:00:00,22.2,76,0.0,10.1,0,1014.4
2022-10-12 02:00:00,21.6,80,0.0,8.6,7,1014.2
2022-10-12 03:00:00,21.6,81,0.0,9.4,12,1013.9
2022-10-12 04:00:00,21.1,82,0.0,8.4,54,1013.8
2022-10-12 05:00:00,20.6,84,0.0,7.4,17,1013.9
2022-10-12 06:00:00,19.9,87,0.0,6.3,48,1013.8
2022-10-12 07:00:00,19.0,92,0.0,5.5,34,1014.1
2022-10-12 08:00:00,21.1,80,0.0,6.2,32,1014.1
2022-10-12 09:00:00,23.5,68,0.0,8.3,90,1014.6
2022-10-12 10:00:00,25.8,57,0.0,11.4,62,1014.7
2022-10-12 11:00:00,27.6,48,0.0,10.7,35,1014.3
2022-10-12 12:00:00,29.2,41,0.0,10.2,100,1014.0
2022-10-12 13:00:00,30.0,37,0.0,10.5,93,1013.3
2022-10-12 14:00:00,30.9,33,0.0,11.3,100,1012.5
2022-10-12 15:00:00,29.1,39,0.0,14.1,96,1012.7
2022-10-12 16:00:00,29.7,37,0.0,13.5,98,1012.4
2022-10-12 17:00:00,29.8,34,0.0,16.0,100,1012.2
2022-10-12 18:00:00,28.1,43,0.0,18.1,99,1012.2
2022-10-12 19:00:00,26.5,49,0.0,16.3,100,1012.7
2022-10-12 20:00:00,25.6,50,0.0,15.7,95,1013.2
2022-10-12 21:00:00,24.1,52,0.0,18.8,18,1014.0
2022-10-12 22:00:00,22.8,59,0.0,15.2,2,1014.5
2022-10-12 23:00:00,22.0,64,0.0,11.9,0,1014.8
2022-10-13 00:00:00,21.4,68,0.0,8.6,1,1015.0
2022-10-13 01:00:00,20.6,73,0.0,5.8,0,1014.9
2022-10-13 02:00:00,19.5,78,0.0,4.9,4,1014.8
2022-10-13 03:00:00,19.0,81,0.0,6.8,5,1014.2
2022-10-13 04:00:00,18.8,82,0.0,6.3,0,1014.0
2022-10-13 05:00:00,18.7,84,0.0,6.1,0,1014.0
2022-10-13 06:00:00,18.6,84,0.0,6.0,1,1014.1
2022-10-13 07:00:00,18.3,85,0.0,6.3,0,1014.1
2022-10-13 08:00:00,19.9,77,0.0,4.6,0,1014.3
2022-10-13 09:00:00,22.9,62,0.0,6.2,0,1014.7
2022-10-13 10:00:00,25.4,52,0.0,8.9,0,1014.7
2022-10-13 11:00:00,27.5,44,0.0,13.3,25,1014.2
2022-10-13 12:00:00,29.1,37,0.0,13.0,32,1013.5
2022-10-13 13:00:00,30.4,31,0.0,13.0,80,1012.6
2022-10-13 14:00:00,31.3,28,0.0,13.8,74,1011.8
2022-10-13 15:00:00,28.8,39,0.0,14.8,71,1012.3
2022-10-13 16:00:00,29.3,36,0.0,14.7,100,1011.8
2022-10-13 17:00:00,29.0,37,0.0,15.8,60,1011.7
2022-10-13 18:00:00,28.1,37,0.0,15.3,44,1011.8
2022-10-13 19:00:00,26.2,40,0.0,17.4,6,1012.4
2022-10-13 20:00:00,24.7,45,0.0,17.9,0,1012.8
2022-10-13 21:00:00,23.6,51,0.0,13.7,0,1013.1
2022-10-13 22:00:00,22.8,54,0.0,13.1,0,1013.6
2022-10-13 23:00:00,22.1,58,0.0,11.5,0,1013.8
2022-10-14 00:00:00,21.3,63,0.0,8.2,0,1014.0
2022-10-14 01:00:00,20.1,70,0.0,5.5,0,1013.8
2022-10-14 02:00:00,18.9,77,0.0,6.8,0,1013.5
2022-10-14 03:00:00,18.5,82,0.0,8.8,0,1013.0
2022-10-14 04:00:00,19.0,80,0.0,6.1,4,1012.9
2022-10-14 05:00:00,18.3,84,0.0,6.0,0,1012.6
2022-10-14 06:00:00,17.5,89,0.0,7.5,3,1012.4
2022-10-14 07:00:00,16.8,90,0.0,9.7,1,1012.1
2022-10-14 08:00:00,19.7,76,0.0,6.4,3,1012.2
2022-10-14 09:00:00,22.3,65,0.0,6.6,1,1012.2
2022-10-14 10:00:00,24.9,53,0.0,10.7,57,1012.0
2022-10-14 11:00:00,26.7,44,0.0,11.3,30,1012.0
2022-10-14 12:00:00,28.0,38,0.0,10.1,11,1011.5
2022-10-14 13:00:00,29.3,34,0.0,10.3,9,1010.7
2022-10-14 14:00:00,30.4,31,0.0,11.3,39,1010.0
2022-10-14 15:00:00,28.5,34,0.0,11.5,38,1010.1
2022-10-14 16:00:00,29.0,33,0.0,11.2,83,1009.4
2022-10-14 17:00:00,28.7,33,0.0,10.7,66,1009.3
2022-10-14 18:00:00,28.1,33,0.0,8.9,33,1009.3
2022-10-14 19:00:00,26.5,37,0.0,8.9,13,1009.4
2022-10-14 20:00:00,25.6,41,0.0,9.8,22,1010.0
2022-10-14 21:00:00,24.4,45,0.0,7.2,20,1010.1
2022-10-14 22:00:00,23.7,48,0.0,13.1,38,1010.6
2022-10-14 23:00:00,22.4,54,0.0,8.0,72,1010.8
2022-10-15 00:00:00,21.4,60,0.0,5.9,59,1010.8
2022-10-15 01:00:00,19.9,67,0.0,7.3,56,1010.7
2022-10-15 02:00:00,20.1,67,0.0,6.7,36,1010.0
2022-10-15 03:00:00,19.4,70,0.0,8.0,93,1009.8
2022-10-15 04:00:00,18.9,74,0.0,7.1,88,1009.4
2022-10-15 05:00:00,18.3,78,0.0,5.4,56,1009.0
2022-10-15 06:00:00,17.6,81,0.0,5.8,15,1008.8
2022-10-15 07:00:00,16.9,85,0.0,6.6,50,1008.8
2022-10-15 08:00:00,19.5,73,0.0,7.6,38,1009.0
2022-10-15 09:00:00,22.7,59,0.0,6.5,87,1009.0
2022-10-15 10:00:00,26.0,45,0.0,9.4,72,1009.2
2022-10-15 11:00:00,28.1,38,0.0,9.9,0,1008.8
2022-10-15 12:00:00,29.9,33,0.0,10.5,0,1008.5
2022-10-15 13:00:00,31.4,29,0.0,11.0,0,1007.9
2022-10-15 14:00:00,32.3,26,0.0,11.7,0,1007.3
2022-10-15 15:00:00,32.0,26,0.0,11.5,0,1007.0
2022-10-15 16:00:00,32.3,24,0.0,11.5,26,1006.7
2022-10-15 17:00:00,31.8,23,0.0,9.9,9,1006.3
2022-10-15 18:00:00,30.5,25,0.0,6.1,24,1006.4
2022-10-15 19:00:00,27.6,29,0.0,5.8,18,1006.5
2022-10-15 20:00:00,27.7,30,0.0,11.2,22,1007.0
2022-10-15 21:00:00,26.9,32,0.0,9.7,0,1007.2
2022-10-15 22:00:00,25.9,34,0.0,7.5,10,1007.6
2022-10-15 23:00:00,25.0,37,0.0,8.1,34,1008.0
2022-10-16 00:00:00,24.4,40,0.0,6.8,41,1008.1
2022-10-16 01:00:00,23.0,45,0.0,8.7,38,1008.1
2022-10-16 02:00:00,24.2,42,0.0,4.8,20,1008.3
2022-10-16 03:00:00,22.6,51,0.0,6.2,18,1007.6
2022-10-16 04:00:00,23.4,50,0.0,7.9,38,1008.0
2022-10-16 05:00:00,22.1,54,0.0,5.1,32,1007.9
2022-10-16 06:00:00,21.8,54,0.0,5.5,48,1008.5
2022-10-16 07:00:00,20.7,56,0.0,6.9,35,1008.7
2022-10-16 08:00:00,22.7,50,0.0,4.0,10,1009.2
2022-10-16 09:00:00,24.5,50,0.0,3.2,0,1009.9
2022-10-16 10:00:00,26.5,48,0.0,9.0,0,1010.4
2022-10-16 11:00:00,28.1,39,0.0,12.4,0,1010.4
2022-10-16 12:00:00,29.1,33,0.0,15.7,0,1010.0
2022-10-16 13:00:00,29.7,29,0.0,18.1,0,1009.8
2022-10-16 14:00:00,30.2,26,0.0,18.3,0,1009.4
2022-10-16 15:00:00,30.3,26,0.0,14.7,0,1009.0
2022-10-16 16:00:00,30.2,24,0.0,17.2,0,1008.8
2022-10-16 17:00:00,29.3,27,0.0,16.6,0,1008.9
2022-10-16 18:00:00,27.9,30,0.0,14.0,5,1009.4
2022-10-16 19:00:00,26.1,34,0.0,9.8,6,1009.8
2022-10-16 20:00:00,25.6,36,0.0,9.7,14,1010.2
2022-10-16 21:00:00,25.0,38,0.0,7.6,4,1010.5
2022-10-16 22:00:00,24.4,42,0.0,8.3,3,1011.0
2022-10-16 23:00:00,23.6,49,0.0,6.7,4,1011.1
2022-10-17 00:00:00,22.8,53,0.0,6.6,1,1011.6
2022-10-17 01:00:00,21.4,60,0.0,6.9,4,1011.9
2022-10-17 02:00:00,20.8,64,0.0,6.1,3,1012.1
2022-10-17 03:00:00,21.9,60,0.0,8.6,0,1012.0
2022-10-17 04:00:00,21.1,63,0.0,7.4,0,1012.0
2022-10-17 05:00:00,20.3,68,0.0,6.3,0,1012.3
2022-10-17 06:00:00,19.9,71,0.0,6.8,3,1012.3
2022-10-17 07:00:00,19.3,77,0.0,6.0,0,1012.7
2022-10-17 08:00:00,20.7,73,0.0,6.9,0,1012.9
2022-10-17 09:00:00,22.8,66,0.0,8.2,0,1013.4
2022-10-17 10:00:00,25.0,58,0.0,9.1,2,1013.5
2022-10-17 11:00:00,26.9,50,0.0,12.2,14,1013.7
2022-10-17 12:00:00,27.9,44,0.0,14.7,13,1013.6
2022-10-17 13:00:00,29.2,39,0.0,14.6,19,1013.3
2022-10-17 14:00:00,30.0,35,0.0,14.7,23,1012.9
2022-10-17 15:00:00,29.5,36,0.0,11.0,18,1012.9
2022-10-17 16:00:00,29.6,34,0.0,11.8,66,1012.7
2022-10-17 17:00:00,29.2,34,0.0,13.2,100,1012.8
2022-10-17 18:00:00,28.0,36,0.0,14.0,100,1013.2
2022-10-17 19:00:00,27.2,39,0.0,14.6,26,1013.7
2022-10-17 20:00:00,25.6,45,0.0,16.1,7,1014.3
2022-10-17 21:00:00,24.2,51,0.0,13.8,2,1015.0
2022-10-17 22:00:00,23.3,56,0.0,11.2,1,1015.5
2022-10-17 23:00:00,22.4,62,0.0,9.6,1,1015.8
2022-10-18 00:00:00,21.5,67,0.0,8.3,0,1015.7
2022-10-18 01:00:00,20.5,73,0.0,5.9,0,1015.5
2022-10-18 02:00:00,19.3,79,0.0,6.1,0,1015.3
2022-10-18 03:00:00,20.1,77,0.0,4.6,0,1015.1
2022-10-18 04:00:00,18.9,82,0.0,6.2,0,1015.0
2022-10-18 05:00:00,18.2,86,0.0,7.6,0,1014.6
2022-10-18 06:00:00,17.8,87,0.0,7.3,0,1014.6
2022-10-18 07:00:00,17.7,87,0.0,6.5,0,1014.8
2022-10-18 08:00:00,19.1,81,0.0,4.8,0,1015.4
2022-10-18 09:00:00,21.6,69,0.0,5.1,0,1015.6
2022-10-18 10:00:00,24.1,58,0.0,7.8,0,1015.6
2022-10-18 11:00:00,26.0,49,0.0,8.9,2,1015.4
2022-10-18 12:00:00,27.7,41,0.0,9.4,19,1015.1
2022-10-18 13:00:00,28.8,36,0.0,10.2,30,1014.3
2022-10-18 14:00:00,29.3,34,0.0,11.5,23,1013.6
2022-10-18 15:00:00,28.2,36,0.0,11.7,37,1013.3
2022-10-18 16:00:00,28.4,34,0.0,10.5,13,1012.8
2022-10-18 17:00:00,27.8,35,0.0,9.0,11,1012.6
2022-10-18 18:00:00,26.8,36,0.0,7.2,0,1012.5
2022-10-18 19:00:00,24.1,42,0.0,6.5,0,1012.7
2022-10-18 20:00:00,23.4,44,0.0,5.9,0,1013.2
2022-10-18 21:00:00,23.2,45,0.0,8.0,13,1013.5
2022-10-18 22:00:00,23.4,54,0.0,18.4,23,1013.8
2022-10-18 23:00:00,22.7,61,0.0,13.9,12,1013.9
2022-10-19 00:00:00,21.7,65,0.0,8.6,0,1013.9
2022-10-19 01:00:00,20.6,71,0.0,5.5,0,1013.5
2022-10-19 02:00:00,19.2,79,0.0,6.1,2,1013.5
2022-10-19 03:00:00,19.0,77,0.0,7.1,0,1012.8
2022-10-19 04:00:00,19.1,78,0.0,6.6,0,1012.6
2022-10-19 05:00:00,19.7,76,0.0,4.3,0,1012.4
2022-10-19 06:00:00,19.2,79,0.0,4.4,2,1012.5
2022-10-19 07:00:00,18.7,82,0.0,4.1,0,1013.0
2022-10-19 08:00:00,18.8,81,0.0,3.3,0,1013.3
2022-10-19 09:00:00,21.4,70,0.0,3.3,0,1013.7
2022-10-19 10:00:00,24.0,60,0.0,5.0,0,1013.8
2022-10-19 11:00:00,25.9,52,0.0,5.2,28,1013.5
2022-10-19 12:00:00,27.7,42,0.0,6.5,93,1013.1
2022-10-19 13:00:00,28.7,37,0.0,8.0,74,1012.3
2022-10-19 14:00:00,29.5,33,0.0,9.3,98,1011.7
2022-10-19 15:00:00,28.8,34,0.0,8.9,90,1011.4
2022-10-19 16:00:00,29.0,33,0.0,8.2,71,1011.0
2022-10-19 17:00:00,28.5,35,0.0,8.7,30,1010.7
2022-10-19 18:00:00,27.5,37,0.0,7.3,17,1010.7
2022-10-19 19:00:00,26.0,42,0.0,6.5,10,1011.1
2022-10-19 20:00:00,25.3,47,0.0,10.5,15,1011.7
2022-10-19 21:00:00,24.2,58,0.0,12.5,21,1012.3
2022-10-19 22:00:00,23.4,62,0.0,8.8,4,1012.5
2022-10-19 23:00:00,22.5,65,0.0,7.2,8,1012.6
2022-10-20 00:00:00,21.9,68,0.0,7.4,0,1012.7
2022-10-20 01:00:00,21.2,72,0.0,7.4,0,1012.6
2022-10-20 02:00:00,20.3,76,0.0,6.4,0,1012.3
2022-10-20 03:00:00,20.1,80,0.0,5.9,1,1011.8
2022-10-20 04:00:00,19.7,82,0.0,6.2,0,1011.5
2022-10-20 05:00:00,18.9,87,0.0,5.2,0,1011.8
2022-10-20 06:00:00,18.3,92,0.0,5.4,1,1011.9
2022-10-20 07:00:00,17.9,92,0.0,7.2,1,1012.2
2022-10-20 08:00:00,19.8,85,0.0,4.7,0,1012.8
2022-10-20 09:00:00,22.2,72,0.0,5.1,0,1013.0
2022-10-20 10:00:00,24.6,61,0.0,7.3,0,1013.3
2022-10-20 11:00:00,26.7,50,0.0,7.0,21,1012.9
2022-10-20 12:00:00,28.2,44,0.0,5.9,9,1012.6
2022-10-20 13:00:00,29.3,38,0.0,6.6,7,1011.4
2022-10-20 14:00:00,30.1,34,0.0,7.9,10,1010.7
2022-10-20 15:00:00,29.8,33,0.0,6.8,9,1010.7
2022-10-20 16:00:00,30.0,32,0.0,9.0,9,1010.2
2022-10-20 17:00:00,29.6,31,0.0,7.8,2,1009.8
2022-10-20 18:00:00,28.5,34,0.0,6.7,9,1010.0
2022-10-20 19:00:00,26.8,39,0.0,10.2,3,1010.2
2022-10-20 20:00:00,25.6,43,0.0,4.5,14,1010.5
2022-10-20 21:00:00,24.9,51,0.0,15.8,0,1011.1
2022-10-20 22:00:00,24.4,55,0.0,15.4,13,1011.8
2022-10-20 23:00:00,23.3,62,0.0,12.4,1,1012.0
2022-10-21 00:00:00,22.3,70,0.0,12.2,0,1012.2
2022-10-21 01:00:00,21.7,75,0.0,11.2,10,1012.3
2022-10-21 02:00:00,21.2,78,0.0,10.6,4,1012.1
2022-10-21 03:00:00,20.5,79,0.0,9.3,3,1011.9
2022-10-21 04:00:00,20.1,81,0.0,6.9,0,1011.7
2022-10-21 05:00:00,19.2,86,0.0,5.0,0,1011.6
2022-10-21 06:00:00,18.1,93,0.0,6.6,0,1011.5
2022-10-21 07:00:00,18.2,92,0.0,6.6,0,1011.9
2022-10-21 08:00:00,19.9,85,0.0,5.2,0,1012.5
2022-10-21 09:00:00,22.1,72,0.0,6.6,0,1013.1
2022-10-21 10:00:00,24.5,61,0.0,7.1,0,1013.1
2022-10-21 11:00:00,26.7,47,0.0,7.1,0,1012.9
2022-10-21 12:00:00,28.3,39,0.0,7.1,0,1012.4
2022-10-21 13:00:00,29.5,34,0.0,7.8,0,1011.8
2022-10-21 14:00:00,30.2,31,0.0,9.2,0,1011.1
2022-10-21 15:00:00,29.4,29,0.0,11.0,0,1011.3
2022-10-21 16:00:00,29.4,29,0.0,12.6,10,1010.9
2022-10-21 17:00:00,28.6,30,0.0,13.8,5,1010.8
2022-10-21 18:00:00,26.9,36,0.0,16.1,1,1011.2
2022-10-21 19:00:00,25.0,46,0.0,15.9,0,1011.7
2022-10-21 20:00:00,24.3,49,0.0,15.2,0,1012.5
2022-10-21 21:00:00,23.1,57,0.0,14.3,24,1013.6
2022-10-21 22:00:00,22.5,61,0.0,12.4,34,1014.5
2022-10-21 23:00:00,21.9,65,0.0,10.3,23,1014.7
2022-10-22 00:00:00,21.1,69,0.0,7.3,1,1014.8
2022-10-22 01:00:00,20.0,76,0.0,4.9,0,1014.5
2022-10-22 02:00:00,19.0,81,0.0,5.5,0,1014.3
2022-10-22 03:00:00,19.3,80,0.0,5.4,0,1014.3
2022-10-22 04:00:00,18.6,85,0.0,5.7,7,1014.2
2022-10-22 05:00:00,19.1,83,0.0,4.8,1,1014.2
2022-10-22 06:00:00,18.6,87,0.0,4.6,0,1014.2
2022-10-22 07:00:00,18.7,88,0.0,3.7,0,1014.6
2022-10-22 08:00:00,19.2,86,0.0,0.5,0,1015.0
2022-10-22 09:00:00,21.6,71,0.0,1.5,0,1015.8
2022-10-22 10:00:00,23.7,59,0.0,2.9,0,1015.9
2022-10-22 11:00:00,25.6,50,0.0,2.2,6,1015.8
2022-10-22 12:00:00,27.4,42,0.0,3.0,17,1015.5
2022-10-22 13:00:00,28.5,36,0.0,4.1,13,1014.7
2022-10-22 14:00:00,29.4,32,0.0,6.5,15,1013.9
2022-10-22 15:00:00,29.1,31,0.0,8.2,30,1013.6
2022-10-22 16:00:00,29.3,29,0.0,8.9,25,1013.1
2022-10-22 17:00:00,28.7,30,0.0,10.3,19,1013.3
2022-10-22 18:00:00,27.4,33,0.0,11.8,79,1013.7
2022-10-22 19:00:00,26.3,38,0.0,16.3,100,1014.0
2022-10-22 20:00:00,23.8,54,0.0,21.7,18,1014.8
2022-10-22 21:00:00,23.2,56,0.0,16.4,3,1015.8
2022-10-22 22:00:00,22.6,59,0.0,10.8,20,1016.4
2022-10-22 23:00:00,22.1,62,0.0,7.1,43,1016.5
2022-10-23 00:00:00,21.7,64,0.0,6.3,45,1016.5
2022-10-23 01:00:00,21.1,69,0.0,12.5,52,1016.8
2022-10-23 02:00:00,19.8,76,0.0,10.5,41,1016.5
2022-10-23 03:00:00,19.9,76,0.0,5.9,24,1015.9
2022-10-23 04:00:00,20.1,77,0.0,6.9,25,1015.9
2022-10-23 05:00:00,19.5,82,0.0,5.9,9,1015.6
2022-10-23 06:00:00,18.6,88,0.0,5.0,6,1015.9
2022-10-23 07:00:00,18.0,90,0.0,5.3,4,1016.3
2022-10-23 08:00:00,19.5,82,0.0,6.0,0,1016.7
2022-10-23 09:00:00,21.8,70,0.0,6.4,0,1017.0
2022-10-23 10:00:00,23.9,60,0.0,8.2,11,1017.3
2022-10-23 11:00:00,25.6,52,0.0,7.1,12,1017.4
2022-10-23 12:00:00,27.0,46,0.0,7.2,28,1017.2
2022-10-23 13:00:00,27.5,42,0.0,9.3,23,1016.4
2022-10-23 14:00:00,28.3,35,0.0,10.0,18,1015.7
2022-10-23 15:00:00,28.3,33,0.0,12.8,12,1015.1
2022-10-23 16:00:00,28.1,33,0.0,12.3,14,1014.7
2022-10-23 17:00:00,27.6,33,0.0,12.0,34,1014.7
2022-10-23 18:00:00,26.2,37,0.0,11.2,40,1015.0
2022-10-23 19:00:00,25.0,42,0.0,7.8,32,1015.2
2022-10-23 20:00:00,23.9,47,0.0,10.7,13,1015.7
2022-10-23 21:00:00,22.9,57,0.0,12.1,1,1016.2
2022-10-23 22:00:00,22.3,60,0.0,11.6,0,1016.6
2022-10-23 23:00:00,21.6,63,0.0,10.5,0,1016.9
2022-10-24 00:00:00,20.9,68,0.0,8.4,1,1017.1
2022-10-24 01:00:00,20.1,74,0.0,6.8,0,1017.1
2022-10-24 02:00:00,19.4,80,0.0,6.5,0,1016.8
2022-10-24 03:00:00,18.8,81,0.0,5.4,3,1016.6
2022-10-24 04:00:00,18.7,82,0.0,5.8,6,1016.4
2022-10-24 05:00:00,18.3,83,0.0,6.1,6,1016.3
2022-10-24 06:00:00,18.1,83,0.0,6.8,0,1016.3
2022-10-24 07:00:00,17.4,86,0.0,5.8,0,1016.1
2022-10-24 08:00:00,19.1,77,0.0,6.8,0,1016.2
2022-10-24 09:00:00,21.7,65,0.0,8.6,0,1016.6
2022-10-24 10:00:00,24.2,52,0.0,14.5,10,1016.7
2022-10-24 11:00:00,25.8,44,0.0,15.3,8,1016.6
2022-10-24 12:00:00,27.3,36,0.0,14.5,3,1016.2
2022-10-24 13:00:00,28.5,30,0.0,14.1,27,1015.2
2022-10-24 14:00:00,29.2,28,0.0,14.1,21,1014.2
2022-10-24 15:00:00,28.4,29,0.0,12.7,46,1013.7
2022-10-24 16:00:00,28.6,27,0.0,13.1,11,1012.8
2022-10-24 17:00:00,27.9,28,0.0,15.2,30,1012.4
2022-10-24 18:00:00,26.6,30,0.0,14.3,16,1012.5
2022-10-24 19:00:00,25.5,34,0.0,14.0,9,1012.7
2022-10-24 20:00:00,24.6,39,0.0,18.7,37,1013.4
2022-10-24 21:00:00,22.9,47,0.0,17.6,2,1014.0
2022-10-24 22:00:00,21.9,52,0.0,13.8,7,1014.2
2022-10-24 23:00:00,21.3,56,0.0,11.5,20,1014.3
2022-10-25 00:00:00,20.8,59,0.0,9.4,20,1014.5
2022-10-25 01:00:00,20.1,62,0.0,9.6,26,1014.2
2022-10-25 02:00:00,19.6,65,0.0,10.7,23,1013.8
2022-10-25 03:00:00,19.2,64,0.1,9.2,48,1013.3
2022-10-25 04:00:00,18.9,67,0.0,9.6,14,1013.1
2022-10-25 05:00:00,18.3,73,0.0,8.9,5,1012.8
2022-10-25 06:00:00,17.9,77,0.0,8.6,2,1012.5
2022-10-25 07:00:00,17.7,80,0.0,8.0,10,1012.5
2022-10-25 08:00:00,18.8,74,0.0,8.2,25,1012.6
2022-10-25 09:00:00,21.3,62,0.0,9.1,36,1012.7
2022-10-25 10:00:00,23.8,54,0.0,12.1,31,1012.3
2022-10-25 11:00:00,25.8,49,0.0,15.1,94,1012.4
2022-10-25 12:00:00,23.2,62,0.8,8.1,59,1012.0
2022-10-25 13:00:00,25.5,53,0.0,9.7,100,1011.4
2022-10-25 14:00:00,25.5,54,0.5,12.8,100,1010.9
2022-10-25 15:00:00,22.9,65,0.2,12.9,98,1010.6
2022-10-25 16:00:00,24.4,56,0.0,15.9,76,1010.2
2022-10-25 17:00:00,24.4,54,0.0,9.8,23,1010.0
2022-10-25 18:00:00,24.2,55,0.0,4.0,33,1010.5
2022-10-25 19:00:00,22.9,59,0.0,6.5,36,1010.4
2022-10-25 20:00:00,22.8,63,0.0,11.9,45,1010.9
2022-10-25 21:00:00,22.0,66,0.0,7.1,46,1011.2
2022-10-25 22:00:00,21.8,67,0.0,8.4,19,1011.5
2022-10-25 23:00:00,20.8,75,0.0,7.6,14,1011.6
2022-10-26 00:00:00,20.1,80,0.0,6.6,36,1011.8
2022-10-26 01:00:00,18.6,86,0.8,7.2,79,1011.9
2022-10-26 02:00:00,17.7,93,2.6,8.9,100,1012.9
2022-10-26 03:00:00,17.5,92,0.0,6.8,32,1011.7
2022-10-26 04:00:00,18.0,91,0.0,5.0,34,1011.6
2022-10-26 05:00:00,16.7,96,4.1,6.6,100,1012.3
2022-10-26 06:00:00,17.2,96,0.1,10.5,61,1011.6
2022-10-26 07:00:00,16.3,97,0.0,4.5,29,1011.9
2022-10-26 08:00:00,17.4,93,0.0,1.6,4,1012.2
2022-10-26 09:00:00,18.9,86,0.0,5.0,43,1013.0
2022-10-26 10:00:00,21.3,73,0.0,6.4,37,1013.3
2022-10-26 11:00:00,24.4,59,0.0,7.1,100,1013.1
2022-10-26 12:00:00,26.2,51,0.0,6.6,27,1012.9
2022-10-26 13:00:00,27.3,48,0.0,7.4,22,1012.4
2022-10-26 14:00:00,27.7,47,0.0,8.9,27,1012.1
2022-10-26 15:00:00,28.2,43,0.2,11.2,55,1011.9
2022-10-26 16:00:00,28.3,43,0.0,13.0,28,1011.8
2022-10-26 17:00:00,28.0,39,0.0,11.0,19,1012.1
2022-10-26 18:00:00,27.2,39,0.0,10.8,26,1012.4
2022-10-26 19:00:00,25.7,46,0.0,10.2,9,1013.0
2022-10-26 20:00:00,24.2,55,0.0,7.2,2,1013.6
2022-10-26 21:00:00,23.4,60,0.0,9.0,2,1014.2
2022-10-26 22:00:00,22.3,65,0.0,7.3,0,1014.2
2022-10-26 23:00:00,21.4,73,0.0,8.2,0,1014.7
2022-10-27 00:00:00,20.6,82,0.0,7.4,4,1015.0
2022-10-27 01:00:00,19.9,91,0.0,5.8,6,1015.0
2022-10-27 02:00:00,19.3,95,0.0,5.2,10,1015.0
2022-10-27 03:00:00,19.3,96,0.0,4.8,18,1015.0
2022-10-27 04:00:00,19.9,93,0.0,4.0,33,1015.0
2022-10-27 05:00:00,19.1,96,0.0,5.9,30,1014.8
2022-10-27 06:00:00,18.2,98,0.0,7.5,31,1014.8
2022-10-27 07:00:00,18.5,98,0.0,5.9,16,1015.0
2022-10-27 08:00:00,19.9,93,0.0,9.3,100,1015.5
2022-10-27 09:00:00,22.1,83,0.0,11.6,100,1016.2
2022-10-27 10:00:00,24.0,72,0.1,10.9,29,1016.6
2022-10-27 11:00:00,26.2,57,0.1,8.5,19,1016.4
2022-10-27 12:00:00,27.9,46,0.0,8.7,15,1016.0
2022-10-27 13:00:00,29.0,40,0.0,8.7,34,1015.3
2022-10-27 14:00:00,29.6,37,0.0,7.9,11,1014.7
2022-10-27 15:00:00,29.7,36,0.0,8.7,21,1014.5
2022-10-27 16:00:00,29.8,35,0.0,10.7,19,1014.1
2022-10-27 17:00:00,28.8,38,0.0,13.1,11,1014.0
2022-10-27 18:00:00,27.2,42,0.0,11.8,7,1014.2
2022-10-27 19:00:00,26.0,47,0.0,12.0,6,1014.2
2022-10-27 20:00:00,25.1,50,0.0,10.1,1,1014.8
2022-10-27 21:00:00,24.5,53,0.0,12.8,0,1015.0
2022-10-27 22:00:00,23.6,64,0.0,12.0,0,1015.5
2022-10-27 23:00:00,22.6,75,0.0,11.0,0,1015.5
2022-10-28 00:00:00,21.7,81,0.0,9.2,0,1015.5
2022-10-28 01:00:00,20.8,86,0.0,8.5,0,1015.4
2022-10-28 02:00:00,20.1,90,0.0,7.6,1,1015.6
2022-10-28 03:00:00,19.8,93,0.0,6.9,11,1015.3
2022-10-28 04:00:00,19.6,95,0.0,6.1,42,1015.1
2022-10-28 05:00:00,19.2,97,0.0,5.8,100,1014.8
2022-10-28 06:00:00,19.2,98,0.0,6.5,87,1014.7
2022-10-28 07:00:00,19.0,99,0.0,5.8,100,1014.7
2022-10-28 08:00:00,20.1,94,0.0,6.5,100,1014.8
2022-10-28 09:00:00,21.6,87,0.0,7.5,100,1015.2
2022-10-28 10:00:00,23.5,76,0.0,8.5,25,1015.3
2022-10-28 11:00:00,26.1,57,0.0,8.4,17,1014.9
2022-10-28 12:00:00,28.0,43,0.0,10.3,11,1014.5
2022-10-28 13:00:00,29.3,36,0.0,10.5,58,1013.7
2022-10-28 14:00:00,30.3,32,0.0,9.8,100,1012.9
2022-10-28 15:00:00,29.4,35,0.0,12.7,85,1012.9
2022-10-28 16:00:00,29.1,35,0.0,14.5,71,1012.5
2022-10-28 17:00:00,28.5,36,0.0,14.8,86,1012.2
2022-10-28 18:00:00,27.2,39,0.0,12.2,100,1012.4
2022-10-28 19:00:00,26.2,42,0.0,12.7,83,1012.5
2022-10-28 20:00:00,25.2,46,0.0,14.1,68,1012.8
2022-10-28 21:00:00,24.1,49,0.0,17.7,46,1013.6
2022-10-28 22:00:00,22.8,56,0.0,14.5,100,1014.0
2022-10-28 23:00:00,21.8,64,0.0,11.5,100,1014.0
2022-10-29 00:00:00,20.9,71,0.0,9.4,100,1014.2
2022-10-29 01:00:00,20.0,77,0.0,8.0,92,1014.2
2022-10-29 02:00:00,19.2,84,0.0,7.4,35,1014.1
2022-10-29 03:00:00,18.7,88,0.0,7.8,22,1013.7
2022-10-29 04:00:00,18.3,90,0.0,7.1,27,1013.5
2022-10-29 05:00:00,17.7,94,0.0,6.0,0,1013.2
2022-10-29 06:00:00,17.3,97,0.0,5.8,0,1013.0
2022-10-29 07:00:00,17.1,98,0.0,5.5,100,1012.9
2022-10-29 08:00:00,18.0,97,0.0,7.3,100,1013.0
2022-10-29 09:00:00,19.8,87,0.0,9.5,100,1013.4
2022-10-29 10:00:00,22.3,71,0.0,9.7,35,1013.6
2022-10-29 11:00:00,24.9,56,0.0,7.9,7,1013.1
2022-10-29 12:00:00,26.7,47,0.0,8.4,0,1012.6
2022-10-29 13:00:00,28.1,39,0.0,9.5,0,1011.6
2022-10-29 14:00:00,29.2,34,0.0,10.0,5,1010.8
2022-10-29 15:00:00,28.7,34,0.0,10.1,26,1010.6
2022-10-29 16:00:00,28.7,33,0.0,10.8,58,1010.3
2022-10-29 17:00:00,27.8,35,0.0,12.4,38,1010.2
2022-10-29 18:00:00,26.7,37,0.0,11.5,47,1010.3
2022-10-29 19:00:00,25.7,39,0.0,9.8,52,1010.5
2022-10-29 20:00:00,23.6,57,0.0,17.4,20,1011.5
2022-10-29 21:00:00,22.6,64,0.0,12.6,27,1012.2
2022-10-29 22:00:00,21.9,67,0.0,11.4,0,1012.6
2022-10-29 23:00:00,20.9,71,0.0,10.0,0,1012.8
2022-10-30 00:00:00,20.2,76,0.0,9.2,2,1013.0
2022-10-30 01:00:00,19.5,80,0.0,8.9,11,1013.0
2022-10-30 02:00:00,18.9,84,0.0,8.4,17,1012.9
2022-10-30 03:00:00,18.8,86,0.0,8.6,26,1012.5
2022-10-30 04:00:00,18.5,88,0.0,6.6,12,1012.4
2022-10-30 05:00:00,17.9,92,0.0,5.2,27,1012.2
2022-10-30 06:00:00,17.5,94,0.0,5.4,4,1012.3
2022-10-30 07:00:00,16.8,96,0.0,5.7,24,1012.6
2022-10-30 08:00:00,18.5,88,0.0,5.0,49,1012.8
2022-10-30 09:00:00,20.4,78,0.0,4.8,64,1013.2
2022-10-30 10:00:00,22.5,67,0.0,6.0,57,1013.4
2022-10-30 11:00:00,24.4,58,0.0,5.0,20,1013.0
2022-10-30 12:00:00,26.1,47,0.0,4.6,22,1012.7
2022-10-30 13:00:00,27.4,40,0.0,5.4,18,1012.1
2022-10-30 14:00:00,28.2,35,0.0,6.3,14,1011.7
2022-10-30 15:00:00,27.7,35,0.0,6.8,17,1011.6
2022-10-30 16:00:00,27.8,32,0.0,8.5,12,1011.3
2022-10-30 17:00:00,27.1,30,0.0,10.1,14,1011.3
2022-10-30 18:00:00,25.7,30,0.0,8.1,1,1011.7
2022-10-30 19:00:00,24.1,33,0.0,7.5,0,1011.8
2022-10-30 20:00:00,23.0,37,0.0,6.9,0,1012.3
2022-10-30 21:00:00,22.7,45,0.0,15.4,0,1012.8
2022-10-30 22:00:00,21.6,61,0.0,10.9,0,1013.2
2022-10-30 23:00:00,20.4,68,0.0,7.4,0,1013.4
2022-10-31 00:00:00,19.7,71,0.0,7.1,0,1013.6
2022-10-31 01:00:00,18.4,79,0.0,5.4,0,1013.9
2022-10-31 02:00:00,17.3,86,0.0,6.8,0,1013.6
2022-10-31 03:00:00,17.3,89,0.0,7.6,0,1013.3
2022-10-31 04:00:00,17.2,90,0.0,6.6,0,1013.1
2022-10-31 05:00:00,17.2,90,0.0,5.8,0,1012.9
2022-10-31 06:00:00,17.9,89,0.0,3.8,0,1013.0
2022-10-31 07:00:00,17.6,91,0.0,2.5,3,1013.5
2022-10-31 08:00:00,17.4,94,0.0,1.3,15,1013.9
2022-10-31 09:00:00,20.5,75,0.0,0.7,0,1014.4
2022-10-31 10:00:00,23.1,60,0.0,3.1,0,1014.6
2022-10-31 11:00:00,25.5,42,0.0,5.4,0,1014.4
2022-10-31 12:00:00,27.1,32,0.0,7.1,0,1014.1
2022-10-31 13:00:00,28.1,27,0.0,7.9,0,1013.5
2022-10-31 14:00:00,28.4,25,0.0,10.3,0,1012.7
2022-10-31 15:00:00,28.0,26,0.0,10.0,0,1012.5
2022-10-31 16:00:00,27.5,26,0.0,12.4,2,1012.2
2022-10-31 17:00:00,26.6,26,0.0,11.5,3,1012.2
2022-10-31 18:00:00,25.0,28,0.0,5.4,4,1012.1
2022-10-31 19:00:00,22.1,35,0.0,9.4,3,1012.4
2022-10-31 20:00:00,22.1,36,0.0,6.6,2,1012.9
2022-10-31 21:00:00,20.5,44,0.0,8.6,6,1013.2
2022-10-31 22:00:00,20.0,49,0.0,6.5,7,1013.6
2022-10-31 23:00:00,20.6,48,0.0,10.7,2,1014.0
2022-11-01 00:00:00,20.3,61,0.0,9.8,1,1014.0
2022-11-01 01:00:00,19.3,69,0.0,7.2,0,1014.2
2022-11-01 02:00:00,17.5,81,0.0,6.1,5,1014.1
2022-11-01 03:00:00,17.4,80,0.0,8.6,0,1013.8
2022-11-01 04:00:00,17.4,81,0.0,7.7,0,1013.7
2022-11-01 05:00:00,18.6,77,0.0,4.2,0,1013.6
2022-11-01 06:00:00,17.2,86,0.0,3.9,0,1013.6
2022-11-01 07:00:00,15.5,93,0.0,6.9,0,1014.2
2022-11-01 08:00:00,16.9,91,0.0,6.0,0,1014.7
2022-11-01 09:00:00,19.6,75,0.0,3.2,0,1015.5
2022-11-01 10:00:00,22.5,61,0.0,3.1,0,1015.6
2022-11-01 11:00:00,24.8,47,0.0,3.3,13,1015.5
2022-11-01 12:00:00,26.1,37,0.0,4.1,29,1015.2
2022-11-01 13:00:00,26.7,34,0.0,4.6,23,1014.6
2022-11-01 14:00:00,27.2,32,0.0,6.1,26,1014.0
2022-11-01 15:00:00,26.7,31,0.0,5.9,36,1013.9
2022-11-01 16:00:00,26.6,30,0.0,5.2,31,1013.6
2022-11-01 17:00:00,26.0,31,0.0,5.6,53,1013.5
2022-11-01 18:00:00,24.5,36,0.0,7.0,97,1013.7
2022-11-01 19:00:00,23.5,40,0.0,6.3,22,1014.0
2022-11-01 20:00:00,22.2,44,0.0,7.0,15,1014.5
2022-11-01 21:00:00,20.5,51,0.0,7.0,15,1014.7
2022-11-01 22:00:00,20.9,51,0.0,16.0,0,1015.5
2022-11-01 23:00:00,19.8,58,0.0,12.1,0,1015.9
2022-11-02 00:00:00,18.7,66,0.0,7.0,0,1016.0
2022-11-02 01:00:00,17.0,77,0.0,7.5,0,1015.8
2022-11-02 02:00:00,17.2,79,0.0,6.3,0,1015.8
2022-11-02 03:00:00,16.1,88,0.0,7.7,0,1015.4
2022-11-02 04:00:00,16.2,88,0.0,6.9,0,1015.2
2022-11-02 05:00:00,16.6,86,0.0,5.7,0,1015.1
2022-11-02 06:00:00,16.7,87,0.0,5.6,0,1015.1
2022-11-02 07:00:00,16.4,89,0.0,5.2,0,1015.4
2022-11-02 08:00:00,16.1,93,0.0,3.6,0,1015.5
2022-11-02 09:00:00,19.0,76,0.0,1.1,0,1016.1
2022-11-02 10:00:00,21.9,63,0.0,3.1,0,1016.3
2022-11-02 11:00:00,24.3,48,0.0,7.9,21,1016.0
2022-11-02 12:00:00,25.7,41,0.0,8.6,25,1015.6
2022-11-02 13:00:00,26.6,36,0.0,8.8,33,1014.8
2022-11-02 14:00:00,27.3,32,0.0,8.1,24,1014.3
2022-11-02 15:00:00,26.3,35,0.0,7.8,18,1014.3
2022-11-02 16:00:00,26.8,32,0.0,7.1,14,1013.7
2022-11-02 17:00:00,26.4,32,0.0,9.2,19,1013.4
2022-11-02 18:00:00,24.8,34,0.0,8.7,12,1013.3
2022-11-02 19:00:00,23.6,37,0.0,10.5,25,1013.7
2022-11-02 20:00:00,22.9,38,0.0,13.5,36,1014.5
2022-11-02 21:00:00,21.9,44,0.0,13.9,0,1015.1
2022-11-02 22:00:00,20.4,52,0.0,9.1,0,1015.8
2022-11-02 23:00:00,18.9,60,0.0,5.5,0,1016.1
2022-11-03 00:00:00,17.6,68,0.0,6.3,0,1016.2
2022-11-03 01:00:00,16.6,77,0.0,7.7,0,1016.0
2022-11-03 02:00:00,16.5,81,0.0,7.2,0,1016.0
2022-11-03 03:00:00,16.6,82,0.0,5.9,0,1015.9
2022-11-03 04:00:00,16.1,85,0.0,5.8,0,1015.9
2022-11-03 05:00:00,16.4,85,0.0,6.0,0,1015.8
2022-11-03 06:00:00,16.2,88,0.0,5.4,0,1015.6
2022-11-03 07:00:00,16.0,90,0.0,3.6,0,1015.8
2022-11-03 08:00:00,16.0,91,0.0,2.6,0,1016.0
2022-11-03 09:00:00,18.8,76,0.0,0.4,2,1016.5
2022-11-03 10:00:00,21.7,65,0.0,3.1,0,1016.7
2022-11-03 11:00:00,24.0,55,0.0,5.8,8,1016.5
2022-11-03 12:00:00,25.6,45,0.0,6.7,5,1015.9
2022-11-03 13:00:00,26.9,39,0.0,7.6,5,1015.2
2022-11-03 14:00:00,27.8,35,0.0,7.4,13,1014.4
2022-11-03 15:00:00,27.6,33,0.0,8.2,59,1014.3
2022-11-03 16:00:00,27.6,32,0.0,8.2,17,1013.9
2022-11-03 17:00:00,26.9,33,0.0,8.2,2,1013.7
2022-11-03 18:00:00,24.5,39,0.0,7.0,7,1013.7
2022-11-03 19:00:00,23.5,41,0.0,6.5,56,1013.9
2022-11-03 20:00:00,22.8,43,0.0,5.9,60,1014.2
2022-11-03 21:00:00,23.5,43,0.0,11.4,81,1014.5
2022-11-03 22:00:00,22.8,55,0.0,17.4,100,1015.0
2022-11-03 23:00:00,21.6,64,0.0,11.8,4,1015.4
2022-11-04 00:00:00,20.2,73,0.0,10.1,4,1015.3
2022-11-04 01:00:00,19.3,80,0.0,9.1,4,1015.2
2022-11-04 02:00:00,18.5,85,0.0,8.6,8,1015.0
2022-11-04 03:00:00,17.9,85,0.0,8.4,92,1014.8
2022-11-04 04:00:00,17.3,89,0.0,7.3,96,1014.7
2022-11-04 05:00:00,16.6,94,0.0,6.2,49,1014.6
2022-11-04 06:00:00,16.1,96,0.0,5.4,0,1014.6
2022-11-04 07:00:00,15.3,98,0.0,5.4,7,1014.7
2022-11-04 08:00:00,16.6,97,0.0,6.1,8,1015.2
2022-11-04 09:00:00,19.1,83,0.0,6.2,0,1015.7
2022-11-04 10:00:00,21.9,69,0.0,9.7,2,1015.8
2022-11-04 11:00:00,24.1,55,0.0,11.9,19,1015.5
2022-11-04 12:00:00,25.6,43,0.0,11.3,15,1014.8
2022-11-04 13:00:00,26.9,36,0.0,10.5,11,1014.1
2022-11-04 14:00:00,27.8,32,0.0,9.5,9,1013.2
2022-11-04 15:00:00,27.4,32,0.0,10.0,16,1013.0
2022-11-04 16:00:00,27.3,31,0.0,10.2,35,1012.5
2022-11-04 17:00:00,26.6,30,0.0,10.9,24,1012.4
2022-11-04 18:00:00,24.9,32,0.0,6.7,6,1012.3
2022-11-04 19:00:00,23.9,35,0.0,6.1,10,1012.5
2022-11-04 20:00:00,22.2,40,0.0,6.9,48,1013.1
2022-11-04 21:00:00,21.5,51,0.0,17.8,53,1013.7
2022-11-04 22:00:00,20.7,59,0.0,12.9,43,1014.4
2022-11-04 23:00:00,19.7,65,0.0,10.5,23,1014.4
2022-11-05 00:00:00,18.9,71,0.0,9.4,1,1014.7
2022-11-05 01:00:00,18.0,77,0.0,8.4,0,1014.6
2022-11-05 02:00:00,17.2,83,0.0,7.7,0,1014.5
2022-11-05 03:00:00,17.1,83,0.0,6.5,0,1014.3
2022-11-05 04:00:00,16.5,88,0.0,5.4,0,1014.1
2022-11-05 05:00:00,15.6,93,0.0,5.8,0,1014.0
2022-11-05 06:00:00,14.8,95,0.0,7.6,0,1014.0
2022-11-05 07:00:00,14.6,96,0.0,7.6,0,1014.3
2022-11-05 08:00:00,16.1,94,0.0,4.2,0,1014.8
2022-11-05 09:00:00,18.8,77,0.0,4.3,0,1015.2
2022-11-05 10:00:00,21.5,63,0.0,6.0,0,1015.3
2022-11-05 11:00:00,23.8,46,0.0,6.9,0,1015.0
2022-11-05 12:00:00,25.3,37,0.0,6.6,0,1014.4
2022-11-05 13:00:00,26.2,33,0.0,4.7,0,1013.6
2022-11-05 14:00:00,26.8,30,0.0,3.8,0,1012.9
2022-11-05 15:00:00,26.0,32,0.0,4.3,5,1012.9
2022-11-05 16:00:00,26.3,31,0.0,5.0,11,1012.6
2022-11-05 17:00:00,25.8,32,0.0,6.7,26,1012.4
2022-11-05 18:00:00,23.9,35,0.0,6.1,9,1012.4
2022-11-05 19:00:00,22.5,39,0.0,10.0,11,1012.8
2022-11-05 20:00:00,21.4,41,0.0,8.5,0,1013.3
2022-11-05 21:00:00,20.3,43,0.0,7.2,0,1013.8
2022-11-05 22:00:00,19.4,47,0.0,7.5,0,1014.1
2022-11-05 23:00:00,18.7,52,0.0,7.3,0,1014.4
2022-11-06 00:00:00,17.5,64,0.0,6.0,0,1014.6
2022-11-06 01:00:00,16.6,73,0.0,6.2,0,1014.3
2022-11-06 02:00:00,15.6,81,0.0,6.5,0,1014.3
2022-11-06 03:00:00,15.5,86,0.0,7.6,0,1014.4
2022-11-06 04:00:00,15.0,90,0.0,7.2,0,1014.1
2022-11-06 05:00:00,15.0,89,0.0,6.5,0,1013.8
2022-11-06 06:00:00,15.2,88,0.0,6.2,4,1013.7
2022-11-06 07:00:00,15.2,89,0.0,5.2,2,1014.0
2022-11-06 08:00:00,15.5,92,0.0,4.0,0,1014.2
2022-11-06 09:00:00,18.9,73,0.0,1.8,0,1014.4
2022-11-06 10:00:00,22.1,58,0.0,3.3,0,1014.6
2022-11-06 11:00:00,24.3,39,0.0,2.3,0,1014.4
2022-11-06 12:00:00,25.4,34,0.0,3.8,0,1014.0
2022-11-06 13:00:00,26.1,32,0.0,6.0,0,1013.5
2022-11-06 14:00:00,26.5,30,0.0,7.3,0,1012.7
2022-11-06 15:00:00,26.1,29,0.0,4.8,0,1012.6
2022-11-06 16:00:00,26.2,28,0.0,7.0,0,1012.4
2022-11-06 17:00:00,25.4,29,0.0,10.0,0,1012.4
2022-11-06 18:00:00,23.3,33,0.0,9.7,0,1012.7
2022-11-06 19:00:00,21.8,38,0.0,8.6,0,1013.0
2022-11-06 20:00:00,20.8,41,0.0,7.2,0,1013.3
2022-11-06 21:00:00,19.3,46,0.0,6.3,7,1013.9
2022-11-06 22:00:00,17.6,53,0.0,9.2,0,1014.2
2022-11-06 23:00:00,18.9,49,0.0,6.6,7,1014.3
2022-11-07 00:00:00,19.1,49,0.0,2.6,0,1014.6
2022-11-07 01:00:00,15.7,66,0.0,8.0,6,1014.6
2022-11-07 02:00:00,15.9,66,0.0,8.9,6,1014.2
2022-11-07 03:00:00,15.6,67,0.0,7.0,0,1013.6
2022-11-07 04:00:00,15.9,60,0.0,8.5,0,1013.4
2022-11-07 05:00:00,15.0,61,0.0,8.3,0,1013.1
2022-11-07 06:00:00,14.9,64,0.0,9.5,0,1012.9
2022-11-07 07:00:00,14.6,68,0.0,10.3,0,1013.0
2022-11-07 08:00:00,15.5,66,0.0,11.4,0,1013.2
2022-11-07 09:00:00,18.6,55,0.0,11.4,0,1013.5
2022-11-07 10:00:00,21.7,44,0.0,13.0,0,1013.5
2022-11-07 11:00:00,24.4,35,0.0,13.8,0,1013.2
2022-11-07 12:00:00,26.5,26,0.0,15.6,0,1012.8
2022-11-07 13:00:00,27.5,23,0.0,17.6,0,1012.1
2022-11-07 14:00:00,28.0,21,0.0,19.7,0,1011.0
2022-11-07 15:00:00,27.8,22,0.0,19.6,0,1010.9
2022-11-07 16:00:00,27.3,23,0.0,19.1,0,1010.3
2022-11-07 17:00:00,26.3,26,0.0,16.6,0,1010.4
2022-11-07 18:00:00,24.4,30,0.0,11.0,0,1010.6
2022-11-07 19:00:00,23.3,35,0.0,10.6,0,1011.0
2022-11-07 20:00:00,22.5,37,0.0,9.7,0,1011.5
2022-11-07 21:00:00,21.5,41,0.0,7.9,0,1011.8
2022-11-07 22:00:00,20.0,47,0.0,6.8,0,1012.0
2022-11-07 23:00:00,18.9,52,0.0,6.4,0,1012.3
2022-11-08 00:00:00,17.8,58,0.0,6.6,0,1012.4
2022-11-08 01:00:00,16.8,68,0.0,9.7,0,1012.4
2022-11-08 02:00:00,16.7,75,0.0,7.1,2,1012.2
2022-11-08 03:00:00,17.7,79,0.0,6.6,0,1011.9
2022-11-08 04:00:00,18.0,80,0.0,8.4,1,1011.8
2022-11-08 05:00:00,17.8,83,0.0,9.8,14,1011.8
2022-11-08 06:00:00,17.4,84,0.0,9.9,5,1012.0
2022-11-08 07:00:00,16.9,86,0.0,9.2,4,1012.6
2022-11-08 08:00:00,17.4,82,0.0,9.6,7,1013.1
2022-11-08 09:00:00,19.6,71,0.0,8.0,28,1013.5
2022-11-08 10:00:00,21.9,60,0.0,8.4,13,1013.7
2022-11-08 11:00:00,23.9,50,0.0,9.7,38,1013.2
2022-11-08 12:00:00,25.0,44,0.0,10.5,37,1012.8
2022-11-08 13:00:00,25.7,40,0.0,12.4,38,1012.4
2022-11-08 14:00:00,26.1,38,0.0,13.6,53,1011.9
2022-11-08 15:00:00,24.3,43,0.0,11.4,80,1011.9
2022-11-08 16:00:00,24.8,43,0.0,11.6,79,1011.8
2022-11-08 17:00:00,24.6,44,0.0,8.8,36,1011.7
2022-11-08 18:00:00,23.6,45,0.0,6.6,52,1011.7
2022-11-08 19:00:00,23.1,46,0.0,12.4,90,1012.1
2022-11-08 20:00:00,22.7,50,0.0,11.3,45,1012.6
2022-11-08 21:00:00,21.5,55,0.0,13.0,14,1013.0
2022-11-08 22:00:00,20.2,62,0.0,9.2,16,1013.2
2022-11-08 23:00:00,19.4,67,0.0,8.3,2,1013.4
2022-11-09 00:00:00,18.6,72,0.0,7.2,8,1013.5
2022-11-09 01:00:00,17.6,78,0.0,5.5,11,1013.6
2022-11-09 02:00:00,16.7,82,0.0,6.2,4,1013.4
2022-11-09 03:00:00,16.5,84,0.0,7.1,1,1013.5
2022-11-09 04:00:00,16.2,86,0.0,7.6,1,1013.2
2022-11-09 05:00:00,15.9,86,0.0,7.3,5,1013.0
2022-11-09 06:00:00,16.0,84,0.0,6.6,4,1013.2
2022-11-09 07:00:00,15.9,83,0.0,6.6,2,1013.4
2022-11-09 08:00:00,15.9,86,0.0,5.8,4,1013.9
2022-11-09 09:00:00,18.8,70,0.0,2.6,1,1014.5
2022-11-09 10:00:00,21.6,59,0.0,4.6,7,1014.7
2022-11-09 11:00:00,23.4,48,0.0,7.9,19,1014.6
2022-11-09 12:00:00,24.8,39,0.0,8.4,7,1014.1
2022-11-09 13:00:00,25.8,34,0.0,10.5,1,1013.3
2022-11-09 14:00:00,26.3,32,0.0,12.4,15,1012.7
2022-11-09 15:00:00,25.7,32,0.0,10.1,100,1012.6
2022-11-09 16:00:00,26.0,30,0.0,11.7,100,1012.2
2022-11-09 17:00:00,23.4,44,0.0,18.9,19,1012.2
2022-11-09 18:00:00,22.7,46,0.0,13.6,27,1012.3
2022-11-09 19:00:00,21.5,50,0.0,9.4,12,1012.7
2022-11-09 20:00:00,20.9,51,0.0,7.9,22,1013.2
2022-11-09 21:00:00,20.7,52,0.0,11.6,9,1013.6
2022-11-09 22:00:00,19.7,55,0.0,10.2,1,1014.1
2022-11-09 23:00:00,18.3,61,0.0,6.1,2,1014.6
2022-11-10 00:00:00,17.0,69,0.0,5.4,0,1014.8
2022-11-10 01:00:00,16.2,75,0.0,5.9,3,1014.6
2022-11-10 02:00:00,15.6,80,0.0,6.1,0,1014.5
2022-11-10 03:00:00,15.6,82,0.0,6.1,0,1014.1
2022-11-10 04:00:00,14.5,90,0.0,8.2,0,1013.9
2022-11-10 05:00:00,14.4,89,0.0,8.2,0,1013.8
2022-11-10 06:00:00,15.0,87,0.0,6.6,0,1013.8
2022-11-10 07:00:00,15.3,89,0.0,4.2,0,1014.2
2022-11-10 08:00:00,15.2,90,0.0,2.4,0,1014.4
2022-11-10 09:00:00,17.7,76,0.0,0.4,0,1015.2
2022-11-10 10:00:00,20.5,61,0.0,3.4,0,1015.5
2022-11-10 11:00:00,22.5,47,0.0,5.2,0,1015.1
2022-11-10 12:00:00,24.0,39,0.0,4.7,0,1015.0
2022-11-10 13:00:00,25.1,34,0.0,4.0,0,1014.3
2022-11-10 14:00:00,25.8,31,0.0,3.6,0,1013.8
2022-11-10 15:00:00,25.2,31,0.0,4.8,0,1013.7
2022-11-10 16:00:00,25.4,29,0.0,6.2,0,1013.9
2022-11-10 17:00:00,24.8,28,0.0,7.6,2,1013.9
2022-11-10 18:00:00,22.6,31,0.0,6.1,0,1014.0
2022-11-10 19:00:00,20.4,36,0.0,7.8,0,1014.5
2022-11-10 20:00:00,22.0,31,0.0,4.0,0,1014.6
2022-11-10 21:00:00,18.0,44,0.0,7.4,0,1015.1
2022-11-10 22:00:00,18.6,48,0.0,10.9,0,1015.8
2022-11-10 23:00:00,18.5,64,0.0,10.4,0,1016.1
2022-11-11 00:00:00,17.5,72,0.0,7.5,0,1016.6
2022-11-11 01:00:00,16.2,81,0.0,5.8,0,1016.7
2022-11-11 02:00:00,15.2,88,0.0,6.1,0,1016.6
2022-11-11 03:00:00,15.6,88,0.0,6.2,0,1016.1
2022-11-11 04:00:00,15.5,89,0.0,5.8,3,1016.2
2022-11-11 05:00:00,14.7,92,0.0,5.8,4,1016.1
2022-11-11 06:00:00,14.4,93,0.0,6.5,4,1016.1
2022-11-11 07:00:00,14.3,93,0.0,6.1,6,1016.1
2022-11-11 08:00:00,15.7,88,0.0,6.5,6,1016.6
2022-11-11 09:00:00,18.4,74,0.0,6.6,2,1016.9
2022-11-11 10:00:00,21.2,61,0.0,8.4,0,1017.4
2022-11-11 11:00:00,23.6,51,0.0,15.8,13,1017.1
2022-11-11 12:00:00,25.2,43,0.0,15.0,5,1016.5
2022-11-11 13:00:00,26.5,36,0.0,15.2,11,1015.8
2022-11-11 14:00:00,27.2,32,0.0,14.5,14,1015.1
2022-11-11 15:00:00,26.4,34,0.0,15.7,37,1015.3
2022-11-11 16:00:00,26.2,34,0.0,16.2,32,1015.1
2022-11-11 17:00:00,25.4,35,0.0,15.1,10,1015.0
2022-11-11 18:00:00,24.0,38,0.0,12.8,6,1015.1
2022-11-11 19:00:00,23.0,41,0.0,14.5,4,1015.6
2022-11-11 20:00:00,22.1,45,0.0,16.1,2,1015.9
2022-11-11 21:00:00,20.8,52,0.0,15.1,3,1016.5
2022-11-11 22:00:00,19.7,59,0.0,11.5,1,1017.0
2022-11-11 23:00:00,18.7,66,0.0,9.0,1,1017.3
2022-11-12 00:00:00,17.8,72,0.0,7.6,1,1017.5
2022-11-12 01:00:00,17.1,76,0.0,7.3,2,1017.6
2022-11-12 02:00:00,16.4,80,0.0,6.5,6,1017.3
2022-11-12 03:00:00,16.0,84,0.0,5.9,7,1016.8
2022-11-12 04:00:00,15.9,85,0.0,5.7,1,1016.7
2022-11-12 05:00:00,15.2,89,0.0,5.9,5,1016.4
2022-11-12 06:00:00,14.4,92,0.0,8.7,5,1016.3
2022-11-12 07:00:00,14.1,92,0.0,8.6,1,1016.5
2022-11-12 08:00:00,15.8,88,0.0,5.8,0,1016.9
2022-11-12 09:00:00,18.6,73,0.0,6.1,0,1017.1
2022-11-12 10:00:00,21.5,61,0.0,7.2,0,1017.3
2022-11-12 11:00:00,24.0,50,0.0,11.4,0,1017.2
2022-11-12 12:00:00,25.7,42,0.0,11.5,0,1016.5
2022-11-12 13:00:00,27.0,35,0.0,10.2,4,1016.0
2022-11-12 14:00:00,27.8,31,0.0,9.7,11,1015.4
2022-11-12 15:00:00,27.4,32,0.0,11.6,1,1015.3
2022-11-12 16:00:00,27.5,30,0.0,11.2,1,1014.9
2022-11-12 17:00:00,26.9,30,0.0,11.2,4,1014.9
2022-11-12 18:00:00,24.9,34,0.0,9.0,24,1015.1
2022-11-12 19:00:00,23.8,38,0.0,13.7,31,1015.7
2022-11-12 20:00:00,22.9,45,0.0,15.8,32,1016.5
2022-11-12 21:00:00,21.9,52,0.0,14.2,13,1016.9
2022-11-12 22:00:00,20.8,58,0.0,11.5,0,1017.1
2022-11-12 23:00:00,19.7,63,0.0,9.7,0,1017.4
2022-11-13 00:00:00,18.8,68,0.0,8.7,0,1017.6
2022-11-13 01:00:00,18.1,73,0.0,8.4,0,1017.5
2022-11-13 02:00:00,17.4,79,0.0,8.5,0,1017.4
2022-11-13 03:00:00,16.8,82,0.0,8.0,0,1017.3
2022-11-13 04:00:00,16.6,84,0.0,7.3,0,1017.2
2022-11-13 05:00:00,16.1,89,0.0,6.7,0,1017.0
2022-11-13 06:00:00,15.5,92,0.0,6.2,0,1016.8
2022-11-13 07:00:00,14.5,94,0.0,7.6,0,1016.9
2022-11-13 08:00:00,15.9,91,0.0,5.5,0,1017.4
2022-11-13 09:00:00,18.9,74,0.0,6.6,0,1017.6
2022-11-13 10:00:00,22.1,61,0.0,7.9,0,1017.7
2022-11-13 11:00:00,25.0,52,0.0,11.3,0,1017.3
2022-11-13 12:00:00,27.0,38,0.0,12.5,12,1016.8
2022-11-13 13:00:00,28.1,31,0.0,11.4,13,1015.8
2022-11-13 14:00:00,29.1,27,0.0,10.8,12,1014.9
2022-11-13 15:00:00,28.6,26,0.0,13.0,7,1015.0
2022-11-13 16:00:00,28.4,25,0.0,11.6,10,1014.7
2022-11-13 17:00:00,27.8,25,0.0,10.4,4,1014.6
2022-11-13 18:00:00,25.3,30,0.0,7.7,7,1014.6
2022-11-13 19:00:00,24.2,34,0.0,16.7,15,1015.1
2022-11-13 20:00:00,23.0,51,0.0,17.9,2,1015.8
2022-11-13 21:00:00,21.9,59,0.0,14.2,1,1016.2
2022-11-13 22:00:00,21.0,64,0.0,11.2,0,1016.5
2022-11-13 23:00:00,20.0,68,0.0,9.0,2,1016.7
2022-11-14 00:00:00,19.1,73,0.0,8.4,1,1016.5
2022-11-14 01:00:00,18.5,77,0.0,7.7,0,1016.4
2022-11-14 02:00:00,17.9,81,0.0,7.4,1,1016.2
2022-11-14 03:00:00,18.1,84,0.0,7.5,1,1016.1
2022-11-14 04:00:00,17.8,85,0.0,6.8,13,1015.8
2022-11-14 05:00:00,17.3,88,0.0,5.9,18,1015.5
2022-11-14 06:00:00,16.8,91,0.0,6.2,13,1015.3
2022-11-14 07:00:00,16.3,91,0.0,6.0,6,1015.7
2022-11-14 08:00:00,17.3,85,0.0,7.3,5,1015.9
2022-11-14 09:00:00,20.0,70,0.0,7.6,4,1016.1
2022-11-14 10:00:00,22.9,56,0.0,10.1,4,1016.2
2022-11-14 11:00:00,25.1,45,0.0,13.4,5,1016.0
2022-11-14 12:00:00,26.5,37,0.0,12.6,92,1015.6
2022-11-14 13:00:00,27.2,33,0.0,13.4,72,1014.7
2022-11-14 14:00:00,27.9,30,0.0,13.8,80,1013.8
2022-11-14 15:00:00,26.7,36,0.0,13.0,21,1014.0
2022-11-14 16:00:00,26.8,34,0.0,12.7,100,1013.8
2022-11-14 17:00:00,26.1,34,0.0,11.4,100,1013.8
2022-11-14 18:00:00,25.1,36,0.0,11.7,97,1013.9
2022-11-14 19:00:00,24.2,38,0.0,15.7,46,1014.5
2022-11-14 20:00:00,22.8,38,0.0,15.2,29,1015.1
2022-11-14 21:00:00,21.4,43,0.0,13.4,25,1015.3
2022-11-14 22:00:00,20.3,49,0.0,11.2,0,1015.7
2022-11-14 23:00:00,19.0,55,0.0,7.3,0,1015.9
2022-11-15 00:00:00,17.5,61,0.0,5.4,0,1016.2
2022-11-15 01:00:00,17.0,65,0.0,6.1,0,1015.9
2022-11-15 02:00:00,16.2,71,0.0,5.9,0,1015.7
2022-11-15 03:00:00,15.9,77,0.0,6.2,1,1015.5
2022-11-15 04:00:00,15.4,80,0.0,5.9,0,1015.6
2022-11-15 05:00:00,14.7,83,0.0,6.9,0,1015.6
2022-11-15 06:00:00,14.0,87,0.0,9.2,0,1015.6
2022-11-15 07:00:00,15.2,81,0.0,7.4,0,1015.7
2022-11-15 08:00:00,15.3,82,0.0,5.9,0,1015.8
2022-11-15 09:00:00,17.6,70,0.0,2.8,0,1016.3
2022-11-15 10:00:00,20.2,59,0.0,5.4,0,1016.4
2022-11-15 11:00:00,22.0,49,0.0,8.7,0,1016.3
2022-11-15 12:00:00,23.1,42,0.0,10.0,0,1015.7
2022-11-15 13:00:00,24.0,38,0.0,11.5,2,1015.1
2022-11-15 14:00:00,24.5,33,0.0,12.3,3,1014.3
2022-11-15 15:00:00,24.1,36,0.0,9.8,26,1013.9
2022-11-15 16:00:00,24.2,34,0.0,10.3,15,1013.6
2022-11-15 17:00:00,23.3,36,0.0,12.5,15,1013.6
2022-11-15 18:00:00,21.6,42,0.0,13.4,24,1013.6
2022-11-15 19:00:00,20.3,51,0.0,12.2,28,1014.1
2022-11-15 20:00:00,19.6,55,0.0,9.5,13,1014.3
2022-11-15 21:00:00,18.8,60,0.0,8.7,15,1014.6
2022-11-15 22:00:00,17.9,64,0.0,6.0,16,1014.8
2022-11-15 23:00:00,17.4,66,0.0,6.7,14,1015.0
2022-11-16 00:00:00,16.9,69,0.0,7.2,0,1015.1
2022-11-16 01:00:00,15.3,78,0.0,6.2,2,1015.1
2022-11-16 02:00:00,14.5,84,0.0,8.4,0,1014.6
2022-11-16 03:00:00,15.4,79,0.0,5.8,0,1014.2
2022-11-16 04:00:00,15.7,78,0.0,3.6,0,1014.1
2022-11-16 05:00:00,15.2,81,0.0,3.2,0,1014.2
2022-11-16 06:00:00,13.9,87,0.0,4.2,0,1014.0
2022-11-16 07:00:00,12.8,91,0.0,5.2,0,1014.2
2022-11-16 08:00:00,13.1,93,0.0,3.6,0,1014.6
2022-11-16 09:00:00,16.3,75,0.0,5.1,0,1014.9
2022-11-16 10:00:00,19.2,62,0.0,4.6,1,1014.9
2022-11-16 11:00:00,21.3,52,0.0,6.6,43,1014.8
2022-11-16 12:00:00,22.6,45,0.0,7.9,15,1014.1
2022-11-16 13:00:00,23.4,41,0.0,9.7,19,1013.4
2022-11-16 14:00:00,23.7,39,0.0,10.1,15,1012.8
2022-11-16 15:00:00,23.4,38,0.0,8.7,24,1012.5
2022-11-16 16:00:00,23.4,37,0.0,8.3,7,1012.4
2022-11-16 17:00:00,22.9,38,0.0,8.3,13,1012.4
2022-11-16 18:00:00,20.6,44,0.0,5.4,45,1012.7
2022-11-16 19:00:00,19.3,49,0.0,7.0,7,1013.1
2022-11-16 20:00:00,17.9,53,0.0,8.4,8,1013.4
2022-11-16 21:00:00,17.8,54,0.0,6.6,9,1013.3
2022-11-16 22:00:00,17.8,52,0.0,7.2,0,1013.5
2022-11-16 23:00:00,17.0,54,0.0,6.6,0,1013.7
2022-11-17 00:00:00,15.5,61,0.0,8.8,0,1013.9
2022-11-17 01:00:00,17.0,57,0.0,5.4,0,1013.9
2022-11-17 02:00:00,16.2,61,0.0,4.9,0,1013.8
2022-11-17 03:00:00,15.4,67,0.0,3.4,0,1013.9
2022-11-17 04:00:00,14.5,71,0.0,5.6,2,1014.0
2022-11-17 05:00:00,12.8,79,0.0,6.9,1,1014.0
2022-11-17 06:00:00,12.1,82,0.0,7.4,0,1014.2
2022-11-17 07:00:00,12.1,81,0.0,6.6,0,1014.7
2022-11-17 08:00:00,12.3,81,0.0,4.5,0,1015.2
2022-11-17 09:00:00,16.0,63,0.0,3.0,0,1015.6
2022-11-17 10:00:00,19.3,55,0.0,1.8,1,1016.0
2022-11-17 11:00:00,21.6,50,0.0,3.9,0,1015.7
2022-11-17 12:00:00,23.1,45,0.0,6.6,0,1015.0
2022-11-17 13:00:00,24.0,41,0.0,8.7,2,1014.4
2022-11-17 14:00:00,24.6,39,0.0,9.4,32,1013.8
2022-11-17 15:00:00,24.8,36,0.0,6.8,77,1014.0
2022-11-17 16:00:00,24.6,36,0.0,7.3,61,1013.6
2022-11-17 17:00:00,23.8,39,0.0,8.7,65,1013.8
2022-11-17 18:00:00,22.2,45,0.0,8.3,2,1014.1
2022-11-17 19:00:00,20.6,50,0.0,6.2,5,1014.3
2022-11-17 20:00:00,19.7,53,0.0,6.8,4,1014.9
2022-11-17 21:00:00,18.8,58,0.0,6.1,3,1015.3
2022-11-17 22:00:00,17.4,65,0.0,7.5,6,1015.5
2022-11-17 23:00:00,16.6,69,0.0,8.8,7,1015.4
2022-11-18 00:00:00,16.5,72,0.0,5.9,6,1015.7
2022-11-18 01:00:00,15.2,80,0.0,8.6,0,1015.6
2022-11-18 02:00:00,15.1,81,0.0,7.6,0,1015.5
2022-11-18 03:00:00,17.1,70,0.0,4.9,0,1015.6
2022-11-18 04:00:00,15.7,78,0.0,4.3,0,1015.4
2022-11-18 05:00:00,15.5,81,0.0,4.2,0,1015.7
2022-11-18 06:00:00,15.4,83,0.0,2.1,0,1015.5
2022-11-18 07:00:00,15.2,85,0.0,0.8,0,1016.0
2022-11-18 08:00:00,14.9,86,0.0,0.7,0,1016.2
2022-11-18 09:00:00,17.8,72,0.0,1.1,0,1016.8
2022-11-18 10:00:00,21.2,54,0.0,0.5,0,1017.0
2022-11-18 11:00:00,23.4,43,0.0,3.4,0,1016.7
2022-11-18 12:00:00,24.8,36,0.0,5.2,0,1016.1
2022-11-18 13:00:00,25.7,32,0.0,4.9,0,1015.4
2022-11-18 14:00:00,26.6,28,0.0,4.8,31,1014.7
2022-11-18 15:00:00,26.0,29,0.0,4.2,17,1014.6
2022-11-18 16:00:00,26.2,28,0.0,5.8,1,1014.5
2022-11-18 17:00:00,25.4,29,0.0,8.4,0,1014.5
2022-11-18 18:00:00,23.1,34,0.0,9.2,0,1014.9
2022-11-18 19:00:00,21.7,36,0.0,10.0,0,1015.5
2022-11-18 20:00:00,20.7,37,0.0,8.8,0,1015.9
2022-11-18 21:00:00,19.0,40,0.0,6.7,0,1016.4
2022-11-18 22:00:00,18.4,43,0.0,6.4,0,1016.6
2022-11-18 23:00:00,16.9,50,0.0,6.5,0,1017.1
2022-11-19 00:00:00,16.7,52,0.0,8.7,0,1017.4
2022-11-19 01:00:00,14.9,65,0.0,6.9,0,1017.1
2022-11-19 02:00:00,14.4,71,0.0,7.6,0,1017.1
2022-11-19 03:00:00,14.1,82,0.0,9.7,0,1017.1
2022-11-19 04:00:00,14.1,86,0.0,8.9,0,1017.0
2022-11-19 05:00:00,13.7,89,0.0,8.0,0,1017.1
2022-11-19 06:00:00,13.2,91,0.0,8.5,0,1017.2
2022-11-19 07:00:00,12.6,93,0.0,9.0,0,1017.8
2022-11-19 08:00:00,13.4,93,0.0,6.9,0,1018.4
2022-11-19 09:00:00,17.7,75,0.0,5.4,0,1018.9
2022-11-19 10:00:00,21.1,59,0.0,6.9,0,1019.1
2022-11-19 11:00:00,23.6,43,0.0,11.5,0,1019.1
2022-11-19 12:00:00,25.1,35,0.0,13.6,0,1018.6
2022-11-19 13:00:00,26.3,29,0.0,14.1,0,1017.9
2022-11-19 14:00:00,27.1,26,0.0,14.5,0,1017.4
2022-11-19 15:00:00,26.6,25,0.0,14.8,0,1017.3
2022-11-19 16:00:00,26.6,25,0.0,14.5,0,1017.2
2022-11-19 17:00:00,25.9,25,0.0,14.0,0,1017.3
2022-11-19 18:00:00,23.5,30,0.0,8.9,0,1017.8
2022-11-19 19:00:00,22.3,34,0.0,10.3,0,1018.3
2022-11-19 20:00:00,21.7,38,0.0,11.4,0,1018.8
2022-11-19 21:00:00,20.9,48,0.0,13.8,0,1019.4
2022-11-19 22:00:00,19.6,65,0.0,12.5,0,1019.9
2022-11-19 23:00:00,18.6,76,0.0,12.0,0,1020.2
2022-11-20 00:00:00,17.7,84,0.0,10.3,0,1020.0
2022-11-20 01:00:00,16.8,91,0.0,9.8,0,1019.9
2022-11-20 02:00:00,16.4,94,0.0,9.3,0,1019.6
2022-11-20 03:00:00,16.2,94,0.0,9.1,0,1019.7
2022-11-20 04:00:00,15.8,96,0.0,8.6,0,1019.5
2022-11-20 05:00:00,15.6,97,0.0,8.2,0,1018.8
2022-11-20 06:00:00,15.4,97,0.0,7.2,0,1018.3
2022-11-20 07:00:00,15.2,97,0.0,6.2,0,1018.4
2022-11-20 08:00:00,15.7,97,0.0,7.6,0,1018.8
2022-11-20 09:00:00,18.2,87,0.0,8.6,0,1019.2
2022-11-20 10:00:00,21.1,72,0.0,12.6,0,1018.9
2022-11-20 11:00:00,24.0,47,0.0,14.0,0,1018.3
2022-11-20 12:00:00,26.2,30,0.0,17.3,0,1017.0
2022-11-20 13:00:00,27.5,22,0.0,18.0,8,1016.3
2022-11-20 14:00:00,28.1,19,0.0,16.4,0,1015.4
2022-11-20 15:00:00,27.6,22,0.0,13.5,26,1015.0
2022-11-20 16:00:00,27.4,24,0.0,12.5,3,1014.7
2022-11-20 17:00:00,26.5,26,0.0,12.0,4,1014.2
2022-11-20 18:00:00,23.8,31,0.0,7.2,0,1014.1
2022-11-20 19:00:00,22.9,32,0.0,9.2,0,1014.2
2022-11-20 20:00:00,22.1,33,0.0,9.5,100,1014.6
2022-11-20 21:00:00,20.8,41,0.0,14.6,100,1015.1
2022-11-20 22:00:00,19.8,52,0.0,11.7,100,1015.2
2022-11-20 23:00:00,19.0,58,0.0,10.7,52,1014.9
2022-11-21 00:00:00,17.9,65,0.0,8.0,7,1014.8
2022-11-21 01:00:00,16.7,72,0.0,5.9,33,1014.6
2022-11-21 02:00:00,15.7,79,0.0,5.4,87,1014.2
2022-11-21 03:00:00,15.1,82,0.0,6.1,93,1014.2
2022-11-21 04:00:00,14.0,88,0.0,8.0,100,1013.5
2022-11-21 05:00:00,13.6,89,0.0,6.2,100,1013.5
2022-11-21 06:00:00,12.7,93,0.0,9.1,100,1013.4
2022-11-21 07:00:00,12.0,95,0.0,9.4,99,1013.7
2022-11-21 08:00:00,12.9,94,0.0,7.8,97,1014.3
2022-11-21 09:00:00,16.3,78,0.0,2.1,75,1014.8
2022-11-21 10:00:00,19.6,64,0.0,1.1,99,1014.9
2022-11-21 11:00:00,22.5,53,0.0,0.8,71,1014.5
2022-11-21 12:00:00,24.9,43,0.0,4.7,30,1014.0
2022-11-21 13:00:00,26.7,33,0.0,6.8,42,1013.2
2022-11-21 14:00:00,27.6,27,0.0,9.4,35,1012.7
2022-11-21 15:00:00,27.3,26,0.0,11.6,54,1012.1
2022-11-21 16:00:00,27.3,25,0.0,10.9,38,1012.1
2022-11-21 17:00:00,26.3,27,0.0,9.3,37,1011.9
2022-11-21 18:00:00,22.2,36,0.0,8.2,48,1012.2
2022-11-21 19:00:00,20.5,41,0.0,9.1,95,1012.3
2022-11-21 20:00:00,19.7,42,0.0,8.0,95,1012.5
2022-11-21 21:00:00,19.4,42,0.0,7.2,99,1012.8
2022-11-21 22:00:00,19.7,43,0.0,8.8,95,1013.1
2022-11-21 23:00:00,19.1,59,0.0,9.7,100,1013.6
2022-11-22 00:00:00,18.1,74,0.0,8.2,93,1013.9
2022-11-22 01:00:00,17.3,84,0.0,6.0,97,1014.0
2022-11-22 02:00:00,16.4,91,0.0,6.9,97,1013.9
2022-11-22 03:00:00,16.6,91,0.0,7.6,100,1013.5
2022-11-22 04:00:00,17.6,86,0.0,5.1,100,1013.4
2022-11-22 05:00:00,16.4,91,0.0,6.6,100,1013.6
2022-11-22 06:00:00,16.7,90,0.0,6.0,100,1013.5
2022-11-22 07:00:00,16.9,90,0.0,3.5,15,1014.0
2022-11-22 08:00:00,16.5,92,0.0,2.9,0,1014.7
2022-11-22 09:00:00,18.5,81,0.0,2.5,3,1015.4
2022-11-22 10:00:00,21.3,67,0.0,5.6,3,1015.8
2022-11-22 11:00:00,23.2,56,0.0,8.4,0,1015.6
2022-11-22 12:00:00,24.8,46,0.0,10.4,0,1014.9
2022-11-22 13:00:00,26.1,38,0.0,10.5,0,1014.2
2022-11-22 14:00:00,26.8,34,0.0,11.2,0,1013.6
2022-11-22 15:00:00,26.6,34,0.0,11.8,0,1013.6
2022-11-22 16:00:00,26.6,33,0.0,10.7,0,1013.5
2022-11-22 17:00:00,25.9,33,0.0,10.0,0,1013.4
2022-11-22 18:00:00,23.2,39,0.0,6.1,0,1013.7
2022-11-22 19:00:00,21.4,44,0.0,7.2,0,1014.1
2022-11-22 20:00:00,21.3,46,0.0,10.9,4,1014.6
2022-11-22 21:00:00,20.7,53,0.0,17.1,2,1015.4
2022-11-22 22:00:00,19.9,57,0.0,11.9,3,1015.8
2022-11-22 23:00:00,18.9,63,0.0,9.3,6,1015.8
2022-11-23 00:00:00,18.0,69,0.0,7.9,0,1015.7
2022-11-23 01:00:00,17.1,75,0.0,7.9,0,1015.6
2022-11-23 02:00:00,16.2,80,0.0,6.8,3,1015.8
2022-11-23 03:00:00,15.4,88,0.0,5.8,6,1015.4
2022-11-23 04:00:00,14.6,92,0.0,6.2,0,1014.9
2022-11-23 05:00:00,13.7,94,0.0,8.2,0,1014.7
2022-11-23 06:00:00,14.3,92,0.0,6.6,0,1014.5
2022-11-23 07:00:00,13.6,94,0.0,6.5,0,1014.7
2022-11-23 08:00:00,13.3,97,0.0,5.9,0,1015.0
2022-11-23 09:00:00,16.7,82,0.0,5.4,0,1015.4
2022-11-23 10:00:00,19.3,69,0.0,7.2,0,1015.6
2022-11-23 11:00:00,21.7,60,0.0,8.9,1,1015.0
2022-11-23 12:00:00,23.3,49,0.0,8.9,0,1014.1
2022-11-23 13:00:00,24.5,40,0.0,7.2,0,1013.0
2022-11-23 14:00:00,25.1,36,0.0,5.6,0,1011.8
2022-11-23 15:00:00,25.0,37,0.0,7.1,0,1010.7
2022-11-23 16:00:00,25.2,36,0.0,5.9,1,1010.5
2022-11-23 17:00:00,24.6,37,0.0,5.9,0,1010.2
2022-11-23 18:00:00,23.5,40,0.0,4.2,0,1010.3
2022-11-23 19:00:00,22.5,42,0.0,0.8,19,1010.5
2022-11-23 20:00:00,20.1,50,0.0,4.4,5,1010.8
2022-11-23 21:00:00,19.4,50,0.0,11.0,25,1011.6
2022-11-23 22:00:00,19.6,43,0.0,13.1,80,1011.9
2022-11-23 23:00:00,18.7,51,0.0,13.0,72,1012.3
2022-11-24 00:00:00,17.6,63,0.0,10.7,97,1012.4
2022-11-24 01:00:00,17.3,69,0.0,8.9,93,1012.2
2022-11-24 02:00:00,16.8,74,0.0,5.9,100,1011.9
2022-11-24 03:00:00,16.3,74,0.0,6.4,100,1011.4
2022-11-24 04:00:00,17.0,72,0.0,1.6,36,1011.2
2022-11-24 05:00:00,15.0,82,0.0,5.2,17,1010.8
2022-11-24 06:00:00,14.8,82,0.0,7.3,1,1010.6
2022-11-24 07:00:00,14.1,84,0.0,9.4,11,1010.9
2022-11-24 08:00:00,13.9,85,0.0,8.6,3,1011.2
2022-11-24 09:00:00,16.6,69,0.0,8.5,0,1011.6
2022-11-24 10:00:00,19.6,52,0.0,9.4,0,1011.8
2022-11-24 11:00:00,22.0,39,0.0,9.0,0,1011.6
2022-11-24 12:00:00,23.7,29,0.0,11.7,6,1010.9
2022-11-24 13:00:00,24.3,26,0.0,13.7,0,1010.0
2022-11-24 14:00:00,24.4,25,0.0,14.8,0,1009.2
2022-11-24 15:00:00,24.3,25,0.0,14.1,0,1009.2
2022-11-24 16:00:00,24.0,24,0.0,14.3,0,1009.1
2022-11-24 17:00:00,23.3,26,0.0,13.8,0,1009.0
2022-11-24 18:00:00,21.4,30,0.0,7.6,0,1009.1
2022-11-24 19:00:00,19.7,33,0.0,6.9,0,1009.3
2022-11-24 20:00:00,19.2,34,0.0,8.3,0,1009.7
2022-11-24 21:00:00,18.8,34,0.0,9.8,1,1009.9
2022-11-24 22:00:00,18.3,31,0.0,10.7,1,1010.1
2022-11-24 23:00:00,17.7,32,0.0,11.1,0,1010.2
2022-11-25 00:00:00,17.4,37,0.0,12.0,3,1010.4
2022-11-25 01:00:00,17.1,42,0.0,12.0,11,1010.5
2022-11-25 02:00:00,17.1,47,0.0,12.9,20,1010.4
2022-11-25 03:00:00,17.1,47,0.0,12.0,16,1010.0
2022-11-25 04:00:00,17.1,49,0.0,10.6,7,1010.0
2022-11-25 05:00:00,16.6,53,0.0,9.2,17,1010.1
2022-11-25 06:00:00,16.2,58,0.0,8.4,11,1010.3
2022-11-25 07:00:00,15.6,62,0.0,8.7,31,1011.0
2022-11-25 08:00:00,15.6,64,0.0,9.7,8,1011.6
2022-11-25 09:00:00,17.4,59,0.0,10.4,22,1012.5
2022-11-25 10:00:00,19.4,58,0.0,10.2,8,1012.8
2022-11-25 11:00:00,21.7,53,0.1,13.7,42,1012.9
2022-11-25 12:00:00,22.5,51,0.1,17.8,24,1012.5
2022-11-25 13:00:00,23.7,45,0.0,19.6,22,1011.9
2022-11-25 14:00:00,24.2,43,0.0,20.3,23,1011.3
2022-11-25 15:00:00,24.5,39,0.0,19.3,29,1011.3
2022-11-25 16:00:00,24.3,38,0.0,20.1,40,1011.6
2022-11-25 17:00:00,23.4,40,0.0,18.7,35,1011.8
2022-11-25 18:00:00,22.2,44,0.0,13.4,12,1012.0
2022-11-25 19:00:00,21.1,47,0.0,11.1,99,1012.6
2022-11-25 20:00:00,20.8,46,0.0,14.8,35,1013.3
2022-11-25 21:00:00,19.6,49,0.0,12.7,0,1014.0
2022-11-25 22:00:00,18.4,57,0.0,11.9,0,1014.5
2022-11-25 23:00:00,17.3,66,0.0,9.3,0,1014.7
2022-11-26 00:00:00,16.4,72,0.0,7.3,1,1015.2
2022-11-26 01:00:00,15.5,78,0.0,6.7,0,1015.2
2022-11-26 02:00:00,15.1,80,0.0,6.7,9,1015.2
2022-11-26 03:00:00,14.9,80,0.0,6.8,0,1014.6
2022-11-26 04:00:00,15.2,78,0.0,8.6,0,1015.1
2022-11-26 05:00:00,14.6,79,0.0,8.0,0,1014.7
2022-11-26 06:00:00,13.3,85,0.0,7.1,11,1014.8
2022-11-26 07:00:00,12.8,86,0.0,8.9,39,1015.6
2022-11-26 08:00:00,13.6,81,0.0,4.6,35,1016.0
2022-11-26 09:00:00,16.0,69,0.0,5.2,54,1016.6
2022-11-26 10:00:00,18.1,61,0.0,4.1,47,1016.9
2022-11-26 11:00:00,20.0,55,0.0,1.5,26,1017.0
2022-11-26 12:00:00,21.5,50,0.0,4.3,68,1016.2
2022-11-26 13:00:00,22.0,47,0.0,7.2,76,1015.6
2022-11-26 14:00:00,23.1,42,0.0,8.0,51,1015.0
2022-11-26 15:00:00,22.5,43,0.0,7.1,48,1014.9
2022-11-26 16:00:00,22.6,42,0.0,6.5,99,1014.8
2022-11-26 17:00:00,22.2,42,0.0,6.0,100,1014.6
2022-11-26 18:00:00,21.6,43,0.0,5.4,100,1014.8
2022-11-26 19:00:00,20.8,45,0.0,3.6,100,1015.0
2022-11-26 20:00:00,20.6,46,0.0,3.6,100,1015.0
2022-11-26 21:00:00,19.8,48,0.0,4.7,100,1015.1
2022-11-26 22:00:00,18.9,48,0.0,10.4,100,1015.4
2022-11-26 23:00:00,18.3,46,0.0,10.1,100,1015.6
2022-11-27 00:00:00,17.3,50,0.0,8.3,100,1015.9
2022-11-27 01:00:00,16.5,54,0.0,9.4,98,1015.6
2022-11-27 02:00:00,15.4,60,0.0,8.7,100,1015.4
2022-11-27 03:00:00,13.4,75,0.0,6.8,100,1015.0
2022-11-27 04:00:00,13.8,75,0.0,5.4,100,1014.8
2022-11-27 05:00:00,13.1,81,0.0,5.2,100,1014.4
2022-11-27 06:00:00,13.1,83,0.0,4.5,100,1014.2
2022-11-27 07:00:00,13.9,80,0.0,3.4,78,1013.9
2022-11-27 08:00:00,13.0,85,0.0,3.5,100,1014.0
2022-11-27 09:00:00,15.3,75,0.0,4.3,100,1014.4
2022-11-27 10:00:00,17.7,62,0.0,5.1,100,1014.4
2022-11-27 11:00:00,19.8,52,0.0,6.3,100,1013.7
2022-11-27 12:00:00,21.4,41,0.0,7.7,100,1012.8
2022-11-27 13:00:00,22.0,38,0.0,8.0,100,1011.5
2022-11-27 14:00:00,22.1,37,0.0,6.7,100,1011.1
2022-11-27 15:00:00,21.2,41,0.0,8.7,100,1010.6
2022-11-27 16:00:00,21.5,40,0.0,8.7,100,1010.3
2022-11-27 17:00:00,21.1,41,0.0,8.9,100,1010.3
2022-11-27 18:00:00,19.5,45,0.0,5.1,100,1010.4
2022-11-27 19:00:00,17.9,51,0.0,7.9,100,1010.0
2022-11-27 20:00:00,17.8,53,0.0,6.3,90,1009.7
2022-11-27 21:00:00,17.1,59,0.0,6.7,5,1009.8
2022-11-27 22:00:00,16.5,64,0.0,8.2,4,1009.7
2022-11-27 23:00:00,15.8,72,0.0,8.4,7,1009.7
2022-11-28 00:00:00,15.1,81,0.0,8.1,80,1009.4
2022-11-28 01:00:00,14.5,87,0.0,5.4,94,1009.3
2022-11-28 02:00:00,14.1,90,0.0,5.0,15,1009.0
2022-11-28 03:00:00,12.4,95,0.0,7.4,0,1008.5
2022-11-28 04:00:00,11.7,96,0.0,7.2,98,1008.7
2022-11-28 05:00:00,12.0,97,0.0,6.8,100,1008.6
2022-11-28 06:00:00,13.0,97,0.0,8.2,100,1007.8
2022-11-28 07:00:00,13.4,90,0.0,4.1,86,1007.7
2022-11-28 08:00:00,11.8,98,0.0,4.1,78,1008.1
2022-11-28 09:00:00,14.4,89,0.0,1.1,90,1008.3
2022-11-28 10:00:00,17.2,72,0.0,4.0,72,1008.7
2022-11-28 11:00:00,20.0,51,0.0,6.1,100,1008.5
2022-11-28 12:00:00,21.7,40,0.0,7.7,100,1007.6
2022-11-28 13:00:00,22.7,34,0.0,10.7,100,1007.0
2022-11-28 14:00:00,23.0,30,0.0,11.4,99,1006.2
2022-11-28 15:00:00,22.7,32,0.0,13.6,95,1006.0
2022-11-28 16:00:00,22.4,34,0.0,12.5,100,1006.1
2022-11-28 17:00:00,21.3,38,0.0,12.2,100,1006.2
2022-11-28 18:00:00,19.8,42,0.0,9.8,97,1006.7
2022-11-28 19:00:00,18.5,46,0.0,6.1,12,1006.8
2022-11-28 20:00:00,17.2,51,0.0,8.9,0,1007.5
2022-11-28 21:00:00,16.2,56,0.0,6.6,0,1007.8
2022-11-28 22:00:00,14.5,64,0.0,8.1,0,1007.8
2022-11-28 23:00:00,14.2,65,0.0,6.5,0,1007.8
2022-11-29 00:00:00,13.9,66,0.0,6.2,0,1008.1
2022-11-29 01:00:00,13.8,66,0.0,8.0,0,1008.0
2022-11-29 02:00:00,13.5,67,0.0,9.8,0,1008.0
2022-11-29 03:00:00,13.3,71,0.0,7.9,0,1007.7
2022-11-29 04:00:00,12.7,74,0.0,6.5,0,1007.5
2022-11-29 05:00:00,11.7,79,0.0,6.2,0,1007.6
2022-11-29 06:00:00,11.5,80,0.0,5.9,1,1007.6
2022-11-29 07:00:00,12.0,77,0.0,8.3,0,1007.9
2022-11-29 08:00:00,12.1,76,0.0,7.6,0,1008.8
2022-11-29 09:00:00,15.2,61,0.0,7.4,0,1009.5
2022-11-29 10:00:00,18.7,48,0.0,6.6,0,1010.1
2022-11-29 11:00:00,21.5,39,0.0,7.3,0,1010.3
2022-11-29 12:00:00,23.3,33,0.0,8.7,0,1009.9
2022-11-29 13:00:00,24.3,31,0.0,9.9,0,1009.4
2022-11-29 14:00:00,24.6,30,0.0,11.9,0,1009.1
2022-11-29 15:00:00,24.1,32,0.0,6.1,0,1008.8
2022-11-29 16:00:00,24.1,31,0.0,6.1,0,1008.8
2022-11-29 17:00:00,23.2,33,0.0,6.8,0,1009.0
2022-11-29 18:00:00,19.9,41,0.0,7.2,0,1009.3
2022-11-29 19:00:00,19.1,43,0.0,5.8,0,1009.9
2022-11-29 20:00:00,18.0,47,0.0,6.1,0,1010.4
2022-11-29 21:00:00,17.0,51,0.0,6.6,0,1010.6
2022-11-29 22:00:00,16.0,56,0.0,8.7,0,1011.0
2022-11-29 23:00:00,15.5,59,0.0,9.3,0,1011.3
2022-11-30 00:00:00,15.1,62,0.0,6.7,0,1011.5
2022-11-30 01:00:00,13.4,72,0.0,9.4,0,1011.8
2022-11-30 02:00:00,13.2,74,0.0,8.9,1,1011.9
2022-11-30 03:00:00,13.0,77,0.0,8.0,0,1011.4
2022-11-30 04:00:00,12.4,83,0.0,8.3,0,1011.4
2022-11-30 05:00:00,12.0,86,0.0,8.7,0,1011.4
2022-11-30 06:00:00,11.4,88,0.0,9.8,0,1011.2
2022-11-30 07:00:00,12.0,83,0.0,8.1,0,1011.7
2022-11-30 08:00:00,12.2,83,0.0,7.1,0,1012.0
2022-11-30 09:00:00,15.5,67,0.0,2.3,0,1012.6
2022-11-30 10:00:00,19.4,51,0.0,2.3,0,1012.9
2022-11-30 11:00:00,22.2,41,0.0,4.5,0,1013.1
2022-11-30 12:00:00,23.9,34,0.0,3.6,0,1012.5
2022-11-30 13:00:00,25.0,30,0.0,3.2,0,1012.1
2022-11-30 14:00:00,25.6,28,0.0,5.8,0,1011.8
2022-11-30 15:00:00,25.6,26,0.0,6.5,0,1011.6
2022-11-30 16:00:00,25.5,25,0.0,7.6,0,1011.5
2022-11-30 17:00:00,24.7,26,0.0,6.1,0,1011.4
2022-11-30 18:00:00,22.0,31,0.0,5.1,0,1011.7
2022-11-30 19:00:00,20.5,34,0.0,5.4,0,1012.2
2022-11-30 20:00:00,18.8,38,0.0,7.0,0,1012.7
2022-11-30 21:00:00,19.9,40,0.0,11.5,1,1013.2
2022-11-30 22:00:00,19.9,42,0.0,11.3,0,1013.3
2022-11-30 23:00:00,18.8,44,0.0,7.6,0,1013.5
2022-12-01 00:00:00,17.5,48,0.0,7.4,0,1014.1
2022-12-01 01:00:00,17.4,49,0.0,6.3,0,1014.3
2022-12-01 02:00:00,16.5,52,0.0,5.4,0,1014.4
2022-12-01 03:00:00,14.9,65,0.0,4.3,0,1014.4
2022-12-01 04:00:00,15.4,64,0.0,1.9,0,1014.5
2022-12-01 05:00:00,14.9,66,0.0,4.5,0,1014.4
2022-12-01 06:00:00,12.4,75,0.0,6.6,0,1014.3
2022-12-01 07:00:00,10.3,82,0.0,9.1,0,1014.5
2022-12-01 08:00:00,11.6,71,0.0,6.8,0,1014.9
2022-12-01 09:00:00,14.9,57,0.0,8.6,0,1015.4
2022-12-01 10:00:00,18.4,45,0.0,6.5,0,1015.5
2022-12-01 11:00:00,21.7,37,0.0,7.6,0,1015.5
2022-12-01 12:00:00,24.0,31,0.0,8.1,0,1014.8
2022-12-01 13:00:00,25.2,26,0.0,9.1,0,1014.4
2022-12-01 14:00:00,25.6,24,0.0,9.3,0,1014.0
2022-12-01 15:00:00,25.6,26,0.0,6.6,0,1013.6
2022-12-01 16:00:00,25.4,25,0.0,6.2,0,1013.6
2022-12-01 17:00:00,24.5,26,0.0,6.9,0,1013.5
2022-12-01 18:00:00,22.0,30,0.0,9.8,0,1013.6
2022-12-01 19:00:00,20.5,33,0.0,7.9,0,1014.1
2022-12-01 20:00:00,17.7,38,0.0,10.1,0,1014.6
2022-12-01 21:00:00,17.2,41,0.0,7.0,0,1015.1
2022-12-01 22:00:00,16.3,47,0.0,8.1,0,1015.5
2022-12-01 23:00:00,15.0,54,0.0,9.1,0,1015.7
2022-12-02 00:00:00,14.5,59,0.0,9.1,0,1016.2
2022-12-02 01:00:00,13.6,63,0.0,6.3,0,1016.0
2022-12-02 02:00:00,13.6,66,0.0,7.7,0,1015.9
2022-12-02 03:00:00,12.5,74,0.0,9.7,0,1015.8
2022-12-02 04:00:00,11.7,80,0.0,9.9,0,1015.8
2022-12-02 05:00:00,11.1,86,0.0,9.9,0,1015.4
2022-12-02 06:00:00,10.7,87,0.0,9.4,0,1015.4
2022-12-02 07:00:00,10.6,88,0.0,8.6,0,1016.1
2022-12-02 08:00:00,11.3,89,0.0,5.7,0,1016.6
2022-12-02 09:00:00,14.9,74,0.0,8.3,0,1017.2
2022-12-02 10:00:00,18.3,58,0.0,7.9,0,1017.4
2022-12-02 11:00:00,21.3,50,0.0,10.3,0,1017.0
2022-12-02 12:00:00,23.3,43,0.0,12.2,0,1016.3
2022-12-02 13:00:00,24.6,34,0.0,14.3,0,1015.6
2022-12-02 14:00:00,25.1,32,0.0,14.8,0,1014.8
2022-12-02 15:00:00,24.7,33,0.0,13.2,0,1014.8
2022-12-02 16:00:00,24.6,35,0.0,12.2,3,1014.7
2022-12-02 17:00:00,24.1,35,0.0,9.3,2,1014.6
2022-12-02 18:00:00,20.9,43,0.0,6.6,0,1014.7
2022-12-02 19:00:00,20.5,45,0.0,8.0,36,1015.1
2022-12-02 20:00:00,20.1,48,0.0,14.1,99,1015.8
2022-12-02 21:00:00,19.2,53,0.0,15.0,18,1016.1
2022-12-02 22:00:00,18.2,63,0.0,13.9,50,1016.2
2022-12-02 23:00:00,17.3,71,0.0,11.8,100,1016.5
2022-12-03 00:00:00,16.3,77,0.0,9.7,99,1016.4
2022-12-03 01:00:00,15.7,82,0.0,8.6,95,1016.1
2022-12-03 02:00:00,15.1,86,0.0,8.0,5,1015.9
2022-12-03 03:00:00,14.9,90,0.0,7.8,12,1015.7
2022-12-03 04:00:00,15.1,89,0.0,7.6,88,1015.4
2022-12-03 05:00:00,15.1,90,0.0,7.3,96,1015.4
2022-12-03 06:00:00,15.0,90,0.0,7.9,100,1015.1
2022-12-03 07:00:00,14.9,92,0.0,8.8,96,1015.3
2022-12-03 08:00:00,15.1,91,0.0,9.3,99,1015.5
2022-12-03 09:00:00,17.1,81,0.0,7.7,90,1015.6
2022-12-03 10:00:00,19.0,72,0.0,8.7,65,1015.7
2022-12-03 11:00:00,21.5,60,0.0,13.2,29,1015.6
2022-12-03 12:00:00,23.2,50,0.0,18.6,88,1014.8
2022-12-03 13:00:00,24.1,43,0.0,16.5,44,1014.0
2022-12-03 14:00:00,25.2,37,0.0,15.8,76,1013.3
2022-12-03 15:00:00,25.0,38,0.0,16.8,48,1013.5
2022-12-03 16:00:00,24.8,38,0.0,17.9,100,1013.5
2022-12-03 17:00:00,23.8,41,0.0,17.2,100,1013.7
2022-12-03 18:00:00,22.8,43,0.0,15.9,96,1014.0
2022-12-03 19:00:00,21.2,45,0.0,14.8,7,1014.8
2022-12-03 20:00:00,20.3,48,0.0,15.0,1,1015.6
2022-12-03 21:00:00,19.2,54,0.0,14.2,0,1016.0
2022-12-03 22:00:00,18.0,63,0.0,12.1,0,1016.4
2022-12-03 23:00:00,16.9,70,0.0,9.8,0,1016.6
2022-12-04 00:00:00,15.9,77,0.0,7.9,3,1016.6
2022-12-04 01:00:00,15.2,81,0.0,8.0,8,1016.6
2022-12-04 02:00:00,14.5,85,0.0,6.6,7,1016.7
2022-12-04 03:00:00,14.2,86,0.0,6.5,10,1016.4
2022-12-04 04:00:00,13.6,88,0.0,5.9,7,1016.3
2022-12-04 05:00:00,12.8,91,0.0,7.0,20,1016.3
2022-12-04 06:00:00,12.3,92,0.0,8.3,33,1016.3
2022-12-04 07:00:00,11.7,93,0.0,10.1,20,1016.8
2022-12-04 08:00:00,11.9,94,0.0,9.5,10,1017.4
2022-12-04 09:00:00,15.7,78,0.0,5.8,13,1017.6
2022-12-04 10:00:00,18.7,64,0.0,6.9,11,1017.9
2022-12-04 11:00:00,21.6,51,0.0,10.6,25,1017.7
2022-12-04 12:00:00,23.2,40,0.0,15.0,71,1016.9
2022-12-04 13:00:00,24.2,35,0.0,15.9,83,1016.0
2022-12-04 14:00:00,24.9,32,0.0,14.8,47,1015.3
2022-12-04 15:00:00,24.9,32,0.0,15.9,100,1014.9
2022-12-04 16:00:00,23.9,39,0.0,17.0,100,1015.2
2022-12-04 17:00:00,22.2,49,0.0,16.9,100,1015.5
2022-12-04 18:00:00,21.6,52,0.0,15.1,100,1015.8
2022-12-04 19:00:00,20.8,56,0.0,14.5,100,1016.6
2022-12-04 20:00:00,20.3,60,0.0,15.7,98,1017.4
2022-12-04 21:00:00,19.7,64,0.0,14.8,54,1017.7
2022-12-04 22:00:00,18.8,69,0.0,12.6,34,1018.0
2022-12-04 23:00:00,18.0,74,0.0,10.5,40,1018.2
2022-12-05 00:00:00,17.5,77,0.0,9.5,57,1018.2
2022-12-05 01:00:00,17.4,79,0.0,9.5,46,1018.0
2022-12-05 02:00:00,17.0,81,0.0,9.2,40,1018.0
2022-12-05 03:00:00,16.4,86,0.0,7.7,25,1017.7
2022-12-05 04:00:00,15.8,89,0.1,7.3,64,1017.7
2022-12-05 05:00:00,15.5,92,0.1,6.2,56,1017.4
2022-12-05 06:00:00,14.7,95,0.0,5.2,49,1017.5
2022-12-05 07:00:00,14.0,97,0.0,5.7,21,1018.1
2022-12-05 08:00:00,13.8,97,0.0,5.4,26,1018.5
2022-12-05 09:00:00,16.1,87,0.0,5.8,14,1019.0
2022-12-05 10:00:00,18.6,70,0.0,8.0,9,1019.4
2022-12-05 11:00:00,21.0,49,0.0,12.8,9,1019.3
2022-12-05 12:00:00,22.4,39,0.0,14.1,12,1018.7
2022-12-05 13:00:00,23.0,36,0.0,14.8,8,1018.0
2022-12-05 14:00:00,23.7,34,0.0,14.2,28,1017.0
2022-12-05 15:00:00,23.2,36,0.0,17.4,25,1016.8
2022-12-05 16:00:00,23.5,34,0.0,17.4,48,1016.5
2022-12-05 17:00:00,22.3,39,0.0,18.0,16,1016.5
2022-12-05 18:00:00,20.4,45,0.0,13.0,0,1016.6
2022-12-05 19:00:00,19.1,49,0.0,9.0,0,1017.2
2022-12-05 20:00:00,18.2,52,0.0,9.4,6,1017.7
2022-12-05 21:00:00,17.7,58,0.0,13.4,8,1018.4
2022-12-05 22:00:00,17.0,65,0.0,10.4,7,1018.6
2022-12-05 23:00:00,15.9,71,0.0,6.7,8,1018.5
2022-12-06 00:00:00,14.0,81,0.0,8.7,3,1018.5
2022-12-06 01:00:00,13.5,85,0.0,8.6,5,1018.2
2022-12-06 02:00:00,12.7,89,0.0,9.2,9,1018.0
2022-12-06 03:00:00,13.5,85,0.0,8.1,8,1017.2
2022-12-06 04:00:00,12.9,89,0.0,9.9,3,1017.0
2022-12-06 05:00:00,13.4,88,0.0,8.5,18,1017.0
2022-12-06 06:00:00,14.5,87,0.0,5.4,31,1016.8
2022-12-06 07:00:00,14.4,89,0.0,3.7,27,1017.3
2022-12-06 08:00:00,13.5,92,0.0,4.0,25,1017.7
2022-12-06 09:00:00,15.4,84,0.0,2.2,23,1018.3
2022-12-06 10:00:00,17.8,73,0.0,2.9,5,1018.6
2022-12-06 11:00:00,20.2,59,0.0,6.7,23,1018.4
2022-12-06 12:00:00,21.6,51,0.0,10.0,34,1017.7
2022-12-06 13:00:00,22.5,47,0.0,11.7,31,1016.7
2022-12-06 14:00:00,23.0,43,0.0,12.2,28,1015.8
2022-12-06 15:00:00,22.7,42,0.0,10.2,28,1015.5
2022-12-06 16:00:00,22.5,42,0.0,10.0,32,1015.4
2022-12-06 17:00:00,22.0,42,0.0,7.7,48,1015.4
2022-12-06 18:00:00,19.4,49,0.0,7.9,91,1015.4
2022-12-06 19:00:00,19.1,51,0.0,7.4,74,1015.7
2022-12-06 20:00:00,18.8,55,0.0,9.7,78,1016.2
2022-12-06 21:00:00,18.2,57,0.0,10.7,47,1016.5
2022-12-06 22:00:00,17.3,64,0.0,7.4,3,1016.8
2022-12-06 23:00:00,15.2,76,0.0,5.8,30,1017.0
2022-12-07 00:00:00,14.4,82,0.0,6.5,0,1017.2
2022-12-07 01:00:00,13.5,88,0.0,6.2,3,1017.1
2022-12-07 02:00:00,12.7,91,0.0,7.9,0,1016.8
2022-12-07 03:00:00,13.2,91,0.0,5.7,0,1016.3
2022-12-07 04:00:00,13.4,89,0.0,4.8,0,1016.4
2022-12-07 05:00:00,13.7,90,0.0,3.4,0,1016.3
2022-12-07 06:00:00,13.3,92,0.0,3.4,5,1016.0
2022-12-07 07:00:00,12.9,95,0.0,4.0,19,1016.4
2022-12-07 08:00:00,12.7,95,0.0,2.3,19,1016.7
2022-12-07 09:00:00,14.2,86,0.0,0.5,22,1017.0
2022-12-07 10:00:00,17.1,71,0.0,0.8,100,1017.4
2022-12-07 11:00:00,19.1,62,0.0,2.5,84,1017.5
2022-12-07 12:00:00,20.4,53,0.0,2.9,16,1016.9
2022-12-07 13:00:00,22.0,44,0.0,2.2,21,1016.1
2022-12-07 14:00:00,22.7,38,0.0,2.3,38,1015.4
2022-12-07 15:00:00,22.7,36,0.0,6.5,14,1014.9
2022-12-07 16:00:00,22.6,36,0.0,6.0,5,1014.7
2022-12-07 17:00:00,22.0,38,0.0,5.2,0,1014.5
2022-12-07 18:00:00,18.3,48,0.0,7.4,0,1014.4
2022-12-07 19:00:00,18.0,51,0.0,6.5,0,1014.7
2022-12-07 20:00:00,17.2,56,0.0,7.0,0,1015.3
2022-12-07 21:00:00,15.4,63,0.0,8.3,0,1015.8
2022-12-07 22:00:00,14.4,66,0.0,6.4,0,1015.8
2022-12-07 23:00:00,13.6,70,0.0,6.1,0,1016.1
2022-12-08 00:00:00,13.1,73,0.0,6.2,0,1016.4
2022-12-08 01:00:00,12.2,78,0.0,5.9,0,1016.4
2022-12-08 02:00:00,11.1,84,0.0,6.8,0,1016.4
2022-12-08 03:00:00,11.9,79,0.0,5.8,0,1016.3
2022-12-08 04:00:00,13.9,69,0.0,2.3,0,1016.3
2022-12-08 05:00:00,13.5,72,0.0,1.8,0,1016.6
2022-12-08 06:00:00,12.4,76,0.0,3.9,0,1016.4
2022-12-08 07:00:00,10.1,84,0.0,6.8,0,1016.7
2022-12-08 08:00:00,9.6,87,0.0,8.8,0,1017.3
2022-12-08 09:00:00,13.7,68,0.0,8.0,0,1017.8
2022-12-08 10:00:00,16.9,55,0.0,6.1,0,1018.4
2022-12-08 11:00:00,20.0,44,0.0,6.5,4,1018.5
2022-12-08 12:00:00,22.0,37,0.0,6.5,6,1017.9
2022-12-08 13:00:00,23.2,33,0.0,5.5,0,1017.2
2022-12-08 14:00:00,24.0,30,0.0,4.7,0,1016.5
2022-12-08 15:00:00,24.2,30,0.0,4.5,0,1016.3
2022-12-08 16:00:00,24.2,30,0.0,4.7,0,1016.2
2022-12-08 17:00:00,23.5,31,0.0,5.5,0,1016.1
2022-12-08 18:00:00,19.5,39,0.0,7.9,0,1016.2
2022-12-08 19:00:00,18.4,42,0.0,7.3,1,1016.6
2022-12-08 20:00:00,17.8,44,0.0,6.5,100,1017.1
2022-12-08 21:00:00,17.5,46,0.0,6.7,100,1017.5
2022-12-08 22:00:00,15.5,54,0.0,7.4,98,1017.6
2022-12-08 23:00:00,14.5,59,0.0,7.9,43,1017.8
2022-12-09 00:00:00,13.5,64,0.0,7.6,100,1017.8
2022-12-09 01:00:00,14.0,62,0.0,5.2,49,1017.7
2022-12-09 02:00:00,13.3,65,0.0,5.9,3,1017.6
2022-12-09 03:00:00,13.1,64,0.0,7.2,0,1017.3
2022-12-09 04:00:00,12.1,69,0.0,7.6,1,1017.3
2022-12-09 05:00:00,11.5,72,0.0,7.6,0,1017.2
2022-12-09 06:00:00,11.1,74,0.0,6.9,0,1017.3
2022-12-09 07:00:00,11.5,72,0.0,7.1,0,1017.5
2022-12-09 08:00:00,12.0,70,0.0,7.7,1,1017.7
2022-12-09 09:00:00,15.1,57,0.0,9.5,0,1018.3
2022-12-09 10:00:00,18.4,46,0.0,8.4,0,1018.7
2022-12-09 11:00:00,21.1,39,0.0,10.1,0,1018.5
2022-12-09 12:00:00,23.0,33,0.0,10.4,0,1017.8
2022-12-09 13:00:00,24.5,29,0.0,9.7,14,1016.9
2022-12-09 14:00:00,25.4,26,0.0,8.8,76,1016.3
2022-12-09 15:00:00,25.7,25,0.0,7.6,1,1015.7
2022-12-09 16:00:00,25.8,24,0.0,6.5,3,1015.4
2022-12-09 17:00:00,24.9,25,0.0,5.4,0,1015.3
2022-12-09 18:00:00,20.4,33,0.0,8.6,0,1015.3
2022-12-09 19:00:00,18.7,37,0.0,9.4,0,1015.8
2022-12-09 20:00:00,17.3,41,0.0,9.4,0,1016.0
2022-12-09 21:00:00,16.1,45,0.0,9.0,0,1016.3
2022-12-09 22:00:00,15.4,47,0.0,7.6,0,1016.2
2022-12-09 23:00:00,14.8,50,0.0,7.6,0,1016.5
2022-12-10 00:00:00,14.8,51,0.0,4.9,0,1016.6
2022-12-10 01:00:00,13.0,58,0.0,5.4,0,1016.6
2022-12-10 02:00:00,12.3,61,0.0,7.6,0,1016.4
2022-12-10 03:00:00,12.4,62,0.0,5.1,0,1016.3
2022-12-10 04:00:00,13.0,61,0.0,3.9,0,1016.1
2022-12-10 05:00:00,11.5,68,0.0,6.9,0,1016.1
2022-12-10 06:00:00,10.9,69,0.0,7.2,0,1016.1
2022-12-10 07:00:00,10.5,69,0.0,6.9,0,1016.5
2022-12-10 08:00:00,10.7,68,0.0,6.8,0,1016.8
2022-12-10 09:00:00,12.5,62,0.0,2.9,0,1017.2
2022-12-10 10:00:00,16.0,51,0.0,0.8,0,1017.7
2022-12-10 11:00:00,19.2,42,0.0,1.5,0,1017.7
2022-12-10 12:00:00,21.9,35,0.0,2.6,0,1016.9
2022-12-10 13:00:00,23.8,30,0.0,2.6,0,1016.1
2022-12-10 14:00:00,24.9,27,0.0,2.9,0,1015.2
2022-12-10 15:00:00,24.6,29,0.0,4.7,0,1014.8
2022-12-10 16:00:00,24.7,27,0.0,5.1,0,1014.6
2022-12-10 17:00:00,23.8,29,0.0,6.2,0,1014.3
2022-12-10 18:00:00,20.5,36,0.0,7.6,0,1014.5
2022-12-10 19:00:00,19.2,41,0.0,8.0,0,1014.9
2022-12-10 20:00:00,17.7,48,0.0,7.3,0,1015.2
2022-12-10 21:00:00,16.1,57,0.0,7.2,0,1015.4
2022-12-10 22:00:00,14.7,66,0.0,10.3,0,1015.6
2022-12-10 23:00:00,13.9,72,0.0,7.6,0,1016.0
2022-12-11 00:00:00,15.8,65,0.0,4.0,0,1016.0
2022-12-11 01:00:00,14.4,72,0.0,3.1,0,1015.3
2022-12-11 02:00:00,13.0,81,0.0,3.1,0,1015.1
2022-12-11 03:00:00,11.1,93,0.0,5.3,0,1014.8
2022-12-11 04:00:00,11.7,94,0.0,3.9,0,1014.5
2022-12-11 05:00:00,11.4,96,0.0,3.3,0,1014.2
2022-12-11 06:00:00,11.1,98,0.0,3.1,0,1014.0
2022-12-11 07:00:00,10.7,100,0.0,3.6,100,1014.3
2022-12-11 08:00:00,10.4,99,0.0,1.1,100,1014.2
2022-12-11 09:00:00,11.1,97,0.0,3.9,95,1014.5
2022-12-11 10:00:00,15.5,72,0.0,4.7,9,1014.8
2022-12-11 11:00:00,18.8,56,0.0,5.8,0,1014.7
2022-12-11 12:00:00,21.4,44,0.0,5.4,0,1013.9
2022-12-11 13:00:00,23.2,36,0.0,6.4,0,1013.0
2022-12-11 14:00:00,24.2,32,0.0,8.2,0,1012.1
2022-12-11 15:00:00,24.7,29,0.0,8.1,0,1011.3
2022-12-11 16:00:00,24.6,29,0.0,8.4,0,1011.2
2022-12-11 17:00:00,23.5,32,0.0,9.2,0,1011.2
2022-12-11 18:00:00,19.9,42,0.0,5.9,0,1011.3
2022-12-11 19:00:00,18.6,47,0.0,6.6,0,1011.6
2022-12-11 20:00:00,17.7,49,0.0,6.9,0,1011.9
2022-12-11 21:00:00,16.8,48,0.0,6.9,0,1012.2
2022-12-11 22:00:00,15.7,52,0.0,6.6,68,1012.1
2022-12-11 23:00:00,16.2,51,0.0,8.3,58,1012.0
2022-12-12 00:00:00,16.0,53,0.0,10.2,69,1011.8
2022-12-12 01:00:00,15.8,56,0.0,12.4,2,1011.3
2022-12-12 02:00:00,14.8,60,0.0,12.0,79,1010.8
2022-12-12 03:00:00,14.1,64,0.0,8.7,72,1011.0
2022-12-12 04:00:00,13.7,65,0.0,10.5,21,1010.7
2022-12-12 05:00:00,13.7,63,0.0,12.8,34,1010.2
2022-12-12 06:00:00,13.6,63,0.0,13.8,8,1010.0
2022-12-12 07:00:00,13.7,63,0.0,14.5,0,1010.2
2022-12-12 08:00:00,13.6,64,0.0,14.8,1,1010.5
2022-12-12 09:00:00,15.5,56,0.0,16.6,0,1011.0
2022-12-12 10:00:00,18.3,45,0.0,16.2,1,1011.1
2022-12-12 11:00:00,20.6,37,0.0,18.1,7,1011.2
2022-12-12 12:00:00,22.4,33,0.0,18.3,17,1010.5
2022-12-12 13:00:00,24.0,30,0.0,16.9,94,1009.7
2022-12-12 14:00:00,24.9,26,0.0,15.4,9,1009.1
2022-12-12 15:00:00,25.7,25,0.0,11.7,12,1008.1
2022-12-12 16:00:00,25.6,25,0.0,11.5,0,1008.3
2022-12-12 17:00:00,24.9,26,0.0,9.7,0,1008.4
2022-12-12 18:00:00,21.4,31,0.0,6.3,0,1008.4
2022-12-12 19:00:00,19.1,36,0.0,7.4,0,1009.1
2022-12-12 20:00:00,18.3,36,0.0,6.6,0,1009.6
2022-12-12 21:00:00,18.1,37,0.0,7.7,0,1009.7
2022-12-12 22:00:00,17.7,39,0.0,8.0,0,1010.1
2022-12-12 23:00:00,17.2,46,0.0,8.3,0,1010.3
2022-12-13 00:00:00,16.0,62,0.0,7.1,9,1010.8
2022-12-13 01:00:00,14.1,81,0.0,9.8,43,1011.0
2022-12-13 02:00:00,13.7,89,0.0,10.1,10,1011.1
2022-12-13 03:00:00,14.9,82,0.0,7.3,17,1011.6
2022-12-13 04:00:00,15.4,83,0.0,4.8,33,1011.6
2022-12-13 05:00:00,15.2,86,0.0,3.0,30,1011.7
2022-12-13 06:00:00,12.5,95,0.0,4.0,49,1011.5
2022-12-13 07:00:00,13.0,94,0.0,7.2,84,1011.8
2022-12-13 08:00:00,12.7,95,0.0,9.5,79,1012.2
2022-12-13 09:00:00,14.5,85,0.0,8.4,88,1012.9
2022-12-13 10:00:00,17.4,73,0.0,6.5,50,1013.4
2022-12-13 11:00:00,19.9,69,0.0,5.2,57,1013.6
2022-12-13 12:00:00,22.1,56,0.0,6.6,21,1013.0
2022-12-13 13:00:00,23.3,48,0.0,9.1,10,1012.4
2022-12-13 14:00:00,23.9,43,0.0,10.7,9,1011.7
2022-12-13 15:00:00,23.7,46,0.0,8.6,4,1011.5
2022-12-13 16:00:00,23.6,44,0.0,9.9,25,1011.5
2022-12-13 17:00:00,22.9,44,0.0,8.8,21,1011.5
2022-12-13 18:00:00,19.9,53,0.0,7.3,1,1011.4
2022-12-13 19:00:00,18.5,57,0.0,7.1,0,1011.6
2022-12-13 20:00:00,18.5,57,0.0,7.3,60,1012.3
2022-12-13 21:00:00,17.9,59,0.0,7.1,100,1012.6
2022-12-13 22:00:00,17.3,61,0.0,6.5,100,1013.0
2022-12-13 23:00:00,16.2,65,0.0,7.6,100,1013.4
2022-12-14 00:00:00,16.0,66,0.0,7.5,100,1013.2
2022-12-14 01:00:00,15.5,68,0.0,4.8,94,1013.0
2022-12-14 02:00:00,14.3,74,0.0,5.8,30,1012.8
2022-12-14 03:00:00,15.1,73,0.0,6.5,100,1012.7
2022-12-14 04:00:00,16.5,67,0.0,8.1,99,1012.7
2022-12-14 05:00:00,16.6,67,0.0,9.4,11,1012.3
2022-12-14 06:00:00,15.0,76,0.0,9.3,8,1012.4
2022-12-14 07:00:00,14.2,80,0.0,10.0,29,1012.7
2022-12-14 08:00:00,13.8,83,0.0,11.2,35,1013.2
2022-12-14 09:00:00,15.6,75,0.0,12.1,18,1013.7
2022-12-14 10:00:00,18.3,64,0.0,11.4,0,1014.0
2022-12-14 11:00:00,21.1,52,0.0,11.2,4,1014.1
2022-12-14 12:00:00,23.1,43,0.0,10.2,100,1013.4
2022-12-14 13:00:00,24.6,35,0.0,9.2,11,1012.7
2022-12-14 14:00:00,25.5,31,0.0,10.2,89,1012.1
2022-12-14 15:00:00,25.0,32,0.0,8.7,74,1012.5
2022-12-14 16:00:00,24.8,32,0.0,10.4,49,1012.5
2022-12-14 17:00:00,24.0,33,0.0,9.7,3,1012.8
2022-12-14 18:00:00,21.0,40,0.0,6.5,0,1013.2
2022-12-14 19:00:00,19.5,44,0.0,8.1,0,1013.6
2022-12-14 20:00:00,18.4,46,0.0,9.0,0,1014.3
2022-12-14 21:00:00,18.1,47,0.0,7.9,0,1014.4
2022-12-14 22:00:00,16.9,51,0.0,5.4,0,1014.7
2022-12-14 23:00:00,15.5,57,0.0,5.1,0,1015.0
2022-12-15 00:00:00,15.4,58,0.0,5.4,0,1015.1
2022-12-15 01:00:00,14.0,65,0.0,7.4,0,1015.0
2022-12-15 02:00:00,15.5,60,0.0,3.3,0,1014.8
2022-12-15 03:00:00,14.3,64,0.0,4.2,0,1014.7
2022-12-15 04:00:00,15.3,60,0.0,2.8,0,1015.0
2022-12-15 05:00:00,14.8,63,0.0,2.2,0,1014.9
2022-12-15 06:00:00,14.5,65,0.0,3.3,0,1015.0
2022-12-15 07:00:00,14.0,67,0.0,3.4,0,1015.4
2022-12-15 08:00:00,13.2,71,0.0,3.9,0,1015.8
2022-12-15 09:00:00,14.7,65,0.0,3.4,0,1016.3
2022-12-15 10:00:00,18.5,49,0.0,2.5,0,1016.9
2022-12-15 11:00:00,21.6,41,0.0,1.9,0,1017.1
2022-12-15 12:00:00,23.7,37,0.0,2.1,0,1016.5
2022-12-15 13:00:00,24.9,34,0.0,4.1,0,1015.8
2022-12-15 14:00:00,25.6,31,0.0,4.9,0,1015.2
2022-12-15 15:00:00,25.5,33,0.0,6.6,0,1015.1
2022-12-15 16:00:00,25.5,33,0.0,6.7,0,1015.1
2022-12-15 17:00:00,24.6,34,0.0,5.8,0,1015.2
2022-12-15 18:00:00,20.9,43,0.0,7.6,1,1015.7
2022-12-15 19:00:00,21.0,43,0.0,6.5,3,1016.3
2022-12-15 20:00:00,20.1,46,0.0,7.7,2,1016.7
2022-12-15 21:00:00,20.7,44,0.0,0.7,0,1017.0
2022-12-15 22:00:00,17.1,56,0.0,6.0,0,1017.4
2022-12-15 23:00:00,16.4,61,0.0,8.0,0,1017.6
2022-12-16 00:00:00,15.9,66,0.0,6.3,0,1017.8
2022-12-16 01:00:00,14.1,76,0.0,8.7,0,1017.8
2022-12-16 02:00:00,14.0,80,0.0,5.7,0,1017.8
2022-12-16 03:00:00,14.3,86,0.0,7.9,0,1017.9
2022-12-16 04:00:00,14.2,85,0.0,7.6,0,1017.7
2022-12-16 05:00:00,13.6,87,0.0,6.2,0,1017.6
2022-12-16 06:00:00,13.1,91,0.0,5.8,0,1017.7
2022-12-16 07:00:00,12.8,92,0.0,5.9,0,1018.0
2022-12-16 08:00:00,12.7,92,0.0,6.0,0,1018.4
2022-12-16 09:00:00,15.3,80,0.0,7.9,0,1018.8
2022-12-16 10:00:00,18.2,66,0.0,8.0,0,1019.2
2022-12-16 11:00:00,20.8,58,0.0,10.9,0,1018.9
2022-12-16 12:00:00,22.6,52,0.0,13.6,0,1018.1
2022-12-16 13:00:00,23.7,49,0.0,14.6,0,1017.2
2022-12-16 14:00:00,24.4,47,0.0,15.3,0,1016.4
2022-12-16 15:00:00,24.4,45,0.0,15.1,1,1016.2
2022-12-16 16:00:00,24.3,45,0.0,15.0,1,1016.2
2022-12-16 17:00:00,23.5,48,0.0,13.8,0,1016.3
2022-12-16 18:00:00,21.7,55,0.0,8.9,0,1016.3
2022-12-16 19:00:00,20.7,58,0.0,9.9,0,1016.8
2022-12-16 20:00:00,20.1,61,0.0,10.7,0,1017.2
2022-12-16 21:00:00,19.4,65,0.0,13.5,0,1017.5
2022-12-16 22:00:00,18.5,74,0.0,14.8,0,1017.9
2022-12-16 23:00:00,17.6,84,0.0,14.8,0,1018.2
2022-12-17 00:00:00,16.8,94,0.0,13.8,15,1018.2
2022-12-17 01:00:00,16.5,97,0.0,13.0,28,1018.1
2022-12-17 02:00:00,16.4,97,0.0,12.0,39,1017.9
2022-12-17 03:00:00,16.4,97,0.0,10.6,60,1017.7
2022-12-17 04:00:00,16.2,97,0.0,9.5,100,1017.5
2022-12-17 05:00:00,16.3,97,0.0,9.7,100,1017.3
2022-12-17 06:00:00,16.4,96,0.0,9.5,100,1017.4
2022-12-17 07:00:00,16.4,96,0.0,9.8,100,1017.9
2022-12-17 08:00:00,16.4,96,0.0,10.0,100,1018.3
2022-12-17 09:00:00,18.0,87,0.0,15.5,100,1018.7
2022-12-17 10:00:00,19.2,79,0.0,19.6,56,1018.9
2022-12-17 11:00:00,20.9,69,0.0,21.0,45,1018.4
2022-12-17 12:00:00,22.7,59,0.0,20.0,25,1017.6
2022-12-17 13:00:00,24.1,53,0.0,19.5,10,1016.8
2022-12-17 14:00:00,25.0,49,0.0,18.4,4,1016.0
2022-12-17 15:00:00,25.2,45,0.0,17.6,3,1015.7
2022-12-17 16:00:00,25.3,44,0.0,17.1,1,1015.6
2022-12-17 17:00:00,24.9,44,0.0,15.3,0,1015.6
2022-12-17 18:00:00,23.1,49,0.0,10.9,0,1015.7
2022-12-17 19:00:00,21.9,54,0.0,12.8,0,1016.1
2022-12-17 20:00:00,21.0,63,0.0,17.4,0,1016.7
2022-12-17 21:00:00,19.5,74,0.0,15.9,0,1017.0
2022-12-17 22:00:00,18.4,83,0.0,13.8,0,1017.4
2022-12-17 23:00:00,17.4,90,0.0,12.9,0,1017.6
2022-12-18 00:00:00,16.7,95,0.0,11.8,1,1017.7
2022-12-18 01:00:00,16.2,97,0.0,11.3,31,1017.6
2022-12-18 02:00:00,16.0,99,0.0,10.9,100,1017.6
2022-12-18 03:00:00,16.9,97,0.0,10.7,100,1017.2
2022-12-18 04:00:00,17.1,96,0.0,10.0,100,1017.2
2022-12-18 05:00:00,17.0,96,0.0,10.4,100,1016.8
2022-12-18 06:00:00,17.0,96,0.0,10.1,100,1016.9
2022-12-18 07:00:00,16.9,96,0.0,10.5,100,1017.5
2022-12-18 08:00:00,16.7,96,0.0,9.7,100,1017.7
2022-12-18 09:00:00,18.1,90,0.0,13.8,100,1018.1
2022-12-18 10:00:00,19.3,83,0.0,16.1,32,1018.4
2022-12-18 11:00:00,21.3,70,0.0,14.9,16,1018.2
2022-12-18 12:00:00,23.2,58,0.0,15.0,9,1017.3
2022-12-18 13:00:00,25.0,46,0.0,16.5,0,1016.3
2022-12-18 14:00:00,26.2,36,0.0,17.9,0,1015.4
2022-12-18 15:00:00,26.2,30,0.0,18.1,0,1015.1
2022-12-18 16:00:00,26.0,29,0.0,18.9,0,1015.3
2022-12-18 17:00:00,25.0,31,0.0,16.8,0,1015.4
2022-12-18 18:00:00,23.1,36,0.0,13.0,0,1015.6
2022-12-18 19:00:00,21.9,38,0.0,13.5,0,1016.0
2022-12-18 20:00:00,21.0,42,0.0,15.1,0,1016.5
2022-12-18 21:00:00,19.7,54,0.0,14.6,0,1016.8
2022-12-18 22:00:00,18.3,71,0.0,12.9,0,1017.1
2022-12-18 23:00:00,17.1,83,0.0,11.0,0,1017.2
2022-12-19 00:00:00,16.1,92,0.0,9.6,0,1017.2
2022-12-19 01:00:00,15.5,96,0.0,9.5,0,1016.7
2022-12-19 02:00:00,15.0,97,0.0,8.3,0,1016.5
2022-12-19 03:00:00,14.6,98,0.0,7.5,6,1016.1
2022-12-19 04:00:00,14.4,99,0.0,7.3,44,1016.2
2022-12-19 05:00:00,14.2,99,0.0,6.6,100,1015.9
2022-12-19 06:00:00,14.3,100,0.0,7.2,100,1015.7
2022-12-19 07:00:00,14.5,100,0.0,7.6,100,1016.1
2022-12-19 08:00:00,14.4,100,0.0,7.6,100,1016.3
2022-12-19 09:00:00,15.2,96,0.0,9.6,100,1016.6
2022-12-19 10:00:00,16.8,89,0.0,10.5,100,1016.7
2022-12-19 11:00:00,19.7,78,0.0,13.6,98,1016.6
2022-12-19 12:00:00,21.7,64,0.0,11.9,20,1015.9
2022-12-19 13:00:00,24.1,49,0.0,12.7,0,1014.7
2022-12-19 14:00:00,25.3,39,0.0,13.2,7,1013.8
2022-12-19 15:00:00,25.2,39,0.0,11.4,31,1013.6
2022-12-19 16:00:00,25.4,39,0.0,11.3,84,1013.4
2022-12-19 17:00:00,24.7,41,0.0,10.8,17,1013.4
2022-12-19 18:00:00,22.3,47,0.0,7.2,3,1013.3
2022-12-19 19:00:00,21.3,49,0.0,13.8,22,1013.9
2022-12-19 20:00:00,20.4,52,0.0,15.3,98,1014.6
2022-12-19 21:00:00,19.2,57,0.0,14.4,83,1015.0
2022-12-19 22:00:00,18.0,63,0.0,12.4,84,1015.3
2022-12-19 23:00:00,17.0,70,0.0,10.2,89,1015.4
2022-12-20 00:00:00,16.0,77,0.0,8.6,100,1015.3
2022-12-20 01:00:00,15.1,86,0.0,6.5,100,1015.2
2022-12-20 02:00:00,14.2,94,0.0,5.2,98,1014.9
2022-12-20 03:00:00,14.4,92,0.0,5.4,94,1014.9
2022-12-20 04:00:00,13.3,96,0.0,6.5,68,1014.9
2022-12-20 05:00:00,12.6,98,0.0,8.4,98,1014.5
2022-12-20 06:00:00,12.2,100,0.0,8.4,61,1014.1
2022-12-20 07:00:00,12.0,100,0.0,8.3,100,1014.2
2022-12-20 08:00:00,12.8,100,0.0,6.8,100,1014.4
2022-12-20 09:00:00,14.3,98,0.0,4.8,100,1014.5
2022-12-20 10:00:00,16.9,84,0.0,4.3,25,1014.6
2022-12-20 11:00:00,19.8,67,0.0,6.9,19,1014.5
2022-12-20 12:00:00,21.7,52,0.0,12.4,14,1013.6
2022-12-20 13:00:00,22.7,45,0.0,11.3,23,1012.9
2022-12-20 14:00:00,23.6,40,0.0,11.0,21,1012.1
2022-12-20 15:00:00,22.9,42,0.0,11.5,18,1012.3
2022-12-20 16:00:00,22.8,42,0.0,13.4,24,1011.9
2022-12-20 17:00:00,22.3,43,0.0,11.5,14,1011.8
2022-12-20 18:00:00,20.4,48,0.0,5.1,22,1011.8
2022-12-20 19:00:00,19.1,52,0.0,6.5,62,1012.2
2022-12-20 20:00:00,19.5,52,0.0,8.8,50,1012.5
2022-12-20 21:00:00,19.0,54,0.0,11.8,57,1013.2
2022-12-20 22:00:00,18.6,57,0.0,12.9,100,1013.7
2022-12-20 23:00:00,17.3,73,0.0,13.2,66,1014.2
2022-12-21 00:00:00,15.9,87,0.0,10.2,100,1014.6
2022-12-21 01:00:00,16.0,88,0.0,12.3,100,1014.5
2022-12-21 02:00:00,15.9,86,0.0,12.1,100,1014.4
2022-12-21 03:00:00,15.7,86,0.0,10.0,100,1013.9
2022-12-21 04:00:00,15.3,85,0.0,8.4,16,1014.0
2022-12-21 05:00:00,14.6,87,0.0,7.4,8,1013.8
2022-12-21 06:00:00,13.8,89,0.0,6.6,18,1013.8
2022-12-21 07:00:00,12.8,92,0.0,5.7,7,1014.1
2022-12-21 08:00:00,12.4,92,0.0,5.8,8,1014.5
2022-12-21 09:00:00,14.6,81,0.0,7.1,0,1014.9
2022-12-21 10:00:00,17.1,67,0.0,8.1,0,1015.0
2022-12-21 11:00:00,18.9,54,0.0,10.9,0,1014.9
2022-12-21 12:00:00,20.2,48,0.0,11.5,0,1014.4
2022-12-21 13:00:00,21.1,44,0.0,13.0,6,1013.5
2022-12-21 14:00:00,21.6,40,0.0,13.9,4,1012.8
2022-12-21 15:00:00,20.9,41,0.0,13.8,2,1012.8
2022-12-21 16:00:00,20.6,41,0.0,12.8,18,1012.8
2022-12-21 17:00:00,20.1,41,0.0,8.7,5,1012.5
2022-12-21 18:00:00,17.5,46,0.0,8.9,8,1012.4
2022-12-21 19:00:00,17.6,49,0.0,13.3,15,1013.1
2022-12-21 20:00:00,16.8,53,0.0,11.3,13,1013.5
2022-12-21 21:00:00,15.9,55,0.0,10.0,21,1014.0
2022-12-21 22:00:00,15.2,56,0.0,9.4,20,1014.4
2022-12-21 23:00:00,14.1,60,0.0,6.9,0,1014.6
2022-12-22 00:00:00,12.3,68,0.0,7.5,0,1014.5
2022-12-22 01:00:00,12.0,69,0.0,9.0,8,1014.2
2022-12-22 02:00:00,13.3,63,0.0,7.5,66,1013.8
2022-12-22 03:00:00,12.7,68,0.0,8.8,100,1013.1
2022-12-22 04:00:00,13.2,67,0.0,7.4,99,1013.0
2022-12-22 05:00:00,13.4,67,0.0,7.1,100,1012.7
2022-12-22 06:00:00,14.8,64,0.0,3.9,88,1012.3
2022-12-22 07:00:00,15.0,66,0.0,3.6,55,1012.7
2022-12-22 08:00:00,14.4,74,0.0,6.6,100,1013.0
2022-12-22 09:00:00,14.8,79,0.0,4.0,97,1013.4
2022-12-22 10:00:00,16.4,77,0.0,5.4,89,1013.7
2022-12-22 11:00:00,18.0,70,0.0,6.4,69,1013.4
2022-12-22 12:00:00,18.9,65,0.2,5.7,51,1012.7
2022-12-22 13:00:00,19.4,61,0.2,4.8,48,1011.8
2022-12-22 14:00:00,19.7,61,0.3,6.2,67,1011.0
2022-12-22 15:00:00,20.6,50,0.2,5.8,45,1010.1
2022-12-22 16:00:00,20.5,51,0.1,7.0,37,1009.7
2022-12-22 17:00:00,19.8,54,0.1,9.5,26,1009.5
2022-12-22 18:00:00,18.4,61,0.0,9.6,25,1009.6
2022-12-22 19:00:00,17.2,69,0.0,9.4,38,1010.1
2022-12-22 20:00:00,16.2,76,0.0,9.4,43,1010.5
2022-12-22 21:00:00,14.9,84,0.0,12.7,59,1011.0
2022-12-22 22:00:00,13.8,90,0.3,12.1,100,1011.3
2022-12-22 23:00:00,14.1,93,2.2,7.6,97,1011.6
2022-12-23 00:00:00,13.8,98,2.1,3.5,100,1011.6
2022-12-23 01:00:00,13.4,97,0.4,9.3,96,1011.4
2022-12-23 02:00:00,13.0,96,0.0,8.0,99,1010.9
2022-12-23 03:00:00,13.1,93,0.1,10.5,100,1010.4
2022-12-23 04:00:00,13.0,93,0.1,6.3,35,1010.0
2022-12-23 05:00:00,12.0,95,0.0,5.5,18,1009.9
2022-12-23 06:00:00,11.3,96,0.0,6.5,25,1009.9
2022-12-23 07:00:00,11.0,96,0.0,6.6,33,1010.4
2022-12-23 08:00:00,11.3,96,0.0,6.0,30,1011.1
2022-12-23 09:00:00,13.4,92,0.0,9.5,91,1011.7
2022-12-23 10:00:00,15.0,85,0.0,13.0,100,1012.3
2022-12-23 11:00:00,16.0,79,0.1,12.1,44,1012.5
2022-12-23 12:00:00,18.1,67,0.1,12.4,48,1012.1
2022-12-23 13:00:00,19.1,62,0.3,13.8,38,1011.4
2022-12-23 14:00:00,19.8,57,0.1,13.4,33,1010.8
2022-12-23 15:00:00,18.4,62,0.2,16.9,45,1010.8
2022-12-23 16:00:00,18.9,63,0.0,12.8,65,1011.0
2022-12-23 17:00:00,17.8,67,0.1,15.8,78,1011.3
2022-12-23 18:00:00,16.8,75,0.0,4.0,53,1011.5
2022-12-23 19:00:00,15.9,79,0.0,5.4,44,1012.0
2022-12-23 20:00:00,16.0,78,0.0,9.8,28,1012.5
2022-12-23 21:00:00,15.2,83,0.0,10.1,29,1013.2
2022-12-23 22:00:00,14.6,86,0.0,7.9,45,1013.6
2022-12-23 23:00:00,13.7,92,0.2,7.9,35,1013.8
2022-12-24 00:00:00,13.4,93,0.0,5.9,22,1013.9
2022-12-24 01:00:00,12.8,93,0.0,4.8,20,1014.0
2022-12-24 02:00:00,12.8,93,0.0,6.4,38,1014.0
2022-12-24 03:00:00,13.3,91,0.1,4.7,93,1013.4
2022-12-24 04:00:00,12.7,93,0.0,5.0,96,1013.2
2022-12-24 05:00:00,12.2,92,0.0,5.9,98,1013.1
2022-12-24 06:00:00,11.9,91,0.0,5.4,83,1013.1
2022-12-24 07:00:00,11.6,91,0.0,5.2,31,1013.5
2022-12-24 08:00:00,11.3,91,0.0,5.6,62,1014.2
2022-12-24 09:00:00,12.6,84,0.0,7.3,40,1014.6
2022-12-24 10:00:00,14.5,74,0.0,8.6,36,1015.2
2022-12-24 11:00:00,16.4,65,0.0,10.0,32,1015.3
2022-12-24 12:00:00,18.1,55,0.0,10.9,17,1014.6
2022-12-24 13:00:00,19.5,44,0.0,13.2,14,1013.8
2022-12-24 14:00:00,20.0,39,0.0,15.6,22,1013.3
2022-12-24 15:00:00,20.4,36,0.0,14.0,55,1013.3
2022-12-24 16:00:00,19.9,38,0.0,13.7,72,1013.5
2022-12-24 17:00:00,19.1,41,0.0,10.5,87,1013.8
2022-12-24 18:00:00,17.9,48,0.0,7.3,44,1014.0
2022-12-24 19:00:00,15.8,58,0.0,6.2,18,1014.5
2022-12-24 20:00:00,14.9,65,0.0,5.7,20,1014.8
2022-12-24 21:00:00,14.6,67,0.0,7.0,43,1015.2
2022-12-24 22:00:00,14.3,69,0.0,7.7,32,1015.6
2022-12-24 23:00:00,13.7,74,0.0,6.8,44,1016.0
2022-12-25 00:00:00,13.3,76,0.0,5.5,40,1015.9
2022-12-25 01:00:00,12.2,82,0.0,6.2,19,1016.0
2022-12-25 02:00:00,11.3,87,0.0,6.0,27,1016.1
2022-12-25 03:00:00,11.0,83,0.0,7.1,23,1015.5
2022-12-25 04:00:00,11.4,81,0.0,5.1,56,1015.5
2022-12-25 05:00:00,11.1,83,0.0,5.4,98,1015.2
2022-12-25 06:00:00,11.1,83,0.0,5.4,19,1015.2
2022-12-25 07:00:00,10.8,84,0.0,6.2,19,1015.3
2022-12-25 08:00:00,10.7,85,0.0,6.9,31,1016.0
2022-12-25 09:00:00,12.3,76,0.0,8.8,27,1016.5
2022-12-25 10:00:00,14.7,65,0.0,8.6,12,1016.8
2022-12-25 11:00:00,16.9,55,0.0,8.0,15,1017.1
2022-12-25 12:00:00,18.6,53,0.0,10.0,16,1016.5
2022-12-25 13:00:00,19.3,53,0.1,14.4,47,1015.8
2022-12-25 14:00:00,19.5,56,0.2,15.2,27,1015.2
2022-12-25 15:00:00,20.1,45,0.0,13.4,44,1014.6
2022-12-25 16:00:00,19.9,50,0.2,13.0,69,1014.6
2022-12-25 17:00:00,19.3,51,0.0,14.0,98,1015.0
2022-12-25 18:00:00,16.7,71,0.0,10.6,89,1015.5
2022-12-25 19:00:00,15.3,81,0.0,6.4,72,1016.0
2022-12-25 20:00:00,14.9,84,0.0,5.1,13,1016.1
2022-12-25 21:00:00,14.4,87,0.5,3.1,43,1016.4
2022-12-25 22:00:00,13.6,96,1.0,3.9,82,1016.9
2022-12-25 23:00:00,13.6,97,0.2,4.7,53,1017.0
2022-12-26 00:00:00,13.4,98,0.0,6.2,33,1016.9
2022-12-26 01:00:00,12.8,98,0.0,6.6,17,1016.6
2022-12-26 02:00:00,12.3,97,0.0,6.8,9,1016.7
2022-12-26 03:00:00,12.6,94,0.0,6.0,20,1016.5
2022-12-26 04:00:00,12.4,92,0.0,5.5,24,1016.5
2022-12-26 05:00:00,12.5,90,0.0,6.3,38,1016.3
2022-12-26 06:00:00,12.5,88,0.0,6.1,36,1016.5
2022-12-26 07:00:00,12.6,85,0.0,7.7,15,1017.0
2022-12-26 08:00:00,12.4,84,0.0,8.1,32,1017.6
2022-12-26 09:00:00,14.1,74,0.0,9.4,34,1018.3
2022-12-26 10:00:00,16.4,65,0.0,8.8,44,1018.8
2022-12-26 11:00:00,18.4,59,0.0,12.4,25,1019.0
2022-12-26 12:00:00,19.6,54,0.1,18.9,41,1018.4
2022-12-26 13:00:00,20.5,47,0.0,19.7,63,1017.9
2022-12-26 14:00:00,20.8,45,0.1,19.1,89,1017.5
2022-12-26 15:00:00,20.9,42,0.0,18.8,100,1017.5
2022-12-26 16:00:00,21.2,39,0.0,22.3,89,1017.8
2022-12-26 17:00:00,19.9,45,0.0,20.2,68,1018.4
2022-12-26 18:00:00,18.5,55,0.0,14.7,31,1018.8
2022-12-26 19:00:00,17.3,59,0.0,12.6,22,1019.4
2022-12-26 20:00:00,16.3,64,0.0,13.0,6,1020.0
2022-12-26 21:00:00,15.7,70,0.0,14.1,10,1020.5
2022-12-26 22:00:00,15.1,74,0.0,11.3,26,1020.9
2022-12-26 23:00:00,14.5,74,0.0,11.2,56,1021.3
2022-12-27 00:00:00,14.1,75,0.0,10.2,0,1021.5
2022-12-27 01:00:00,12.7,82,0.0,8.4,0,1021.4
2022-12-27 02:00:00,12.2,82,0.0,8.9,0,1021.4
2022-12-27 03:00:00,11.0,87,0.0,9.2,0,1021.5
2022-12-27 04:00:00,11.3,85,0.0,6.4,0,1021.5
2022-12-27 05:00:00,10.5,88,0.0,8.2,3,1021.7
2022-12-27 06:00:00,9.8,90,0.0,9.4,3,1021.7
2022-12-27 07:00:00,10.0,88,0.0,9.2,8,1022.1
2022-12-27 08:00:00,11.7,81,0.0,6.9,1,1022.6
2022-12-27 09:00:00,12.5,77,0.0,3.3,27,1023.2
2022-12-27 10:00:00,15.4,64,0.0,1.3,13,1023.6
2022-12-27 11:00:00,18.3,52,0.0,4.8,6,1024.0
2022-12-27 12:00:00,20.3,42,0.0,15.3,55,1023.3
2022-12-27 13:00:00,20.8,39,0.0,15.2,27,1022.6
2022-12-27 14:00:00,21.4,35,0.0,13.8,29,1022.0
2022-12-27 15:00:00,20.7,37,0.0,10.6,7,1022.2
2022-12-27 16:00:00,20.7,36,0.0,10.5,3,1022.3
2022-12-27 17:00:00,19.7,40,0.0,10.0,9,1022.3
2022-12-27 18:00:00,17.3,50,0.0,6.6,6,1022.4
2022-12-27 19:00:00,15.8,60,0.0,9.5,1,1022.9
2022-12-27 20:00:00,15.1,64,0.0,10.7,4,1023.7
2022-12-27 21:00:00,14.4,67,0.0,8.4,13,1024.3
2022-12-27 22:00:00,13.6,70,0.0,8.4,14,1024.6
2022-12-27 23:00:00,12.2,78,0.0,5.8,0,1025.0
2022-12-28 00:00:00,10.9,86,0.0,8.4,2,1025.0
2022-12-28 01:00:00,11.7,83,0.0,5.2,0,1025.0
2022-12-28 02:00:00,10.4,90,0.0,5.4,0,1024.9
2022-12-28 03:00:00,11.7,87,0.0,3.8,0,1024.3
2022-12-28 04:00:00,11.7,87,0.0,2.2,0,1024.4
2022-12-28 05:00:00,11.5,89,0.0,1.5,0,1024.1
2022-12-28 06:00:00,10.9,91,0.0,3.4,0,1023.9
2022-12-28 07:00:00,10.7,88,0.0,4.6,0,1024.1
2022-12-28 08:00:00,9.6,92,0.0,5.0,1,1024.5
2022-12-28 09:00:00,11.1,86,0.0,4.1,1,1025.1
2022-12-28 10:00:00,14.4,67,0.0,1.3,0,1025.4
2022-12-28 11:00:00,16.9,55,0.0,2.3,0,1025.5
2022-12-28 12:00:00,18.5,49,0.0,2.6,0,1025.0
2022-12-28 13:00:00,19.4,45,0.0,2.5,0,1024.1
2022-12-28 14:00:00,20.0,43,0.0,2.7,0,1023.1
2022-12-28 15:00:00,19.9,41,0.0,5.0,0,1022.9
2022-12-28 16:00:00,20.2,40,0.0,5.6,0,1022.9
2022-12-28 17:00:00,19.5,42,0.0,5.2,0,1022.5
2022-12-28 18:00:00,16.9,52,0.0,5.4,0,1022.4
2022-12-28 19:00:00,16.4,54,0.0,4.4,0,1022.7
2022-12-28 20:00:00,15.4,58,0.0,2.6,0,1023.1
2022-12-28 21:00:00,13.1,70,0.0,5.6,0,1023.4
2022-12-28 22:00:00,12.5,76,0.0,5.0,0,1023.4
2022-12-28 23:00:00,11.2,85,0.0,6.8,0,1023.6
2022-12-29 00:00:00,12.5,82,0.0,3.6,0,1023.7
2022-12-29 01:00:00,12.1,84,0.0,3.8,0,1023.2
2022-12-29 02:00:00,11.2,89,0.0,3.8,0,1023.1
2022-12-29 03:00:00,9.6,97,0.0,5.8,0,1022.7
2022-12-29 04:00:00,9.1,98,0.0,6.9,0,1022.5
2022-12-29 05:00:00,10.7,94,0.0,5.4,0,1022.2
2022-12-29 06:00:00,10.8,91,0.0,5.0,0,1021.9
2022-12-29 07:00:00,10.7,91,0.0,4.0,0,1022.3
2022-12-29 08:00:00,10.5,93,0.0,2.9,10,1022.7
2022-12-29 09:00:00,11.1,91,0.0,2.3,26,1023.2
2022-12-29 10:00:00,14.0,73,0.0,1.6,1,1023.4
2022-12-29 11:00:00,16.8,58,0.0,4.0,0,1023.3
2022-12-29 12:00:00,18.8,46,0.0,6.2,0,1022.9
2022-12-29 13:00:00,19.9,39,0.0,7.6,0,1022.1
2022-12-29 14:00:00,20.5,37,0.0,8.2,0,1021.5
2022-12-29 15:00:00,20.7,36,0.0,9.7,0,1021.0
2022-12-29 16:00:00,20.8,36,0.0,8.9,0,1021.0
2022-12-29 17:00:00,20.1,37,0.0,8.4,0,1021.0
2022-12-29 18:00:00,16.4,49,0.0,8.2,0,1021.1
2022-12-29 19:00:00,16.3,51,0.0,5.9,0,1021.4
2022-12-29 20:00:00,15.8,53,0.0,6.0,0,1021.8
2022-12-29 21:00:00,13.9,64,0.0,7.5,4,1022.1
2022-12-29 22:00:00,14.7,64,0.0,4.5,0,1022.2
2022-12-29 23:00:00,14.2,68,0.0,3.2,0,1022.1
2022-12-30 00:00:00,13.3,76,0.0,6.7,0,1022.0
2022-12-30 01:00:00,12.2,85,0.0,5.8,1,1021.5
2022-12-30 02:00:00,12.3,86,0.0,5.0,1,1021.3
2022-12-30 03:00:00,10.6,93,0.0,6.2,0,1020.9
2022-12-30 04:00:00,10.0,94,0.0,6.5,0,1020.9
2022-12-30 05:00:00,9.1,96,0.0,6.6,0,1020.9
2022-12-30 06:00:00,8.4,98,0.0,8.1,1,1021.0
2022-12-30 07:00:00,8.6,98,0.0,7.2,3,1021.6
2022-12-30 08:00:00,8.8,97,0.0,7.3,38,1022.1
2022-12-30 09:00:00,11.4,92,0.0,5.8,55,1022.7
2022-12-30 10:00:00,14.1,77,0.0,3.6,0,1022.8
2022-12-30 11:00:00,16.6,67,0.0,5.1,1,1022.7
2022-12-30 12:00:00,18.6,60,0.0,6.9,0,1022.3
2022-12-30 13:00:00,20.1,52,0.0,8.6,23,1021.5
2022-12-30 14:00:00,20.9,47,0.1,10.8,41,1020.7
2022-12-30 15:00:00,21.3,44,0.1,11.3,45,1020.0
2022-12-30 16:00:00,21.2,44,0.0,11.9,40,1019.8
2022-12-30 17:00:00,20.6,46,0.0,12.4,50,1019.8
2022-12-30 18:00:00,18.8,53,0.0,11.0,21,1020.0
2022-12-30 19:00:00,17.1,62,0.0,8.6,28,1020.6
2022-12-30 20:00:00,16.2,68,0.0,8.6,24,1021.1
2022-12-30 21:00:00,15.7,72,0.0,10.6,5,1021.6
2022-12-30 22:00:00,14.7,75,0.0,9.7,1,1021.9
2022-12-30 23:00:00,13.7,81,0.0,7.5,2,1022.3
2022-12-31 00:00:00,12.6,90,0.0,6.2,0,1022.3
2022-12-31 01:00:00,12.1,93,0.0,6.1,2,1022.2
2022-12-31 02:00:00,11.4,96,0.0,5.8,3,1022.1
2022-12-31 03:00:00,11.2,98,0.0,5.4,6,1021.5
2022-12-31 04:00:00,10.1,99,0.0,6.9,0,1021.5
2022-12-31 05:00:00,9.6,100,0.0,8.0,28,1021.4
2022-12-31 06:00:00,10.3,100,0.0,6.6,100,1021.3
2022-12-31 07:00:00,9.5,100,0.0,6.9,100,1021.8
2022-12-31 08:00:00,9.8,100,0.0,4.2,100,1021.9
2022-12-31 09:00:00,10.9,97,0.0,5.8,100,1022.2
2022-12-31 10:00:00,12.7,88,0.0,4.7,28,1022.4
2022-12-31 11:00:00,16.1,68,0.0,5.4,0,1022.4
2022-12-31 12:00:00,19.1,53,0.0,10.8,1,1021.7
2022-12-31 13:00:00,20.7,43,0.0,16.3,28,1020.8
2022-12-31 14:00:00,21.8,37,0.0,15.4,11,1019.9
2022-12-31 15:00:00,21.6,37,0.0,15.3,23,1019.6
2022-12-31 16:00:00,22.0,34,0.0,14.6,54,1019.4
2022-12-31 17:00:00,21.7,32,0.0,14.7,93,1019.4
2022-12-31 18:00:00,19.2,42,0.0,17.2,89,1020.1
2022-12-31 19:00:00,17.9,47,0.0,15.8,44,1020.9
2022-12-31 20:00:00,16.3,57,0.0,14.7,51,1021.5
2022-12-31 21:00:00,15.3,65,0.0,14.1,100,1021.9
2022-12-31 22:00:00,14.5,71,0.0,13.3,100,1021.9
2022-12-31 23:00:00,13.7,77,0.0,10.6,100,1022.0
2023-01-01 00:00:00,13.0,82,0.0,9.8,100,1021.7
2023-01-01 01:00:00,12.6,84,0.0,9.0,100,1021.5
2023-01-01 02:00:00,12.3,86,0.0,7.6,100,1021.4
2023-01-01 03:00:00,12.3,86,0.0,7.9,41,1020.9
2023-01-01 04:00:00,11.9,88,0.0,6.9,33,1020.5
2023-01-01 05:00:00,10.9,92,0.0,5.9,52,1020.2
2023-01-01 06:00:00,10.5,93,0.0,6.9,69,1020.0
2023-01-01 07:00:00,9.7,94,0.0,9.7,79,1020.3
2023-01-01 08:00:00,9.5,94,0.0,9.8,67,1020.5
2023-01-01 09:00:00,12.7,84,0.0,7.2,48,1020.6
2023-01-01 10:00:00,15.4,69,0.0,7.9,48,1020.4
2023-01-01 11:00:00,18.1,57,0.0,9.4,50,1020.4
2023-01-01 12:00:00,20.3,48,0.0,13.6,73,1019.4
2023-01-01 13:00:00,21.5,41,0.0,13.5,80,1018.5
2023-01-01 14:00:00,22.2,36,0.0,12.9,94,1017.5
2023-01-01 15:00:00,22.4,35,0.0,14.3,63,1017.3
2023-01-01 16:00:00,22.3,34,0.0,13.9,100,1016.8
2023-01-01 17:00:00,21.7,35,0.0,14.2,38,1016.5
2023-01-01 18:00:00,19.7,42,0.0,11.5,23,1016.7
2023-01-01 19:00:00,18.0,49,0.0,9.4,34,1017.6
2023-01-01 20:00:00,16.4,58,0.0,5.8,24,1018.3
2023-01-01 21:00:00,15.3,67,0.0,6.7,4,1018.6
2023-01-01 22:00:00,14.3,75,0.0,6.8,5,1018.8
2023-01-01 23:00:00,13.5,82,0.0,6.2,0,1018.9
2023-01-02 00:00:00,12.7,89,0.0,6.1,5,1019.0
2023-01-02 01:00:00,12.0,93,0.0,6.0,15,1018.8
2023-01-02 02:00:00,11.3,95,0.0,5.6,0,1018.7
2023-01-02 03:00:00,11.0,95,0.0,7.3,0,1017.8
2023-01-02 04:00:00,10.7,96,0.0,6.5,0,1017.7
2023-01-02 05:00:00,10.3,97,0.0,8.0,0,1017.6
2023-01-02 06:00:00,10.2,98,0.0,7.4,0,1017.5
2023-01-02 07:00:00,9.6,99,0.0,8.3,2,1018.1
2023-01-02 08:00:00,9.1,100,0.0,9.1,7,1018.6
2023-01-02 09:00:00,11.9,95,0.0,7.2,30,1019.1
2023-01-02 10:00:00,13.9,83,0.0,6.6,0,1019.4
2023-01-02 11:00:00,16.3,70,0.0,5.4,0,1019.4
2023-01-02 12:00:00,18.6,58,0.0,6.3,0,1018.8
2023-01-02 13:00:00,20.4,51,0.0,7.5,0,1017.9
2023-01-02 14:00:00,21.6,46,0.0,8.9,0,1017.3
2023-01-02 15:00:00,22.0,43,0.0,8.7,0,1017.1
2023-01-02 16:00:00,22.3,41,0.0,8.7,0,1016.9
2023-01-02 17:00:00,21.7,42,0.0,8.7,0,1016.8
2023-01-02 18:00:00,18.4,53,0.0,7.5,0,1017.1
2023-01-02 19:00:00,16.6,61,0.0,9.9,0,1017.7
2023-01-02 20:00:00,16.2,64,0.0,7.1,1,1018.2
2023-01-02 21:00:00,16.2,64,0.0,11.1,0,1018.6
2023-01-02 22:00:00,15.2,69,0.0,10.8,0,1018.8
2023-01-02 23:00:00,14.2,75,0.0,10.0,0,1018.8
2023-01-03 00:00:00,13.5,80,0.0,9.3,0,1018.9
2023-01-03 01:00:00,12.9,83,0.0,10.1,0,1018.8
2023-01-03 02:00:00,12.4,87,0.0,10.3,0,1018.8
2023-01-03 03:00:00,12.0,92,0.0,9.7,0,1018.3
2023-01-03 04:00:00,11.7,95,0.0,8.8,0,1018.2
2023-01-03 05:00:00,11.2,96,0.0,7.3,0,1018.1
2023-01-03 06:00:00,10.7,98,0.0,6.5,0,1017.9
2023-01-03 07:00:00,9.8,100,0.0,5.4,22,1018.4
2023-01-03 08:00:00,9.0,100,0.0,7.6,100,1018.9
2023-01-03 09:00:00,11.4,98,0.0,4.3,100,1019.6
2023-01-03 10:00:00,13.5,87,0.0,4.7,51,1020.0
2023-01-03 11:00:00,16.6,72,0.0,7.4,46,1020.0
2023-01-03 12:00:00,18.8,59,0.0,9.6,30,1019.4
2023-01-03 13:00:00,20.4,50,0.0,8.6,29,1018.4
2023-01-03 14:00:00,20.9,49,0.0,6.8,37,1017.3
2023-01-03 15:00:00,21.1,45,0.1,9.2,41,1016.6
2023-01-03 16:00:00,20.9,45,0.1,13.5,96,1016.6
2023-01-03 17:00:00,18.7,60,0.1,13.7,36,1016.9
2023-01-03 18:00:00,17.6,65,0.0,10.0,11,1017.1
2023-01-03 19:00:00,16.1,73,0.0,7.4,4,1017.8
2023-01-03 20:00:00,15.2,78,0.0,7.9,18,1018.3
2023-01-03 21:00:00,14.7,81,0.0,9.4,30,1018.9
2023-01-03 22:00:00,14.1,84,0.0,7.1,18,1019.0
2023-01-03 23:00:00,13.3,90,0.0,7.0,29,1019.0
2023-01-04 00:00:00,13.3,92,0.0,6.7,38,1019.1
2023-01-04 01:00:00,12.6,95,0.0,5.7,100,1018.8
2023-01-04 02:00:00,12.8,96,0.0,6.4,54,1018.6
2023-01-04 03:00:00,12.3,96,0.1,6.6,100,1018.5
2023-01-04 04:00:00,12.1,96,0.0,6.9,30,1018.5
2023-01-04 05:00:00,11.2,97,0.0,6.6,23,1018.4
2023-01-04 06:00:00,10.8,98,0.0,9.0,42,1018.4
2023-01-04 07:00:00,10.9,97,0.0,8.7,31,1018.8
2023-01-04 08:00:00,10.6,98,0.0,8.7,7,1019.2
2023-01-04 09:00:00,13.0,92,0.0,7.2,20,1019.7
2023-01-04 10:00:00,15.4,79,0.0,6.1,51,1019.9
2023-01-04 11:00:00,17.4,69,0.1,7.1,51,1020.2
2023-01-04 12:00:00,18.8,62,0.0,10.3,52,1019.5
2023-01-04 13:00:00,20.1,55,0.2,13.0,29,1018.5
2023-01-04 14:00:00,20.5,51,0.1,13.5,24,1017.8
2023-01-04 15:00:00,20.6,47,0.0,12.1,27,1018.0
2023-01-04 16:00:00,20.6,46,0.0,12.1,16,1017.9
2023-01-04 17:00:00,20.0,47,0.0,11.4,20,1017.9
2023-01-04 18:00:00,18.4,52,0.0,7.3,29,1018.3
2023-01-04 19:00:00,16.3,60,0.0,7.6,41,1018.6
2023-01-04 20:00:00,16.7,58,0.0,13.2,49,1019.5
2023-01-04 21:00:00,16.2,66,0.0,10.1,26,1020.1
2023-01-04 22:00:00,15.1,71,0.0,8.4,19,1020.4
2023-01-04 23:00:00,13.9,77,0.0,6.2,18,1020.7
2023-01-05 00:00:00,12.8,83,0.0,6.0,5,1021.0
2023-01-05 01:00:00,11.6,89,0.0,7.4,2,1020.8
2023-01-05 02:00:00,10.7,92,0.0,9.4,0,1020.6
2023-01-05 03:00:00,10.6,93,0.0,9.9,0,1020.1
2023-01-05 04:00:00,10.1,94,0.0,9.7,0,1020.1
2023-01-05 05:00:00,10.2,93,0.0,9.2,0,1019.8
2023-01-05 06:00:00,11.7,88,0.0,7.2,1,1019.6
2023-01-05 07:00:00,10.9,91,0.0,5.9,7,1020.2
2023-01-05 08:00:00,8.1,97,0.0,6.9,25,1020.7
2023-01-05 09:00:00,11.1,88,0.0,7.0,40,1021.2
2023-01-05 10:00:00,13.8,73,0.0,5.8,24,1021.5
2023-01-05 11:00:00,16.6,62,0.0,4.7,0,1021.7
2023-01-05 12:00:00,18.7,51,0.0,5.0,0,1021.0
2023-01-05 13:00:00,19.9,43,0.0,9.4,23,1020.1
2023-01-05 14:00:00,20.2,41,0.0,12.0,33,1019.2
2023-01-05 15:00:00,20.2,41,0.0,10.5,49,1019.0
2023-01-05 16:00:00,20.2,40,0.0,10.5,31,1018.8
2023-01-05 17:00:00,19.5,42,0.0,10.2,31,1018.7
2023-01-05 18:00:00,17.9,48,0.0,6.5,18,1018.9
2023-01-05 19:00:00,15.3,58,0.0,7.3,26,1019.3
2023-01-05 20:00:00,15.6,59,0.0,7.4,11,1019.9
2023-01-05 21:00:00,14.9,61,0.0,7.4,30,1020.1
2023-01-05 22:00:00,14.0,62,0.0,6.4,35,1020.2
2023-01-05 23:00:00,13.6,63,0.0,6.3,100,1020.4
2023-01-06 00:00:00,13.4,65,0.0,6.0,100,1020.4
2023-01-06 01:00:00,14.5,62,0.0,5.7,100,1020.2
2023-01-06 02:00:00,14.2,62,0.0,6.1,80,1020.0
2023-01-06 03:00:00,11.0,80,0.0,10.7,37,1019.9
2023-01-06 04:00:00,11.4,77,0.0,7.1,95,1019.9
2023-01-06 05:00:00,12.8,69,0.0,6.5,71,1019.8
2023-01-06 06:00:00,12.2,70,0.0,7.6,73,1019.8
2023-01-06 07:00:00,11.9,71,0.0,8.6,100,1020.1
2023-01-06 08:00:00,12.3,70,0.0,9.7,60,1020.7
2023-01-06 09:00:00,13.0,68,0.0,10.7,40,1021.2
2023-01-06 10:00:00,15.0,57,0.0,8.8,44,1021.4
2023-01-06 11:00:00,17.3,49,0.0,7.6,98,1021.8
2023-01-06 12:00:00,18.7,46,0.0,5.5,60,1021.2
2023-01-06 13:00:00,20.4,40,0.0,9.1,40,1020.2
2023-01-06 14:00:00,21.1,37,0.0,11.2,44,1019.3
2023-01-06 15:00:00,20.7,37,0.0,9.9,58,1019.3
2023-01-06 16:00:00,20.7,35,0.0,9.9,16,1019.0
2023-01-06 17:00:00,20.3,35,0.0,8.5,13,1018.9
2023-01-06 18:00:00,17.3,42,0.0,6.7,14,1019.2
2023-01-06 19:00:00,15.1,50,0.0,8.5,24,1019.4
2023-01-06 20:00:00,14.6,53,0.0,8.2,20,1020.1
2023-01-06 21:00:00,14.0,55,0.0,7.8,3,1020.2
2023-01-06 22:00:00,13.4,59,0.0,6.6,12,1020.5
2023-01-06 23:00:00,12.9,67,0.0,8.9,12,1020.8
2023-01-07 00:00:00,14.4,65,0.0,5.5,35,1020.9
2023-01-07 01:00:00,11.2,80,0.0,5.5,31,1020.7
2023-01-07 02:00:00,10.8,81,0.0,5.5,41,1020.7
2023-01-07 03:00:00,12.6,83,0.0,4.5,54,1019.9
2023-01-07 04:00:00,12.7,82,0.0,4.6,10,1019.8
2023-01-07 05:00:00,10.9,90,0.0,7.0,86,1019.6
2023-01-07 06:00:00,11.5,87,0.0,4.7,100,1019.4
2023-01-07 07:00:00,10.6,89,0.0,6.2,100,1019.9
2023-01-07 08:00:00,10.0,92,0.0,6.1,100,1020.3
2023-01-07 09:00:00,12.3,77,0.0,4.5,100,1020.7
2023-01-07 10:00:00,14.8,64,0.0,5.2,91,1020.7
2023-01-07 11:00:00,17.5,54,0.0,4.1,20,1020.8
2023-01-07 12:00:00,19.3,51,0.0,3.9,7,1020.0
2023-01-07 13:00:00,20.5,46,0.0,6.6,62,1019.1
2023-01-07 14:00:00,20.5,45,0.0,7.6,73,1018.1
2023-01-07 15:00:00,20.9,39,0.0,3.8,53,1017.6
2023-01-07 16:00:00,21.1,38,0.0,3.7,99,1017.1
2023-01-07 17:00:00,20.5,39,0.0,3.6,99,1016.9
2023-01-07 18:00:00,19.2,42,0.0,4.2,59,1016.9
2023-01-07 19:00:00,18.7,44,0.0,4.2,68,1017.3
2023-01-07 20:00:00,17.2,48,0.0,5.0,100,1018.0
2023-01-07 21:00:00,17.2,53,0.0,6.8,85,1018.2
2023-01-07 22:00:00,16.2,64,0.0,8.1,14,1018.3
2023-01-07 23:00:00,13.6,78,0.0,5.9,68,1018.4
2023-01-08 00:00:00,13.4,81,0.0,5.6,98,1018.5
2023-01-08 01:00:00,14.2,77,0.0,2.9,96,1018.2
2023-01-08 02:00:00,13.3,82,0.0,3.3,99,1017.7
2023-01-08 03:00:00,11.9,89,0.0,5.5,68,1016.8
2023-01-08 04:00:00,11.5,91,0.0,6.7,14,1016.6
2023-01-08 05:00:00,11.4,90,0.0,7.9,4,1016.3
2023-01-08 06:00:00,11.9,88,0.0,6.1,14,1015.7
2023-01-08 07:00:00,12.2,89,0.0,3.4,22,1015.9
2023-01-08 08:00:00,11.9,91,0.0,2.3,35,1016.3
2023-01-08 09:00:00,12.6,86,0.0,5.0,2,1016.7
2023-01-08 10:00:00,15.1,73,0.0,4.7,0,1016.7
2023-01-08 11:00:00,17.6,62,0.0,5.7,0,1016.7
2023-01-08 12:00:00,19.2,53,0.1,7.6,30,1015.8
2023-01-08 13:00:00,19.9,48,0.0,11.3,27,1014.8
2023-01-08 14:00:00,20.3,43,0.0,13.6,42,1014.0
2023-01-08 15:00:00,20.5,40,0.0,10.5,29,1013.4
2023-01-08 16:00:00,20.4,37,0.0,10.9,26,1013.1
2023-01-08 17:00:00,19.8,36,0.0,12.3,25,1013.1
2023-01-08 18:00:00,18.7,39,0.0,9.4,27,1013.2
2023-01-08 19:00:00,17.4,42,0.0,8.7,29,1013.6
2023-01-08 20:00:00,16.4,47,0.0,8.2,53,1014.0
2023-01-08 21:00:00,15.1,57,0.0,5.4,82,1014.4
2023-01-08 22:00:00,14.9,64,0.0,4.8,52,1014.7
2023-01-08 23:00:00,13.6,71,0.0,8.5,32,1014.9
2023-01-09 00:00:00,12.9,74,0.0,6.3,30,1015.2
2023-01-09 01:00:00,12.1,76,0.0,5.4,39,1015.2
2023-01-09 02:00:00,11.8,78,0.0,6.8,36,1015.1
2023-01-09 03:00:00,11.3,84,0.0,6.6,28,1014.2
2023-01-09 04:00:00,10.3,89,0.0,6.9,21,1014.3
2023-01-09 05:00:00,10.5,90,0.1,5.9,70,1014.2
2023-01-09 06:00:00,11.0,91,0.0,8.7,62,1014.1
2023-01-09 07:00:00,10.8,94,0.0,9.0,29,1014.6
2023-01-09 08:00:00,10.7,94,0.1,6.6,100,1015.3
2023-01-09 09:00:00,12.2,88,0.0,8.2,100,1015.8
2023-01-09 10:00:00,13.5,83,0.0,12.0,100,1016.3
2023-01-09 11:00:00,14.5,78,0.1,11.1,100,1016.7
2023-01-09 12:00:00,16.2,67,0.1,9.4,65,1016.6
2023-01-09 13:00:00,17.9,56,0.1,8.4,100,1016.1
2023-01-09 14:00:00,18.6,51,0.0,6.6,58,1015.7
2023-01-09 15:00:00,18.9,52,0.0,5.0,42,1015.7
2023-01-09 16:00:00,19.6,48,0.0,3.8,47,1015.8
2023-01-09 17:00:00,19.2,48,0.0,5.2,44,1016.0
2023-01-09 18:00:00,17.4,57,0.0,8.0,70,1016.7
2023-01-09 19:00:00,15.4,67,0.0,9.2,10,1017.4
2023-01-09 20:00:00,14.2,75,0.0,9.5,2,1018.1
2023-01-09 21:00:00,13.3,79,0.0,6.6,19,1018.9
2023-01-09 22:00:00,12.1,85,0.0,6.1,24,1019.3
2023-01-09 23:00:00,11.2,90,0.0,6.5,7,1019.7
2023-01-10 00:00:00,10.7,90,0.0,6.9,0,1019.8
2023-01-10 01:00:00,12.6,80,0.0,3.5,0,1019.9
2023-01-10 02:00:00,12.3,82,0.0,2.2,0,1020.2
2023-01-10 03:00:00,11.7,89,0.0,2.7,0,1020.2
2023-01-10 04:00:00,11.4,91,0.0,1.6,0,1020.4
2023-01-10 05:00:00,9.0,97,0.0,4.5,0,1020.5
2023-01-10 06:00:00,8.6,99,0.0,5.4,0,1020.7
2023-01-10 07:00:00,7.8,100,0.0,6.3,0,1021.1
2023-01-10 08:00:00,7.7,100,0.0,6.8,0,1021.6
2023-01-10 09:00:00,10.3,92,0.0,5.4,0,1022.0
2023-01-10 10:00:00,13.8,76,0.0,3.6,0,1022.4
2023-01-10 11:00:00,16.5,64,0.0,3.4,0,1022.6
2023-01-10 12:00:00,18.6,54,0.0,3.2,0,1022.1
2023-01-10 13:00:00,19.8,48,0.0,2.5,0,1021.4
2023-01-10 14:00:00,20.5,44,0.0,2.1,0,1020.5
2023-01-10 15:00:00,20.5,41,0.0,2.4,0,1019.8
2023-01-10 16:00:00,20.9,39,0.0,3.1,0,1019.7
2023-01-10 17:00:00,20.3,41,0.0,4.4,0,1019.9
2023-01-10 18:00:00,16.9,55,0.0,8.0,0,1020.0
2023-01-10 19:00:00,14.9,64,0.0,8.5,0,1020.1
2023-01-10 20:00:00,13.8,71,0.0,7.9,0,1020.3
2023-01-10 21:00:00,12.9,77,0.0,9.1,1,1020.4
2023-01-10 22:00:00,14.8,68,0.0,5.9,0,1020.7
2023-01-10 23:00:00,14.2,71,0.0,2.5,0,1020.7
2023-01-11 00:00:00,11.5,83,0.0,5.8,0,1021.0
2023-01-11 01:00:00,12.8,77,0.0,2.2,0,1021.0
2023-01-11 02:00:00,12.2,81,0.0,1.9,0,1020.8
2023-01-11 03:00:00,10.1,87,0.0,6.5,0,1020.2
2023-01-11 04:00:00,9.9,88,0.0,5.8,27,1020.2
2023-01-11 05:00:00,9.7,88,0.0,5.8,83,1019.8
2023-01-11 06:00:00,9.7,88,0.0,6.1,98,1019.5
2023-01-11 07:00:00,9.7,85,0.0,7.6,93,1019.7
2023-01-11 08:00:00,9.4,85,0.0,7.6,95,1020.1
2023-01-11 09:00:00,11.3,76,0.0,9.5,83,1020.6
2023-01-11 10:00:00,14.2,64,0.0,8.1,97,1020.9
2023-01-11 11:00:00,16.5,56,0.0,10.1,99,1020.8
2023-01-11 12:00:00,18.3,52,0.0,10.3,100,1020.5
2023-01-11 13:00:00,19.5,48,0.0,10.9,100,1019.5
2023-01-11 14:00:00,19.9,43,0.0,11.9,100,1018.3
2023-01-11 15:00:00,20.0,36,0.0,8.1,99,1017.7
2023-01-11 16:00:00,20.1,35,0.0,10.3,100,1017.4
2023-01-11 17:00:00,19.5,32,0.0,11.3,82,1017.3
2023-01-11 18:00:00,17.5,36,0.0,10.4,0,1017.3
2023-01-11 19:00:00,15.6,41,0.0,9.5,0,1017.6
2023-01-11 20:00:00,14.2,46,0.0,7.4,0,1018.0
2023-01-11 21:00:00,13.5,47,0.0,7.8,0,1018.0
2023-01-11 22:00:00,12.8,50,0.0,8.0,0,1018.0
2023-01-11 23:00:00,11.8,53,0.0,7.2,0,1017.8
2023-01-12 00:00:00,11.4,55,0.0,7.6,0,1017.6
2023-01-12 01:00:00,11.2,56,0.0,8.3,0,1017.4
2023-01-12 02:00:00,11.1,56,0.0,9.4,5,1017.2
2023-01-12 03:00:00,11.2,56,0.0,12.6,61,1016.3
2023-01-12 04:00:00,11.2,56,0.0,13.3,99,1015.9
2023-01-12 05:00:00,12.3,52,0.0,13.0,100,1015.8
2023-01-12 06:00:00,12.2,55,0.0,7.2,43,1016.1
2023-01-12 07:00:00,10.5,66,0.1,4.4,58,1016.6
2023-01-12 08:00:00,10.3,72,0.1,9.2,58,1016.7
2023-01-12 09:00:00,11.2,68,0.0,11.3,19,1017.1
2023-01-12 10:00:00,13.5,59,0.0,12.3,6,1017.3
2023-01-12 11:00:00,15.6,53,0.0,13.5,0,1017.5
2023-01-12 12:00:00,17.3,49,0.0,13.7,0,1016.8
2023-01-12 13:00:00,18.5,42,0.0,16.1,31,1016.3
2023-01-12 14:00:00,19.1,37,0.0,17.7,62,1015.4
2023-01-12 15:00:00,19.3,35,0.0,14.7,43,1015.0
2023-01-12 16:00:00,19.2,34,0.0,15.4,77,1014.7
2023-01-12 17:00:00,18.5,35,0.0,14.6,40,1015.1
2023-01-12 18:00:00,16.9,38,0.0,9.4,1,1015.4
2023-01-12 19:00:00,13.8,46,0.0,7.9,0,1015.6
2023-01-12 20:00:00,12.4,50,0.0,8.9,0,1016.0
2023-01-12 21:00:00,12.6,48,0.0,7.4,0,1016.1
2023-01-12 22:00:00,12.1,49,0.0,7.4,0,1016.4
2023-01-12 23:00:00,12.1,50,0.0,9.3,1,1016.7
2023-01-13 00:00:00,11.8,52,0.0,9.2,2,1016.7
2023-01-13 01:00:00,11.8,53,0.0,9.7,4,1016.7
2023-01-13 02:00:00,11.5,56,0.0,9.3,8,1016.7
2023-01-13 03:00:00,11.6,58,0.0,9.5,7,1016.1
2023-01-13 04:00:00,11.4,59,0.0,9.5,16,1016.2
2023-01-13 05:00:00,10.9,61,0.0,8.9,16,1016.0
2023-01-13 06:00:00,10.4,65,0.0,8.4,25,1015.9
2023-01-13 07:00:00,9.9,69,0.0,9.4,33,1016.2
2023-01-13 08:00:00,9.4,73,0.0,10.7,45,1016.4
2023-01-13 09:00:00,10.5,70,0.0,11.4,100,1016.7
2023-01-13 10:00:00,13.1,60,0.0,9.7,100,1016.8
2023-01-13 11:00:00,15.7,51,0.0,11.0,94,1017.0
2023-01-13 12:00:00,17.5,46,0.0,13.2,8,1016.1
2023-01-13 13:00:00,18.7,41,0.0,15.6,10,1015.5
2023-01-13 14:00:00,19.5,37,0.0,18.2,38,1014.9
2023-01-13 15:00:00,19.2,37,0.0,15.9,54,1014.7
2023-01-13 16:00:00,19.0,37,0.0,15.8,55,1014.6
2023-01-13 17:00:00,18.6,36,0.0,14.9,55,1014.5
2023-01-13 18:00:00,17.8,38,0.0,9.9,98,1014.5
2023-01-13 19:00:00,16.2,42,0.0,5.4,71,1014.7
2023-01-13 20:00:00,15.1,46,0.0,5.5,95,1015.0
2023-01-13 21:00:00,15.6,45,0.0,7.1,67,1015.2
2023-01-13 22:00:00,15.3,44,0.0,8.4,29,1015.5
2023-01-13 23:00:00,14.1,46,0.0,8.6,4,1015.6
2023-01-14 00:00:00,13.1,49,0.0,8.4,5,1015.3
2023-01-14 01:00:00,12.6,51,0.0,8.9,29,1014.9
2023-01-14 02:00:00,12.8,51,0.0,10.9,99,1014.8
2023-01-14 03:00:00,14.6,46,0.0,11.7,100,1014.2
2023-01-14 04:00:00,14.2,49,0.0,11.3,67,1014.1
2023-01-14 05:00:00,12.6,59,0.1,7.1,67,1014.1
2023-01-14 06:00:00,11.8,63,0.0,5.5,17,1014.0
2023-01-14 07:00:00,10.8,69,0.0,7.5,5,1014.5
2023-01-14 08:00:00,10.4,78,0.0,8.4,1,1014.9
2023-01-14 09:00:00,11.6,79,0.0,9.0,0,1015.2
2023-01-14 10:00:00,13.7,71,0.0,8.5,2,1015.7
2023-01-14 11:00:00,15.6,64,0.0,11.0,10,1015.8
2023-01-14 12:00:00,17.3,55,0.0,12.6,10,1015.4
2023-01-14 13:00:00,18.6,48,0.0,13.6,15,1014.8
2023-01-14 14:00:00,19.4,41,0.0,15.2,60,1014.4
2023-01-14 15:00:00,19.4,41,0.0,12.8,73,1013.9
2023-01-14 16:00:00,19.5,38,0.0,12.4,100,1013.8
2023-01-14 17:00:00,19.1,38,0.0,12.1,100,1013.9
2023-01-14 18:00:00,18.2,42,0.0,9.4,96,1014.4
2023-01-14 19:00:00,17.5,45,0.0,6.1,94,1014.8
2023-01-14 20:00:00,15.8,51,0.0,7.3,86,1015.6
2023-01-14 21:00:00,15.7,52,0.0,5.8,46,1016.1
2023-01-14 22:00:00,14.1,61,0.0,6.3,2,1016.4
2023-01-14 23:00:00,12.0,72,0.0,11.0,4,1016.8
2023-01-15 00:00:00,11.9,75,0.0,10.0,20,1017.1
2023-01-15 01:00:00,11.1,82,0.0,9.8,34,1016.9
2023-01-15 02:00:00,10.6,86,0.0,9.3,34,1016.9
2023-01-15 03:00:00,11.7,81,0.0,7.4,34,1016.5
2023-01-15 04:00:00,10.8,86,0.0,8.1,25,1016.2
2023-01-15 05:00:00,9.7,90,0.0,7.8,23,1016.1
2023-01-15 06:00:00,9.7,90,0.0,5.0,28,1016.0
2023-01-15 07:00:00,9.9,90,0.0,7.8,43,1016.4
2023-01-15 08:00:00,9.4,92,0.0,9.1,68,1017.0
2023-01-15 09:00:00,10.9,83,0.0,8.6,78,1017.3
2023-01-15 10:00:00,13.7,69,0.0,7.2,24,1017.4
2023-01-15 11:00:00,16.5,55,0.0,8.4,0,1017.7
2023-01-15 12:00:00,18.3,44,0.0,9.9,9,1016.9
2023-01-15 13:00:00,19.5,36,0.0,12.7,23,1015.9
2023-01-15 14:00:00,19.8,33,0.0,14.6,28,1015.2
2023-01-15 15:00:00,19.1,37,0.0,12.5,57,1014.8
2023-01-15 16:00:00,19.4,36,0.0,12.0,97,1014.4
2023-01-15 17:00:00,19.1,35,0.0,11.0,72,1014.5
2023-01-15 18:00:00,18.2,36,0.0,7.3,92,1014.6
2023-01-15 19:00:00,15.9,43,0.0,7.2,95,1015.2
2023-01-15 20:00:00,15.9,45,0.0,5.2,89,1015.5
2023-01-15 21:00:00,15.4,50,0.0,8.3,99,1015.8
2023-01-15 22:00:00,15.1,53,0.0,8.1,100,1015.6
2023-01-15 23:00:00,15.4,51,0.0,6.2,100,1015.6
2023-01-16 00:00:00,15.1,53,0.0,6.6,99,1015.3
2023-01-16 01:00:00,14.3,56,0.0,6.3,87,1015.1
2023-01-16 02:00:00,13.3,59,0.0,5.9,68,1014.8
2023-01-16 03:00:00,13.1,66,0.0,6.0,99,1014.3
2023-01-16 04:00:00,13.4,63,0.0,9.0,100,1014.0
2023-01-16 05:00:00,12.9,64,0.0,9.1,100,1013.6
2023-01-16 06:00:00,12.4,65,0.0,8.7,96,1013.3
2023-01-16 07:00:00,11.7,65,0.0,9.8,96,1013.8
2023-01-16 08:00:00,11.0,64,0.0,11.6,56,1014.1
2023-01-16 09:00:00,12.0,59,0.0,10.6,37,1014.6
2023-01-16 10:00:00,14.1,51,0.0,7.6,100,1014.8
2023-01-16 11:00:00,15.2,47,0.0,9.8,66,1015.2
2023-01-16 12:00:00,15.3,50,0.6,10.1,66,1015.1
2023-01-16 13:00:00,16.6,44,0.0,13.3,84,1014.2
2023-01-16 14:00:00,17.4,44,0.0,12.5,19,1013.4
2023-01-16 15:00:00,17.7,42,0.3,11.7,53,1013.0
2023-01-16 16:00:00,17.7,42,0.1,11.8,36,1013.1
2023-01-16 17:00:00,17.6,41,0.0,11.2,41,1013.4
2023-01-16 18:00:00,16.6,44,0.0,6.5,26,1013.8
2023-01-16 19:00:00,13.2,56,0.0,9.0,10,1014.6
2023-01-16 20:00:00,12.6,58,0.0,8.3,5,1015.5
2023-01-16 21:00:00,11.9,61,0.0,8.4,0,1016.2
2023-01-16 22:00:00,10.6,67,0.0,11.2,0,1016.7
2023-01-16 23:00:00,10.5,68,0.0,8.8,0,1017.1
2023-01-17 00:00:00,10.2,70,0.0,8.4,0,1017.5
2023-01-17 01:00:00,9.0,76,0.0,9.8,0,1017.9
2023-01-17 02:00:00,9.5,74,0.0,8.9,0,1018.2
2023-01-17 03:00:00,7.9,88,0.0,6.9,0,1018.2
2023-01-17 04:00:00,7.5,89,0.0,6.5,0,1018.3
2023-01-17 05:00:00,6.9,91,0.0,8.3,0,1018.4
2023-01-17 06:00:00,6.7,92,0.0,7.7,0,1018.7
2023-01-17 07:00:00,6.4,93,0.0,8.7,0,1019.4
2023-01-17 08:00:00,6.0,94,0.0,8.4,0,1020.1
2023-01-17 09:00:00,9.5,81,0.0,7.6,1,1021.0
2023-01-17 10:00:00,13.1,63,0.0,6.9,2,1021.4
2023-01-17 11:00:00,15.6,53,0.0,7.6,0,1021.7
2023-01-17 12:00:00,17.5,48,0.0,6.8,0,1021.2
2023-01-17 13:00:00,18.7,44,0.0,6.0,2,1020.3
2023-01-17 14:00:00,19.7,40,0.0,4.3,43,1019.5
2023-01-17 15:00:00,19.4,39,0.0,4.1,11,1019.0
2023-01-17 16:00:00,19.8,38,0.0,4.3,7,1018.8
2023-01-17 17:00:00,19.3,39,0.0,5.0,0,1018.9
2023-01-17 18:00:00,16.7,47,0.0,5.3,0,1019.2
2023-01-17 19:00:00,14.0,56,0.0,8.4,0,1019.7
2023-01-17 20:00:00,14.4,54,0.0,6.2,0,1020.2
2023-01-17 21:00:00,15.2,51,0.0,3.1,0,1020.4
2023-01-17 22:00:00,12.2,63,0.0,5.0,0,1020.4
2023-01-17 23:00:00,11.7,67,0.0,5.3,0,1020.7
2023-01-18 00:00:00,11.6,68,0.0,4.3,0,1020.6
2023-01-18 01:00:00,12.5,65,0.0,1.6,0,1020.6
2023-01-18 02:00:00,9.5,82,0.0,6.4,0,1020.8
2023-01-18 03:00:00,8.2,88,0.0,8.6,0,1020.4
2023-01-18 04:00:00,7.4,88,0.0,10.3,0,1020.1
2023-01-18 05:00:00,8.1,83,0.0,9.4,0,1019.9
2023-01-18 06:00:00,7.9,83,0.0,8.6,0,1020.4
2023-01-18 07:00:00,8.3,82,0.0,7.7,0,1020.6
2023-01-18 08:00:00,7.6,84,0.0,7.4,0,1021.1
2023-01-18 09:00:00,10.2,77,0.0,5.1,0,1021.5
2023-01-18 10:00:00,13.7,60,0.0,5.4,0,1021.8
2023-01-18 11:00:00,16.9,47,0.0,8.0,0,1021.8
2023-01-18 12:00:00,19.2,38,0.0,11.2,0,1021.1
2023-01-18 13:00:00,20.7,32,0.0,12.5,0,1020.0
2023-01-18 14:00:00,21.6,29,0.0,12.7,0,1019.2
2023-01-18 15:00:00,21.8,29,0.0,13.4,0,1018.7
2023-01-18 16:00:00,22.0,28,0.0,13.2,0,1018.5
2023-01-18 17:00:00,21.3,30,0.0,13.6,0,1018.5
2023-01-18 18:00:00,19.2,36,0.0,11.0,0,1018.8
2023-01-18 19:00:00,16.9,44,0.0,9.4,0,1019.0
2023-01-18 20:00:00,15.7,51,0.0,8.8,0,1019.7
2023-01-18 21:00:00,14.9,57,0.0,10.7,0,1019.9
2023-01-18 22:00:00,14.2,64,0.0,12.0,0,1020.4
2023-01-18 23:00:00,13.3,75,0.0,12.0,0,1020.6
2023-01-19 00:00:00,12.5,83,0.0,10.7,0,1020.5
2023-01-19 01:00:00,11.7,87,0.0,9.2,0,1020.3
2023-01-19 02:00:00,11.1,88,0.0,8.1,0,1020.0
2023-01-19 03:00:00,11.5,90,0.0,9.5,0,1019.3
2023-01-19 04:00:00,11.2,90,0.0,8.3,0,1018.9
2023-01-19 05:00:00,10.8,90,0.0,8.0,0,1018.7
2023-01-19 06:00:00,10.5,92,0.0,9.4,0,1018.7
2023-01-19 07:00:00,10.2,93,0.0,9.5,0,1019.0
2023-01-19 08:00:00,9.8,93,0.0,7.9,0,1019.5
2023-01-19 09:00:00,11.4,88,0.0,8.8,0,1019.9
2023-01-19 10:00:00,14.4,75,0.0,7.3,0,1019.9
2023-01-19 11:00:00,17.2,66,0.0,10.8,0,1019.7
2023-01-19 12:00:00,19.4,58,0.0,13.0,0,1018.6
2023-01-19 13:00:00,21.2,44,0.0,14.0,0,1017.5
2023-01-19 14:00:00,22.4,34,0.0,13.9,0,1016.6
2023-01-19 15:00:00,22.6,26,0.0,13.2,0,1015.8
2023-01-19 16:00:00,23.0,23,0.0,12.5,0,1015.4
2023-01-19 17:00:00,22.4,23,0.0,11.9,0,1015.1
2023-01-19 18:00:00,19.9,28,0.0,7.4,0,1015.1
2023-01-19 19:00:00,16.8,36,0.0,7.4,0,1015.3
2023-01-19 20:00:00,15.1,42,0.0,7.4,0,1015.4
2023-01-19 21:00:00,15.3,42,0.0,10.2,0,1015.8
2023-01-19 22:00:00,14.8,45,0.0,12.7,0,1015.9
2023-01-19 23:00:00,13.9,53,0.0,11.7,0,1015.8
2023-01-20 00:00:00,12.9,59,0.0,9.2,0,1015.4
2023-01-20 01:00:00,11.2,68,0.0,6.4,0,1015.1
2023-01-20 02:00:00,9.6,78,0.0,8.7,0,1014.9
2023-01-20 03:00:00,10.0,80,0.0,6.2,0,1014.0
2023-01-20 04:00:00,10.2,81,0.0,3.5,0,1013.7
2023-01-20 05:00:00,8.4,89,0.0,4.0,0,1013.4
2023-01-20 06:00:00,7.4,94,0.0,5.1,0,1013.5
2023-01-20 07:00:00,7.8,94,0.0,4.9,0,1013.9
2023-01-20 08:00:00,7.8,94,0.0,2.5,0,1014.1
2023-01-20 09:00:00,9.3,87,0.0,4.8,0,1014.8
2023-01-20 10:00:00,12.8,69,0.0,3.1,0,1015.0
2023-01-20 11:00:00,16.0,53,0.0,4.0,0,1015.2
2023-01-20 12:00:00,18.8,39,0.0,4.6,0,1014.4
2023-01-20 13:00:00,21.0,30,0.0,4.8,0,1013.6
2023-01-20 14:00:00,22.3,25,0.0,5.8,0,1012.8
2023-01-20 15:00:00,22.1,27,0.0,5.9,0,1012.5
2023-01-20 16:00:00,22.4,24,0.0,7.0,0,1012.2
2023-01-20 17:00:00,21.8,25,0.0,8.0,0,1012.4
2023-01-20 18:00:00,19.3,30,0.0,6.8,0,1012.9
2023-01-20 19:00:00,16.0,40,0.0,7.3,0,1013.2
2023-01-20 20:00:00,15.4,42,0.0,7.9,0,1013.6
2023-01-20 21:00:00,13.1,50,0.0,10.7,0,1014.0
2023-01-20 22:00:00,12.8,51,0.0,9.6,24,1014.3
2023-01-20 23:00:00,12.1,55,0.0,8.4,16,1014.8
2023-01-21 00:00:00,11.8,64,0.0,7.8,0,1015.2
2023-01-21 01:00:00,9.5,81,0.0,8.8,0,1015.5
2023-01-21 02:00:00,10.9,76,0.0,6.2,0,1015.5
2023-01-21 03:00:00,11.3,79,0.0,4.4,0,1015.6
2023-01-21 04:00:00,11.1,79,0.0,4.5,0,1015.6
2023-01-21 05:00:00,11.0,81,0.0,2.8,0,1015.5
2023-01-21 06:00:00,10.5,86,0.0,3.6,0,1015.1
2023-01-21 07:00:00,9.7,93,0.0,5.4,0,1015.5
2023-01-21 08:00:00,8.1,100,0.0,7.1,0,1015.9
2023-01-21 09:00:00,9.9,98,0.0,4.6,100,1016.6
2023-01-21 10:00:00,12.9,84,0.0,2.2,0,1017.0
2023-01-21 11:00:00,16.1,69,0.0,3.2,0,1017.2
2023-01-21 12:00:00,18.5,52,0.0,5.9,0,1016.4
2023-01-21 13:00:00,19.8,45,0.0,7.2,2,1015.5
2023-01-21 14:00:00,20.7,42,0.0,7.2,0,1014.6
2023-01-21 15:00:00,20.9,39,0.0,8.7,0,1014.6
2023-01-21 16:00:00,21.2,38,0.0,9.0,0,1014.3
2023-01-21 17:00:00,20.7,38,0.0,9.7,0,1014.2
2023-01-21 18:00:00,18.8,42,0.0,6.2,0,1014.4
2023-01-21 19:00:00,15.3,53,0.0,10.0,0,1014.7
2023-01-21 20:00:00,14.8,55,0.0,8.6,0,1015.0
2023-01-21 21:00:00,15.4,54,0.0,7.0,0,1015.6
2023-01-21 22:00:00,13.9,61,0.0,7.6,2,1015.7
2023-01-21 23:00:00,13.1,69,0.0,8.7,1,1016.4
2023-01-22 00:00:00,12.6,72,0.0,9.4,0,1016.5
2023-01-22 01:00:00,10.8,81,0.0,7.1,0,1016.6
2023-01-22 02:00:00,9.5,88,0.0,8.6,2,1016.6
2023-01-22 03:00:00,9.4,94,0.0,7.9,1,1016.2
2023-01-22 04:00:00,9.3,95,0.0,7.6,0,1016.1
2023-01-22 05:00:00,8.9,97,0.0,7.9,0,1016.2
2023-01-22 06:00:00,8.9,98,0.0,7.7,0,1016.3
2023-01-22 07:00:00,9.5,97,0.0,7.1,8,1016.6
2023-01-22 08:00:00,9.9,96,0.0,5.3,23,1017.0
2023-01-22 09:00:00,10.5,93,0.0,2.7,12,1017.2
2023-01-22 10:00:00,13.6,75,0.0,4.0,0,1017.7
2023-01-22 11:00:00,16.7,61,0.0,6.1,0,1017.6
2023-01-22 12:00:00,19.2,49,0.0,10.3,0,1017.0
2023-01-22 13:00:00,20.6,43,0.0,12.6,0,1016.2
2023-01-22 14:00:00,21.7,38,0.0,11.4,0,1015.5
2023-01-22 15:00:00,21.8,37,0.0,10.2,0,1015.2
2023-01-22 16:00:00,22.1,36,0.0,10.2,1,1015.2
2023-01-22 17:00:00,21.5,36,0.0,10.3,1,1015.3
2023-01-22 18:00:00,19.9,40,0.0,7.9,0,1015.2
2023-01-22 19:00:00,17.0,49,0.0,7.0,0,1015.7
2023-01-22 20:00:00,16.6,51,0.0,8.3,11,1016.0
2023-01-22 21:00:00,16.0,56,0.0,10.8,3,1016.2
2023-01-22 22:00:00,14.9,62,0.0,11.2,8,1016.6
2023-01-22 23:00:00,13.8,69,0.0,8.0,0,1017.0
2023-01-23 00:00:00,12.3,79,0.0,5.8,1,1017.0
2023-01-23 01:00:00,11.8,85,0.0,6.2,0,1017.0
2023-01-23 02:00:00,10.9,90,0.0,5.8,0,1016.9
2023-01-23 03:00:00,10.2,93,0.0,5.8,0,1016.7
2023-01-23 04:00:00,10.0,94,0.0,6.3,14,1016.9
2023-01-23 05:00:00,9.2,96,0.0,6.2,38,1016.9
2023-01-23 06:00:00,8.4,97,0.0,8.4,100,1017.0
2023-01-23 07:00:00,9.8,96,0.0,5.2,100,1017.4
2023-01-23 08:00:00,10.4,95,0.0,4.3,100,1017.9
2023-01-23 09:00:00,12.5,86,0.0,6.2,78,1018.3
2023-01-23 10:00:00,14.8,76,0.0,6.5,28,1018.7
2023-01-23 11:00:00,17.8,67,0.0,8.7,4,1018.8
2023-01-23 12:00:00,20.2,56,0.0,17.5,47,1018.2
2023-01-23 13:00:00,21.7,47,0.0,17.1,27,1017.0
2023-01-23 14:00:00,22.7,43,0.0,16.3,17,1015.9
2023-01-23 15:00:00,22.6,43,0.0,14.3,13,1015.5
2023-01-23 16:00:00,23.2,40,0.0,14.0,6,1015.3
2023-01-23 17:00:00,23.0,38,0.0,14.3,1,1015.1
2023-01-23 18:00:00,21.5,42,0.0,10.4,0,1015.4
2023-01-23 19:00:00,19.1,52,0.0,8.9,1,1015.9
2023-01-23 20:00:00,18.3,56,0.0,14.4,0,1016.4
2023-01-23 21:00:00,17.3,65,0.0,15.7,0,1016.9
2023-01-23 22:00:00,16.1,75,0.0,14.0,0,1017.4
2023-01-23 23:00:00,15.1,83,0.0,11.4,0,1017.6
2023-01-24 00:00:00,14.1,89,0.0,10.3,0,1017.8
2023-01-24 01:00:00,13.4,94,0.0,10.2,8,1017.7
2023-01-24 02:00:00,13.1,96,0.0,10.1,41,1017.8
2023-01-24 03:00:00,13.5,97,0.0,10.5,100,1017.4
2023-01-24 04:00:00,13.9,97,0.0,10.1,100,1017.6
2023-01-24 05:00:00,14.1,97,0.0,10.1,100,1017.7
2023-01-24 06:00:00,14.3,97,0.0,9.7,100,1017.5
2023-01-24 07:00:00,14.4,96,0.0,9.8,100,1017.8
2023-01-24 08:00:00,14.2,96,0.0,10.0,100,1018.1
2023-01-24 09:00:00,14.6,91,0.0,9.8,100,1018.4
2023-01-24 10:00:00,16.0,83,0.0,11.0,100,1018.8
2023-01-24 11:00:00,18.3,70,0.0,16.0,38,1018.9
2023-01-24 12:00:00,20.3,58,0.0,15.5,23,1018.4
2023-01-24 13:00:00,21.8,49,0.0,15.2,17,1017.1
2023-01-24 14:00:00,23.0,42,0.0,14.9,9,1016.1
2023-01-24 15:00:00,23.6,36,0.0,14.2,15,1015.4
2023-01-24 16:00:00,23.9,34,0.0,15.6,19,1015.1
2023-01-24 17:00:00,23.1,35,0.0,17.0,15,1015.2
2023-01-24 18:00:00,21.7,40,0.0,16.2,10,1015.5
2023-01-24 19:00:00,19.7,46,0.0,17.0,0,1016.2
2023-01-24 20:00:00,18.5,50,0.0,18.2,0,1016.7
2023-01-24 21:00:00,17.1,60,0.0,16.4,0,1017.3
2023-01-24 22:00:00,15.9,68,0.0,13.7,0,1017.4
2023-01-24 23:00:00,14.7,78,0.0,11.4,0,1017.7
2023-01-25 00:00:00,13.8,87,0.0,10.1,0,1017.8
2023-01-25 01:00:00,13.0,94,0.0,9.0,8,1017.7
2023-01-25 02:00:00,12.6,96,0.0,7.6,12,1017.6
2023-01-25 03:00:00,12.7,98,0.0,7.6,13,1017.3
2023-01-25 04:00:00,12.6,98,0.0,7.2,32,1017.1
2023-01-25 05:00:00,12.2,98,0.0,6.9,38,1016.8
2023-01-25 06:00:00,12.1,98,0.0,6.5,33,1016.7
2023-01-25 07:00:00,11.7,99,0.0,5.8,33,1016.9
2023-01-25 08:00:00,11.1,100,0.0,5.0,100,1017.0
2023-01-25 09:00:00,12.2,97,0.0,7.3,100,1017.4
2023-01-25 10:00:00,13.7,88,0.0,7.9,50,1017.8
2023-01-25 11:00:00,16.9,72,0.0,7.6,1,1018.1
2023-01-25 12:00:00,19.5,57,0.0,14.4,20,1017.4
2023-01-25 13:00:00,20.9,46,0.0,13.6,6,1016.7
2023-01-25 14:00:00,22.0,39,0.0,13.7,2,1015.7
2023-01-25 15:00:00,22.4,35,0.0,15.0,6,1015.1
2023-01-25 16:00:00,22.5,36,0.0,15.1,4,1014.9
2023-01-25 17:00:00,22.1,36,0.0,15.1,1,1014.6
2023-01-25 18:00:00,20.7,39,0.0,14.0,3,1014.8
2023-01-25 19:00:00,18.7,44,0.0,13.0,4,1015.7
2023-01-25 20:00:00,17.6,48,0.0,13.1,1,1016.1
2023-01-25 21:00:00,16.5,53,0.0,12.2,0,1016.6
2023-01-25 22:00:00,15.4,60,0.0,11.8,0,1016.9
2023-01-25 23:00:00,14.3,68,0.0,10.7,0,1016.9
2023-01-26 00:00:00,13.4,76,0.0,9.7,0,1016.8
2023-01-26 01:00:00,12.5,82,0.0,8.7,0,1016.7
2023-01-26 02:00:00,11.6,89,0.0,6.7,0,1016.6
2023-01-26 03:00:00,11.4,91,0.0,6.6,0,1016.0
2023-01-26 04:00:00,11.0,93,0.0,6.2,0,1015.8
2023-01-26 05:00:00,10.6,94,0.0,6.2,1,1015.7
2023-01-26 06:00:00,10.0,96,0.0,5.5,2,1015.5
2023-01-26 07:00:00,9.1,96,0.0,7.9,0,1015.5
2023-01-26 08:00:00,8.7,96,0.0,9.7,0,1015.5
2023-01-26 09:00:00,12.5,83,0.0,8.7,0,1015.8
2023-01-26 10:00:00,15.6,69,0.0,9.2,0,1016.1
2023-01-26 11:00:00,17.9,58,0.0,15.3,0,1016.1
2023-01-26 12:00:00,19.5,47,0.0,17.0,0,1015.5
2023-01-26 13:00:00,20.9,38,0.0,17.0,0,1014.5
2023-01-26 14:00:00,22.0,32,0.0,16.3,0,1013.6
2023-01-26 15:00:00,22.9,26,0.0,14.3,0,1013.3
2023-01-26 16:00:00,23.1,24,0.0,14.0,0,1012.9
2023-01-26 17:00:00,22.5,25,0.0,14.2,0,1012.8
2023-01-26 18:00:00,20.8,29,0.0,11.3,0,1012.8
2023-01-26 19:00:00,18.3,36,0.0,9.2,0,1013.2
2023-01-26 20:00:00,17.4,40,0.0,11.1,0,1013.4
2023-01-26 21:00:00,16.7,45,0.0,12.8,0,1013.4
2023-01-26 22:00:00,16.0,48,0.0,9.3,0,1013.3
2023-01-26 23:00:00,13.8,55,0.0,10.1,0,1013.1
2023-01-27 00:00:00,12.9,56,0.0,10.7,0,1012.3
2023-01-27 01:00:00,12.0,55,0.0,11.5,0,1011.9
2023-01-27 02:00:00,11.2,57,0.0,8.7,0,1011.9
2023-01-27 03:00:00,10.5,56,0.0,10.2,0,1011.3
2023-01-27 04:00:00,10.5,50,0.0,7.2,7,1011.2
2023-01-27 05:00:00,10.6,45,0.0,7.3,0,1010.9
2023-01-27 06:00:00,10.7,43,0.0,8.0,0,1010.4
2023-01-27 07:00:00,11.3,43,0.0,10.8,0,1010.4
2023-01-27 08:00:00,11.8,46,0.0,15.1,0,1010.6
2023-01-27 09:00:00,14.1,40,0.0,19.6,14,1010.6
2023-01-27 10:00:00,17.2,33,0.0,20.5,39,1010.7
2023-01-27 11:00:00,20.2,27,0.0,23.8,94,1010.4
2023-01-27 12:00:00,22.6,22,0.0,26.3,100,1010.1
2023-01-27 13:00:00,23.7,21,0.0,28.1,70,1009.1
2023-01-27 14:00:00,25.5,18,0.0,27.4,99,1008.3
2023-01-27 15:00:00,26.4,17,0.0,21.9,61,1008.0
2023-01-27 16:00:00,26.4,15,0.0,20.7,100,1007.8
2023-01-27 17:00:00,25.5,14,0.0,18.1,97,1007.7
2023-01-27 18:00:00,25.3,15,0.0,19.1,94,1007.5
2023-01-27 19:00:00,24.1,17,0.0,18.5,93,1007.8
2023-01-27 20:00:00,23.5,18,0.0,18.2,81,1008.5
2023-01-27 21:00:00,22.8,19,0.0,20.5,94,1008.9
2023-01-27 22:00:00,22.7,19,0.0,19.5,94,1009.1
2023-01-27 23:00:00,21.8,21,0.0,15.6,97,1009.4
2023-01-28 00:00:00,21.4,21,0.0,15.5,80,1009.4
2023-01-28 01:00:00,20.5,23,0.0,14.4,72,1009.2
2023-01-28 02:00:00,19.8,24,0.0,14.8,70,1008.9
2023-01-28 03:00:00,19.0,25,0.0,14.4,57,1008.2
2023-01-28 04:00:00,18.8,26,0.0,12.4,57,1008.2
2023-01-28 05:00:00,17.8,28,0.0,7.6,60,1008.4
2023-01-28 06:00:00,16.2,32,0.0,6.8,77,1008.4
2023-01-28 07:00:00,15.8,34,0.0,7.1,99,1009.1
2023-01-28 08:00:00,15.0,37,0.0,7.8,100,1009.6
2023-01-28 09:00:00,16.8,33,0.0,10.3,87,1010.4
2023-01-28 10:00:00,19.8,27,0.0,10.4,54,1011.1
2023-01-28 11:00:00,21.7,23,0.0,14.0,37,1011.4
2023-01-28 12:00:00,23.2,20,0.0,13.8,73,1010.8
2023-01-28 13:00:00,24.4,18,0.0,11.2,82,1010.3
2023-01-28 14:00:00,24.9,17,0.0,9.1,95,1009.8
2023-01-28 15:00:00,24.7,23,0.0,7.6,97,1009.8
2023-01-28 16:00:00,24.9,30,0.0,11.4,80,1009.8
2023-01-28 17:00:00,24.2,32,0.0,13.1,99,1009.9
2023-01-28 18:00:00,22.8,33,0.0,12.0,97,1010.5
2023-01-28 19:00:00,20.7,35,0.0,13.7,65,1011.2
2023-01-28 20:00:00,19.3,34,0.0,15.3,62,1012.3
2023-01-28 21:00:00,18.3,36,0.0,15.7,92,1013.0
2023-01-28 22:00:00,17.3,40,0.0,13.3,79,1013.1
2023-01-28 23:00:00,16.5,43,0.0,12.2,69,1013.0
2023-01-29 00:00:00,15.7,48,0.0,11.5,77,1012.8
2023-01-29 01:00:00,15.1,56,0.0,10.9,83,1012.6
2023-01-29 02:00:00,14.4,63,0.0,11.1,96,1012.3
2023-01-29 03:00:00,14.0,63,0.0,10.1,27,1012.1
2023-01-29 04:00:00,13.7,69,0.0,9.5,71,1012.2
2023-01-29 05:00:00,13.9,71,0.0,10.0,66,1011.9
2023-01-29 06:00:00,13.0,77,0.0,9.8,90,1011.6
2023-01-29 07:00:00,12.9,79,0.0,10.2,53,1012.2
2023-01-29 08:00:00,12.7,82,0.0,9.5,71,1012.4
2023-01-29 09:00:00,14.5,74,0.0,10.9,79,1012.9
2023-01-29 10:00:00,16.4,66,0.0,11.6,88,1012.9
2023-01-29 11:00:00,18.5,52,0.0,13.0,90,1013.0
2023-01-29 12:00:00,20.7,36,0.0,15.5,99,1012.5
2023-01-29 13:00:00,22.2,28,0.0,16.5,100,1011.1
2023-01-29 14:00:00,23.0,26,0.0,16.1,84,1010.0
2023-01-29 15:00:00,22.8,26,0.0,15.5,100,1009.7
2023-01-29 16:00:00,22.4,27,0.0,15.3,78,1009.5
2023-01-29 17:00:00,21.9,28,0.0,16.0,47,1009.3
2023-01-29 18:00:00,20.7,31,0.0,13.7,53,1009.7
2023-01-29 19:00:00,19.2,36,0.0,12.7,66,1010.2
2023-01-29 20:00:00,18.3,38,0.0,14.0,20,1010.5
2023-01-29 21:00:00,16.9,38,0.0,14.8,0,1011.3
2023-01-29 22:00:00,15.7,42,0.0,13.8,0,1011.9
2023-01-29 23:00:00,14.6,50,0.0,12.1,0,1012.2
2023-01-30 00:00:00,13.6,58,0.0,10.1,0,1012.3
2023-01-30 01:00:00,12.5,67,0.0,8.3,0,1012.5
2023-01-30 02:00:00,11.3,76,0.0,6.1,0,1012.3
2023-01-30 03:00:00,11.0,78,0.0,6.1,0,1011.2
2023-01-30 04:00:00,10.0,86,0.0,5.8,0,1011.4
2023-01-30 05:00:00,9.2,92,0.0,6.8,2,1011.3
2023-01-30 06:00:00,8.7,94,0.0,8.5,15,1011.1
2023-01-30 07:00:00,9.2,94,0.0,7.2,0,1011.5
2023-01-30 08:00:00,10.2,94,0.0,5.8,0,1011.9
2023-01-30 09:00:00,11.4,88,0.0,3.7,0,1012.3
2023-01-30 10:00:00,14.6,70,0.0,1.5,0,1013.0
2023-01-30 11:00:00,17.4,57,0.0,3.6,0,1013.1
2023-01-30 12:00:00,19.2,44,0.0,5.7,0,1012.5
2023-01-30 13:00:00,20.6,35,0.0,9.2,0,1011.6
2023-01-30 14:00:00,21.4,29,0.0,13.9,0,1010.7
2023-01-30 15:00:00,21.0,27,0.0,16.0,0,1010.2
2023-01-30 16:00:00,20.7,29,0.0,16.4,1,1010.1
2023-01-30 17:00:00,20.1,27,0.0,16.7,4,1010.0
2023-01-30 18:00:00,18.9,27,0.0,15.9,1,1010.2
2023-01-30 19:00:00,17.1,31,0.0,12.0,4,1010.8
2023-01-30 20:00:00,14.9,37,0.0,6.6,3,1011.2
2023-01-30 21:00:00,14.4,41,0.0,7.8,0,1011.6
2023-01-30 22:00:00,12.9,45,0.0,5.4,29,1011.7
2023-01-30 23:00:00,11.9,50,0.0,6.4,44,1011.8
2023-01-31 00:00:00,12.8,47,0.0,8.2,0,1011.8
2023-01-31 01:00:00,12.6,48,0.0,10.2,5,1011.5
2023-01-31 02:00:00,12.6,49,0.0,12.1,47,1011.3
2023-01-31 03:00:00,12.5,48,0.0,13.1,0,1011.0
2023-01-31 04:00:00,11.9,49,0.0,13.5,0,1011.0
2023-01-31 05:00:00,11.6,42,0.0,15.0,0,1010.8
2023-01-31 06:00:00,11.4,42,0.0,15.9,0,1010.9
2023-01-31 07:00:00,11.2,49,0.0,17.1,0,1011.3
2023-01-31 08:00:00,10.8,52,0.0,15.8,0,1011.7
2023-01-31 09:00:00,11.9,50,0.0,15.0,8,1012.5
2023-01-31 10:00:00,13.5,47,0.0,18.8,11,1013.0
2023-01-31 11:00:00,14.6,45,0.0,20.5,17,1013.4
2023-01-31 12:00:00,15.8,44,0.0,20.5,11,1012.9
2023-01-31 13:00:00,16.9,42,0.0,19.4,1,1012.0
2023-01-31 14:00:00,17.6,41,0.0,18.7,6,1011.1
2023-01-31 15:00:00,18.4,38,0.0,17.6,38,1010.6
2023-01-31 16:00:00,18.6,38,0.0,18.0,40,1010.4
2023-01-31 17:00:00,18.1,38,0.0,16.9,34,1010.6
2023-01-31 18:00:00,17.4,38,0.0,15.8,38,1010.8
2023-01-31 19:00:00,16.5,40,0.0,12.1,42,1011.1
2023-01-31 20:00:00,15.7,43,0.0,10.7,26,1011.7
2023-01-31 21:00:00,14.9,46,0.0,10.3,30,1012.0
2023-01-31 22:00:00,14.5,47,0.0,11.0,23,1012.3
2023-01-31 23:00:00,14.2,47,0.0,10.3,7,1012.3
2023-02-01 00:00:00,13.3,48,0.0,11.0,8,1012.3
2023-02-01 01:00:00,12.9,48,0.0,12.7,2,1012.2
2023-02-01 02:00:00,12.7,49,0.0,14.7,0,1012.1
2023-02-01 03:00:00,12.0,49,0.0,12.3,1,1011.6
2023-02-01 04:00:00,11.7,50,0.0,13.0,4,1011.5
2023-02-01 05:00:00,11.5,51,0.0,13.9,16,1011.2
2023-02-01 06:00:00,11.6,49,0.0,15.4,9,1011.2
2023-02-01 07:00:00,11.7,48,0.0,17.3,0,1011.7
2023-02-01 08:00:00,11.4,49,0.0,19.3,0,1012.0
2023-02-01 09:00:00,12.5,46,0.0,16.3,0,1012.7
2023-02-01 10:00:00,14.6,42,0.0,20.1,0,1013.3
2023-02-01 11:00:00,15.5,41,0.0,26.1,0,1013.9
2023-02-01 12:00:00,16.5,40,0.0,28.5,0,1013.6
2023-02-01 13:00:00,17.3,39,0.0,29.2,34,1013.0
2023-02-01 14:00:00,17.6,40,0.0,31.0,29,1012.6
2023-02-01 15:00:00,17.9,36,0.1,29.2,50,1012.0
2023-02-01 16:00:00,17.3,40,0.0,28.0,96,1012.2
2023-02-01 17:00:00,15.8,49,0.0,24.3,100,1013.1
2023-02-01 18:00:00,14.9,56,0.1,17.9,67,1013.7
2023-02-01 19:00:00,13.9,60,0.0,18.7,67,1014.7
2023-02-01 20:00:00,13.6,60,0.0,12.8,25,1015.8
2023-02-01 21:00:00,13.2,58,0.0,12.1,8,1016.8
2023-02-01 22:00:00,12.5,56,0.0,11.7,18,1017.5
2023-02-01 23:00:00,11.9,57,0.0,8.7,3,1018.2
2023-02-02 00:00:00,10.7,62,0.0,7.2,5,1018.4
2023-02-02 01:00:00,10.7,62,0.0,9.4,19,1018.5
2023-02-02 02:00:00,10.6,63,0.0,9.7,6,1018.7
2023-02-02 03:00:00,9.8,69,0.0,7.3,19,1018.4
2023-02-02 04:00:00,9.0,73,0.0,6.6,17,1018.5
2023-02-02 05:00:00,8.3,76,0.0,7.9,8,1018.6
2023-02-02 06:00:00,7.7,79,0.0,7.7,48,1018.9
2023-02-02 07:00:00,8.0,77,0.0,5.9,42,1019.6
2023-02-02 08:00:00,8.4,76,0.0,6.4,95,1020.4
2023-02-02 09:00:00,10.0,69,0.0,7.2,100,1021.2
2023-02-02 10:00:00,11.9,60,0.0,7.3,99,1021.7
2023-02-02 11:00:00,14.0,51,0.0,7.7,99,1022.2
2023-02-02 12:00:00,15.5,46,0.0,9.1,66,1022.1
2023-02-02 13:00:00,17.2,38,0.0,14.7,100,1021.2
2023-02-02 14:00:00,16.6,41,0.0,15.8,100,1020.6
2023-02-02 15:00:00,16.5,43,0.0,10.7,100,1020.3
2023-02-02 16:00:00,17.4,40,0.0,10.5,89,1020.2
2023-02-02 17:00:00,17.1,40,0.0,9.9,97,1020.3
2023-02-02 18:00:00,16.6,40,0.0,7.7,76,1020.6
2023-02-02 19:00:00,14.9,45,0.0,5.4,33,1021.1
2023-02-02 20:00:00,13.2,51,0.0,6.1,71,1021.7
2023-02-02 21:00:00,11.7,56,0.0,8.6,3,1021.9
2023-02-02 22:00:00,11.3,59,0.0,7.2,13,1022.2
2023-02-02 23:00:00,10.4,67,0.0,8.2,37,1022.4
2023-02-03 00:00:00,9.6,75,0.0,10.0,44,1022.8
2023-02-03 01:00:00,9.9,76,0.0,8.1,51,1022.8
2023-02-03 02:00:00,11.1,72,0.0,5.0,47,1022.8
2023-02-03 03:00:00,9.2,80,0.0,6.6,67,1022.3
2023-02-03 04:00:00,9.1,81,0.0,7.4,39,1021.9
2023-02-03 05:00:00,9.1,82,0.0,7.2,26,1021.8
2023-02-03 06:00:00,9.8,78,0.0,5.9,5,1021.3
2023-02-03 07:00:00,9.5,80,0.0,5.1,13,1021.3
2023-02-03 08:00:00,7.6,88,0.0,5.4,5,1021.5
2023-02-03 09:00:00,10.0,77,0.0,4.0,32,1021.9
2023-02-03 10:00:00,13.2,62,0.0,2.5,100,1022.3
2023-02-03 11:00:00,15.7,52,0.0,5.1,58,1022.3
2023-02-03 12:00:00,17.5,44,0.0,5.9,70,1022.0
2023-02-03 13:00:00,18.3,39,0.0,7.1,100,1020.9
2023-02-03 14:00:00,18.1,39,0.0,7.3,59,1019.9
2023-02-03 15:00:00,18.0,39,0.0,8.0,97,1019.2
2023-02-03 16:00:00,18.4,38,0.0,8.7,100,1019.0
2023-02-03 17:00:00,18.1,38,0.0,8.2,71,1018.6
2023-02-03 18:00:00,17.5,38,0.0,8.2,49,1018.4
2023-02-03 19:00:00,16.1,43,0.0,7.4,95,1018.6
2023-02-03 20:00:00,15.4,44,0.0,8.0,45,1018.6
2023-02-03 21:00:00,13.4,48,0.0,6.8,0,1018.5
2023-02-03 22:00:00,13.0,47,0.0,9.0,0,1018.6
2023-02-03 23:00:00,12.4,46,0.0,9.4,0,1018.7
2023-02-04 00:00:00,11.8,47,0.0,10.1,0,1018.8
2023-02-04 01:00:00,11.3,46,0.0,10.2,0,1018.6
2023-02-04 02:00:00,10.8,44,0.0,10.5,0,1018.2
2023-02-04 03:00:00,10.5,43,0.0,8.9,9,1017.5
2023-02-04 04:00:00,10.4,44,0.0,10.3,11,1017.2
2023-02-04 05:00:00,10.2,44,0.0,11.1,46,1016.7
2023-02-04 06:00:00,10.1,44,0.0,12.8,44,1016.3
2023-02-04 07:00:00,9.8,45,0.0,12.1,20,1016.8
2023-02-04 08:00:00,9.5,47,0.0,10.0,71,1017.3
2023-02-04 09:00:00,10.9,45,0.0,7.7,99,1017.4
2023-02-04 10:00:00,13.2,44,0.0,6.9,0,1017.8
2023-02-04 11:00:00,15.6,47,0.0,7.7,1,1017.7
2023-02-04 12:00:00,17.7,44,0.0,10.2,8,1017.3
2023-02-04 13:00:00,18.7,40,0.0,15.9,14,1016.4
2023-02-04 14:00:00,19.5,35,0.0,16.0,34,1015.5
2023-02-04 15:00:00,19.6,32,0.0,15.1,54,1015.0
2023-02-04 16:00:00,19.3,33,0.0,14.5,53,1014.9
2023-02-04 17:00:00,18.9,33,0.0,12.7,71,1014.8
2023-02-04 18:00:00,18.0,35,0.0,10.9,66,1014.9
2023-02-04 19:00:00,14.9,43,0.0,6.6,44,1015.3
2023-02-04 20:00:00,13.5,47,0.0,10.6,65,1015.5
2023-02-04 21:00:00,13.3,47,0.0,8.6,61,1015.4
2023-02-04 22:00:00,12.9,49,0.0,9.3,57,1015.7
2023-02-04 23:00:00,11.5,56,0.0,9.7,4,1015.9
2023-02-05 00:00:00,13.2,53,0.0,5.2,0,1015.6
2023-02-05 01:00:00,12.4,56,0.0,1.9,0,1015.3
2023-02-05 02:00:00,9.2,70,0.0,5.5,7,1015.2
2023-02-05 03:00:00,8.4,74,0.0,7.6,6,1014.5
2023-02-05 04:00:00,8.3,73,0.0,5.8,100,1014.2
2023-02-05 05:00:00,8.6,71,0.0,7.2,100,1013.9
2023-02-05 06:00:00,8.3,71,0.0,6.8,100,1013.1
2023-02-05 07:00:00,8.4,68,0.0,6.8,100,1013.0
2023-02-05 08:00:00,8.7,66,0.0,9.0,100,1013.0
2023-02-05 09:00:00,10.3,59,0.0,11.7,0,1013.3
2023-02-05 10:00:00,13.0,49,0.0,12.2,21,1013.3
2023-02-05 11:00:00,15.9,39,0.0,13.2,30,1012.8
2023-02-05 12:00:00,18.0,33,0.0,16.4,0,1011.9
2023-02-05 13:00:00,18.9,31,0.0,19.3,0,1010.6
2023-02-05 14:00:00,19.5,29,0.0,19.2,46,1009.1
2023-02-05 15:00:00,19.6,31,0.0,18.5,94,1009.0
2023-02-05 16:00:00,19.7,29,0.0,20.4,17,1008.5
2023-02-05 17:00:00,19.3,27,0.0,20.3,68,1008.2
2023-02-05 18:00:00,18.4,26,0.0,17.9,24,1008.1
2023-02-05 19:00:00,16.7,27,0.0,14.5,0,1008.4
2023-02-05 20:00:00,15.6,28,0.0,13.8,1,1008.7
2023-02-05 21:00:00,14.9,31,0.0,15.1,5,1009.0
2023-02-05 22:00:00,14.6,31,0.0,18.6,0,1009.0
2023-02-05 23:00:00,14.2,30,0.0,20.9,0,1009.2
2023-02-06 00:00:00,13.6,32,0.0,20.4,0,1008.9
2023-02-06 01:00:00,13.1,35,0.0,19.9,0,1008.4
2023-02-06 02:00:00,12.8,38,0.0,20.4,1,1008.4
2023-02-06 03:00:00,13.2,44,0.0,19.6,21,1008.2
2023-02-06 04:00:00,12.9,47,0.0,19.5,12,1008.3
2023-02-06 05:00:00,12.6,55,0.0,20.5,0,1008.1
2023-02-06 06:00:00,12.0,61,0.0,20.2,0,1008.5
2023-02-06 07:00:00,11.5,62,0.0,20.4,0,1009.2
2023-02-06 08:00:00,10.9,57,0.0,22.9,0,1009.9
2023-02-06 09:00:00,11.1,47,0.0,22.4,0,1010.5
2023-02-06 10:00:00,11.9,44,0.0,26.4,0,1011.2
2023-02-06 11:00:00,13.1,42,0.0,25.8,1,1011.5
2023-02-06 12:00:00,14.1,41,0.0,25.1,0,1011.7
2023-02-06 13:00:00,15.2,39,0.0,25.3,4,1011.1
2023-02-06 14:00:00,16.0,38,0.0,23.8,3,1010.5
2023-02-06 15:00:00,16.1,37,0.0,23.4,55,1010.4
2023-02-06 16:00:00,16.0,37,0.0,24.0,90,1010.6
2023-02-06 17:00:00,15.4,39,0.0,23.5,100,1011.0
2023-02-06 18:00:00,14.6,45,0.0,22.8,100,1011.8
2023-02-06 19:00:00,13.4,52,0.0,19.1,100,1012.6
2023-02-06 20:00:00,12.6,59,0.0,17.0,100,1013.6
2023-02-06 21:00:00,12.7,58,0.0,14.5,83,1014.1
2023-02-06 22:00:00,12.0,59,0.0,12.7,8,1014.6
2023-02-06 23:00:00,11.0,62,0.0,12.3,5,1015.3
2023-02-07 00:00:00,10.4,64,0.0,10.9,7,1015.6
2023-02-07 01:00:00,9.8,66,0.0,10.0,2,1015.8
2023-02-07 02:00:00,9.1,70,0.0,8.6,1,1015.8
2023-02-07 03:00:00,8.8,70,0.0,9.4,16,1015.8
2023-02-07 04:00:00,8.8,69,0.0,10.7,14,1015.9
2023-02-07 05:00:00,8.6,69,0.0,12.1,3,1015.9
2023-02-07 06:00:00,8.3,70,0.0,12.3,3,1015.6
2023-02-07 07:00:00,7.7,72,0.0,11.3,10,1016.2
2023-02-07 08:00:00,7.6,72,0.0,12.5,17,1016.9
2023-02-07 09:00:00,9.0,66,0.0,10.8,26,1017.3
2023-02-07 10:00:00,10.9,60,0.0,15.2,11,1017.7
2023-02-07 11:00:00,12.8,55,0.0,17.6,4,1017.7
2023-02-07 12:00:00,14.5,48,0.0,18.8,8,1017.5
2023-02-07 13:00:00,15.7,42,0.0,19.6,50,1017.1
2023-02-07 14:00:00,16.4,39,0.0,21.5,72,1016.1
2023-02-07 15:00:00,15.4,43,0.0,19.0,61,1016.2
2023-02-07 16:00:00,15.8,40,0.0,21.5,100,1016.3
2023-02-07 17:00:00,15.0,43,0.0,21.3,97,1016.9
2023-02-07 18:00:00,14.9,43,0.0,17.3,71,1017.1
2023-02-07 19:00:00,14.4,43,0.0,12.5,69,1017.3
2023-02-07 20:00:00,13.6,44,0.0,10.7,22,1018.0
2023-02-07 21:00:00,12.3,50,0.0,10.2,2,1018.6
2023-02-07 22:00:00,11.0,56,0.0,7.7,2,1019.0
2023-02-07 23:00:00,10.1,60,0.0,7.8,2,1019.1
2023-02-08 00:00:00,10.0,61,0.0,9.5,9,1019.5
2023-02-08 01:00:00,9.6,64,0.0,9.3,11,1019.7
2023-02-08 02:00:00,9.1,68,0.0,8.2,18,1019.9
2023-02-08 03:00:00,7.6,73,0.0,8.4,15,1019.4
2023-02-08 04:00:00,8.1,71,0.0,6.6,12,1019.7
2023-02-08 05:00:00,7.2,77,0.0,7.0,9,1020.0
2023-02-08 06:00:00,6.2,85,0.0,9.7,9,1020.3
2023-02-08 07:00:00,5.7,89,0.0,8.8,12,1020.8
2023-02-08 08:00:00,5.6,91,0.0,8.2,30,1021.5
2023-02-08 09:00:00,8.9,74,0.0,4.8,20,1022.3
2023-02-08 10:00:00,11.5,65,0.0,5.4,21,1022.7
2023-02-08 11:00:00,13.6,58,0.0,7.4,44,1022.8
2023-02-08 12:00:00,15.2,49,0.0,8.6,54,1022.5
2023-02-08 13:00:00,15.7,46,0.0,9.5,77,1021.9
2023-02-08 14:00:00,16.3,42,0.0,10.3,100,1021.1
2023-02-08 15:00:00,14.5,49,0.0,4.6,100,1021.7
2023-02-08 16:00:00,15.3,45,0.0,5.9,99,1021.6
2023-02-08 17:00:00,15.5,42,0.0,10.9,100,1021.7
2023-02-08 18:00:00,13.8,51,0.0,15.0,93,1021.8
2023-02-08 19:00:00,12.7,59,0.0,11.3,100,1022.6
2023-02-08 20:00:00,12.4,61,0.0,9.2,100,1023.5
2023-02-08 21:00:00,12.2,62,0.0,7.1,99,1023.7
2023-02-08 22:00:00,11.8,62,0.0,6.0,94,1023.6
2023-02-08 23:00:00,10.9,63,0.0,4.7,34,1023.5
2023-02-09 00:00:00,8.8,72,0.0,7.3,14,1023.7
2023-02-09 01:00:00,8.0,77,0.0,7.5,33,1023.6
2023-02-09 02:00:00,7.7,80,0.0,8.0,2,1023.2
2023-02-09 03:00:00,8.0,78,0.0,5.8,0,1023.0
2023-02-09 04:00:00,7.0,84,0.0,6.0,2,1023.3
2023-02-09 05:00:00,5.8,90,0.0,8.0,28,1022.8
2023-02-09 06:00:00,5.6,92,0.0,7.9,0,1022.7
2023-02-09 07:00:00,7.2,89,0.0,5.2,19,1023.0
2023-02-09 08:00:00,7.0,90,0.0,2.6,40,1023.3
2023-02-09 09:00:00,8.3,82,0.0,1.8,0,1023.6
2023-02-09 10:00:00,11.5,60,0.0,0.8,40,1023.8
2023-02-09 11:00:00,13.6,43,0.0,3.4,33,1023.7
2023-02-09 12:00:00,15.1,35,0.0,8.7,0,1023.1
2023-02-09 13:00:00,16.2,32,0.0,8.8,0,1022.0
2023-02-09 14:00:00,16.9,30,0.0,9.2,34,1020.8
2023-02-09 15:00:00,16.3,33,0.0,8.3,81,1020.5
2023-02-09 16:00:00,16.2,33,0.0,7.9,78,1020.3
2023-02-09 17:00:00,16.0,34,0.0,8.7,94,1020.1
2023-02-09 18:00:00,15.3,35,0.0,7.9,57,1019.8
2023-02-09 19:00:00,13.0,42,0.0,6.1,13,1019.7
2023-02-09 20:00:00,12.3,44,0.0,6.8,0,1020.1
2023-02-09 21:00:00,10.6,49,0.0,8.0,0,1020.3
2023-02-09 22:00:00,11.2,47,0.0,7.0,0,1020.2
2023-02-09 23:00:00,9.8,53,0.0,8.1,0,1020.5
2023-02-10 00:00:00,7.8,62,0.0,9.7,0,1020.6
2023-02-10 01:00:00,7.9,67,0.0,6.9,0,1020.6
2023-02-10 02:00:00,7.3,69,0.0,6.9,0,1020.5
2023-02-10 03:00:00,7.2,72,0.0,6.9,0,1019.5
2023-02-10 04:00:00,6.3,79,0.0,6.4,0,1019.4
2023-02-10 05:00:00,5.9,85,0.0,6.4,0,1019.1
2023-02-10 06:00:00,5.1,90,0.0,8.1,0,1018.8
2023-02-10 07:00:00,4.6,92,0.0,9.2,0,1019.1
2023-02-10 08:00:00,5.0,92,0.0,6.9,0,1019.4
2023-02-10 09:00:00,8.5,78,0.0,7.2,0,1020.0
2023-02-10 10:00:00,11.7,60,0.0,6.9,0,1020.2
2023-02-10 11:00:00,14.5,49,0.0,9.2,0,1020.0
2023-02-10 12:00:00,16.3,40,0.0,11.8,0,1019.4
2023-02-10 13:00:00,17.6,36,0.0,11.5,0,1018.5
2023-02-10 14:00:00,18.4,33,0.0,11.5,0,1017.5
2023-02-10 15:00:00,18.8,34,0.0,11.5,0,1016.8
2023-02-10 16:00:00,18.9,33,0.0,12.0,6,1016.1
2023-02-10 17:00:00,18.6,34,0.0,11.3,0,1016.1
2023-02-10 18:00:00,17.5,37,0.0,10.2,0,1015.9
2023-02-10 19:00:00,14.5,46,0.0,6.4,0,1016.3
2023-02-10 20:00:00,12.8,52,0.0,9.5,0,1016.8
2023-02-10 21:00:00,13.3,52,0.0,12.0,0,1017.2
2023-02-10 22:00:00,12.8,64,0.0,16.3,0,1017.8
2023-02-10 23:00:00,12.0,70,0.0,12.0,0,1018.0
2023-02-11 00:00:00,11.2,75,0.0,10.2,0,1017.8
2023-02-11 01:00:00,10.3,81,0.0,9.3,0,1017.7
2023-02-11 02:00:00,9.4,87,0.0,8.0,0,1017.2
2023-02-11 03:00:00,9.2,90,0.0,7.6,0,1016.2
2023-02-11 04:00:00,9.1,91,0.0,7.6,0,1016.0
2023-02-11 05:00:00,8.6,92,0.0,6.3,0,1015.3
2023-02-11 06:00:00,8.0,93,0.0,6.1,0,1014.9
2023-02-11 07:00:00,7.7,94,0.0,6.0,0,1015.3
2023-02-11 08:00:00,7.9,93,0.0,7.0,0,1015.3
2023-02-11 09:00:00,10.1,83,0.0,7.2,68,1015.5
2023-02-11 10:00:00,13.1,66,0.0,7.6,100,1015.7
2023-02-11 11:00:00,15.2,55,0.0,10.4,95,1015.9
2023-02-11 12:00:00,16.9,47,0.0,12.7,100,1015.7
2023-02-11 13:00:00,17.7,42,0.0,11.8,73,1015.4
2023-02-11 14:00:00,18.5,37,0.1,9.5,38,1014.7
2023-02-11 15:00:00,17.8,40,0.1,12.3,52,1014.9
2023-02-11 16:00:00,15.0,58,0.1,21.4,99,1015.9
2023-02-11 17:00:00,13.3,76,0.8,12.1,99,1016.8
2023-02-11 18:00:00,12.9,79,0.0,13.4,42,1017.4
2023-02-11 19:00:00,11.5,86,0.1,9.3,79,1018.1
2023-02-11 20:00:00,11.5,87,0.0,8.2,13,1018.6
2023-02-11 21:00:00,10.4,92,0.0,8.2,1,1019.1
2023-02-11 22:00:00,9.9,93,0.0,9.1,0,1019.6
2023-02-11 23:00:00,9.4,93,0.0,9.5,0,1019.9
2023-02-12 00:00:00,8.9,93,0.0,9.2,1,1020.0
2023-02-12 01:00:00,8.5,94,0.0,9.0,0,1020.5
2023-02-12 02:00:00,8.1,94,0.0,8.7,7,1020.5
2023-02-12 03:00:00,7.6,95,0.0,6.6,0,1019.8
2023-02-12 04:00:00,7.1,96,0.0,7.0,4,1019.7
2023-02-12 05:00:00,7.0,96,0.0,6.2,2,1019.7
2023-02-12 06:00:00,6.9,96,0.0,6.1,7,1019.8
2023-02-12 07:00:00,5.7,98,0.0,8.0,51,1019.9
2023-02-12 08:00:00,6.5,97,0.0,7.3,23,1020.5
2023-02-12 09:00:00,8.8,90,0.0,1.5,6,1021.1
2023-02-12 10:00:00,11.3,76,0.0,1.3,6,1021.6
2023-02-12 11:00:00,14.0,59,0.0,3.7,32,1021.6
2023-02-12 12:00:00,16.3,42,0.0,10.5,26,1021.3
2023-02-12 13:00:00,17.9,33,0.0,13.0,51,1020.5
2023-02-12 14:00:00,18.1,30,0.0,13.2,41,1019.8
2023-02-12 15:00:00,16.8,35,0.0,10.2,79,1019.6
2023-02-12 16:00:00,17.3,33,0.0,12.7,100,1019.4
2023-02-12 17:00:00,16.6,36,0.0,13.0,100,1019.3
2023-02-12 18:00:00,15.7,40,0.0,12.7,100,1019.6
2023-02-12 19:00:00,14.5,46,0.0,10.2,100,1020.3
2023-02-12 20:00:00,13.5,51,0.0,8.4,98,1020.9
2023-02-12 21:00:00,12.3,55,0.0,9.2,87,1021.1
2023-02-12 22:00:00,11.3,60,0.0,8.2,54,1021.4
2023-02-12 23:00:00,10.6,63,0.0,8.7,41,1022.0
2023-02-13 00:00:00,10.1,66,0.0,8.6,39,1022.2
2023-02-13 01:00:00,9.5,70,0.0,7.3,42,1022.4
2023-02-13 02:00:00,7.8,80,0.0,7.0,41,1022.2
2023-02-13 03:00:00,7.2,86,0.0,8.1,14,1021.6
2023-02-13 04:00:00,8.2,81,0.0,5.4,17,1021.6
2023-02-13 05:00:00,8.5,81,0.0,4.6,13,1021.4
2023-02-13 06:00:00,8.1,85,0.0,5.2,12,1021.6
2023-02-13 07:00:00,6.6,90,0.0,6.9,0,1022.0
2023-02-13 08:00:00,6.3,92,0.0,6.7,1,1022.4
2023-02-13 09:00:00,8.7,80,0.0,3.9,0,1023.0
2023-02-13 10:00:00,11.7,64,0.0,4.2,0,1023.1
2023-02-13 11:00:00,14.3,52,0.0,6.8,0,1022.8
2023-02-13 12:00:00,16.0,42,0.0,9.0,6,1022.0
2023-02-13 13:00:00,17.5,34,0.0,11.2,26,1021.0
2023-02-13 14:00:00,18.3,29,0.0,13.0,100,1019.7
2023-02-13 15:00:00,18.1,29,0.0,11.9,73,1019.5
2023-02-13 16:00:00,18.0,29,0.0,12.3,90,1019.2
2023-02-13 17:00:00,17.5,30,0.0,13.0,93,1019.0
2023-02-13 18:00:00,16.8,34,0.0,13.3,81,1019.2
2023-02-13 19:00:00,15.7,39,0.0,12.4,89,1019.5
2023-02-13 20:00:00,14.3,47,0.0,15.0,26,1020.0
2023-02-13 21:00:00,12.9,54,0.0,12.3,44,1020.3
2023-02-13 22:00:00,12.3,57,0.0,10.8,23,1020.3
2023-02-13 23:00:00,11.2,63,0.0,8.7,1,1020.5
2023-02-14 00:00:00,10.1,69,0.0,6.9,6,1020.4
2023-02-14 01:00:00,8.9,77,0.0,5.9,13,1020.5
2023-02-14 02:00:00,7.8,85,0.0,5.5,1,1020.2
2023-02-14 03:00:00,7.9,88,0.0,5.7,0,1019.4
2023-02-14 04:00:00,7.2,92,0.0,5.8,0,1019.2
2023-02-14 05:00:00,6.8,93,0.0,5.5,0,1018.9
2023-02-14 06:00:00,5.9,95,0.0,7.6,0,1018.7
2023-02-14 07:00:00,5.7,95,0.0,8.6,0,1019.0
2023-02-14 08:00:00,5.9,94,0.0,8.4,0,1018.9
2023-02-14 09:00:00,8.9,82,0.0,4.4,0,1019.2
2023-02-14 10:00:00,12.0,67,0.0,6.2,0,1019.2
2023-02-14 11:00:00,14.7,50,0.0,11.7,22,1018.8
2023-02-14 12:00:00,16.0,41,0.1,12.9,39,1018.2
2023-02-14 13:00:00,17.1,36,0.1,12.8,42,1017.2
2023-02-14 14:00:00,17.5,34,0.1,13.4,66,1016.4
2023-02-14 15:00:00,16.6,38,0.0,9.8,51,1015.9
2023-02-14 16:00:00,16.9,37,0.0,9.5,47,1015.6
2023-02-14 17:00:00,16.5,38,0.0,10.5,44,1015.5
2023-02-14 18:00:00,15.5,42,0.0,12.4,98,1015.9
2023-02-14 19:00:00,12.6,68,0.0,10.9,84,1016.8
2023-02-14 20:00:00,12.1,71,0.0,5.9,44,1017.3
2023-02-14 21:00:00,10.9,81,0.0,5.2,41,1017.5
2023-02-14 22:00:00,10.1,87,0.0,5.5,30,1017.6
2023-02-14 23:00:00,9.4,92,0.0,5.4,18,1017.7
2023-02-15 00:00:00,8.6,94,0.0,6.4,4,1017.8
2023-02-15 01:00:00,7.9,94,0.0,6.4,0,1017.7
2023-02-15 02:00:00,7.4,95,0.0,6.5,0,1017.7
2023-02-15 03:00:00,6.8,95,0.0,9.2,0,1017.4
2023-02-15 04:00:00,6.8,95,0.0,7.4,0,1017.3
2023-02-15 05:00:00,6.1,97,0.0,9.9,4,1017.2
2023-02-15 06:00:00,6.4,96,0.0,9.7,10,1017.4
2023-02-15 07:00:00,7.2,95,0.0,7.7,16,1018.1
2023-02-15 08:00:00,7.2,95,0.0,7.0,15,1018.6
2023-02-15 09:00:00,9.1,86,0.0,3.4,14,1019.1
2023-02-15 10:00:00,11.5,74,0.0,5.2,9,1019.6
2023-02-15 11:00:00,13.8,61,0.0,8.7,36,1019.4
2023-02-15 12:00:00,15.1,52,0.1,7.4,29,1019.1
2023-02-15 13:00:00,16.3,45,0.1,8.4,36,1018.6
2023-02-15 14:00:00,17.2,40,0.1,9.2,50,1017.8
2023-02-15 15:00:00,17.2,38,0.0,10.0,65,1017.8
2023-02-15 16:00:00,17.1,38,0.0,10.4,99,1017.9
2023-02-15 17:00:00,16.8,40,0.0,10.4,72,1018.1
2023-02-15 18:00:00,16.2,41,0.0,10.4,98,1018.5
2023-02-15 19:00:00,15.4,45,0.0,9.9,57,1019.0
2023-02-15 20:00:00,13.9,51,0.0,8.2,55,1019.6
2023-02-15 21:00:00,13.2,54,0.0,9.2,64,1020.1
2023-02-15 22:00:00,12.9,57,0.0,8.6,15,1020.6
2023-02-15 23:00:00,10.1,70,0.0,9.3,37,1020.7
2023-02-16 00:00:00,10.7,69,0.0,6.6,4,1020.9
2023-02-16 01:00:00,8.6,81,0.0,9.0,11,1021.2
2023-02-16 02:00:00,7.9,85,0.0,10.1,15,1021.2
2023-02-16 03:00:00,8.4,85,0.0,10.2,25,1021.1
2023-02-16 04:00:00,7.8,87,0.0,10.5,2,1021.0
2023-02-16 05:00:00,7.4,88,0.0,10.5,10,1021.1
2023-02-16 06:00:00,7.3,87,0.0,10.1,15,1021.2
2023-02-16 07:00:00,6.9,89,0.0,10.1,10,1021.4
2023-02-16 08:00:00,7.3,89,0.0,9.3,11,1021.9
2023-02-16 09:00:00,10.6,74,0.0,4.3,2,1022.5
2023-02-16 10:00:00,13.3,63,0.0,5.0,6,1022.9
2023-02-16 11:00:00,15.8,51,0.0,7.1,23,1023.0
2023-02-16 12:00:00,17.2,43,0.0,8.8,51,1022.5
2023-02-16 13:00:00,18.1,37,0.0,11.9,98,1022.4
2023-02-16 14:00:00,17.9,37,0.0,13.6,39,1021.9
2023-02-16 15:00:00,18.3,32,0.0,14.4,56,1021.6
2023-02-16 16:00:00,17.5,36,0.0,11.8,96,1021.4
2023-02-16 17:00:00,17.4,36,0.0,10.6,58,1021.4
2023-02-16 18:00:00,17.0,37,0.0,9.0,32,1021.6
2023-02-16 19:00:00,14.1,46,0.0,7.0,27,1021.8
2023-02-16 20:00:00,13.6,49,0.0,7.8,40,1022.7
2023-02-16 21:00:00,13.7,57,0.0,13.1,12,1023.5
2023-02-16 22:00:00,12.4,67,0.0,9.4,9,1024.0
2023-02-16 23:00:00,11.3,76,0.0,7.4,3,1024.2
2023-02-17 00:00:00,10.2,82,0.0,6.3,0,1024.5
2023-02-17 01:00:00,9.3,88,0.0,6.1,1,1024.7
2023-02-17 02:00:00,8.7,90,0.0,5.9,0,1024.9
2023-02-17 03:00:00,8.4,93,0.0,7.3,0,1024.3
2023-02-17 04:00:00,8.2,93,0.0,6.2,0,1024.2
2023-02-17 05:00:00,7.1,96,0.0,8.7,0,1024.4
2023-02-17 06:00:00,6.7,97,0.0,8.4,0,1024.1
2023-02-17 07:00:00,6.3,97,0.0,8.8,0,1024.4
2023-02-17 08:00:00,6.6,98,0.0,6.9,0,1025.1
2023-02-17 09:00:00,9.9,85,0.0,6.2,0,1025.8
2023-02-17 10:00:00,12.9,69,0.0,7.3,0,1025.9
2023-02-17 11:00:00,15.9,55,0.0,12.2,0,1025.7
2023-02-17 12:00:00,17.7,46,0.0,18.6,26,1025.3
2023-02-17 13:00:00,18.7,40,0.0,18.6,48,1024.8
2023-02-17 14:00:00,19.3,36,0.0,18.1,52,1024.1
2023-02-17 15:00:00,19.2,36,0.0,17.1,27,1023.7
2023-02-17 16:00:00,19.3,35,0.0,16.7,80,1023.4
2023-02-17 17:00:00,19.0,36,0.0,18.6,86,1023.2
2023-02-17 18:00:00,17.9,43,0.0,17.7,31,1023.5
2023-02-17 19:00:00,16.9,45,0.0,12.9,100,1023.8
2023-02-17 20:00:00,16.5,45,0.0,16.3,100,1024.5
2023-02-17 21:00:00,15.2,50,0.0,19.9,14,1025.1
2023-02-17 22:00:00,13.4,56,0.0,17.6,1,1025.4
2023-02-17 23:00:00,12.5,58,0.0,15.1,0,1025.7
2023-02-18 00:00:00,11.5,62,0.0,10.9,0,1025.8
2023-02-18 01:00:00,10.5,66,0.0,9.4,0,1025.5
2023-02-18 02:00:00,9.7,71,0.0,8.8,0,1025.3
2023-02-18 03:00:00,9.2,76,0.0,8.2,0,1024.9
2023-02-18 04:00:00,8.5,81,0.0,8.0,0,1024.6
2023-02-18 05:00:00,8.0,83,0.0,7.9,0,1024.2
2023-02-18 06:00:00,7.5,86,0.0,8.0,1,1024.2
2023-02-18 07:00:00,7.2,90,0.0,7.7,0,1024.4
2023-02-18 08:00:00,7.2,91,0.0,6.9,0,1024.7
2023-02-18 09:00:00,9.7,77,0.0,7.6,0,1025.1
2023-02-18 10:00:00,13.2,61,0.0,8.4,0,1025.4
2023-02-18 11:00:00,16.2,50,0.0,16.6,0,1025.1
2023-02-18 12:00:00,17.8,44,0.0,19.1,4,1024.7
2023-02-18 13:00:00,19.2,37,0.0,17.3,0,1023.9
2023-02-18 14:00:00,20.2,33,0.0,16.6,0,1022.8
2023-02-18 15:00:00,19.9,34,0.0,16.5,0,1022.7
2023-02-18 16:00:00,20.2,34,0.0,17.7,0,1022.3
2023-02-18 17:00:00,19.7,35,0.0,17.7,0,1022.0
2023-02-18 18:00:00,18.5,37,0.0,17.4,0,1022.0
2023-02-18 19:00:00,16.4,44,0.0,15.3,0,1022.4
2023-02-18 20:00:00,15.1,48,0.0,16.0,0,1022.9
2023-02-18 21:00:00,14.1,52,0.0,16.1,0,1023.4
2023-02-18 22:00:00,13.1,57,0.0,15.4,0,1023.7
2023-02-18 23:00:00,12.3,62,0.0,14.3,0,1024.0
2023-02-19 00:00:00,11.4,67,0.0,12.6,0,1024.3
2023-02-19 01:00:00,10.3,72,0.0,11.3,0,1024.4
2023-02-19 02:00:00,9.7,76,0.0,11.0,0,1024.3
2023-02-19 03:00:00,9.5,79,0.0,10.7,1,1023.4
2023-02-19 04:00:00,9.3,81,0.0,9.5,6,1023.0
2023-02-19 05:00:00,8.9,84,0.0,9.3,2,1022.5
2023-02-19 06:00:00,8.4,88,0.0,8.1,5,1022.3
2023-02-19 07:00:00,8.0,91,0.0,8.0,7,1022.8
2023-02-19 08:00:00,8.0,93,0.0,8.0,4,1023.2
2023-02-19 09:00:00,10.3,80,0.0,8.7,8,1023.9
2023-02-19 10:00:00,13.4,66,0.0,10.6,20,1023.7
2023-02-19 11:00:00,16.4,54,0.0,18.5,47,1023.5
2023-02-19 12:00:00,18.1,48,0.0,17.8,22,1022.8
2023-02-19 13:00:00,19.5,43,0.0,16.2,18,1021.9
2023-02-19 14:00:00,20.7,38,0.0,15.4,8,1020.7
2023-02-19 15:00:00,20.5,37,0.0,15.5,1,1020.6
2023-02-19 16:00:00,21.0,35,0.0,15.3,1,1020.1
2023-02-19 17:00:00,20.7,36,0.0,15.4,0,1019.6
2023-02-19 18:00:00,19.6,39,0.0,15.0,0,1019.6
2023-02-19 19:00:00,17.5,45,0.0,13.7,0,1019.9
2023-02-19 20:00:00,16.2,49,0.0,14.9,0,1020.1
2023-02-19 21:00:00,15.1,54,0.0,16.0,0,1021.0
2023-02-19 22:00:00,13.8,60,0.0,15.7,0,1021.4
2023-02-19 23:00:00,12.8,68,0.0,13.7,0,1021.9
2023-02-20 00:00:00,11.8,75,0.0,11.5,0,1022.0
2023-02-20 01:00:00,10.9,80,0.0,10.8,0,1021.9
2023-02-20 02:00:00,10.2,84,0.0,10.1,0,1021.5
2023-02-20 03:00:00,9.9,86,0.0,10.1,3,1020.7
2023-02-20 04:00:00,9.7,87,0.0,8.7,0,1020.5
2023-02-20 05:00:00,9.3,90,0.0,8.0,6,1020.4
2023-02-20 06:00:00,8.9,93,0.0,7.6,8,1020.3
2023-02-20 07:00:00,8.5,94,0.0,6.5,7,1020.5
2023-02-20 08:00:00,8.5,95,0.0,6.1,15,1020.8
2023-02-20 09:00:00,11.0,81,0.0,6.8,12,1021.2
2023-02-20 10:00:00,14.1,65,0.0,9.0,2,1021.3
2023-02-20 11:00:00,17.0,54,0.0,16.6,59,1021.2
2023-02-20 12:00:00,18.6,45,0.0,14.4,22,1020.4
2023-02-20 13:00:00,19.8,42,0.0,14.1,19,1019.5
2023-02-20 14:00:00,20.9,37,0.0,14.0,4,1018.5
2023-02-20 15:00:00,20.2,38,0.0,14.8,5,1018.3
2023-02-20 16:00:00,20.3,38,0.0,14.4,42,1018.0
2023-02-20 17:00:00,19.9,38,0.0,14.4,10,1017.8
2023-02-20 18:00:00,18.9,39,0.0,13.7,1,1017.9
2023-02-20 19:00:00,17.0,46,0.0,10.2,0,1018.3
2023-02-20 20:00:00,15.8,50,0.0,17.0,10,1018.6
2023-02-20 21:00:00,14.9,53,0.0,14.5,12,1019.5
2023-02-20 22:00:00,13.8,57,0.0,12.3,18,1019.9
2023-02-20 23:00:00,12.8,62,0.0,10.5,23,1020.0
2023-02-21 00:00:00,11.9,68,0.0,9.0,38,1019.9
2023-02-21 01:00:00,11.3,72,0.0,7.2,100,1019.9
2023-02-21 02:00:00,10.4,77,0.0,5.5,78,1019.7
2023-02-21 03:00:00,10.0,79,0.0,7.3,45,1019.1
2023-02-21 04:00:00,11.6,72,0.0,3.6,100,1019.1
2023-02-21 05:00:00,12.0,70,0.0,1.5,100,1018.8
2023-02-21 06:00:00,12.0,70,0.0,3.4,100,1018.8
2023-02-21 07:00:00,11.7,74,0.0,2.4,100,1019.1
2023-02-21 08:00:00,11.9,72,0.0,5.2,50,1019.3
2023-02-21 09:00:00,13.5,63,0.0,4.3,99,1019.7
2023-02-21 10:00:00,15.1,55,0.0,5.6,100,1020.0
2023-02-21 11:00:00,16.8,49,0.0,12.2,100,1020.0
2023-02-21 12:00:00,18.0,44,0.0,11.8,65,1019.4
2023-02-21 13:00:00,19.5,38,0.0,10.5,73,1018.7
2023-02-21 14:00:00,20.3,37,0.0,10.4,27,1017.7
2023-02-21 15:00:00,20.1,39,0.0,9.8,40,1017.4
2023-02-21 16:00:00,21.0,35,0.0,7.4,23,1016.9
2023-02-21 17:00:00,20.9,35,0.0,8.8,10,1016.4
2023-02-21 18:00:00,20.0,38,0.0,11.6,8,1016.3
2023-02-21 19:00:00,17.8,46,0.0,10.9,1,1016.1
2023-02-21 20:00:00,16.4,51,0.0,8.4,0,1016.4
2023-02-21 21:00:00,14.8,58,0.0,6.2,7,1016.9
2023-02-21 22:00:00,13.9,64,0.0,6.7,10,1017.1
2023-02-21 23:00:00,13.4,68,0.0,7.3,9,1017.2
2023-02-22 00:00:00,12.5,74,0.0,6.3,12,1017.3
2023-02-22 01:00:00,11.3,83,0.0,6.5,4,1017.2
2023-02-22 02:00:00,10.1,90,0.0,7.6,1,1017.0
2023-02-22 03:00:00,10.4,92,0.0,5.8,0,1016.4
2023-02-22 04:00:00,10.0,94,0.0,5.0,0,1015.9
2023-02-22 05:00:00,9.3,97,0.0,6.2,0,1015.6
2023-02-22 06:00:00,8.8,98,0.0,7.1,0,1015.5
2023-02-22 07:00:00,8.6,99,0.0,7.1,8,1015.9
2023-02-22 08:00:00,8.8,100,0.0,6.2,37,1016.3
2023-02-22 09:00:00,12.0,86,0.0,4.3,7,1016.7
2023-02-22 10:00:00,14.9,70,0.0,4.5,0,1016.8
2023-02-22 11:00:00,17.5,55,0.0,6.5,28,1016.7
2023-02-22 12:00:00,19.2,45,0.0,8.7,66,1016.2
2023-02-22 13:00:00,20.2,40,0.0,8.6,100,1015.4
2023-02-22 14:00:00,20.5,40,0.0,9.4,100,1014.6
2023-02-22 15:00:00,19.9,41,0.0,11.2,39,1014.3
2023-02-22 16:00:00,20.0,42,0.0,11.1,63,1014.0
2023-02-22 17:00:00,19.5,44,0.0,12.1,100,1014.1
2023-02-22 18:00:00,18.6,47,0.0,10.9,68,1014.3
2023-02-22 19:00:00,17.0,52,0.0,6.2,3,1014.4
2023-02-22 20:00:00,14.5,60,0.0,7.9,4,1014.3
2023-02-22 21:00:00,16.1,53,0.0,2.2,28,1014.7
2023-02-22 22:00:00,12.7,68,0.0,7.6,41,1014.8
2023-02-22 23:00:00,13.5,70,0.0,6.6,100,1015.0
2023-02-23 00:00:00,13.4,75,0.0,3.9,98,1015.2
2023-02-23 01:00:00,13.9,77,0.0,7.0,100,1015.4
2023-02-23 02:00:00,13.3,81,0.0,4.0,100,1015.3
2023-02-23 03:00:00,11.1,90,0.0,6.9,100,1014.6
2023-02-23 04:00:00,11.2,88,0.0,4.2,59,1014.1
2023-02-23 05:00:00,10.5,90,0.0,5.8,17,1013.9
2023-02-23 06:00:00,9.3,93,0.0,8.4,18,1013.9
2023-02-23 07:00:00,9.4,91,0.0,6.5,21,1014.2
2023-02-23 08:00:00,9.7,92,0.0,5.5,29,1014.6
2023-02-23 09:00:00,13.0,75,0.0,3.9,40,1015.2
2023-02-23 10:00:00,15.8,66,0.0,4.0,39,1015.4
2023-02-23 11:00:00,17.8,56,0.1,5.9,77,1015.2
2023-02-23 12:00:00,18.9,48,0.1,8.4,78,1014.8
2023-02-23 13:00:00,19.5,46,0.1,10.4,100,1014.4
2023-02-23 14:00:00,19.8,46,0.0,10.7,100,1013.9
2023-02-23 15:00:00,19.9,42,0.0,9.1,57,1013.5
2023-02-23 16:00:00,19.9,42,0.0,9.5,100,1013.2
2023-02-23 17:00:00,19.9,43,0.0,9.7,96,1013.2
2023-02-23 18:00:00,19.6,44,0.0,7.5,24,1013.2
2023-02-23 19:00:00,17.6,50,0.0,5.8,48,1013.2
2023-02-23 20:00:00,16.7,56,0.0,6.5,30,1013.5
2023-02-23 21:00:00,15.8,61,0.0,6.9,18,1014.1
2023-02-23 22:00:00,15.5,63,0.0,10.7,27,1014.6
2023-02-23 23:00:00,15.0,67,0.0,9.8,14,1014.8
2023-02-24 00:00:00,14.2,71,0.0,9.2,29,1014.7
2023-02-24 01:00:00,13.2,75,0.0,6.2,12,1014.7
2023-02-24 02:00:00,11.2,86,0.0,8.4,0,1014.5
2023-02-24 03:00:00,10.9,88,0.0,7.5,1,1014.2
2023-02-24 04:00:00,11.0,88,0.0,5.4,9,1014.3
2023-02-24 05:00:00,11.0,88,0.0,6.4,7,1014.2
2023-02-24 06:00:00,10.3,93,0.0,5.8,1,1014.2
2023-02-24 07:00:00,9.2,96,0.0,6.6,0,1014.4
2023-02-24 08:00:00,9.5,97,0.0,5.3,0,1014.8
2023-02-24 09:00:00,12.6,81,0.0,3.4,0,1015.3
2023-02-24 10:00:00,15.5,65,0.0,3.3,0,1015.7
2023-02-24 11:00:00,18.0,54,0.0,2.9,2,1015.7
2023-02-24 12:00:00,20.1,43,0.0,4.7,21,1015.1
2023-02-24 13:00:00,21.3,37,0.0,5.9,60,1014.5
2023-02-24 14:00:00,21.6,34,0.0,8.0,100,1013.5
2023-02-24 15:00:00,19.8,42,0.0,9.7,100,1013.7
2023-02-24 16:00:00,20.6,40,0.0,8.2,65,1013.3
2023-02-24 17:00:00,20.4,40,0.0,8.9,75,1013.3
2023-02-24 18:00:00,19.9,42,0.0,8.9,72,1013.5
2023-02-24 19:00:00,18.1,48,0.0,4.2,62,1013.7
2023-02-24 20:00:00,17.2,52,0.0,5.4,35,1014.2
2023-02-24 21:00:00,15.8,58,0.0,6.0,31,1014.7
2023-02-24 22:00:00,15.3,62,0.0,6.2,28,1015.1
2023-02-24 23:00:00,15.0,65,0.0,7.7,16,1015.4
2023-02-25 00:00:00,13.5,73,0.0,5.8,7,1015.5
2023-02-25 01:00:00,12.6,79,0.0,5.8,12,1015.4
2023-02-25 02:00:00,11.5,87,0.0,6.2,1,1015.4
2023-02-25 03:00:00,11.0,91,0.0,7.2,1,1015.0
2023-02-25 04:00:00,10.4,93,0.0,6.6,0,1014.7
2023-02-25 05:00:00,10.1,94,0.0,6.8,0,1014.7
2023-02-25 06:00:00,9.9,95,0.0,6.1,0,1014.6
2023-02-25 07:00:00,10.2,96,0.0,5.2,0,1015.0
2023-02-25 08:00:00,10.2,97,0.0,3.6,19,1015.5
2023-02-25 09:00:00,13.0,82,0.0,3.6,6,1016.4
2023-02-25 10:00:00,16.0,63,0.0,3.9,0,1016.9
2023-02-25 11:00:00,18.5,51,0.0,3.6,0,1016.6
2023-02-25 12:00:00,20.4,43,0.0,4.5,3,1016.3
2023-02-25 13:00:00,22.1,34,0.0,6.6,37,1015.3
2023-02-25 14:00:00,23.0,27,0.0,9.5,100,1014.3
2023-02-25 15:00:00,22.4,32,0.0,8.2,31,1014.0
2023-02-25 16:00:00,22.7,29,0.0,8.6,61,1013.9
2023-02-25 17:00:00,22.5,29,0.0,6.9,22,1013.7
2023-02-25 18:00:00,21.8,30,0.0,6.8,6,1013.9
2023-02-25 19:00:00,18.2,39,0.0,6.7,3,1014.1
2023-02-25 20:00:00,18.0,41,0.0,8.2,5,1014.9
2023-02-25 21:00:00,16.9,46,0.0,6.7,2,1015.5
2023-02-25 22:00:00,14.6,54,0.0,8.0,1,1015.7
2023-02-25 23:00:00,14.8,58,0.0,12.6,0,1016.3
2023-02-26 00:00:00,14.2,66,0.0,10.8,0,1016.5
2023-02-26 01:00:00,13.4,74,0.0,8.9,0,1016.7
2023-02-26 02:00:00,12.4,82,0.0,6.5,0,1016.5
2023-02-26 03:00:00,12.0,86,0.0,7.0,0,1016.4
2023-02-26 04:00:00,11.8,88,0.0,6.1,0,1016.0
2023-02-26 05:00:00,10.8,92,0.0,6.2,0,1015.9
2023-02-26 06:00:00,9.8,94,0.0,8.5,0,1016.2
2023-02-26 07:00:00,9.6,93,0.0,8.9,0,1016.7
2023-02-26 08:00:00,10.2,93,0.0,7.2,0,1017.3
2023-02-26 09:00:00,14.1,73,0.0,4.4,0,1018.0
2023-02-26 10:00:00,17.3,57,0.0,7.1,0,1018.5
2023-02-26 11:00:00,19.5,45,0.0,11.4,0,1018.4
2023-02-26 12:00:00,20.9,39,0.0,12.1,0,1018.0
2023-02-26 13:00:00,22.0,35,0.0,11.3,0,1017.3
2023-02-26 14:00:00,22.8,32,0.0,10.8,0,1016.4
2023-02-26 15:00:00,23.1,28,0.0,10.6,0,1016.1
2023-02-26 16:00:00,23.6,25,0.0,11.0,0,1016.0
2023-02-26 17:00:00,23.1,25,0.0,11.0,0,1016.2
2023-02-26 18:00:00,22.1,27,0.0,9.3,0,1016.4
2023-02-26 19:00:00,18.1,38,0.0,9.4,0,1016.9
2023-02-26 20:00:00,17.4,42,0.0,8.3,0,1017.3
2023-02-26 21:00:00,18.1,41,0.0,9.2,0,1017.8
2023-02-26 22:00:00,17.2,45,0.0,12.2,0,1018.2
2023-02-26 23:00:00,15.9,60,0.0,13.7,0,1018.6
2023-02-27 00:00:00,14.9,72,0.0,12.8,6,1019.0
2023-02-27 01:00:00,14.0,78,0.0,12.2,90,1019.0
2023-02-27 02:00:00,13.4,83,0.0,11.9,71,1018.6
2023-02-27 03:00:00,12.7,89,0.0,11.5,31,1019.0
2023-02-27 04:00:00,12.4,91,0.0,10.2,0,1018.6
2023-02-27 05:00:00,12.0,92,0.0,8.1,0,1018.7
2023-02-27 06:00:00,11.5,93,0.0,8.8,0,1018.9
2023-02-27 07:00:00,11.2,94,0.0,10.4,0,1019.1
2023-02-27 08:00:00,11.2,94,0.0,11.5,0,1019.1
2023-02-27 09:00:00,13.8,80,0.0,11.1,0,1019.2
2023-02-27 10:00:00,16.5,68,0.0,14.1,0,1019.5
2023-02-27 11:00:00,19.3,55,0.0,14.8,0,1019.3
2023-02-27 12:00:00,22.4,41,0.0,14.6,0,1018.7
2023-02-27 13:00:00,24.8,30,0.0,15.7,0,1017.8
2023-02-27 14:00:00,26.4,23,0.0,15.3,0,1016.7
2023-02-27 15:00:00,26.7,22,0.0,13.2,0,1016.4
2023-02-27 16:00:00,27.3,19,0.0,12.0,0,1016.0
2023-02-27 17:00:00,27.0,18,0.0,11.5,0,1015.8
2023-02-27 18:00:00,25.8,19,0.0,10.2,0,1015.8
2023-02-27 19:00:00,22.9,25,0.0,10.0,0,1016.1
2023-02-27 20:00:00,21.6,33,0.0,11.7,0,1016.5
2023-02-27 21:00:00,20.5,41,0.0,11.8,0,1016.9
2023-02-27 22:00:00,19.2,54,0.0,12.7,0,1017.3
2023-02-27 23:00:00,17.4,69,0.0,11.5,0,1017.7
2023-02-28 00:00:00,16.2,77,0.0,12.1,0,1017.9
2023-02-28 01:00:00,15.2,84,0.0,10.3,0,1017.7
2023-02-28 02:00:00,14.4,89,0.0,9.8,0,1017.3
2023-02-28 03:00:00,14.0,91,0.0,10.9,0,1016.8
2023-02-28 04:00:00,13.4,93,0.0,10.4,0,1016.4
2023-02-28 05:00:00,12.9,95,0.0,10.9,0,1016.1
2023-02-28 06:00:00,12.5,95,0.0,9.8,0,1016.1
2023-02-28 07:00:00,12.2,94,0.0,9.0,0,1016.2
2023-02-28 08:00:00,12.4,91,0.0,8.3,0,1016.3
2023-02-28 09:00:00,15.2,76,0.0,8.4,0,1016.5
2023-02-28 10:00:00,18.8,57,0.0,6.9,0,1016.7
2023-02-28 11:00:00,22.7,41,0.0,4.3,0,1016.5
2023-02-28 12:00:00,26.2,30,0.0,1.8,0,1015.6
2023-02-28 13:00:00,29.1,21,0.0,0.8,0,1014.8
2023-02-28 14:00:00,30.7,15,0.0,2.9,0,1013.4
2023-02-28 15:00:00,30.6,13,0.0,4.4,0,1013.0
2023-02-28 16:00:00,31.2,11,0.0,5.1,0,1012.6
2023-02-28 17:00:00,30.8,10,0.0,5.6,0,1012.3
2023-02-28 18:00:00,29.5,11,0.0,5.2,0,1012.3
2023-02-28 19:00:00,24.7,15,0.0,6.9,0,1012.3
2023-02-28 20:00:00,22.1,19,0.0,8.8,0,1012.6
2023-02-28 21:00:00,23.7,19,0.0,4.7,0,1013.0
2023-02-28 22:00:00,21.0,22,0.0,5.9,0,1013.3
2023-02-28 23:00:00,17.9,29,0.0,8.2,0,1013.4
2023-03-01 00:00:00,16.2,36,0.0,8.2,0,1013.4
2023-03-01 01:00:00,15.0,42,0.0,5.9,0,1013.4
2023-03-01 02:00:00,17.3,36,0.0,1.1,0,1012.9
2023-03-01 03:00:00,16.2,34,0.0,4.6,0,1012.4
2023-03-01 04:00:00,14.4,39,0.0,6.6,0,1012.3
2023-03-01 05:00:00,13.6,41,0.0,8.9,0,1012.1
2023-03-01 06:00:00,13.6,39,0.0,7.2,0,1012.1
2023-03-01 07:00:00,14.0,36,0.0,7.6,0,1012.7
2023-03-01 08:00:00,14.4,35,0.0,8.3,0,1013.0
2023-03-01 09:00:00,18.0,27,0.0,9.8,0,1013.5
2023-03-01 10:00:00,22.5,20,0.0,8.7,0,1013.7
2023-03-01 11:00:00,26.3,16,0.0,8.6,0,1013.7
2023-03-01 12:00:00,29.2,12,0.0,9.0,0,1013.4
2023-03-01 13:00:00,30.9,10,0.0,9.0,0,1012.8
2023-03-01 14:00:00,31.8,9,0.0,9.2,0,1011.9
2023-03-01 15:00:00,31.5,9,0.0,6.0,0,1011.3
2023-03-01 16:00:00,31.9,9,0.0,4.7,0,1010.6
2023-03-01 17:00:00,31.5,8,0.0,4.7,0,1010.3
2023-03-01 18:00:00,30.0,9,0.0,5.2,0,1010.4
2023-03-01 19:00:00,24.8,12,0.0,8.5,0,1010.4
2023-03-01 20:00:00,22.8,14,0.0,8.0,0,1010.8
2023-03-01 21:00:00,20.9,16,0.0,9.2,0,1011.3
2023-03-01 22:00:00,20.1,17,0.0,7.6,0,1011.5
2023-03-01 23:00:00,21.6,16,0.0,5.2,0,1011.6
2023-03-02 00:00:00,18.6,19,0.0,4.4,0,1011.7
2023-03-02 01:00:00,17.5,22,0.0,4.1,0,1011.7
2023-03-02 02:00:00,17.1,24,0.0,4.9,0,1011.2
2023-03-02 03:00:00,15.8,23,0.0,7.5,0,1010.7
2023-03-02 04:00:00,15.3,25,0.0,8.2,0,1010.2
2023-03-02 05:00:00,14.9,27,0.0,8.8,0,1009.8
2023-03-02 06:00:00,15.5,27,0.0,8.3,0,1009.6
2023-03-02 07:00:00,15.7,26,0.0,10.2,0,1009.9
2023-03-02 08:00:00,16.2,25,0.0,12.0,0,1010.1
2023-03-02 09:00:00,19.8,20,0.0,12.8,0,1010.3
2023-03-02 10:00:00,23.8,16,0.0,12.2,3,1010.4
2023-03-02 11:00:00,27.6,12,0.0,14.4,0,1010.2
2023-03-02 12:00:00,30.5,11,0.0,16.9,0,1009.6
2023-03-02 13:00:00,32.8,9,0.0,19.7,0,1008.6
2023-03-02 14:00:00,33.9,9,0.0,22.1,0,1007.7
2023-03-02 15:00:00,33.8,9,0.0,23.3,0,1006.8
2023-03-02 16:00:00,34.5,7,0.0,28.4,0,1006.0
2023-03-02 17:00:00,33.7,7,0.0,29.0,0,1005.7
2023-03-02 18:00:00,32.8,7,0.0,24.7,0,1005.6
2023-03-02 19:00:00,30.9,8,0.0,19.8,0,1005.5
2023-03-02 20:00:00,29.3,7,0.0,19.2,0,1006.6
2023-03-02 21:00:00,27.9,8,0.0,18.7,0,1007.8
2023-03-02 22:00:00,26.6,10,0.0,20.0,0,1009.1
2023-03-02 23:00:00,24.2,14,0.0,18.9,0,1010.1
2023-03-03 00:00:00,21.2,38,0.0,18.5,0,1011.1
2023-03-03 01:00:00,19.5,52,0.0,14.8,0,1011.4
2023-03-03 02:00:00,18.6,57,0.0,11.3,0,1011.7
2023-03-03 03:00:00,17.9,64,0.0,10.0,0,1011.8
2023-03-03 04:00:00,15.5,73,0.0,9.7,0,1011.9
2023-03-03 05:00:00,17.0,66,0.0,4.8,0,1011.9
2023-03-03 06:00:00,16.4,68,0.0,3.6,0,1012.4
2023-03-03 07:00:00,13.6,82,0.0,8.8,0,1013.6
2023-03-03 08:00:00,14.2,83,0.0,7.6,0,1014.3
2023-03-03 09:00:00,16.8,73,0.0,2.9,0,1015.4
2023-03-03 10:00:00,19.2,63,0.0,5.0,0,1015.8
2023-03-03 11:00:00,21.6,52,0.0,5.5,0,1016.0
2023-03-03 12:00:00,23.9,41,0.0,4.0,0,1015.7
2023-03-03 13:00:00,26.0,32,0.0,4.7,0,1014.9
2023-03-03 14:00:00,27.5,26,0.0,6.3,0,1014.2
2023-03-03 15:00:00,27.6,26,0.0,8.1,0,1014.0
2023-03-03 16:00:00,28.1,23,0.0,9.2,0,1013.6
2023-03-03 17:00:00,27.7,23,0.0,9.4,0,1013.6
2023-03-03 18:00:00,26.5,25,0.0,7.9,0,1013.5
2023-03-03 19:00:00,22.5,34,0.0,8.5,0,1013.6
2023-03-03 20:00:00,21.1,39,0.0,9.1,0,1014.2
2023-03-03 21:00:00,20.1,41,0.0,8.4,0,1015.2
2023-03-03 22:00:00,20.2,39,0.0,14.4,0,1016.1
2023-03-03 23:00:00,18.7,46,0.0,10.5,0,1016.4
2023-03-04 00:00:00,17.7,53,0.0,10.5,0,1016.7
2023-03-04 01:00:00,16.7,59,0.0,10.1,0,1016.8
2023-03-04 02:00:00,15.8,64,0.0,8.7,0,1016.8
2023-03-04 03:00:00,15.4,65,0.0,8.3,0,1016.6
2023-03-04 04:00:00,14.7,70,0.0,6.4,0,1016.4
2023-03-04 05:00:00,14.3,75,0.0,7.6,0,1016.0
2023-03-04 06:00:00,13.8,81,0.0,7.4,0,1015.9
2023-03-04 07:00:00,13.5,83,0.0,7.6,0,1015.9
2023-03-04 08:00:00,14.4,76,0.0,8.7,0,1015.9
2023-03-04 09:00:00,17.8,58,0.0,8.1,0,1015.9
2023-03-04 10:00:00,21.8,37,0.0,9.8,0,1016.3
2023-03-04 11:00:00,24.9,25,0.0,13.3,0,1015.7
2023-03-04 12:00:00,27.0,21,0.0,13.7,0,1014.8
2023-03-04 13:00:00,28.8,18,0.0,11.9,0,1014.0
2023-03-04 14:00:00,30.1,16,0.0,10.5,0,1012.8
2023-03-04 15:00:00,30.1,16,0.0,10.8,0,1012.4
2023-03-04 16:00:00,30.7,15,0.0,11.0,0,1011.6
2023-03-04 17:00:00,30.4,15,0.0,11.7,0,1011.2
2023-03-04 18:00:00,29.1,17,0.0,13.6,0,1010.9
2023-03-04 19:00:00,26.3,20,0.0,14.7,0,1010.6
2023-03-04 20:00:00,25.3,21,0.0,14.2,0,1010.9
2023-03-04 21:00:00,24.2,23,0.0,12.6,0,1011.2
2023-03-04 22:00:00,23.2,27,0.0,12.3,0,1011.1
2023-03-04 23:00:00,21.9,30,0.0,8.3,0,1010.8
2023-03-05 00:00:00,20.3,32,0.0,7.6,0,1010.5
2023-03-05 01:00:00,21.9,28,0.0,3.1,0,1010.0
2023-03-05 02:00:00,21.0,30,0.0,4.6,0,1009.7
2023-03-05 03:00:00,18.8,27,0.0,10.1,0,1008.3
2023-03-05 04:00:00,20.9,23,0.0,8.9,0,1007.9
2023-03-05 05:00:00,20.0,23,0.0,6.9,5,1008.3
2023-03-05 06:00:00,19.9,23,0.0,8.4,34,1008.5
2023-03-05 07:00:00,17.2,27,0.0,9.8,0,1008.7
2023-03-05 08:00:00,20.5,21,0.0,19.5,4,1008.9
2023-03-05 09:00:00,22.9,18,0.0,19.5,0,1009.2
2023-03-05 10:00:00,26.2,14,0.0,19.5,0,1009.5
2023-03-05 11:00:00,29.0,11,0.0,21.7,33,1009.2
2023-03-05 12:00:00,31.4,9,0.0,24.3,7,1008.6
2023-03-05 13:00:00,32.8,8,0.0,24.2,35,1008.1
2023-03-05 14:00:00,33.8,7,0.0,26.7,0,1007.2
2023-03-05 15:00:00,34.3,7,0.0,24.6,0,1006.5
2023-03-05 16:00:00,34.5,7,0.0,21.8,0,1006.3
2023-03-05 17:00:00,34.5,7,0.0,18.2,0,1006.2
2023-03-05 18:00:00,30.9,16,0.0,23.9,0,1007.0
2023-03-05 19:00:00,25.6,33,0.0,22.9,0,1008.6
2023-03-05 20:00:00,22.8,45,0.0,21.9,0,1009.9
2023-03-05 21:00:00,20.9,51,0.0,18.3,0,1011.3
2023-03-05 22:00:00,19.5,55,0.0,14.8,1,1012.5
2023-03-05 23:00:00,18.2,63,0.0,13.1,0,1013.1
2023-03-06 00:00:00,17.3,69,0.0,12.9,0,1013.6
2023-03-06 01:00:00,16.5,73,0.0,11.8,0,1014.1
2023-03-06 02:00:00,15.8,76,0.0,10.6,0,1014.2
2023-03-06 03:00:00,15.2,83,0.0,8.0,0,1013.8
2023-03-06 04:00:00,14.7,86,0.0,6.3,0,1013.7
2023-03-06 05:00:00,13.4,93,0.0,6.3,0,1014.1
2023-03-06 06:00:00,13.6,91,0.0,5.8,0,1014.5
2023-03-06 07:00:00,14.0,92,0.0,3.1,0,1014.8
2023-03-06 08:00:00,13.5,95,0.0,2.4,0,1015.5
2023-03-06 09:00:00,16.4,77,0.0,1.4,0,1016.1
2023-03-06 10:00:00,18.8,56,0.0,5.6,0,1016.2
2023-03-06 11:00:00,20.6,42,0.0,10.9,4,1016.3
2023-03-06 12:00:00,21.8,38,0.0,12.5,3,1016.0
2023-03-06 13:00:00,22.9,33,0.0,13.0,2,1015.4
2023-03-06 14:00:00,23.7,29,0.0,13.8,5,1014.8
2023-03-06 15:00:00,22.5,33,0.0,13.0,8,1015.2
2023-03-06 16:00:00,23.2,30,0.0,13.4,41,1014.6
2023-03-06 17:00:00,22.8,28,0.0,14.2,1,1014.6
2023-03-06 18:00:00,22.0,29,0.0,13.4,56,1014.7
2023-03-06 19:00:00,20.3,33,0.0,12.3,0,1015.1
2023-03-06 20:00:00,18.9,38,0.0,13.2,54,1015.7
2023-03-06 21:00:00,17.9,41,0.0,12.7,23,1016.5
2023-03-06 22:00:00,16.9,46,0.0,13.8,100,1016.9
2023-03-06 23:00:00,15.9,53,0.0,12.3,100,1017.1
2023-03-07 00:00:00,14.8,61,0.0,9.7,100,1016.9
2023-03-07 01:00:00,13.8,68,0.0,6.5,100,1016.6
2023-03-07 02:00:00,12.3,78,0.0,6.5,99,1016.7
2023-03-07 03:00:00,12.1,81,0.0,7.4,23,1016.3
2023-03-07 04:00:00,11.5,85,0.0,7.4,89,1015.8
2023-03-07 05:00:00,11.5,86,0.0,6.6,80,1015.1
2023-03-07 06:00:00,10.7,91,0.0,6.3,79,1015.4
2023-03-07 07:00:00,9.9,95,0.0,7.3,83,1015.6
2023-03-07 08:00:00,11.5,93,0.0,4.6,63,1016.2
2023-03-07 09:00:00,14.2,74,0.0,4.3,87,1016.8
2023-03-07 10:00:00,16.9,60,0.0,7.3,100,1017.4
2023-03-07 11:00:00,18.6,50,0.0,12.8,94,1016.9
2023-03-07 12:00:00,20.1,41,0.0,12.6,99,1016.2
2023-03-07 13:00:00,21.3,36,0.0,12.0,100,1015.2
2023-03-07 14:00:00,22.0,33,0.0,10.4,72,1014.1
2023-03-07 15:00:00,22.8,27,0.0,10.3,7,1013.5
2023-03-07 16:00:00,23.2,25,0.0,11.8,77,1012.7
2023-03-07 17:00:00,22.6,28,0.0,13.2,59,1012.3
2023-03-07 18:00:00,21.4,31,0.0,12.9,11,1012.4
2023-03-07 19:00:00,19.6,34,0.0,6.5,7,1012.4
2023-03-07 20:00:00,18.5,42,0.0,12.5,7,1012.6
2023-03-07 21:00:00,17.6,49,0.0,10.7,57,1013.3
2023-03-07 22:00:00,16.9,51,0.0,15.9,47,1013.6
2023-03-07 23:00:00,15.9,57,0.0,13.7,28,1014.1
2023-03-08 00:00:00,15.2,61,0.0,10.8,33,1014.6
2023-03-08 01:00:00,14.4,66,0.0,8.3,32,1014.4
2023-03-08 02:00:00,13.4,72,0.0,5.4,0,1014.2
2023-03-08 03:00:00,12.7,78,0.0,6.1,0,1014.3
2023-03-08 04:00:00,11.6,86,0.0,7.0,0,1014.1
2023-03-08 05:00:00,10.9,90,0.0,8.0,0,1013.8
2023-03-08 06:00:00,10.4,92,0.0,7.9,0,1013.7
2023-03-08 07:00:00,11.3,90,0.0,5.6,0,1014.0
2023-03-08 08:00:00,11.4,91,0.0,3.7,0,1014.4
2023-03-08 09:00:00,14.5,70,0.0,1.5,0,1014.9
2023-03-08 10:00:00,17.0,57,0.0,3.1,0,1015.3
2023-03-08 11:00:00,19.0,45,0.0,4.3,0,1015.2
2023-03-08 12:00:00,20.7,37,0.0,4.6,0,1014.8
2023-03-08 13:00:00,22.2,32,0.0,5.4,0,1014.3
2023-03-08 14:00:00,23.3,27,0.0,6.2,0,1013.4
2023-03-08 15:00:00,23.6,27,0.0,7.4,0,1013.4
2023-03-08 16:00:00,24.0,25,0.0,11.4,9,1013.0
2023-03-08 17:00:00,23.6,25,0.0,13.5,27,1012.8
2023-03-08 18:00:00,22.5,26,0.0,12.4,0,1012.8
2023-03-08 19:00:00,19.8,32,0.0,6.7,0,1013.2
2023-03-08 20:00:00,18.1,36,0.0,6.8,15,1013.8
2023-03-08 21:00:00,18.3,36,0.0,9.3,0,1014.8
2023-03-08 22:00:00,17.2,40,0.0,11.3,5,1015.4
2023-03-08 23:00:00,16.1,47,0.0,9.9,2,1015.5
2023-03-09 00:00:00,15.3,52,0.0,8.4,6,1015.8
2023-03-09 01:00:00,14.6,55,0.0,7.9,6,1015.3
2023-03-09 02:00:00,14.0,57,0.0,6.7,14,1015.0
2023-03-09 03:00:00,12.7,65,0.0,8.0,9,1014.3
2023-03-09 04:00:00,11.5,71,0.0,8.6,43,1013.9
2023-03-09 05:00:00,11.1,75,0.0,7.6,24,1013.4
2023-03-09 06:00:00,12.5,68,0.0,4.8,7,1013.4
2023-03-09 07:00:00,11.0,77,0.0,4.7,21,1013.8
2023-03-09 08:00:00,11.8,72,0.0,3.8,20,1014.1
2023-03-09 09:00:00,15.6,53,0.0,3.3,4,1014.6
2023-03-09 10:00:00,19.9,36,0.0,2.5,38,1014.9
2023-03-09 11:00:00,22.8,26,0.0,2.7,25,1014.7
2023-03-09 12:00:00,24.8,20,0.0,2.4,52,1014.3
2023-03-09 13:00:00,25.9,18,0.0,3.0,19,1013.8
2023-03-09 14:00:00,27.0,16,0.0,3.4,1,1013.0
2023-03-09 15:00:00,26.4,17,0.0,4.3,23,1012.9
2023-03-09 16:00:00,26.9,16,0.0,2.9,47,1012.3
2023-03-09 17:00:00,26.5,16,0.0,4.5,4,1012.2
2023-03-09 18:00:00,25.8,17,0.0,6.4,0,1012.1
2023-03-09 19:00:00,23.4,21,0.0,11.2,0,1012.2
2023-03-09 20:00:00,22.4,24,0.0,16.6,0,1013.1
2023-03-09 21:00:00,21.8,25,0.0,15.5,0,1013.7
2023-03-09 22:00:00,20.8,27,0.0,16.6,0,1014.0
2023-03-09 23:00:00,20.2,28,0.0,14.5,0,1014.1
2023-03-10 00:00:00,19.5,29,0.0,12.6,0,1014.0
2023-03-10 01:00:00,19.0,30,0.0,10.5,0,1013.9
2023-03-10 02:00:00,18.5,30,0.0,9.6,0,1013.6
2023-03-10 03:00:00,18.4,31,0.0,9.7,0,1012.8
2023-03-10 04:00:00,16.8,34,0.0,7.4,0,1012.6
2023-03-10 05:00:00,15.7,37,0.0,9.4,0,1012.6
2023-03-10 06:00:00,13.9,43,0.0,6.5,0,1012.8
2023-03-10 07:00:00,12.8,48,0.0,6.8,0,1013.3
2023-03-10 08:00:00,13.8,47,0.0,3.3,0,1013.8
2023-03-10 09:00:00,17.9,34,0.0,2.8,0,1014.6
2023-03-10 10:00:00,21.4,26,0.0,4.1,0,1014.7
2023-03-10 11:00:00,24.5,21,0.0,5.4,0,1014.6
2023-03-10 12:00:00,26.8,17,0.0,7.2,0,1014.3
2023-03-10 13:00:00,28.2,15,0.0,8.3,0,1013.7
2023-03-10 14:00:00,28.8,14,0.0,7.8,0,1012.9
2023-03-10 15:00:00,28.6,13,0.0,8.5,0,1012.4
2023-03-10 16:00:00,28.8,13,0.0,8.4,0,1011.9
2023-03-10 17:00:00,28.6,13,0.0,6.4,0,1011.8
2023-03-10 18:00:00,27.6,14,0.0,3.3,0,1011.7
2023-03-10 19:00:00,23.0,18,0.0,8.3,0,1011.4
2023-03-10 20:00:00,21.6,20,0.0,7.9,0,1011.7
2023-03-10 21:00:00,20.9,22,0.0,7.2,0,1012.2
2023-03-10 22:00:00,19.4,26,0.0,7.1,0,1012.5
2023-03-10 23:00:00,18.9,32,0.0,12.1,0,1013.0
2023-03-11 00:00:00,17.3,48,0.0,8.7,0,1013.0
2023-03-11 01:00:00,15.2,62,0.0,9.5,0,1013.0
2023-03-11 02:00:00,14.1,72,0.0,9.4,0,1012.7
2023-03-11 03:00:00,15.3,71,0.0,8.6,0,1012.2
2023-03-11 04:00:00,13.9,81,0.0,8.2,0,1011.8
2023-03-11 05:00:00,15.4,76,0.0,5.2,0,1011.8
2023-03-11 06:00:00,15.0,80,0.0,4.2,0,1011.7
2023-03-11 07:00:00,14.6,84,0.0,3.2,0,1011.8
2023-03-11 08:00:00,13.8,90,0.0,2.9,0,1011.7
2023-03-11 09:00:00,16.7,76,0.0,1.9,0,1012.1
2023-03-11 10:00:00,19.9,60,0.0,1.1,0,1011.9
2023-03-11 11:00:00,23.0,45,0.0,1.9,0,1011.3
2023-03-11 12:00:00,25.6,33,0.0,3.6,0,1010.5
2023-03-11 13:00:00,27.3,25,0.0,6.8,0,1009.8
2023-03-11 14:00:00,28.1,21,0.0,10.0,0,1009.2
2023-03-11 15:00:00,27.5,24,0.0,11.2,0,1008.8
2023-03-11 16:00:00,27.5,23,0.0,11.2,0,1008.4
2023-03-11 17:00:00,26.8,23,0.0,11.3,33,1008.3
2023-03-11 18:00:00,25.9,24,0.0,11.3,100,1007.9
2023-03-11 19:00:00,23.1,28,0.0,5.4,98,1008.0
2023-03-11 20:00:00,21.4,30,0.0,6.9,100,1008.4
2023-03-11 21:00:00,19.7,33,0.0,10.5,100,1008.9
2023-03-11 22:00:00,19.6,35,0.0,7.1,98,1009.3
2023-03-11 23:00:00,19.1,39,0.0,13.0,99,1009.8
2023-03-12 00:00:00,17.7,50,0.0,8.7,4,1009.7
2023-03-12 01:00:00,16.9,58,0.0,7.1,0,1009.5
2023-03-12 02:00:00,15.2,68,0.0,9.7,0,1009.1
2023-03-12 03:00:00,15.1,73,0.0,8.0,0,1008.3
2023-03-12 04:00:00,14.5,74,0.0,6.2,0,1007.8
2023-03-12 05:00:00,14.8,69,0.0,8.7,0,1007.1
2023-03-12 06:00:00,14.3,70,0.0,8.6,4,1007.3
2023-03-12 07:00:00,14.2,69,0.0,10.1,0,1007.4
2023-03-12 08:00:00,15.7,60,0.0,13.4,0,1007.7
2023-03-12 09:00:00,19.2,45,0.0,12.6,0,1008.0
2023-03-12 10:00:00,22.9,31,0.0,14.2,1,1008.4
2023-03-12 11:00:00,25.8,24,0.0,17.4,0,1008.2
2023-03-12 12:00:00,27.7,22,0.0,17.8,0,1007.6
2023-03-12 13:00:00,28.9,20,0.0,20.3,15,1007.1
2023-03-12 14:00:00,29.6,20,0.0,21.4,26,1006.3
2023-03-12 15:00:00,29.4,19,0.0,22.1,29,1005.7
2023-03-12 16:00:00,29.8,19,0.0,21.9,0,1004.9
2023-03-12 17:00:00,30.2,18,0.0,20.1,0,1004.3
2023-03-12 18:00:00,28.5,19,0.0,19.9,6,1004.4
2023-03-12 19:00:00,26.3,19,0.0,15.2,0,1004.8
2023-03-12 20:00:00,24.6,21,0.0,15.7,0,1005.6
2023-03-12 21:00:00,21.9,42,0.0,15.1,0,1006.9
2023-03-12 22:00:00,19.7,58,0.0,6.8,0,1007.4
2023-03-12 23:00:00,18.8,62,0.0,6.4,0,1007.6
2023-03-13 00:00:00,17.9,67,0.0,5.0,0,1007.9
2023-03-13 01:00:00,16.6,74,0.0,6.5,0,1007.9
2023-03-13 02:00:00,17.7,69,0.0,5.0,0,1007.6
2023-03-13 03:00:00,16.5,71,0.0,6.2,0,1007.0
2023-03-13 04:00:00,16.9,68,0.0,10.8,0,1006.7
2023-03-13 05:00:00,16.5,68,0.0,13.0,0,1006.5
2023-03-13 06:00:00,16.6,67,0.0,14.0,0,1006.7
2023-03-13 07:00:00,16.4,67,0.0,13.0,0,1007.1
2023-03-13 08:00:00,16.9,62,0.0,12.9,0,1007.4
2023-03-13 09:00:00,19.6,50,0.0,12.6,0,1007.5
2023-03-13 10:00:00,22.7,39,0.0,12.9,0,1007.7
2023-03-13 11:00:00,25.1,33,0.0,13.1,5,1007.6
2023-03-13 12:00:00,26.4,29,0.0,16.8,0,1007.3
2023-03-13 13:00:00,27.2,28,0.0,19.1,7,1006.7
2023-03-13 14:00:00,27.8,25,0.0,19.6,2,1006.0
2023-03-13 15:00:00,27.4,25,0.0,19.3,0,1005.6
2023-03-13 16:00:00,27.4,24,0.0,19.1,12,1005.2
2023-03-13 17:00:00,26.6,26,0.0,17.8,1,1005.2
2023-03-13 18:00:00,25.6,28,0.0,16.3,8,1005.3
2023-03-13 19:00:00,24.4,29,0.0,14.5,22,1005.6
2023-03-13 20:00:00,20.0,55,0.0,18.2,52,1006.6
2023-03-13 21:00:00,19.4,60,0.0,12.9,7,1007.5
2023-03-13 22:00:00,18.4,64,0.0,10.0,7,1008.0
2023-03-13 23:00:00,17.5,68,0.0,9.2,2,1008.4
2023-03-14 00:00:00,16.7,72,0.0,9.7,4,1008.7
2023-03-14 01:00:00,15.9,77,0.0,9.4,1,1008.8
2023-03-14 02:00:00,15.1,82,0.0,7.1,1,1008.9
2023-03-14 03:00:00,15.4,80,0.0,9.0,9,1008.2
2023-03-14 04:00:00,14.8,84,0.1,10.4,60,1008.2
2023-03-14 05:00:00,15.0,83,0.0,8.9,75,1008.2
2023-03-14 06:00:00,14.2,86,0.0,6.9,50,1008.1
2023-03-14 07:00:00,13.6,90,0.0,7.9,16,1008.4
2023-03-14 08:00:00,13.9,87,0.0,7.9,32,1009.1
2023-03-14 09:00:00,15.9,73,0.2,8.9,84,1009.8
2023-03-14 10:00:00,17.7,60,0.1,11.2,30,1010.0
2023-03-14 11:00:00,19.4,49,0.0,12.0,39,1009.7
2023-03-14 12:00:00,20.5,43,0.1,13.5,26,1009.3
2023-03-14 13:00:00,21.4,39,0.1,15.5,35,1009.0
2023-03-14 14:00:00,21.9,35,0.1,16.9,42,1008.2
2023-03-14 15:00:00,20.7,39,0.0,15.6,59,1007.8
2023-03-14 16:00:00,20.9,37,0.0,18.4,33,1007.1
2023-03-14 17:00:00,20.3,36,0.0,17.9,28,1007.2
2023-03-14 18:00:00,19.5,37,0.0,18.1,16,1007.3
2023-03-14 19:00:00,18.1,42,0.0,15.8,22,1007.7
2023-03-14 20:00:00,17.1,47,0.0,14.3,36,1008.6
2023-03-14 21:00:00,16.0,57,0.0,14.8,24,1009.8
2023-03-14 22:00:00,15.3,61,0.0,11.6,18,1010.2
2023-03-14 23:00:00,14.6,64,0.0,8.9,20,1010.6
2023-03-15 00:00:00,13.9,67,0.0,7.6,0,1010.6
2023-03-15 01:00:00,12.9,73,0.0,5.8,0,1010.5
2023-03-15 02:00:00,12.1,78,0.0,5.6,0,1010.4
2023-03-15 03:00:00,11.6,77,0.0,7.6,0,1009.9
2023-03-15 04:00:00,11.7,76,0.0,5.7,0,1009.8
2023-03-15 05:00:00,11.3,77,0.0,5.9,0,1009.9
2023-03-15 06:00:00,11.2,77,0.0,6.6,6,1010.3
2023-03-15 07:00:00,10.8,78,0.0,6.4,2,1010.9
2023-03-15 08:00:00,11.9,72,0.0,6.9,6,1011.5
2023-03-15 09:00:00,14.4,61,0.0,5.6,4,1012.0
2023-03-15 10:00:00,16.8,53,0.0,8.4,7,1012.3
2023-03-15 11:00:00,18.7,44,0.0,12.3,100,1012.3
2023-03-15 12:00:00,19.5,41,0.0,14.0,100,1012.1
2023-03-15 13:00:00,20.4,37,0.0,13.9,41,1011.7
2023-03-15 14:00:00,21.2,32,0.0,14.0,13,1011.1
2023-03-15 15:00:00,21.8,30,0.0,14.1,8,1010.9
2023-03-15 16:00:00,22.2,27,0.0,14.1,0,1010.4
2023-03-15 17:00:00,22.0,25,0.0,14.4,0,1010.2
2023-03-15 18:00:00,21.2,25,0.0,14.0,0,1010.3
2023-03-15 19:00:00,19.4,29,0.0,7.9,0,1010.5
2023-03-15 20:00:00,16.7,36,0.0,8.3,0,1010.8
2023-03-15 21:00:00,17.2,35,0.0,6.2,0,1011.1
2023-03-15 22:00:00,14.9,42,0.0,5.9,0,1011.2
2023-03-15 23:00:00,13.8,47,0.0,7.6,0,1011.1
2023-03-16 00:00:00,12.8,51,0.0,8.4,0,1010.8
2023-03-16 01:00:00,11.6,56,0.0,8.2,0,1010.9
2023-03-16 02:00:00,11.2,57,0.0,7.6,0,1010.6
2023-03-16 03:00:00,11.4,59,0.0,6.6,0,1010.5
2023-03-16 04:00:00,10.4,64,0.0,6.8,0,1010.4
2023-03-16 05:00:00,10.8,63,0.0,6.2,11,1010.4
2023-03-16 06:00:00,11.0,61,0.0,9.9,0,1010.6
2023-03-16 07:00:00,11.0,60,0.0,12.1,0,1010.8
2023-03-16 08:00:00,12.3,56,0.0,13.0,0,1010.9
2023-03-16 09:00:00,15.6,45,0.0,10.7,0,1011.4
2023-03-16 10:00:00,19.2,34,0.0,12.3,0,1011.5
2023-03-16 11:00:00,22.0,26,0.0,14.5,0,1011.3
2023-03-16 12:00:00,23.6,21,0.0,17.9,0,1010.9
2023-03-16 13:00:00,24.7,18,0.0,18.4,0,1010.3
2023-03-16 14:00:00,25.7,16,0.0,18.1,0,1009.7
2023-03-16 15:00:00,26.1,16,0.0,17.4,0,1009.2
2023-03-16 16:00:00,26.4,14,0.0,17.3,0,1008.7
2023-03-16 17:00:00,25.8,14,0.0,16.9,0,1008.4
2023-03-16 18:00:00,24.9,16,0.0,15.0,0,1008.2
2023-03-16 19:00:00,22.8,19,0.0,9.8,0,1007.9
2023-03-16 20:00:00,21.2,22,0.0,9.0,0,1008.2
2023-03-16 21:00:00,20.3,23,0.0,8.8,0,1008.5
2023-03-16 22:00:00,20.2,24,0.0,12.2,0,1008.5
2023-03-16 23:00:00,19.6,23,0.0,13.3,0,1008.4
2023-03-17 00:00:00,18.8,24,0.0,13.8,0,1008.5
2023-03-17 01:00:00,18.2,25,0.0,14.2,0,1008.4
2023-03-17 02:00:00,17.8,26,0.0,14.4,9,1008.2
2023-03-17 03:00:00,15.5,56,0.0,10.8,1,1009.3
2023-03-17 04:00:00,13.9,78,0.0,6.4,0,1009.1
2023-03-17 05:00:00,14.5,77,0.0,3.0,0,1009.0
2023-03-17 06:00:00,14.1,80,0.0,1.6,0,1009.3
2023-03-17 07:00:00,11.7,90,0.0,5.5,0,1009.4
2023-03-17 08:00:00,13.8,78,0.0,5.6,0,1009.9
2023-03-17 09:00:00,17.1,62,0.0,3.6,0,1010.4
2023-03-17 10:00:00,20.0,45,0.0,4.0,0,1010.5
2023-03-17 11:00:00,22.2,35,0.0,5.2,0,1010.4
2023-03-17 12:00:00,23.8,29,0.0,8.0,0,1010.0
2023-03-17 13:00:00,24.9,26,0.0,11.3,0,1009.8
2023-03-17 14:00:00,25.4,24,0.0,12.9,0,1009.1
2023-03-17 15:00:00,25.1,24,0.0,12.0,0,1008.9
2023-03-17 16:00:00,25.4,24,0.0,10.9,7,1008.3
2023-03-17 17:00:00,25.4,23,0.0,11.2,20,1007.6
2023-03-17 18:00:00,25.1,22,0.0,13.4,11,1007.4
2023-03-17 19:00:00,22.9,24,0.0,7.1,15,1007.5
2023-03-17 20:00:00,19.9,29,0.0,8.4,14,1008.2
2023-03-17 21:00:00,20.3,29,0.0,8.3,0,1008.8
2023-03-17 22:00:00,19.1,34,0.0,11.8,0,1009.7
2023-03-17 23:00:00,16.4,57,0.0,11.6,0,1010.1
2023-03-18 00:00:00,15.5,63,0.0,9.0,0,1010.1
2023-03-18 01:00:00,14.4,70,0.0,5.1,0,1009.8
2023-03-18 02:00:00,13.1,79,0.0,7.2,0,1009.6
2023-03-18 03:00:00,13.8,79,0.0,3.5,0,1009.3
2023-03-18 04:00:00,13.8,80,0.0,2.3,0,1008.9
2023-03-18 05:00:00,13.5,83,0.0,1.5,0,1008.7
2023-03-18 06:00:00,13.1,83,0.0,2.9,0,1008.7
2023-03-18 07:00:00,10.8,91,0.0,7.0,0,1008.8
2023-03-18 08:00:00,13.1,81,0.0,7.6,8,1009.4
2023-03-18 09:00:00,16.2,65,0.0,6.6,6,1010.0
2023-03-18 10:00:00,19.0,50,0.1,10.0,48,1010.0
2023-03-18 11:00:00,19.5,42,0.0,15.6,7,1010.0
2023-03-18 12:00:00,20.9,36,0.0,17.0,35,1009.9
2023-03-18 13:00:00,20.7,36,0.0,22.2,100,1009.7
2023-03-18 14:00:00,20.5,35,0.0,19.5,23,1009.5
2023-03-18 15:00:00,21.2,30,0.0,20.9,29,1009.5
2023-03-18 16:00:00,21.8,27,0.0,21.4,29,1009.2
2023-03-18 17:00:00,21.3,26,0.0,19.1,16,1009.2
2023-03-18 18:00:00,21.5,24,0.0,21.1,33,1009.0
2023-03-18 19:00:00,18.1,45,0.0,19.1,29,1010.0
2023-03-18 20:00:00,17.2,49,0.0,14.3,17,1010.6
2023-03-18 21:00:00,16.5,55,0.0,13.0,8,1011.3
2023-03-18 22:00:00,15.8,60,0.0,11.8,0,1011.7
2023-03-18 23:00:00,15.1,64,0.0,12.2,0,1012.1
2023-03-19 00:00:00,14.7,66,0.0,12.6,0,1012.2
2023-03-19 01:00:00,14.3,68,0.0,11.4,0,1011.9
2023-03-19 02:00:00,13.9,70,0.0,11.4,0,1011.9
2023-03-19 03:00:00,12.2,80,0.0,8.0,0,1012.6
2023-03-19 04:00:00,12.4,79,0.0,6.0,5,1012.3
2023-03-19 05:00:00,12.1,81,0.0,6.6,1,1012.3
2023-03-19 06:00:00,11.8,84,0.0,7.1,2,1012.4
2023-03-19 07:00:00,11.7,85,0.0,8.1,0,1012.8
2023-03-19 08:00:00,13.1,78,0.0,9.5,0,1013.2
2023-03-19 09:00:00,15.6,66,0.0,8.4,0,1013.5
2023-03-19 10:00:00,17.8,54,0.0,11.2,0,1013.7
2023-03-19 11:00:00,19.3,45,0.0,15.0,7,1013.6
2023-03-19 12:00:00,20.5,38,0.0,18.9,12,1013.2
2023-03-19 13:00:00,21.3,33,0.0,20.6,49,1012.5
2023-03-19 14:00:00,21.4,31,0.0,22.0,93,1011.6
2023-03-19 15:00:00,20.8,32,0.0,20.9,97,1011.2
2023-03-19 16:00:00,20.8,31,0.0,22.4,84,1010.6
2023-03-19 17:00:00,20.8,30,0.0,23.7,80,1010.0
2023-03-19 18:00:00,18.7,43,0.0,21.0,36,1010.6
2023-03-19 19:00:00,17.5,46,0.0,18.1,19,1011.2
2023-03-19 20:00:00,16.8,47,0.0,17.6,1,1011.9
2023-03-19 21:00:00,15.7,50,0.0,15.8,0,1012.9
2023-03-19 22:00:00,14.6,56,0.0,11.8,12,1013.3
2023-03-19 23:00:00,14.1,59,0.0,12.4,16,1013.2
2023-03-20 00:00:00,13.7,61,0.0,11.7,14,1013.0
2023-03-20 01:00:00,13.4,63,0.0,11.3,14,1012.7
2023-03-20 02:00:00,13.0,64,0.0,10.9,3,1012.5
2023-03-20 03:00:00,12.6,68,0.0,7.9,5,1012.7
2023-03-20 04:00:00,12.3,69,0.0,7.9,28,1012.3
2023-03-20 05:00:00,12.6,68,0.0,9.4,31,1012.1
2023-03-20 06:00:00,12.3,70,0.0,10.2,65,1012.2
2023-03-20 07:00:00,12.5,70,0.0,11.3,100,1012.5
2023-03-20 08:00:00,13.6,64,0.0,10.0,76,1013.2
2023-03-20 09:00:00,15.1,58,0.0,13.3,34,1013.9
2023-03-20 10:00:00,17.3,50,0.0,18.8,57,1014.0
2023-03-20 11:00:00,18.4,48,0.0,22.9,66,1013.9
2023-03-20 12:00:00,18.8,47,0.0,22.9,90,1013.6
2023-03-20 13:00:00,19.5,45,0.0,21.7,87,1013.1
2023-03-20 14:00:00,20.7,41,0.0,24.2,100,1012.4
2023-03-20 15:00:00,19.3,48,0.0,22.5,100,1012.5
2023-03-20 16:00:00,19.6,48,0.0,20.3,75,1012.1
2023-03-20 17:00:00,20.5,42,0.0,20.4,100,1011.8
2023-03-20 18:00:00,19.6,46,0.0,20.4,21,1011.4
2023-03-20 19:00:00,18.6,51,0.0,14.5,70,1011.5
2023-03-20 20:00:00,18.0,54,0.0,12.5,57,1012.1
2023-03-20 21:00:00,17.1,58,0.0,11.5,9,1012.6
2023-03-20 22:00:00,15.9,63,0.0,10.4,7,1013.3
2023-03-20 23:00:00,14.9,68,0.0,7.9,6,1013.8
2023-03-21 00:00:00,13.9,75,0.0,6.6,8,1013.7
2023-03-21 01:00:00,13.5,79,0.0,6.5,10,1013.6
2023-03-21 02:00:00,12.3,87,0.0,7.0,0,1013.0
2023-03-21 03:00:00,15.7,69,0.0,6.3,0,1012.9
2023-03-21 04:00:00,15.5,70,0.0,3.3,100,1012.2
2023-03-21 05:00:00,14.2,77,0.0,5.4,67,1011.8
2023-03-21 06:00:00,12.8,85,0.0,7.4,37,1012.0
2023-03-21 07:00:00,12.8,85,0.0,6.2,15,1012.1
2023-03-21 08:00:00,13.8,80,0.0,6.1,14,1012.7
2023-03-21 09:00:00,16.4,67,0.0,6.5,21,1013.4
2023-03-21 10:00:00,18.5,54,0.0,7.7,61,1013.7
2023-03-21 11:00:00,20.1,45,0.0,7.9,59,1013.7
2023-03-21 12:00:00,22.1,37,0.0,7.7,53,1012.9
2023-03-21 13:00:00,23.2,35,0.0,7.1,16,1012.4
2023-03-21 14:00:00,24.2,33,0.0,7.3,17,1011.6
2023-03-21 15:00:00,23.5,34,0.0,4.9,13,1011.4
2023-03-21 16:00:00,24.3,31,0.0,4.1,4,1011.1
2023-03-21 17:00:00,24.1,31,0.0,4.0,0,1010.7
2023-03-21 18:00:00,23.5,32,0.0,4.0,0,1010.4
2023-03-21 19:00:00,20.6,39,0.0,5.8,0,1010.6
2023-03-21 20:00:00,20.1,42,0.0,7.6,0,1010.7
2023-03-21 21:00:00,18.9,46,0.0,7.0,0,1011.1
2023-03-21 22:00:00,17.7,50,0.0,6.6,0,1011.3
2023-03-21 23:00:00,17.4,52,0.0,11.2,0,1011.5
2023-03-22 00:00:00,16.1,64,0.0,11.3,0,1011.4
2023-03-22 01:00:00,15.1,72,0.0,9.3,0,1011.4
2023-03-22 02:00:00,14.4,78,0.0,7.3,0,1011.1
2023-03-22 03:00:00,13.7,82,0.0,7.3,0,1009.9
2023-03-22 04:00:00,13.2,83,0.0,7.6,0,1009.2
2023-03-22 05:00:00,14.7,75,0.0,4.0,0,1009.1
2023-03-22 06:00:00,12.1,88,0.0,6.5,2,1008.6
2023-03-22 07:00:00,11.7,88,0.0,6.6,64,1009.8
2023-03-22 08:00:00,14.1,77,0.0,4.6,89,1010.8
2023-03-22 09:00:00,17.4,56,0.0,6.2,100,1011.0
2023-03-22 10:00:00,20.5,44,0.0,6.1,88,1011.4
2023-03-22 11:00:00,23.2,37,0.0,6.8,96,1011.3
2023-03-22 12:00:00,25.1,31,0.0,4.7,100,1011.0
2023-03-22 13:00:00,26.4,26,0.0,3.8,100,1010.6
2023-03-22 14:00:00,27.3,24,0.0,2.1,100,1009.5
2023-03-22 15:00:00,25.3,28,0.0,5.1,100,1009.9
2023-03-22 16:00:00,26.2,24,0.0,6.6,100,1008.9
2023-03-22 17:00:00,25.8,21,0.0,6.5,100,1008.9
2023-03-22 18:00:00,25.3,20,0.0,8.2,100,1008.7
2023-03-22 19:00:00,23.6,22,0.0,4.7,100,1008.3
2023-03-22 20:00:00,22.5,25,0.0,5.8,100,1008.5
2023-03-22 21:00:00,21.9,27,0.0,7.1,100,1009.3
2023-03-22 22:00:00,22.5,25,0.0,9.5,100,1009.9
2023-03-22 23:00:00,22.1,23,0.0,8.5,100,1010.0
2023-03-23 00:00:00,20.4,26,0.0,6.6,100,1009.7
2023-03-23 01:00:00,20.0,26,0.0,6.5,100,1009.1
2023-03-23 02:00:00,21.3,24,0.0,1.4,100,1008.8
2023-03-23 03:00:00,18.7,32,0.0,5.6,100,1007.9
2023-03-23 04:00:00,17.6,36,0.0,7.1,100,1007.3
2023-03-23 05:00:00,17.0,40,0.0,4.9,100,1007.1
2023-03-23 06:00:00,16.6,48,0.0,6.9,100,1007.4
2023-03-23 07:00:00,17.3,49,0.0,3.4,100,1008.2
2023-03-23 08:00:00,17.3,50,0.0,3.1,100,1008.8
2023-03-23 09:00:00,19.8,43,0.0,6.4,100,1009.4
2023-03-23 10:00:00,22.0,35,0.0,3.1,100,1009.2
2023-03-23 11:00:00,22.5,31,0.0,4.1,100,1008.6
2023-03-23 12:00:00,23.8,27,0.0,5.1,100,1009.0
2023-03-23 13:00:00,24.3,24,0.0,2.9,100,1008.6
2023-03-23 14:00:00,27.4,19,0.0,1.9,96,1007.7
2023-03-23 15:00:00,25.2,35,0.0,5.9,93,1006.8
2023-03-23 16:00:00,27.9,25,0.0,5.6,32,1006.0
2023-03-23 17:00:00,28.4,24,0.0,4.6,10,1005.7
2023-03-23 18:00:00,28.2,22,0.0,4.4,7,1005.5
2023-03-23 19:00:00,26.0,24,0.0,8.0,86,1005.6
2023-03-23 20:00:00,24.7,26,0.0,13.2,54,1005.8
2023-03-23 21:00:00,23.4,31,0.0,15.2,59,1006.4
2023-03-23 22:00:00,21.9,42,0.0,16.6,100,1007.0
2023-03-23 23:00:00,20.9,43,0.0,14.3,78,1007.3
2023-03-24 00:00:00,20.1,42,0.0,12.5,77,1007.3
2023-03-24 01:00:00,19.2,44,0.0,9.8,100,1007.2
2023-03-24 02:00:00,18.3,45,0.0,8.0,97,1006.8
2023-03-24 03:00:00,19.5,43,0.0,6.7,79,1006.6
2023-03-24 04:00:00,16.9,50,0.0,6.0,63,1005.9
2023-03-24 05:00:00,17.1,49,0.0,5.4,10,1005.4
2023-03-24 06:00:00,17.0,49,0.0,4.5,1,1005.2
2023-03-24 07:00:00,16.8,51,0.0,1.0,10,1005.2
2023-03-24 08:00:00,17.5,50,0.0,2.1,5,1005.2
2023-03-24 09:00:00,21.5,37,0.0,3.7,47,1005.8
2023-03-24 10:00:00,24.9,28,0.0,2.6,63,1005.9
2023-03-24 11:00:00,27.8,22,0.0,0.0,66,1005.6
2023-03-24 12:00:00,30.4,17,0.0,3.5,32,1004.9
2023-03-24 13:00:00,32.8,13,0.0,11.6,27,1003.8
2023-03-24 14:00:00,33.5,12,0.0,17.8,49,1002.6
2023-03-24 15:00:00,32.5,14,0.0,7.8,40,1002.2
2023-03-24 16:00:00,32.8,13,0.0,15.7,76,1000.7
2023-03-24 17:00:00,29.3,21,0.0,20.0,60,1000.1
2023-03-24 18:00:00,25.2,31,0.0,17.3,93,1000.7
2023-03-24 19:00:00,22.5,51,0.1,14.2,100,1001.4
2023-03-24 20:00:00,22.8,50,0.3,14.3,77,1002.1
2023-03-24 21:00:00,22.7,43,0.0,17.9,97,1002.1
2023-03-24 22:00:00,21.7,48,0.0,15.8,4,1002.0
2023-03-24 23:00:00,20.0,56,0.0,11.3,18,1002.5
2023-03-25 00:00:00,18.9,63,0.0,11.7,77,1003.3
2023-03-25 01:00:00,18.2,67,0.1,13.9,92,1003.9
2023-03-25 02:00:00,17.5,71,0.0,14.6,71,1002.9
2023-03-25 03:00:00,16.9,85,0.0,4.7,32,1003.2
2023-03-25 04:00:00,17.5,78,0.3,15.5,100,1002.1
2023-03-25 05:00:00,17.3,77,0.1,16.9,100,1002.3
2023-03-25 06:00:00,16.6,82,0.1,14.2,100,1002.5
2023-03-25 07:00:00,15.8,91,0.0,9.8,100,1003.3
2023-03-25 08:00:00,16.5,84,0.0,14.4,100,1004.1
2023-03-25 09:00:00,18.4,70,0.0,15.2,100,1005.0
2023-03-25 10:00:00,20.4,59,0.0,14.5,100,1005.4
2023-03-25 11:00:00,22.0,52,0.0,14.6,89,1005.7
2023-03-25 12:00:00,22.0,54,0.4,19.8,90,1006.2
2023-03-25 13:00:00,21.9,56,0.7,14.6,91,1006.0
2023-03-25 14:00:00,24.4,42,0.0,16.3,43,1005.2
2023-03-25 15:00:00,21.9,54,3.8,18.0,100,1005.5
2023-03-25 16:00:00,23.2,49,0.0,14.3,65,1005.5
2023-03-25 17:00:00,21.0,62,1.1,11.8,51,1006.1
2023-03-25 18:00:00,21.5,56,0.0,8.1,76,1006.3
2023-03-25 19:00:00,21.8,46,0.0,14.8,47,1006.8
2023-03-25 20:00:00,20.2,50,0.0,15.6,18,1007.8
2023-03-25 21:00:00,18.8,56,0.0,16.6,4,1008.8
2023-03-25 22:00:00,17.3,70,0.0,16.6,3,1009.7
2023-03-25 23:00:00,16.4,78,0.0,13.0,3,1010.4
2023-03-26 00:00:00,15.7,82,0.0,9.4,9,1010.5
2023-03-26 01:00:00,15.1,83,0.0,8.1,9,1010.6
2023-03-26 02:00:00,14.6,85,0.0,8.9,14,1010.5
2023-03-26 03:00:00,14.0,92,0.0,8.2,10,1010.7
2023-03-26 04:00:00,13.6,94,0.0,6.3,0,1010.3
2023-03-26 05:00:00,13.2,96,0.0,6.0,7,1010.4
2023-03-26 06:00:00,13.3,96,0.0,7.1,37,1010.5
2023-03-26 07:00:00,13.3,96,0.0,7.6,100,1011.3
2023-03-26 08:00:00,14.5,89,0.0,10.5,100,1012.0
2023-03-26 09:00:00,15.7,81,0.0,10.8,100,1012.6
2023-03-26 10:00:00,17.5,67,0.0,9.6,36,1012.8
2023-03-26 11:00:00,19.8,52,0.0,9.4,18,1012.9
2023-03-26 12:00:00,21.1,45,0.0,10.9,28,1012.6
2023-03-26 13:00:00,21.9,42,0.0,11.6,25,1012.1
2023-03-26 14:00:00,22.6,38,0.0,11.9,23,1011.4
2023-03-26 15:00:00,22.7,36,0.0,12.6,17,1010.7
2023-03-26 16:00:00,23.3,32,0.0,9.4,10,1009.9
2023-03-26 17:00:00,23.0,34,0.0,11.0,5,1009.7
2023-03-26 18:00:00,22.3,35,0.0,12.8,10,1009.9
2023-03-26 19:00:00,20.9,41,0.0,9.3,7,1010.1
2023-03-26 20:00:00,19.5,47,0.0,11.4,1,1010.6
2023-03-26 21:00:00,18.7,51,0.0,11.8,81,1011.2
2023-03-26 22:00:00,17.4,57,0.0,6.5,0,1011.7
2023-03-26 23:00:00,16.2,63,0.0,6.4,0,1011.8
2023-03-27 00:00:00,16.5,63,0.0,5.5,0,1011.7
2023-03-27 01:00:00,15.1,70,0.0,6.3,0,1011.7
2023-03-27 02:00:00,15.0,72,0.0,5.1,0,1011.4
2023-03-27 03:00:00,13.1,83,0.0,7.6,0,1011.3
2023-03-27 04:00:00,13.6,81,0.0,7.0,0,1011.3
2023-03-27 05:00:00,14.1,78,0.0,6.1,0,1011.5
2023-03-27 06:00:00,13.8,79,0.0,5.7,2,1011.8
2023-03-27 07:00:00,12.2,86,0.0,7.1,4,1012.1
2023-03-27 08:00:00,14.2,77,0.0,5.9,0,1012.4
2023-03-27 09:00:00,17.3,65,0.0,6.2,0,1013.0
2023-03-27 10:00:00,19.4,54,0.0,10.1,0,1013.3
2023-03-27 11:00:00,21.0,46,0.0,11.7,0,1013.3
2023-03-27 12:00:00,22.5,39,0.0,12.2,0,1013.1
2023-03-27 13:00:00,24.0,32,0.0,13.3,0,1012.7
2023-03-27 14:00:00,24.9,28,0.0,14.6,0,1012.1
2023-03-27 15:00:00,24.4,28,0.0,13.0,0,1011.9
2023-03-27 16:00:00,25.0,26,0.0,12.6,0,1011.5
2023-03-27 17:00:00,24.7,26,0.0,11.7,0,1011.5
2023-03-27 18:00:00,23.6,28,0.0,11.6,0,1011.8
2023-03-27 19:00:00,21.5,36,0.0,5.8,0,1012.1
2023-03-27 20:00:00,18.7,44,0.0,9.4,0,1012.6
2023-03-27 21:00:00,18.2,44,0.0,6.9,0,1013.4
2023-03-27 22:00:00,18.4,42,0.0,11.5,0,1013.8
2023-03-27 23:00:00,16.8,46,0.0,7.7,0,1013.9
2023-03-28 00:00:00,14.1,63,0.0,8.6,0,1013.8
2023-03-28 01:00:00,15.8,64,0.0,5.7,0,1013.9
2023-03-28 02:00:00,15.3,71,0.0,5.1,0,1013.5
2023-03-28 03:00:00,15.2,72,0.0,2.5,0,1013.3
2023-03-28 04:00:00,13.3,81,0.0,4.5,0,1013.0
2023-03-28 05:00:00,11.7,87,0.0,7.1,0,1013.0
2023-03-28 06:00:00,11.9,82,0.0,6.2,0,1012.9
2023-03-28 07:00:00,12.5,73,0.0,8.6,0,1013.3
2023-03-28 08:00:00,14.6,62,0.0,10.9,0,1013.6
2023-03-28 09:00:00,18.5,46,0.0,8.4,0,1014.3
2023-03-28 10:00:00,22.3,33,0.0,9.7,0,1014.4
2023-03-28 11:00:00,25.6,24,0.0,11.7,0,1014.4
2023-03-28 12:00:00,27.6,20,0.0,13.2,0,1014.1
2023-03-28 13:00:00,28.7,19,0.0,13.7,0,1013.8
2023-03-28 14:00:00,29.7,17,0.0,13.0,0,1013.3
2023-03-28 15:00:00,29.8,16,0.0,13.1,0,1013.1
2023-03-28 16:00:00,30.5,13,0.0,12.7,0,1012.2
2023-03-28 17:00:00,30.6,11,0.0,10.9,0,1011.9
2023-03-28 18:00:00,29.6,11,0.0,9.0,0,1012.0
2023-03-28 19:00:00,25.6,17,0.0,7.2,0,1012.3
2023-03-28 20:00:00,22.8,21,0.0,9.0,0,1012.6
2023-03-28 21:00:00,22.0,24,0.0,6.5,0,1012.9
2023-03-28 22:00:00,20.4,28,0.0,7.3,0,1013.5
2023-03-28 23:00:00,20.0,33,0.0,11.9,0,1014.2
2023-03-29 00:00:00,18.2,47,0.0,9.7,0,1014.7
2023-03-29 01:00:00,16.2,60,0.0,6.4,0,1015.2
2023-03-29 02:00:00,15.0,70,0.0,6.8,0,1015.0
2023-03-29 03:00:00,15.0,70,0.0,6.6,0,1014.8
2023-03-29 04:00:00,14.5,74,0.0,5.9,0,1014.8
2023-03-29 05:00:00,13.4,82,0.0,8.6,0,1014.8
2023-03-29 06:00:00,12.8,87,0.0,9.0,0,1015.3
2023-03-29 07:00:00,13.2,85,0.0,8.5,0,1016.0
2023-03-29 08:00:00,15.4,76,0.0,5.7,0,1016.5
2023-03-29 09:00:00,17.6,65,0.0,9.5,0,1016.8
2023-03-29 10:00:00,19.5,55,0.0,14.3,0,1017.2
2023-03-29 11:00:00,21.1,46,0.0,15.3,19,1017.3
2023-03-29 12:00:00,22.7,38,0.0,15.1,39,1017.0
2023-03-29 13:00:00,23.9,31,0.0,16.8,10,1016.6
2023-03-29 14:00:00,24.5,25,0.0,18.1,0,1016.2
2023-03-29 15:00:00,22.8,30,0.0,17.3,0,1016.5
2023-03-29 16:00:00,22.5,30,0.0,18.6,2,1016.4
2023-03-29 17:00:00,21.7,31,0.0,17.9,0,1016.1
2023-03-29 18:00:00,20.5,33,0.0,17.6,0,1016.1
2023-03-29 19:00:00,18.6,43,0.0,18.7,8,1016.7
2023-03-29 20:00:00,16.5,49,0.0,20.5,10,1017.8
2023-03-29 21:00:00,15.3,50,0.0,19.2,1,1018.8
2023-03-29 22:00:00,14.4,51,0.0,16.4,0,1019.7
2023-03-29 23:00:00,13.7,53,0.0,10.2,2,1019.9
2023-03-30 00:00:00,13.1,56,0.0,9.3,41,1019.7
2023-03-30 01:00:00,13.1,57,0.0,9.1,100,1019.6
2023-03-30 02:00:00,14.1,52,0.0,14.3,100,1019.5
2023-03-30 03:00:00,14.1,53,0.0,17.1,100,1019.2
2023-03-30 04:00:00,13.6,55,0.0,11.2,100,1018.9
2023-03-30 05:00:00,13.9,54,0.0,15.0,100,1018.6
2023-03-30 06:00:00,13.8,52,0.0,13.9,100,1018.9
2023-03-30 07:00:00,13.7,55,0.0,8.8,100,1019.2
2023-03-30 08:00:00,14.1,52,0.0,15.4,100,1019.5
2023-03-30 09:00:00,15.2,45,0.0,18.5,100,1019.8
2023-03-30 10:00:00,15.6,43,0.0,20.2,91,1020.0
2023-03-30 11:00:00,17.2,36,0.0,17.7,97,1020.1
2023-03-30 12:00:00,19.0,31,0.0,20.3,51,1019.5
2023-03-30 13:00:00,20.9,25,0.0,18.5,0,1018.6
2023-03-30 14:00:00,21.4,25,0.0,20.9,1,1017.9
2023-03-30 15:00:00,19.6,31,0.0,20.1,8,1018.7
2023-03-30 16:00:00,19.4,31,0.0,19.0,13,1018.4
2023-03-30 17:00:00,18.8,30,0.0,19.5,16,1018.3
2023-03-30 18:00:00,17.5,30,0.0,21.4,11,1018.6
2023-03-30 19:00:00,16.1,31,0.0,19.0,2,1019.0
2023-03-30 20:00:00,14.8,35,0.0,19.3,2,1019.5
2023-03-30 21:00:00,14.0,40,0.0,16.1,0,1020.2
2023-03-30 22:00:00,13.2,45,0.0,15.5,0,1020.5
2023-03-30 23:00:00,12.6,49,0.0,16.1,0,1020.8
2023-03-31 00:00:00,12.2,51,0.0,15.5,0,1020.9
2023-03-31 01:00:00,11.6,54,0.0,11.3,1,1020.8
2023-03-31 02:00:00,9.8,63,0.0,6.8,3,1020.5
2023-03-31 03:00:00,10.6,62,0.0,7.1,2,1020.1
2023-03-31 04:00:00,10.2,63,0.0,5.9,35,1019.6
2023-03-31 05:00:00,9.0,68,0.0,8.7,8,1019.2
2023-03-31 06:00:00,8.9,69,0.0,8.9,9,1019.1
2023-03-31 07:00:00,8.6,69,0.0,9.5,2,1019.3
2023-03-31 08:00:00,11.6,56,0.0,6.2,1,1019.7
2023-03-31 09:00:00,14.5,45,0.0,6.4,1,1020.1
2023-03-31 10:00:00,17.0,37,0.0,13.1,42,1020.1
2023-03-31 11:00:00,18.7,32,0.0,13.8,74,1019.9
2023-03-31 12:00:00,20.4,26,0.0,11.6,99,1019.3
2023-03-31 13:00:00,21.1,25,0.0,11.9,10,1018.7
2023-03-31 14:00:00,22.0,23,0.0,11.3,25,1017.8
2023-03-31 15:00:00,21.2,26,0.0,11.9,74,1017.5
2023-03-31 16:00:00,21.8,27,0.0,14.7,46,1016.7
2023-03-31 17:00:00,20.8,29,0.0,14.3,3,1016.4
2023-03-31 18:00:00,20.2,30,0.0,11.9,0,1016.4
2023-03-31 19:00:00,18.7,35,0.0,10.2,0,1016.5
2023-03-31 20:00:00,17.0,40,0.0,7.2,0,1017.1
2023-03-31 21:00:00,16.4,43,0.0,10.4,1,1018.0
2023-03-31 22:00:00,15.5,46,0.0,11.9,0,1018.6
2023-03-31 23:00:00,14.4,53,0.0,9.5,0,1019.0
2023-04-01 00:00:00,13.3,59,0.0,7.6,0,1019.2
2023-04-01 01:00:00,12.0,66,0.0,5.4,0,1019.0
2023-04-01 02:00:00,11.1,73,0.0,6.9,0,1018.7
2023-04-01 03:00:00,12.3,72,0.0,3.7,0,1018.5
2023-04-01 04:00:00,12.1,74,0.0,1.3,0,1018.2
2023-04-01 05:00:00,11.7,77,0.0,0.8,0,1018.1
2023-04-01 06:00:00,11.3,79,0.0,1.8,0,1018.0
2023-04-01 07:00:00,11.1,80,0.0,1.0,0,1018.5
2023-04-01 08:00:00,12.1,75,0.0,0.5,0,1019.3
2023-04-01 09:00:00,14.9,54,0.0,1.1,0,1019.9
2023-04-01 10:00:00,16.8,48,0.0,4.5,0,1020.0
2023-04-01 11:00:00,18.7,40,0.0,5.9,0,1019.8
2023-04-01 12:00:00,20.4,33,0.0,6.6,0,1019.1
2023-04-01 13:00:00,21.8,29,0.0,7.9,0,1018.2
2023-04-01 14:00:00,22.9,26,0.0,8.2,0,1017.2
2023-04-01 15:00:00,23.8,25,0.0,6.6,0,1016.3
2023-04-01 16:00:00,24.3,25,0.0,7.6,0,1015.6
2023-04-01 17:00:00,24.3,24,0.0,4.7,0,1015.0
2023-04-01 18:00:00,24.0,25,0.0,7.8,0,1015.0
2023-04-01 19:00:00,21.5,29,0.0,4.8,0,1015.1
2023-04-01 20:00:00,20.1,33,0.0,9.2,0,1015.5
2023-04-01 21:00:00,18.9,37,0.0,8.8,0,1016.1
2023-04-01 22:00:00,18.1,40,0.0,17.7,0,1016.6
2023-04-01 23:00:00,16.7,57,0.0,14.6,0,1016.9
2023-04-02 00:00:00,15.7,64,0.0,11.4,0,1016.7
2023-04-02 01:00:00,14.9,69,0.0,10.5,0,1016.5
2023-04-02 02:00:00,14.2,73,0.0,9.2,0,1016.2
2023-04-02 03:00:00,13.2,75,0.0,6.9,0,1015.5
2023-04-02 04:00:00,12.4,74,0.0,8.1,0,1014.8
2023-04-02 05:00:00,13.0,68,0.0,7.2,0,1014.7
2023-04-02 06:00:00,11.8,75,0.0,6.8,0,1014.9
2023-04-02 07:00:00,11.0,80,0.0,7.2,0,1015.2
2023-04-02 08:00:00,14.2,63,0.0,7.0,0,1015.5
2023-04-02 09:00:00,18.0,47,0.0,4.8,0,1015.6
2023-04-02 10:00:00,21.7,33,0.0,1.8,0,1015.7
2023-04-02 11:00:00,24.1,26,0.0,3.2,0,1015.4
2023-04-02 12:00:00,26.0,22,0.0,6.1,0,1014.9
2023-04-02 13:00:00,27.3,19,0.0,7.2,0,1014.3
2023-04-02 14:00:00,28.2,18,0.0,7.4,0,1013.5
2023-04-02 15:00:00,28.2,16,0.0,7.1,0,1013.4
2023-04-02 16:00:00,28.8,15,0.0,7.1,0,1012.5
2023-04-02 17:00:00,28.2,15,0.0,8.7,0,1012.2
2023-04-02 18:00:00,27.5,15,0.0,7.1,0,1011.7
2023-04-02 19:00:00,24.3,18,0.0,6.3,0,1011.5
2023-04-02 20:00:00,21.7,20,0.0,10.5,0,1011.6
2023-04-02 21:00:00,21.1,21,0.0,9.2,0,1011.9
2023-04-02 22:00:00,23.7,19,0.0,6.6,0,1012.1
2023-04-02 23:00:00,20.0,28,0.0,11.4,0,1012.4
2023-04-03 00:00:00,18.9,35,0.0,8.4,0,1012.3
2023-04-03 01:00:00,16.5,45,0.0,6.2,0,1012.1
2023-04-03 02:00:00,15.1,53,0.0,5.9,0,1011.6
2023-04-03 03:00:00,15.7,54,0.0,8.9,0,1011.9
2023-04-03 04:00:00,14.5,61,0.0,7.3,0,1011.4
2023-04-03 05:00:00,13.8,65,0.0,7.6,0,1010.9
2023-04-03 06:00:00,13.0,70,0.0,6.5,0,1010.6
2023-04-03 07:00:00,12.4,73,0.0,5.8,0,1010.6
2023-04-03 08:00:00,15.4,58,0.0,7.2,0,1010.9
2023-04-03 09:00:00,19.5,41,0.0,5.4,0,1011.0
2023-04-03 10:00:00,23.6,27,0.0,4.2,0,1010.9
2023-04-03 11:00:00,27.0,19,0.0,3.2,0,1010.6
2023-04-03 12:00:00,29.0,15,0.0,3.4,0,1009.9
2023-04-03 13:00:00,30.5,12,0.0,6.6,0,1009.0
2023-04-03 14:00:00,31.2,10,0.0,9.2,0,1008.0
2023-04-03 15:00:00,31.4,9,0.0,10.0,0,1007.4
2023-04-03 16:00:00,31.5,8,0.0,10.7,0,1006.8
2023-04-03 17:00:00,31.0,9,0.0,11.0,0,1006.3
2023-04-03 18:00:00,30.0,10,0.0,10.1,0,1006.1
2023-04-03 19:00:00,27.1,12,0.0,9.6,0,1006.0
2023-04-03 20:00:00,25.3,15,0.0,10.0,0,1005.9
2023-04-03 21:00:00,23.8,15,0.0,10.0,0,1006.2
2023-04-03 22:00:00,22.0,14,0.0,7.2,0,1006.6
2023-04-03 23:00:00,19.8,17,0.0,9.6,0,1006.7
2023-04-04 00:00:00,19.4,20,0.0,7.2,0,1006.8
2023-04-04 01:00:00,19.2,22,0.0,9.3,0,1006.6
2023-04-04 02:00:00,18.5,24,0.0,9.8,0,1006.5
2023-04-04 03:00:00,18.3,26,0.0,10.9,0,1006.7
2023-04-04 04:00:00,17.8,27,0.0,12.4,0,1006.3
2023-04-04 05:00:00,17.3,28,0.0,13.5,0,1006.0
2023-04-04 06:00:00,17.2,28,0.0,13.9,0,1005.6
2023-04-04 07:00:00,16.9,28,0.0,12.7,0,1005.9
2023-04-04 08:00:00,19.2,24,0.0,14.4,0,1006.3
2023-04-04 09:00:00,23.1,18,0.0,14.1,0,1006.8
2023-04-04 10:00:00,26.5,14,0.0,17.8,0,1007.3
2023-04-04 11:00:00,29.2,11,0.0,21.6,0,1007.8
2023-04-04 12:00:00,30.1,10,0.0,23.9,0,1008.5
2023-04-04 13:00:00,31.2,9,0.0,26.0,0,1008.3
2023-04-04 14:00:00,32.0,8,0.0,27.3,0,1007.8
2023-04-04 15:00:00,32.3,7,0.0,22.3,0,1007.7
2023-04-04 16:00:00,31.9,9,0.0,20.1,0,1007.7
2023-04-04 17:00:00,30.1,17,0.0,19.1,0,1007.9
2023-04-04 18:00:00,29.0,19,0.0,16.4,0,1008.4
2023-04-04 19:00:00,26.8,19,0.0,12.6,0,1008.8
2023-04-04 20:00:00,25.1,18,0.0,12.2,0,1009.4
2023-04-04 21:00:00,24.2,18,0.0,14.1,0,1010.3
2023-04-04 22:00:00,22.0,25,0.0,16.3,0,1011.4
2023-04-04 23:00:00,19.3,37,0.0,10.3,0,1012.2
2023-04-05 00:00:00,18.0,42,0.0,6.8,0,1012.8
2023-04-05 01:00:00,16.9,47,0.0,6.5,0,1013.0
2023-04-05 02:00:00,15.8,53,0.0,5.8,0,1013.1
2023-04-05 03:00:00,14.7,56,0.0,8.7,0,1013.3
2023-04-05 04:00:00,14.9,56,0.0,7.2,0,1013.3
2023-04-05 05:00:00,15.5,54,0.0,6.6,0,1013.2
2023-04-05 06:00:00,16.1,51,0.0,5.8,0,1013.4
2023-04-05 07:00:00,15.8,51,0.0,4.5,0,1013.8
2023-04-05 08:00:00,16.7,49,0.0,2.8,0,1014.3
2023-04-05 09:00:00,20.2,36,0.0,1.9,0,1014.5
2023-04-05 10:00:00,22.6,31,0.0,7.2,0,1014.7
2023-04-05 11:00:00,24.2,28,0.0,7.6,0,1014.7
2023-04-05 12:00:00,25.6,25,0.0,5.8,0,1014.3
2023-04-05 13:00:00,26.8,22,0.0,6.8,0,1014.0
2023-04-05 14:00:00,27.6,20,0.0,10.9,0,1013.5
2023-04-05 15:00:00,26.0,25,0.0,11.2,0,1013.7
2023-04-05 16:00:00,26.2,24,0.0,11.1,0,1013.2
2023-04-05 17:00:00,25.9,23,0.0,11.5,0,1012.9
2023-04-05 18:00:00,24.9,24,0.0,11.0,0,1012.8
2023-04-05 19:00:00,23.6,27,0.0,7.9,0,1012.7
2023-04-05 20:00:00,21.7,31,0.0,7.9,0,1013.1
2023-04-05 21:00:00,20.7,36,0.0,18.9,0,1014.1
2023-04-05 22:00:00,19.3,43,0.0,12.8,0,1015.1
2023-04-05 23:00:00,18.3,48,0.0,12.0,0,1015.5
2023-04-06 00:00:00,17.4,54,0.0,10.2,0,1015.5
2023-04-06 01:00:00,16.3,60,0.0,6.9,0,1015.7
2023-04-06 02:00:00,15.2,67,0.0,5.5,0,1015.4
2023-04-06 03:00:00,14.5,74,0.0,7.0,0,1015.5
2023-04-06 04:00:00,13.5,81,0.0,6.5,0,1015.1
2023-04-06 05:00:00,12.9,87,0.0,6.2,0,1014.8
2023-04-06 06:00:00,12.6,88,0.0,7.9,0,1014.4
2023-04-06 07:00:00,12.8,85,0.0,7.7,0,1014.6
2023-04-06 08:00:00,15.8,65,0.0,5.1,0,1015.0
2023-04-06 09:00:00,19.1,44,0.0,6.9,0,1015.1
2023-04-06 10:00:00,21.3,35,0.0,8.1,0,1015.1
2023-04-06 11:00:00,23.3,30,0.0,8.5,0,1014.7
2023-04-06 12:00:00,25.1,26,0.0,10.0,0,1014.4
2023-04-06 13:00:00,26.5,24,0.0,10.2,0,1013.7
2023-04-06 14:00:00,27.6,22,0.0,9.2,0,1012.9
2023-04-06 15:00:00,27.6,21,0.0,9.5,0,1012.6
2023-04-06 16:00:00,28.1,21,0.0,8.9,8,1011.9
2023-04-06 17:00:00,27.8,21,0.0,8.7,89,1011.3
2023-04-06 18:00:00,27.1,22,0.0,9.5,96,1011.1
2023-04-06 19:00:00,25.3,25,0.0,7.6,100,1011.1
2023-04-06 20:00:00,23.5,28,0.0,6.5,100,1011.2
2023-04-06 21:00:00,22.9,29,0.0,8.0,34,1011.5
2023-04-06 22:00:00,22.0,30,0.0,7.8,38,1011.7
2023-04-06 23:00:00,20.1,32,0.0,7.0,0,1011.8
2023-04-07 00:00:00,19.1,32,0.0,7.4,5,1011.5
2023-04-07 01:00:00,17.3,35,0.0,8.8,0,1011.2
2023-04-07 02:00:00,17.7,35,0.0,7.2,0,1010.3
2023-04-07 03:00:00,18.4,32,0.0,11.2,2,1009.5
2023-04-07 04:00:00,18.2,33,0.0,14.0,0,1008.8
2023-04-07 05:00:00,18.4,31,0.0,16.9,0,1008.5
2023-04-07 06:00:00,18.3,29,0.0,17.7,0,1008.5
2023-04-07 07:00:00,18.3,27,0.0,18.8,2,1009.0
2023-04-07 08:00:00,19.9,24,0.0,18.7,5,1009.5
2023-04-07 09:00:00,23.0,20,0.0,18.9,24,1009.5
2023-04-07 10:00:00,26.4,17,0.0,21.6,0,1009.7
2023-04-07 11:00:00,29.4,15,0.0,23.2,11,1009.8
2023-04-07 12:00:00,31.8,13,0.0,22.8,47,1009.8
2023-04-07 13:00:00,33.6,11,0.0,21.1,24,1009.7
2023-04-07 14:00:00,35.1,8,0.0,23.9,21,1009.5
2023-04-07 15:00:00,35.0,9,0.0,21.3,12,1009.0
2023-04-07 16:00:00,35.5,8,0.0,15.7,53,1008.6
2023-04-07 17:00:00,34.1,9,0.0,18.3,29,1008.5
2023-04-07 18:00:00,31.5,14,0.0,19.2,0,1008.8
2023-04-07 19:00:00,29.0,19,0.0,11.9,0,1009.4
2023-04-07 20:00:00,26.7,23,0.0,12.6,0,1010.0
2023-04-07 21:00:00,24.5,31,0.0,16.3,0,1010.8
2023-04-07 22:00:00,22.4,37,0.0,14.2,0,1012.0
2023-04-07 23:00:00,21.1,40,0.0,12.1,0,1012.4
2023-04-08 00:00:00,20.4,41,0.0,11.6,0,1012.0
2023-04-08 01:00:00,19.7,43,0.0,14.0,2,1011.9
2023-04-08 02:00:00,19.0,46,0.0,14.4,10,1011.2
2023-04-08 03:00:00,18.2,56,0.0,16.0,2,1010.5
2023-04-08 04:00:00,16.8,70,0.0,17.8,15,1010.4
2023-04-08 05:00:00,16.1,78,0.0,14.0,0,1010.0
2023-04-08 06:00:00,15.2,87,0.0,14.1,70,1010.1
2023-04-08 07:00:00,14.8,98,0.0,15.2,85,1011.1
2023-04-08 08:00:00,16.6,89,0.0,17.5,38,1011.8
2023-04-08 09:00:00,19.4,74,0.0,13.7,1,1012.4
2023-04-08 10:00:00,22.5,59,0.0,14.3,1,1012.7
2023-04-08 11:00:00,25.9,43,0.0,14.5,46,1012.6
2023-04-08 12:00:00,29.3,31,0.0,13.7,24,1011.8
2023-04-08 13:00:00,32.0,23,0.0,11.6,83,1010.9
2023-04-08 14:00:00,34.0,18,0.0,9.8,94,1009.8
2023-04-08 15:00:00,35.8,11,0.0,8.0,57,1008.4
2023-04-08 16:00:00,36.5,10,0.0,10.2,23,1007.8
2023-04-08 17:00:00,36.0,11,0.0,9.1,0,1007.2
2023-04-08 18:00:00,36.2,8,0.0,9.1,99,1007.2
2023-04-08 19:00:00,33.7,9,0.0,9.4,100,1007.0
2023-04-08 20:00:00,29.3,14,0.0,6.0,100,1007.6
2023-04-08 21:00:00,29.4,25,0.0,17.3,100,1007.5
2023-04-08 22:00:00,28.9,23,0.0,10.9,90,1008.0
2023-04-08 23:00:00,26.2,29,0.0,5.4,96,1008.5
2023-04-09 00:00:00,25.4,34,0.0,6.3,35,1007.7
2023-04-09 01:00:00,23.9,35,0.0,8.3,67,1007.3
2023-04-09 02:00:00,23.1,41,0.0,13.4,18,1008.1
2023-04-09 03:00:00,18.9,67,0.0,11.3,100,1007.9
2023-04-09 04:00:00,17.9,72,0.0,11.0,100,1007.6
2023-04-09 05:00:00,16.8,77,0.0,8.3,98,1007.3
2023-04-09 06:00:00,17.0,76,0.0,9.8,99,1007.2
2023-04-09 07:00:00,17.4,73,0.0,8.8,98,1007.3
2023-04-09 08:00:00,18.0,73,0.0,13.8,100,1008.6
2023-04-09 09:00:00,20.1,65,0.0,8.0,100,1008.4
2023-04-09 10:00:00,23.5,48,0.0,7.1,100,1007.6
2023-04-09 11:00:00,26.5,40,0.0,14.5,100,1008.8
2023-04-09 12:00:00,29.2,26,0.0,1.0,100,1008.2
2023-04-09 13:00:00,31.2,24,0.0,11.3,100,1008.2
2023-04-09 14:00:00,31.8,20,0.0,12.3,100,1008.4
2023-04-09 15:00:00,35.4,12,0.0,8.6,100,1006.7
2023-04-09 16:00:00,34.3,14,0.0,17.9,100,1006.4
2023-04-09 17:00:00,32.8,20,0.0,22.1,100,1006.5
2023-04-09 18:00:00,30.8,25,0.0,19.1,100,1006.0
2023-04-09 19:00:00,28.8,29,0.0,17.4,100,1006.5
2023-04-09 20:00:00,27.0,35,0.0,14.8,100,1006.5
2023-04-09 21:00:00,26.2,37,0.0,14.7,100,1006.7
2023-04-09 22:00:00,25.6,38,0.0,13.8,100,1008.1
2023-04-09 23:00:00,24.7,41,0.0,13.3,100,1008.5
2023-04-10 00:00:00,24.2,43,0.0,18.2,100,1006.9
2023-04-10 01:00:00,24.0,45,0.0,22.1,69,1005.3
2023-04-10 02:00:00,23.1,46,0.0,15.1,88,1004.8
2023-04-10 03:00:00,25.2,37,0.0,8.7,68,1002.4
2023-04-10 04:00:00,22.9,49,0.0,16.8,15,1002.5
2023-04-10 05:00:00,21.0,55,0.0,7.2,4,1001.5
2023-04-10 06:00:00,20.2,59,0.0,9.2,16,1001.6
2023-04-10 07:00:00,20.3,59,0.0,14.5,52,1002.9
2023-04-10 08:00:00,21.8,54,0.0,12.8,33,1003.6
2023-04-10 09:00:00,23.1,52,0.0,15.3,2,1004.5
2023-04-10 10:00:00,25.4,46,0.0,13.4,0,1004.6
2023-04-10 11:00:00,27.4,41,0.0,11.8,0,1004.9
2023-04-10 12:00:00,29.2,36,0.0,13.7,0,1004.6
2023-04-10 13:00:00,30.3,34,0.0,17.7,0,1004.2
2023-04-10 14:00:00,30.4,33,0.0,22.3,26,1003.7
2023-04-10 15:00:00,27.2,42,0.0,27.6,0,1003.8
2023-04-10 16:00:00,26.7,40,0.0,26.2,0,1004.1
2023-04-10 17:00:00,25.5,41,0.0,24.8,0,1004.4
2023-04-10 18:00:00,23.9,46,0.0,24.0,6,1005.1
2023-04-10 19:00:00,21.8,51,0.0,21.9,15,1005.8
2023-04-10 20:00:00,20.5,55,0.0,17.8,15,1006.8
2023-04-10 21:00:00,19.4,60,0.0,15.2,33,1007.9
2023-04-10 22:00:00,18.7,62,0.0,15.9,68,1008.9
2023-04-10 23:00:00,17.8,64,0.0,16.6,42,1009.2
2023-04-11 00:00:00,17.0,65,0.0,15.1,29,1009.3
2023-04-11 01:00:00,16.2,71,0.0,12.3,13,1009.5
2023-04-11 02:00:00,15.5,76,0.0,8.7,8,1009.4
2023-04-11 03:00:00,15.6,73,0.0,9.7,61,1008.4
2023-04-11 04:00:00,15.0,78,0.0,7.4,85,1008.0
2023-04-11 05:00:00,14.5,82,0.0,5.6,42,1008.0
2023-04-11 06:00:00,13.6,88,0.0,5.1,40,1007.9
2023-04-11 07:00:00,13.6,87,0.0,4.9,32,1008.1
2023-04-11 08:00:00,15.5,74,0.0,5.5,0,1008.4
2023-04-11 09:00:00,17.7,60,0.0,8.0,0,1008.4
2023-04-11 10:00:00,19.6,47,0.0,10.5,0,1008.4
2023-04-11 11:00:00,21.3,38,0.0,13.8,0,1008.3
2023-04-11 12:00:00,22.7,33,0.0,17.4,20,1007.7
2023-04-11 13:00:00,23.8,27,0.0,19.1,58,1007.1
2023-04-11 14:00:00,24.2,25,0.0,19.9,69,1006.6
2023-04-11 15:00:00,22.8,28,0.0,15.5,100,1006.2
2023-04-11 16:00:00,22.8,28,0.0,14.9,87,1005.9
2023-04-11 17:00:00,22.4,29,0.0,11.9,60,1005.3
2023-04-11 18:00:00,22.4,28,0.0,13.0,100,1005.0
2023-04-11 19:00:00,21.7,29,0.0,11.3,50,1004.8
2023-04-11 20:00:00,20.0,32,0.0,5.9,52,1004.7
2023-04-11 21:00:00,18.9,34,0.0,7.8,42,1004.9
2023-04-11 22:00:00,16.3,57,0.1,23.1,56,1006.7
2023-04-11 23:00:00,15.0,69,0.0,13.4,51,1007.4
2023-04-12 00:00:00,14.5,74,0.2,5.2,53,1007.6
2023-04-12 01:00:00,13.9,80,0.0,2.5,44,1007.7
2023-04-12 02:00:00,13.8,79,0.0,0.8,18,1007.3
2023-04-12 03:00:00,14.1,88,0.0,5.2,6,1006.0
2023-04-12 04:00:00,11.6,88,1.3,19.9,96,1007.1
2023-04-12 05:00:00,11.7,88,0.0,8.3,7,1006.6
2023-04-12 06:00:00,10.7,89,0.0,5.9,5,1007.2
2023-04-12 07:00:00,11.2,83,0.0,8.7,4,1007.6
2023-04-12 08:00:00,12.7,75,0.0,14.6,13,1008.7
2023-04-12 09:00:00,14.2,64,0.0,23.6,77,1009.5
2023-04-12 10:00:00,15.9,53,0.1,21.8,59,1010.0
2023-04-12 11:00:00,17.4,44,0.1,23.5,57,1010.5
2023-04-12 12:00:00,18.7,40,0.1,23.9,58,1010.3
2023-04-12 13:00:00,19.9,37,0.1,23.3,44,1010.4
2023-04-12 14:00:00,20.9,34,0.0,24.2,24,1010.1
2023-04-12 15:00:00,20.6,34,0.0,23.9,24,1010.2
2023-04-12 16:00:00,20.8,35,0.0,23.4,63,1010.2
2023-04-12 17:00:00,20.0,38,0.0,24.8,29,1010.2
2023-04-12 18:00:00,19.8,37,0.0,23.0,25,1010.4
2023-04-12 19:00:00,18.6,40,0.0,21.8,45,1011.1
2023-04-12 20:00:00,18.0,43,0.0,15.0,34,1012.0
2023-04-12 21:00:00,17.4,46,0.0,9.7,20,1012.4
2023-04-12 22:00:00,16.1,51,0.0,7.3,3,1012.9
2023-04-12 23:00:00,15.4,56,0.0,6.9,1,1012.9
2023-04-13 00:00:00,14.8,59,0.0,7.4,0,1012.9
2023-04-13 01:00:00,14.1,64,0.0,8.1,0,1012.8
2023-04-13 02:00:00,13.6,66,0.0,8.0,0,1012.8
2023-04-13 03:00:00,13.3,68,0.0,8.8,0,1012.1
2023-04-13 04:00:00,13.2,68,0.0,8.9,1,1012.3
2023-04-13 05:00:00,13.0,68,0.0,8.4,0,1012.0
2023-04-13 06:00:00,12.8,68,0.0,9.1,0,1012.4
2023-04-13 07:00:00,13.0,65,0.0,9.8,0,1013.1
2023-04-13 08:00:00,15.1,56,0.0,9.5,0,1013.7
2023-04-13 09:00:00,18.2,46,0.0,12.1,0,1014.2
2023-04-13 10:00:00,20.4,37,0.0,14.5,0,1014.3
2023-04-13 11:00:00,22.1,31,0.0,14.7,0,1014.5
2023-04-13 12:00:00,23.6,27,0.0,14.2,0,1014.1
2023-04-13 13:00:00,24.7,24,0.0,15.5,0,1013.5
2023-04-13 14:00:00,25.2,23,0.0,14.9,0,1013.3
2023-04-13 15:00:00,25.0,24,0.0,12.4,0,1013.2
2023-04-13 16:00:00,25.3,23,0.0,12.1,0,1012.9
2023-04-13 17:00:00,24.7,24,0.0,11.4,0,1012.6
2023-04-13 18:00:00,23.7,27,0.0,9.7,0,1012.9
2023-04-13 19:00:00,22.0,31,0.0,5.0,0,1013.2
2023-04-13 20:00:00,19.1,38,0.0,9.4,0,1013.9
2023-04-13 21:00:00,18.6,42,0.0,7.2,0,1014.7
2023-04-13 22:00:00,18.8,42,0.0,12.0,0,1015.3
2023-04-13 23:00:00,17.8,51,0.0,13.0,0,1015.8
2023-04-14 00:00:00,16.9,61,0.0,14.0,0,1015.8
2023-04-14 01:00:00,16.1,71,0.0,14.5,0,1015.6
2023-04-14 02:00:00,15.6,74,0.0,12.4,0,1015.5
2023-04-14 03:00:00,15.1,78,0.0,7.9,0,1014.9
2023-04-14 04:00:00,14.3,82,0.0,6.8,34,1014.8
2023-04-14 05:00:00,14.7,80,0.0,3.8,0,1014.7
2023-04-14 06:00:00,14.1,84,0.0,3.2,0,1014.8
2023-04-14 07:00:00,14.0,87,0.0,2.1,0,1015.4
2023-04-14 08:00:00,15.5,77,0.0,2.0,0,1016.0
2023-04-14 09:00:00,18.6,60,0.0,1.5,20,1016.1
2023-04-14 10:00:00,22.4,41,0.0,2.3,100,1016.0
2023-04-14 11:00:00,24.8,30,0.0,4.2,100,1015.6
2023-04-14 12:00:00,26.6,25,0.0,3.8,100,1015.1
2023-04-14 13:00:00,27.7,23,0.0,3.4,100,1014.6
2023-04-14 14:00:00,28.6,21,0.0,3.3,100,1014.2
2023-04-14 15:00:00,28.1,21,0.0,2.6,100,1013.9
2023-04-14 16:00:00,29.0,20,0.0,5.2,100,1013.2
2023-04-14 17:00:00,28.4,21,0.0,6.9,100,1012.7
2023-04-14 18:00:00,27.8,22,0.0,5.4,59,1012.5
2023-04-14 19:00:00,25.9,25,0.0,3.9,28,1012.4
2023-04-14 20:00:00,23.7,29,0.0,6.4,100,1012.3
2023-04-14 21:00:00,23.7,30,0.0,4.2,99,1012.7
2023-04-14 22:00:00,22.1,37,0.0,14.2,65,1013.2
2023-04-14 23:00:00,20.3,57,0.0,15.2,73,1013.5
2023-04-15 00:00:00,19.1,63,0.0,12.0,81,1013.7
2023-04-15 01:00:00,18.2,68,0.0,12.2,26,1013.4
2023-04-15 02:00:00,17.3,72,0.0,12.1,4,1013.2
2023-04-15 03:00:00,16.7,75,0.0,12.2,6,1013.5
2023-04-15 04:00:00,16.2,77,0.0,10.5,37,1013.4
2023-04-15 05:00:00,15.6,79,0.0,8.9,47,1013.6
2023-04-15 06:00:00,15.2,80,0.0,8.1,100,1013.4
2023-04-15 07:00:00,15.3,79,0.0,9.3,95,1013.6
2023-04-15 08:00:00,17.3,68,0.0,8.6,94,1013.8
2023-04-15 09:00:00,20.0,54,0.0,9.7,100,1013.6
2023-04-15 10:00:00,22.7,42,0.0,10.0,100,1013.6
2023-04-15 11:00:00,24.8,32,0.0,11.2,100,1013.3
2023-04-15 12:00:00,26.7,26,0.0,11.8,7,1012.8
2023-04-15 13:00:00,28.7,21,0.0,11.6,0,1012.2
2023-04-15 14:00:00,29.8,20,0.0,10.7,0,1011.4
2023-04-15 15:00:00,29.7,17,0.0,9.7,0,1011.1
2023-04-15 16:00:00,30.4,17,0.0,9.4,0,1010.3
2023-04-15 17:00:00,30.2,16,0.0,10.0,0,1009.7
2023-04-15 18:00:00,29.4,17,0.0,11.3,0,1009.3
2023-04-15 19:00:00,27.5,20,0.0,11.5,0,1009.4
2023-04-15 20:00:00,25.4,26,0.0,18.7,0,1009.9
2023-04-15 21:00:00,22.8,37,0.0,19.4,0,1011.0
2023-04-15 22:00:00,21.0,43,0.0,15.2,0,1011.9
2023-04-15 23:00:00,19.6,51,0.0,12.8,0,1012.3
2023-04-16 00:00:00,18.5,60,0.0,11.8,0,1012.0
2023-04-16 01:00:00,17.5,67,0.0,10.0,0,1011.8
2023-04-16 02:00:00,16.6,74,0.0,8.9,0,1011.5
2023-04-16 03:00:00,15.8,85,0.0,8.1,0,1011.7
2023-04-16 04:00:00,14.9,92,0.0,6.9,0,1011.5
2023-04-16 05:00:00,14.4,95,0.0,7.8,0,1010.7
2023-04-16 06:00:00,13.9,97,0.0,8.2,0,1010.0
2023-04-16 07:00:00,13.9,98,0.0,8.8,0,1010.1
2023-04-16 08:00:00,15.7,88,0.0,8.8,8,1010.5
2023-04-16 09:00:00,18.1,73,0.0,10.2,5,1010.6
2023-04-16 10:00:00,21.1,56,0.0,10.8,1,1010.5
2023-04-16 11:00:00,24.4,38,0.0,10.7,0,1010.1
2023-04-16 12:00:00,27.1,26,0.0,9.4,0,1009.7
2023-04-16 13:00:00,29.3,19,0.0,8.3,0,1009.1
2023-04-16 14:00:00,30.9,15,0.0,7.7,0,1008.5
2023-04-16 15:00:00,30.8,14,0.0,8.2,0,1008.2
2023-04-16 16:00:00,31.7,14,0.0,8.0,0,1007.4
2023-04-16 17:00:00,31.6,13,0.0,8.0,19,1006.6
2023-04-16 18:00:00,30.8,14,0.0,8.4,84,1006.6
2023-04-16 19:00:00,28.5,16,0.0,5.4,0,1006.8
2023-04-16 20:00:00,26.1,19,0.0,8.5,0,1007.1
2023-04-16 21:00:00,25.5,22,0.0,18.4,0,1007.7
2023-04-16 22:00:00,23.5,33,0.0,17.6,0,1008.5
2023-04-16 23:00:00,22.0,38,0.0,14.7,0,1008.5
2023-04-17 00:00:00,20.6,43,0.0,10.9,0,1008.3
2023-04-17 01:00:00,19.7,45,0.0,8.5,0,1008.2
2023-04-17 02:00:00,18.6,47,0.0,7.4,0,1008.0
2023-04-17 03:00:00,17.8,51,0.0,7.1,0,1008.0
2023-04-17 04:00:00,16.7,56,0.0,5.4,0,1007.7
2023-04-17 05:00:00,15.2,63,0.0,6.8,0,1007.6
2023-04-17 06:00:00,14.4,71,0.0,7.3,0,1007.5
2023-04-17 07:00:00,14.7,74,0.0,5.1,0,1007.7
2023-04-17 08:00:00,18.2,58,0.0,3.0,0,1007.9
2023-04-17 09:00:00,22.7,37,0.0,1.3,0,1007.8
2023-04-17 10:00:00,26.9,24,0.0,1.8,0,1008.1
2023-04-17 11:00:00,30.1,18,0.0,2.1,0,1008.0
2023-04-17 12:00:00,32.4,13,0.0,4.0,0,1007.4
2023-04-17 13:00:00,34.1,10,0.0,4.2,0,1006.9
2023-04-17 14:00:00,35.3,8,0.0,2.6,0,1006.2
2023-04-17 15:00:00,35.1,8,0.0,3.4,0,1006.2
2023-04-17 16:00:00,35.8,7,0.0,4.8,0,1005.9
2023-04-17 17:00:00,35.5,7,0.0,7.2,0,1005.5
2023-04-17 18:00:00,34.5,7,0.0,11.4,0,1005.4
2023-04-17 19:00:00,32.2,8,0.0,12.6,0,1005.7
2023-04-17 20:00:00,29.7,9,0.0,9.1,0,1006.4
2023-04-17 21:00:00,29.5,9,0.0,6.7,0,1006.8
2023-04-17 22:00:00,27.5,10,0.0,3.9,0,1007.5
2023-04-17 23:00:00,25.0,15,0.0,11.6,15,1007.5
2023-04-18 00:00:00,23.9,30,0.0,11.4,62,1007.1
2023-04-18 01:00:00,21.5,38,0.0,10.6,22,1007.1
2023-04-18 02:00:00,21.1,42,0.0,5.8,97,1006.9
2023-04-18 03:00:00,21.0,20,0.0,9.7,65,1006.5
2023-04-18 04:00:00,19.3,22,0.0,9.7,0,1006.6
2023-04-18 05:00:00,19.4,24,0.0,7.2,0,1006.6
2023-04-18 06:00:00,20.2,23,0.0,12.2,0,1007.1
2023-04-18 07:00:00,19.9,25,0.0,10.1,0,1007.9
2023-04-18 08:00:00,22.2,22,0.0,8.6,0,1008.6
2023-04-18 09:00:00,26.1,16,0.0,8.0,0,1009.0
2023-04-18 10:00:00,29.8,12,0.0,9.8,0,1009.2
2023-04-18 11:00:00,33.0,9,0.0,10.4,0,1009.4
2023-04-18 12:00:00,35.3,8,0.0,9.6,0,1009.2
2023-04-18 13:00:00,36.7,7,0.0,8.7,0,1008.8
2023-04-18 14:00:00,37.5,7,0.0,8.5,0,1008.3
2023-04-18 15:00:00,37.1,9,0.0,8.0,0,1008.3
2023-04-18 16:00:00,37.4,10,0.0,10.9,0,1007.7
2023-04-18 17:00:00,36.9,10,0.0,9.2,7,1007.4
2023-04-18 18:00:00,36.1,10,0.0,3.4,2,1007.2
2023-04-18 19:00:00,35.0,11,0.0,1.8,17,1007.2
2023-04-18 20:00:00,30.7,14,0.0,7.4,9,1007.6
2023-04-18 21:00:00,30.7,14,0.0,8.5,32,1007.9
2023-04-18 22:00:00,27.8,16,0.0,11.3,48,1008.4
2023-04-18 23:00:00,26.5,18,0.0,6.2,100,1008.4
2023-04-19 00:00:00,26.3,20,0.0,8.7,35,1008.8
2023-04-19 01:00:00,25.5,24,0.0,12.0,100,1009.2
2023-04-19 02:00:00,23.9,35,0.0,7.4,70,1008.6
2023-04-19 03:00:00,21.8,44,0.0,8.2,28,1008.6
2023-04-19 04:00:00,20.9,49,0.0,7.1,0,1008.4
2023-04-19 05:00:00,19.9,54,0.0,6.8,11,1008.0
2023-04-19 06:00:00,19.7,47,0.0,7.1,75,1007.6
2023-04-19 07:00:00,20.8,39,0.0,6.6,26,1007.4
2023-04-19 08:00:00,23.4,34,0.0,11.5,99,1008.7
2023-04-19 09:00:00,24.3,39,0.0,8.4,36,1008.9
2023-04-19 10:00:00,27.2,35,0.0,11.8,97,1009.2
2023-04-19 11:00:00,30.1,28,0.0,8.7,100,1009.2
2023-04-19 12:00:00,32.2,22,0.0,8.6,100,1008.6
2023-04-19 13:00:00,33.2,20,0.0,7.3,94,1007.8
2023-04-19 14:00:00,35.4,16,0.0,1.8,100,1006.8
2023-04-19 15:00:00,32.6,24,0.0,20.2,100,1007.8
2023-04-19 16:00:00,32.0,24,0.0,11.0,100,1007.3
2023-04-19 17:00:00,30.9,29,0.0,18.2,100,1007.0
2023-04-19 18:00:00,29.8,31,0.0,15.8,70,1005.6
2023-04-19 19:00:00,28.8,33,0.0,17.0,54,1006.3
2023-04-19 20:00:00,26.3,36,0.0,17.5,3,1007.2
2023-04-19 21:00:00,24.1,38,0.0,19.6,0,1007.8
2023-04-19 22:00:00,22.3,44,0.0,20.2,0,1009.3
2023-04-19 23:00:00,21.3,47,0.0,17.3,1,1009.8
2023-04-20 00:00:00,20.3,53,0.0,15.6,31,1010.3
2023-04-20 01:00:00,19.1,60,0.0,16.3,4,1010.3
2023-04-20 02:00:00,18.1,69,0.0,16.3,0,1010.4
2023-04-20 03:00:00,17.3,78,0.0,16.3,0,1009.7
2023-04-20 04:00:00,17.3,77,0.0,15.2,100,1009.7
2023-04-20 05:00:00,17.2,77,0.0,15.5,85,1009.2
2023-04-20 06:00:00,16.8,78,0.0,13.8,75,1009.4
2023-04-20 07:00:00,16.9,76,0.0,14.3,100,1009.8
2023-04-20 08:00:00,17.6,69,0.0,15.4,35,1010.5
2023-04-20 09:00:00,19.0,59,0.0,13.4,22,1011.2
2023-04-20 10:00:00,20.7,50,0.0,11.4,6,1011.4
2023-04-20 11:00:00,22.7,41,0.0,10.7,3,1011.5
2023-04-20 12:00:00,24.6,32,0.0,10.9,2,1010.8
2023-04-20 13:00:00,26.0,28,0.0,11.8,2,1010.0
2023-04-20 14:00:00,27.1,25,0.0,11.9,0,1009.1
2023-04-20 15:00:00,25.7,30,0.0,12.3,0,1009.2
2023-04-20 16:00:00,26.5,29,0.0,10.9,2,1008.4
2023-04-20 17:00:00,26.2,29,0.0,12.5,0,1007.9
2023-04-20 18:00:00,25.3,29,0.0,13.5,1,1008.0
2023-04-20 19:00:00,24.2,31,0.0,13.9,0,1008.0
2023-04-20 20:00:00,22.4,35,0.0,16.4,0,1008.7
2023-04-20 21:00:00,21.2,39,0.0,17.1,0,1009.5
2023-04-20 22:00:00,19.9,47,0.0,15.9,0,1010.2
2023-04-20 23:00:00,18.9,51,0.0,13.3,0,1010.6
2023-04-21 00:00:00,18.0,56,0.0,12.0,0,1010.9
2023-04-21 01:00:00,17.2,61,0.0,9.4,0,1010.8
2023-04-21 02:00:00,16.4,67,0.0,7.6,0,1010.4
2023-04-21 03:00:00,15.7,72,0.0,6.1,0,1010.0
2023-04-21 04:00:00,15.3,76,0.0,5.8,0,1009.8
2023-04-21 05:00:00,14.7,80,0.0,5.7,0,1009.3
2023-04-21 06:00:00,14.1,85,0.0,5.9,0,1009.1
2023-04-21 07:00:00,14.5,83,0.0,7.2,0,1009.6
2023-04-21 08:00:00,16.5,71,0.0,7.1,0,1009.9
2023-04-21 09:00:00,18.6,60,0.0,11.8,0,1009.8
2023-04-21 10:00:00,20.5,51,0.0,12.7,2,1010.0
2023-04-21 11:00:00,22.5,43,0.0,12.0,2,1009.8
2023-04-21 12:00:00,24.4,36,0.0,10.9,91,1009.6
2023-04-21 13:00:00,25.9,30,0.0,10.9,85,1009.0
2023-04-21 14:00:00,27.1,27,0.0,10.0,63,1008.3
2023-04-21 15:00:00,26.3,29,0.0,9.9,99,1008.1
2023-04-21 16:00:00,26.6,27,0.0,10.6,100,1007.6
2023-04-21 17:00:00,26.6,25,0.0,11.6,100,1007.2
2023-04-21 18:00:00,26.0,25,0.0,13.4,75,1007.0
2023-04-21 19:00:00,24.9,27,0.0,12.6,41,1006.8
2023-04-21 20:00:00,23.2,32,0.0,10.9,0,1006.8
2023-04-21 21:00:00,21.5,44,0.0,20.6,0,1007.7
2023-04-21 22:00:00,20.0,50,0.0,18.6,0,1008.6
2023-04-21 23:00:00,18.7,56,0.0,15.9,0,1009.1
2023-04-22 00:00:00,17.8,62,0.0,14.1,0,1009.0
2023-04-22 01:00:00,17.0,69,0.0,12.9,0,1008.9
2023-04-22 02:00:00,16.4,75,0.0,11.4,3,1008.9
2023-04-22 03:00:00,16.0,77,0.0,13.6,22,1008.5
2023-04-22 04:00:00,15.7,79,0.0,13.2,35,1008.1
2023-04-22 05:00:00,15.2,83,0.0,12.5,7,1008.0
2023-04-22 06:00:00,14.8,86,0.0,11.2,0,1008.0
2023-04-22 07:00:00,14.9,86,0.0,12.4,0,1008.4
2023-04-22 08:00:00,16.6,76,0.0,13.2,0,1008.7
2023-04-22 09:00:00,18.8,64,0.0,15.5,0,1008.8
2023-04-22 10:00:00,21.3,50,0.0,16.8,3,1008.8
2023-04-22 11:00:00,23.7,39,0.0,17.6,0,1008.7
2023-04-22 12:00:00,26.0,30,0.0,17.3,0,1008.2
2023-04-22 13:00:00,27.9,24,0.0,16.8,9,1007.4
2023-04-22 14:00:00,29.4,21,0.0,17.1,20,1006.4
2023-04-22 15:00:00,29.6,21,0.0,16.4,0,1006.1
2023-04-22 16:00:00,30.3,21,0.0,16.3,78,1005.3
2023-04-22 17:00:00,30.1,21,0.0,16.3,100,1005.0
2023-04-22 18:00:00,29.1,25,0.0,16.6,100,1005.0
2023-04-22 19:00:00,26.9,32,0.0,18.2,100,1005.2
2023-04-22 20:00:00,24.5,37,0.0,19.4,100,1006.0
2023-04-22 21:00:00,23.2,37,0.0,19.1,100,1006.9
2023-04-22 22:00:00,21.9,41,0.0,18.2,99,1007.9
2023-04-22 23:00:00,20.5,48,0.0,18.4,93,1007.8
2023-04-23 00:00:00,19.2,58,0.0,17.6,100,1007.9
2023-04-23 01:00:00,18.0,68,0.0,16.1,100,1007.8
2023-04-23 02:00:00,17.1,77,0.0,15.0,100,1007.7
2023-04-23 03:00:00,17.3,77,0.0,14.7,100,1007.7
2023-04-23 04:00:00,16.9,81,0.0,14.7,100,1007.6
2023-04-23 05:00:00,16.4,85,0.0,14.3,100,1007.7
2023-04-23 06:00:00,16.5,84,0.0,14.7,100,1007.5
2023-04-23 07:00:00,16.4,87,0.0,14.0,100,1007.6
2023-04-23 08:00:00,17.6,79,0.0,12.5,100,1007.7
2023-04-23 09:00:00,20.1,63,0.0,13.3,100,1008.0
2023-04-23 10:00:00,22.5,49,0.0,14.4,100,1008.4
2023-04-23 11:00:00,24.5,40,0.0,13.6,100,1008.6
2023-04-23 12:00:00,26.6,31,0.0,13.9,100,1008.4
2023-04-23 13:00:00,28.6,25,0.0,14.5,100,1008.0
2023-04-23 14:00:00,29.5,23,0.0,15.8,100,1007.4
2023-04-23 15:00:00,29.8,23,0.0,16.8,100,1007.1
2023-04-23 16:00:00,30.1,23,0.0,16.8,100,1006.7
2023-04-23 17:00:00,29.5,26,0.0,17.9,100,1006.6
2023-04-23 18:00:00,28.5,28,0.0,19.2,100,1006.9
2023-04-23 19:00:00,27.1,28,0.0,17.1,100,1007.2
2023-04-23 20:00:00,25.5,29,0.0,16.2,75,1007.6
2023-04-23 21:00:00,24.3,31,0.0,16.3,0,1008.1
2023-04-23 22:00:00,23.0,34,0.0,15.9,0,1009.1
2023-04-23 23:00:00,21.7,37,0.0,15.5,0,1009.5
2023-04-24 00:00:00,20.2,45,0.0,14.4,0,1009.8
2023-04-24 01:00:00,19.1,53,0.0,12.9,0,1009.9
2023-04-24 02:00:00,18.0,63,0.0,12.4,0,1009.7
2023-04-24 03:00:00,17.2,75,0.0,13.9,0,1009.5
2023-04-24 04:00:00,16.6,85,0.0,13.6,0,1009.5
2023-04-24 05:00:00,16.0,93,0.0,13.2,2,1009.8
2023-04-24 06:00:00,15.6,97,0.0,12.7,43,1010.2
2023-04-24 07:00:00,15.8,97,0.0,13.4,100,1010.8
2023-04-24 08:00:00,17.2,86,0.0,13.8,45,1011.3
2023-04-24 09:00:00,19.7,68,0.0,12.0,16,1011.8
2023-04-24 10:00:00,22.8,48,0.0,13.0,1,1012.0
2023-04-24 11:00:00,25.7,35,0.0,13.5,0,1012.1
2023-04-24 12:00:00,28.0,29,0.0,13.2,0,1011.7
2023-04-24 13:00:00,29.8,25,0.0,12.5,0,1011.3
2023-04-24 14:00:00,31.2,20,0.0,10.0,0,1010.7
2023-04-24 15:00:00,32.0,15,0.0,13.8,0,1010.1
2023-04-24 16:00:00,32.0,15,0.0,17.3,0,1009.7
2023-04-24 17:00:00,31.2,16,0.0,17.3,0,1009.6
2023-04-24 18:00:00,30.4,18,0.0,15.9,0,1009.5
2023-04-24 19:00:00,28.8,19,0.0,15.1,0,1009.7
2023-04-24 20:00:00,27.0,20,0.0,14.8,0,1010.2
2023-04-24 21:00:00,25.6,25,0.0,15.9,0,1010.8
2023-04-24 22:00:00,24.1,31,0.0,16.0,0,1011.6
2023-04-24 23:00:00,22.4,41,0.0,13.8,0,1012.3
2023-04-25 00:00:00,21.0,47,0.0,11.5,0,1012.6
2023-04-25 01:00:00,19.9,52,0.0,10.0,0,1012.4
2023-04-25 02:00:00,18.8,57,0.0,8.8,0,1012.3
2023-04-25 03:00:00,17.8,65,0.0,6.0,0,1011.9
2023-04-25 04:00:00,16.9,71,0.0,4.8,0,1011.5
2023-04-25 05:00:00,16.0,76,0.0,4.7,0,1011.4
2023-04-25 06:00:00,15.6,82,0.0,5.2,4,1011.4
2023-04-25 07:00:00,16.0,82,0.0,7.6,0,1011.8
2023-04-25 08:00:00,18.4,68,0.0,6.5,0,1012.1
2023-04-25 09:00:00,22.2,39,0.0,7.9,0,1011.8
2023-04-25 10:00:00,25.4,24,0.0,9.2,0,1011.8
2023-04-25 11:00:00,27.5,22,0.0,9.5,0,1012.0
2023-04-25 12:00:00,29.1,20,0.0,10.0,0,1011.8
2023-04-25 13:00:00,30.3,20,0.0,10.5,0,1011.3
2023-04-25 14:00:00,31.4,20,0.0,11.4,0,1010.7
2023-04-25 15:00:00,31.4,20,0.0,13.3,0,1010.0
2023-04-25 16:00:00,31.6,20,0.0,14.6,0,1009.6
2023-04-25 17:00:00,31.2,20,0.0,12.2,0,1009.1
2023-04-25 18:00:00,30.6,21,0.0,13.0,0,1008.7
2023-04-25 19:00:00,28.8,24,0.0,13.0,0,1008.7
2023-04-25 20:00:00,26.8,27,0.0,6.8,0,1008.9
2023-04-25 21:00:00,26.0,28,0.0,15.1,0,1009.8
2023-04-25 22:00:00,24.1,34,0.0,15.7,0,1010.6
2023-04-25 23:00:00,22.8,37,0.0,14.1,0,1011.0
2023-04-26 00:00:00,21.5,41,0.0,10.4,0,1011.3
2023-04-26 01:00:00,20.6,44,0.0,8.9,0,1011.2
2023-04-26 02:00:00,19.8,45,0.0,8.0,0,1010.7
2023-04-26 03:00:00,18.4,52,0.0,8.1,0,1009.8
2023-04-26 04:00:00,18.7,51,0.0,5.0,0,1009.2
2023-04-26 05:00:00,17.1,59,0.0,4.4,0,1009.2
2023-04-26 06:00:00,16.5,65,0.0,4.8,0,1009.2
2023-04-26 07:00:00,17.2,61,0.0,9.6,0,1010.0
2023-04-26 08:00:00,19.5,51,0.0,6.6,0,1010.4
2023-04-26 09:00:00,23.0,38,0.0,6.2,0,1010.5
2023-04-26 10:00:00,26.6,28,0.0,7.0,0,1010.5
2023-04-26 11:00:00,29.3,22,0.0,8.4,0,1010.1
2023-04-26 12:00:00,30.8,19,0.0,7.9,0,1010.0
2023-04-26 13:00:00,31.9,18,0.0,5.9,0,1009.5
2023-04-26 14:00:00,32.9,17,0.0,3.6,0,1008.8
2023-04-26 15:00:00,32.0,17,0.0,6.4,0,1008.4
2023-04-26 16:00:00,32.8,16,0.0,6.2,0,1007.6
2023-04-26 17:00:00,32.4,16,0.0,7.9,0,1006.9
2023-04-26 18:00:00,31.9,17,0.0,6.2,0,1006.7
2023-04-26 19:00:00,30.2,19,0.0,9.3,0,1006.9
2023-04-26 20:00:00,28.0,22,0.0,10.8,0,1007.2
2023-04-26 21:00:00,25.7,28,0.0,21.7,1,1008.5
2023-04-26 22:00:00,24.1,35,0.0,17.7,16,1009.5
2023-04-26 23:00:00,23.1,37,0.0,17.1,29,1010.0
2023-04-27 00:00:00,21.9,40,0.0,12.9,0,1009.9
2023-04-27 01:00:00,20.9,42,0.0,8.6,0,1010.0
2023-04-27 02:00:00,19.9,46,0.0,6.2,0,1009.7
2023-04-27 03:00:00,19.2,49,0.0,5.8,0,1009.1
2023-04-27 04:00:00,18.1,55,0.0,6.1,0,1008.4
2023-04-27 05:00:00,18.1,52,0.0,6.0,0,1007.8
2023-04-27 06:00:00,17.9,49,0.0,7.9,0,1007.6
2023-04-27 07:00:00,18.5,49,0.0,4.6,0,1007.9
2023-04-27 08:00:00,21.9,38,0.0,4.6,0,1007.9
2023-04-27 09:00:00,25.3,29,0.0,4.6,0,1007.9
2023-04-27 10:00:00,28.7,22,0.0,4.8,0,1007.8
2023-04-27 11:00:00,30.9,18,0.0,6.4,0,1007.5
2023-04-27 12:00:00,32.4,15,0.0,12.2,0,1007.0
2023-04-27 13:00:00,32.9,14,0.0,16.9,0,1006.5
2023-04-27 14:00:00,33.9,13,0.0,18.0,18,1005.8
2023-04-27 15:00:00,33.6,14,0.0,21.1,97,1005.3
2023-04-27 16:00:00,32.9,15,0.0,20.8,24,1004.9
2023-04-27 17:00:00,32.8,14,0.0,17.3,34,1004.4
2023-04-27 18:00:00,32.0,14,0.0,17.8,0,1004.0
2023-04-27 19:00:00,29.5,20,0.0,20.1,0,1004.6
2023-04-27 20:00:00,26.4,30,0.0,21.7,0,1005.9
2023-04-27 21:00:00,24.2,40,0.0,18.3,1,1007.4
2023-04-27 22:00:00,22.6,46,0.0,15.6,2,1008.7
2023-04-27 23:00:00,21.3,53,0.0,14.0,2,1009.1
2023-04-28 00:00:00,20.3,61,0.0,11.0,0,1009.3
2023-04-28 01:00:00,19.5,68,0.0,8.6,0,1009.2
2023-04-28 02:00:00,18.7,72,0.0,7.4,0,1009.0
2023-04-28 03:00:00,17.9,73,0.0,9.3,0,1008.4
2023-04-28 04:00:00,17.3,74,0.0,7.7,1,1008.5
2023-04-28 05:00:00,16.8,73,0.0,10.0,0,1008.9
2023-04-28 06:00:00,16.1,77,0.0,6.9,0,1009.0
2023-04-28 07:00:00,16.5,77,0.0,7.9,22,1009.6
2023-04-28 08:00:00,18.3,69,0.0,10.5,20,1010.0
2023-04-28 09:00:00,19.9,59,0.0,9.6,26,1010.4
2023-04-28 10:00:00,21.7,49,0.0,9.0,5,1010.6
2023-04-28 11:00:00,23.3,37,0.0,8.4,3,1010.5
2023-04-28 12:00:00,24.9,32,0.0,10.2,4,1010.4
2023-04-28 13:00:00,25.9,29,0.0,13.1,6,1010.2
2023-04-28 14:00:00,26.8,25,0.0,14.4,3,1009.8
2023-04-28 15:00:00,25.3,28,0.0,17.4,5,1010.0
2023-04-28 16:00:00,25.7,27,0.0,17.4,56,1009.7
2023-04-28 17:00:00,24.1,35,0.0,20.1,16,1009.7
2023-04-28 18:00:00,24.1,33,0.0,17.7,20,1009.5
2023-04-28 19:00:00,22.9,35,0.0,18.3,28,1009.8
2023-04-28 20:00:00,21.5,40,0.0,18.1,18,1010.2
2023-04-28 21:00:00,20.2,41,0.0,19.0,0,1011.3
2023-04-28 22:00:00,19.1,45,0.0,16.3,0,1012.0
2023-04-28 23:00:00,18.1,49,0.0,15.4,0,1012.4
2023-04-29 00:00:00,17.0,58,0.0,11.7,0,1012.3
2023-04-29 01:00:00,16.4,63,0.0,11.2,0,1011.9
2023-04-29 02:00:00,16.0,66,0.0,11.5,0,1011.6
2023-04-29 03:00:00,15.5,66,0.0,8.3,0,1011.2
2023-04-29 04:00:00,14.4,70,0.0,5.2,7,1010.9
2023-04-29 05:00:00,13.7,73,0.0,5.2,12,1010.5
2023-04-29 06:00:00,13.6,73,0.0,4.8,11,1010.6
2023-04-29 07:00:00,14.7,66,0.0,7.3,13,1011.2
2023-04-29 08:00:00,16.7,57,0.0,8.7,45,1012.0
2023-04-29 09:00:00,18.7,47,0.0,19.5,30,1012.1
2023-04-29 10:00:00,20.3,40,0.0,17.9,16,1012.1
2023-04-29 11:00:00,22.2,32,0.0,17.7,33,1012.0
2023-04-29 12:00:00,23.7,27,0.0,18.8,30,1011.6
2023-04-29 13:00:00,24.8,24,0.0,19.6,33,1010.9
2023-04-29 14:00:00,25.1,24,0.0,20.8,13,1010.6
2023-04-29 15:00:00,23.9,28,0.0,16.8,25,1010.4
2023-04-29 16:00:00,24.0,28,0.0,20.6,11,1010.0
2023-04-29 17:00:00,23.6,28,0.0,18.6,5,1010.1
2023-04-29 18:00:00,22.2,33,0.0,20.5,10,1010.3
2023-04-29 19:00:00,20.7,36,0.0,17.7,0,1010.8
2023-04-29 20:00:00,19.4,40,0.0,15.6,0,1011.4
2023-04-29 21:00:00,18.4,44,0.0,15.1,0,1012.3
2023-04-29 22:00:00,17.6,47,0.0,11.5,2,1013.0
2023-04-29 23:00:00,16.8,49,0.0,8.7,0,1013.0
2023-04-30 00:00:00,16.1,53,0.0,8.6,2,1013.2
2023-04-30 01:00:00,15.4,58,0.0,6.3,0,1013.2
2023-04-30 02:00:00,13.8,67,0.0,7.7,0,1012.8
2023-04-30 03:00:00,13.8,68,0.0,6.5,0,1012.5
2023-04-30 04:00:00,14.8,64,0.0,3.1,0,1012.4
2023-04-30 05:00:00,13.0,72,0.0,2.5,0,1012.0
2023-04-30 06:00:00,11.9,79,0.0,5.2,2,1012.0
2023-04-30 07:00:00,13.1,71,0.0,7.0,2,1012.6
2023-04-30 08:00:00,15.8,56,0.0,5.8,2,1013.2
2023-04-30 09:00:00,18.1,46,0.0,5.1,1,1013.4
2023-04-30 10:00:00,20.6,36,0.0,10.3,100,1013.6
2023-04-30 11:00:00,21.8,32,0.0,11.2,15,1013.7
2023-04-30 12:00:00,23.2,30,0.0,12.0,45,1013.2
2023-04-30 13:00:00,24.0,29,0.0,12.7,40,1013.0
2023-04-30 14:00:00,24.8,27,0.0,13.0,26,1012.6
2023-04-30 15:00:00,24.7,29,0.0,12.4,13,1012.3
2023-04-30 16:00:00,25.1,28,0.0,13.6,75,1011.8
2023-04-30 17:00:00,24.6,30,0.0,13.3,3,1011.4
2023-04-30 18:00:00,24.2,30,0.0,9.8,1,1010.9
2023-04-30 19:00:00,23.5,30,0.0,0.7,1,1010.8
2023-04-30 20:00:00,22.2,34,0.0,13.9,10,1011.6
2023-04-30 21:00:00,20.8,39,0.0,14.6,0,1012.7
2023-04-30 22:00:00,19.5,44,0.0,13.7,0,1013.4
2023-04-30 23:00:00,18.3,47,0.0,11.5,0,1013.9
2023-05-01 00:00:00,17.4,51,0.0,10.3,0,1014.0
2023-05-01 01:00:00,16.5,55,0.0,9.3,0,1013.7
2023-05-01 02:00:00,15.6,60,0.0,7.3,0,1013.3
2023-05-01 03:00:00,15.1,65,0.0,6.8,0,1013.3
2023-05-01 04:00:00,14.7,68,0.0,6.6,0,1013.1
2023-05-01 05:00:00,13.8,73,0.0,5.2,0,1013.0
2023-05-01 06:00:00,13.1,79,0.0,5.2,0,1013.2
2023-05-01 07:00:00,14.2,74,0.0,6.4,0,1013.8
2023-05-01 08:00:00,16.3,62,0.0,7.2,0,1014.1
2023-05-01 09:00:00,18.1,53,0.0,9.5,0,1014.1
2023-05-01 10:00:00,20.1,44,0.0,8.9,0,1014.3
2023-05-01 11:00:00,22.2,35,0.0,8.7,0,1014.1
2023-05-01 12:00:00,24.1,29,0.0,8.2,0,1013.6
2023-05-01 13:00:00,25.8,24,0.0,8.1,0,1013.2
2023-05-01 14:00:00,27.2,21,0.0,8.7,0,1012.8
2023-05-01 15:00:00,27.6,19,0.0,8.7,0,1012.6
2023-05-01 16:00:00,28.4,18,0.0,9.4,0,1011.7
2023-05-01 17:00:00,28.3,18,0.0,9.8,0,1011.4
2023-05-01 18:00:00,27.9,19,0.0,9.8,0,1011.4
2023-05-01 19:00:00,26.6,21,0.0,8.4,0,1011.5
2023-05-01 20:00:00,24.1,25,0.0,7.2,0,1011.6
2023-05-01 21:00:00,22.7,35,0.0,22.2,0,1012.8
2023-05-01 22:00:00,20.9,42,0.0,19.3,0,1013.9
2023-05-01 23:00:00,19.4,49,0.0,16.8,0,1014.5
2023-05-02 00:00:00,18.4,55,0.0,14.5,0,1014.6
2023-05-02 01:00:00,17.6,60,0.0,12.3,0,1014.5
2023-05-02 02:00:00,16.9,65,0.0,10.7,0,1014.0
2023-05-02 03:00:00,16.2,72,0.0,9.8,0,1013.6
2023-05-02 04:00:00,15.9,75,0.0,8.7,0,1013.5
2023-05-02 05:00:00,15.4,78,0.0,8.9,0,1013.5
2023-05-02 06:00:00,15.0,81,0.0,9.5,0,1013.8
2023-05-02 07:00:00,15.5,79,0.0,9.7,0,1014.2
2023-05-02 08:00:00,17.3,69,0.0,10.8,0,1014.4
2023-05-02 09:00:00,19.7,59,0.0,13.2,0,1014.5
2023-05-02 10:00:00,22.1,47,0.0,14.0,0,1014.6
2023-05-02 11:00:00,24.7,36,0.0,13.5,0,1014.4
2023-05-02 12:00:00,26.9,28,0.0,13.0,0,1014.0
2023-05-02 13:00:00,28.6,25,0.0,12.8,0,1013.4
2023-05-02 14:00:00,29.9,23,0.0,12.0,0,1012.9
2023-05-02 15:00:00,29.8,22,0.0,11.7,0,1013.0
2023-05-02 16:00:00,30.5,21,0.0,12.2,0,1012.7
2023-05-02 17:00:00,30.3,22,0.0,12.7,0,1012.5
2023-05-02 18:00:00,29.5,24,0.0,13.3,0,1012.5
2023-05-02 19:00:00,27.6,30,0.0,16.0,0,1012.8
2023-05-02 20:00:00,25.2,33,0.0,18.3,0,1013.5
2023-05-02 21:00:00,23.7,35,0.0,19.1,0,1014.2
2023-05-02 22:00:00,22.1,40,0.0,18.4,0,1015.1
2023-05-02 23:00:00,20.6,46,0.0,16.9,0,1015.6
2023-05-03 00:00:00,19.5,54,0.0,15.0,0,1015.8
2023-05-03 01:00:00,18.6,61,0.0,14.3,0,1016.0
2023-05-03 02:00:00,17.9,66,0.0,13.3,0,1015.7
2023-05-03 03:00:00,17.2,71,0.0,12.8,0,1015.6
2023-05-03 04:00:00,16.7,76,0.0,12.5,0,1015.4
2023-05-03 05:00:00,16.2,80,0.0,11.8,0,1015.2
2023-05-03 06:00:00,15.8,83,0.0,11.7,0,1015.1
2023-05-03 07:00:00,16.3,81,0.0,12.0,0,1015.5
2023-05-03 08:00:00,18.4,69,0.0,12.5,0,1015.6
2023-05-03 09:00:00,21.2,52,0.0,14.8,0,1015.5
2023-05-03 10:00:00,23.8,39,0.0,16.4,0,1015.7
2023-05-03 11:00:00,26.2,30,0.0,17.6,0,1015.7
2023-05-03 12:00:00,28.2,24,0.0,18.4,0,1015.2
2023-05-03 13:00:00,30.0,19,0.0,18.0,0,1014.6
2023-05-03 14:00:00,31.2,17,0.0,17.2,0,1013.9
2023-05-03 15:00:00,31.5,17,0.0,17.6,0,1013.8
2023-05-03 16:00:00,31.8,17,0.0,17.1,0,1013.5
2023-05-03 17:00:00,31.4,18,0.0,16.3,0,1013.2
2023-05-03 18:00:00,30.4,18,0.0,16.8,0,1012.9
2023-05-03 19:00:00,28.9,16,0.0,15.1,0,1012.8
2023-05-03 20:00:00,26.8,18,0.0,15.3,0,1013.1
2023-05-03 21:00:00,25.2,23,0.0,18.3,0,1013.5
2023-05-03 22:00:00,23.2,28,0.0,16.4,0,1014.4
2023-05-03 23:00:00,21.6,35,0.0,15.3,0,1014.7
2023-05-04 00:00:00,20.2,44,0.0,14.7,0,1014.8
2023-05-04 01:00:00,19.1,54,0.0,13.9,0,1014.5
2023-05-04 02:00:00,18.2,62,0.0,13.2,0,1014.1
2023-05-04 03:00:00,17.3,70,0.0,12.8,0,1013.6
2023-05-04 04:00:00,16.8,75,0.0,12.9,0,1013.1
2023-05-04 05:00:00,16.3,80,0.0,12.1,0,1012.7
2023-05-04 06:00:00,15.9,85,0.0,11.4,0,1012.8
2023-05-04 07:00:00,16.4,84,0.0,12.4,0,1013.0
2023-05-04 08:00:00,18.5,73,0.0,12.7,0,1013.0
2023-05-04 09:00:00,21.6,58,0.0,14.8,0,1012.7
2023-05-04 10:00:00,24.9,43,0.0,16.1,0,1012.2
2023-05-04 11:00:00,28.2,30,0.0,16.9,0,1011.5
2023-05-04 12:00:00,31.0,23,0.0,16.9,0,1010.7
2023-05-04 13:00:00,33.2,19,0.0,16.8,0,1009.8
2023-05-04 14:00:00,34.8,16,0.0,16.2,0,1008.8
2023-05-04 15:00:00,34.5,14,0.0,14.5,0,1008.6
2023-05-04 16:00:00,35.4,13,0.0,14.3,4,1007.5
2023-05-04 17:00:00,35.4,13,0.0,12.5,34,1006.6
2023-05-04 18:00:00,34.9,13,0.0,9.8,14,1006.1
2023-05-04 19:00:00,32.8,16,0.0,7.1,62,1006.2
2023-05-04 20:00:00,30.2,20,0.0,10.9,93,1006.3
2023-05-04 21:00:00,29.2,23,0.0,12.7,2,1006.3
2023-05-04 22:00:00,27.9,26,0.0,12.1,14,1006.5
2023-05-04 23:00:00,26.5,30,0.0,9.7,0,1006.3
2023-05-05 00:00:00,24.6,36,0.0,6.0,1,1006.1
2023-05-05 01:00:00,22.9,37,0.0,10.5,0,1005.0
2023-05-05 02:00:00,24.6,24,0.0,8.3,0,1004.4
2023-05-05 03:00:00,24.1,24,0.0,11.4,0,1003.4
2023-05-05 04:00:00,24.4,25,0.0,16.5,0,1004.0
2023-05-05 05:00:00,24.3,26,0.0,15.9,0,1004.1
2023-05-05 06:00:00,23.0,36,0.0,16.8,3,1004.6
2023-05-05 07:00:00,22.7,38,0.0,12.0,0,1005.6
2023-05-05 08:00:00,23.9,34,0.0,12.5,0,1006.4
2023-05-05 09:00:00,25.1,32,0.0,17.4,0,1006.9
2023-05-05 10:00:00,26.5,28,0.0,18.1,0,1007.2
2023-05-05 11:00:00,27.8,26,0.0,20.4,0,1007.5
2023-05-05 12:00:00,28.9,23,0.0,22.0,0,1007.5
2023-05-05 13:00:00,29.7,23,0.0,22.7,0,1007.5
2023-05-05 14:00:00,30.3,21,0.0,22.7,0,1007.0
2023-05-05 15:00:00,30.2,19,0.0,23.5,0,1006.5
2023-05-05 16:00:00,30.5,15,0.0,23.5,0,1005.9
2023-05-05 17:00:00,29.9,16,0.0,23.9,0,1005.5
2023-05-05 18:00:00,28.8,17,0.0,23.1,0,1005.7
2023-05-05 19:00:00,27.3,21,0.0,18.5,0,1006.2
2023-05-05 20:00:00,25.6,25,0.0,13.3,0,1007.0
2023-05-05 21:00:00,24.6,30,0.0,10.5,0,1007.7
2023-05-05 22:00:00,22.3,48,0.0,16.9,0,1008.8
2023-05-05 23:00:00,21.2,51,0.0,10.0,0,1009.1
2023-05-06 00:00:00,20.1,55,0.0,6.4,0,1009.4
2023-05-06 01:00:00,19.0,60,0.0,6.4,0,1009.0
2023-05-06 02:00:00,17.8,67,0.0,6.9,0,1008.8
2023-05-06 03:00:00,19.0,66,0.0,3.6,0,1008.3
2023-05-06 04:00:00,17.8,72,0.0,2.9,0,1008.1
2023-05-06 05:00:00,17.2,74,0.0,4.7,2,1008.0
2023-05-06 06:00:00,16.0,81,0.0,5.9,5,1008.1
2023-05-06 07:00:00,17.5,74,0.0,5.1,0,1008.5
2023-05-06 08:00:00,20.1,63,0.0,3.6,0,1008.9
2023-05-06 09:00:00,22.6,50,0.0,4.5,0,1009.1
2023-05-06 10:00:00,25.0,40,0.0,7.7,11,1009.1
2023-05-06 11:00:00,27.0,31,0.0,12.7,42,1009.2
2023-05-06 12:00:00,27.7,27,0.0,17.2,40,1008.8
2023-05-06 13:00:00,28.7,23,0.0,16.6,54,1008.4
2023-05-06 14:00:00,29.2,22,0.0,21.7,47,1007.9
2023-05-06 15:00:00,28.5,24,0.0,20.2,37,1008.0
2023-05-06 16:00:00,29.6,21,0.0,20.8,43,1007.5
2023-05-06 17:00:00,27.7,29,0.0,24.4,18,1007.8
2023-05-06 18:00:00,27.3,26,0.0,22.0,1,1007.6
2023-05-06 19:00:00,26.6,27,0.0,17.0,3,1007.7
2023-05-06 20:00:00,24.6,30,0.0,8.7,10,1008.3
2023-05-06 21:00:00,23.6,39,0.0,20.1,2,1009.4
2023-05-06 22:00:00,21.6,51,0.0,15.7,17,1010.7
2023-05-06 23:00:00,20.6,57,0.0,11.8,13,1011.1
2023-05-07 00:00:00,19.7,61,0.0,7.2,3,1011.2
2023-05-07 01:00:00,18.4,68,0.0,4.6,0,1011.2
2023-05-07 02:00:00,17.5,74,0.0,4.8,0,1011.1
2023-05-07 03:00:00,17.2,77,0.0,5.7,0,1010.9
2023-05-07 04:00:00,17.2,78,0.0,4.9,0,1010.7
2023-05-07 05:00:00,17.1,80,0.0,4.4,4,1010.6
2023-05-07 06:00:00,15.3,90,0.0,6.0,9,1011.0
2023-05-07 07:00:00,16.8,81,0.0,5.9,12,1011.8
2023-05-07 08:00:00,18.5,72,0.0,8.0,28,1012.4
2023-05-07 09:00:00,20.4,61,0.0,10.9,27,1012.9
2023-05-07 10:00:00,22.2,51,0.0,11.9,33,1013.0
2023-05-07 11:00:00,24.0,42,0.0,13.0,40,1012.9
2023-05-07 12:00:00,25.8,35,0.0,14.1,62,1012.8
2023-05-07 13:00:00,27.3,30,0.0,14.6,66,1012.1
2023-05-07 14:00:00,28.1,26,0.0,16.1,100,1011.5
2023-05-07 15:00:00,26.4,34,0.0,13.0,54,1011.6
2023-05-07 16:00:00,27.0,31,0.0,12.7,73,1010.9
2023-05-07 17:00:00,27.2,30,0.0,14.5,69,1010.6
2023-05-07 18:00:00,26.3,32,0.0,16.8,100,1010.6
2023-05-07 19:00:00,25.0,37,0.0,15.4,2,1010.8
2023-05-07 20:00:00,23.6,41,0.0,9.1,20,1011.2
2023-05-07 21:00:00,22.9,43,0.0,10.9,4,1011.6
2023-05-07 22:00:00,21.8,47,0.0,12.8,2,1012.5
2023-05-07 23:00:00,20.6,52,0.0,8.4,3,1012.9
2023-05-08 00:00:00,19.6,58,0.0,9.8,1,1013.2
2023-05-08 01:00:00,18.7,64,0.0,9.6,0,1013.4
2023-05-08 02:00:00,17.9,69,0.0,8.5,0,1013.1
2023-05-08 03:00:00,17.2,75,0.0,8.1,0,1012.8
2023-05-08 04:00:00,16.5,81,0.0,4.7,0,1012.6
2023-05-08 05:00:00,15.5,88,0.0,5.1,0,1012.5
2023-05-08 06:00:00,14.8,93,0.0,5.5,0,1012.7
2023-05-08 07:00:00,16.4,86,0.0,5.5,1,1012.9
2023-05-08 08:00:00,18.3,74,0.0,6.1,0,1012.8
2023-05-08 09:00:00,20.5,60,0.0,8.7,34,1012.7
2023-05-08 10:00:00,22.5,48,0.0,7.9,23,1012.7
2023-05-08 11:00:00,25.1,36,0.0,8.5,46,1012.4
2023-05-08 12:00:00,26.9,29,0.0,9.9,64,1012.1
2023-05-08 13:00:00,27.7,27,0.0,11.4,100,1011.5
2023-05-08 14:00:00,27.7,27,0.0,11.4,100,1010.8
2023-05-08 15:00:00,26.3,33,0.0,11.1,100,1011.5
2023-05-08 16:00:00,26.3,33,0.0,10.4,48,1011.0
2023-05-08 17:00:00,26.8,31,0.0,10.5,64,1010.5
2023-05-08 18:00:00,26.0,34,0.0,12.4,32,1010.4
2023-05-08 19:00:00,25.1,36,0.0,10.1,9,1010.3
2023-05-08 20:00:00,23.2,41,0.0,6.8,0,1010.5
2023-05-08 21:00:00,22.8,42,0.0,8.2,23,1011.3
2023-05-08 22:00:00,21.5,55,0.0,16.4,2,1012.4
2023-05-08 23:00:00,20.1,62,0.0,15.5,6,1012.8
2023-05-09 00:00:00,19.0,66,0.0,13.1,0,1012.7
2023-05-09 01:00:00,18.3,70,0.0,10.0,0,1012.5
2023-05-09 02:00:00,17.6,74,0.0,7.9,0,1012.0
2023-05-09 03:00:00,17.1,77,0.0,6.3,0,1012.0
2023-05-09 04:00:00,16.8,80,0.0,5.6,3,1011.7
2023-05-09 05:00:00,16.2,84,0.0,5.1,8,1011.8
2023-05-09 06:00:00,15.2,90,0.0,5.0,6,1011.8
2023-05-09 07:00:00,16.6,84,0.0,6.6,0,1011.7
2023-05-09 08:00:00,18.6,70,0.0,7.9,0,1011.7
2023-05-09 09:00:00,20.6,61,0.0,10.0,3,1011.8
2023-05-09 10:00:00,22.6,51,0.0,10.3,0,1011.8
2023-05-09 11:00:00,24.6,43,0.0,10.4,0,1011.5
2023-05-09 12:00:00,26.3,37,0.0,10.5,0,1011.2
2023-05-09 13:00:00,27.5,32,0.0,9.5,0,1010.8
2023-05-09 14:00:00,28.6,28,0.0,9.2,0,1010.0
2023-05-09 15:00:00,28.9,27,0.0,9.3,0,1009.3
2023-05-09 16:00:00,29.4,26,0.0,9.7,28,1008.7
2023-05-09 17:00:00,29.4,26,0.0,9.1,27,1008.1
2023-05-09 18:00:00,28.7,27,0.0,9.5,24,1007.9
2023-05-09 19:00:00,27.5,29,0.0,10.7,78,1007.7
2023-05-09 20:00:00,25.9,32,0.0,9.7,69,1007.9
2023-05-09 21:00:00,24.7,34,0.0,6.0,97,1008.3
2023-05-09 22:00:00,24.1,37,0.0,13.0,64,1009.2
2023-05-09 23:00:00,21.9,56,0.0,16.7,0,1009.7
2023-05-10 00:00:00,20.9,60,0.0,15.5,0,1009.8
2023-05-10 01:00:00,19.9,66,0.0,14.0,0,1009.9
2023-05-10 02:00:00,19.1,72,0.0,14.2,4,1009.6
2023-05-10 03:00:00,17.7,82,0.0,12.0,4,1009.4
2023-05-10 04:00:00,17.2,87,0.0,11.2,0,1009.1
2023-05-10 05:00:00,16.7,90,0.0,11.2,1,1008.5
2023-05-10 06:00:00,16.2,93,0.0,9.7,1,1008.5
2023-05-10 07:00:00,16.8,87,0.0,10.4,3,1008.4
2023-05-10 08:00:00,18.8,76,0.0,9.7,3,1008.1
2023-05-10 09:00:00,21.6,62,0.0,10.6,1,1008.1
2023-05-10 10:00:00,24.8,48,0.0,10.0,0,1008.3
2023-05-10 11:00:00,27.8,35,0.0,9.1,0,1008.2
2023-05-10 12:00:00,30.1,26,0.0,7.0,0,1007.7
2023-05-10 13:00:00,31.6,21,0.0,5.0,0,1007.1
2023-05-10 14:00:00,32.8,17,0.0,3.3,50,1006.5
2023-05-10 15:00:00,32.9,16,0.0,4.7,99,1006.4
2023-05-10 16:00:00,33.7,16,0.0,4.5,98,1005.8
2023-05-10 17:00:00,33.6,16,0.0,4.3,100,1005.3
2023-05-10 18:00:00,32.7,18,0.0,8.1,100,1005.0
2023-05-10 19:00:00,31.4,19,0.0,8.7,93,1005.1
2023-05-10 20:00:00,28.8,25,0.0,17.4,22,1005.6
2023-05-10 21:00:00,24.8,49,0.0,19.6,38,1006.8
2023-05-10 22:00:00,23.6,52,0.0,19.7,0,1007.3
2023-05-10 23:00:00,22.4,58,0.0,17.1,90,1007.0
2023-05-11 00:00:00,21.4,63,0.0,16.2,99,1006.5
2023-05-11 01:00:00,20.6,68,0.0,12.8,100,1006.4
2023-05-11 02:00:00,19.9,72,0.0,13.2,99,1006.0
2023-05-11 03:00:00,19.1,78,0.0,13.5,74,1006.0
2023-05-11 04:00:00,18.3,84,0.0,13.3,0,1005.5
2023-05-11 05:00:00,17.7,88,0.0,11.9,2,1005.0
2023-05-11 06:00:00,17.2,90,0.0,13.2,92,1004.9
2023-05-11 07:00:00,17.7,88,0.0,11.9,100,1005.4
2023-05-11 08:00:00,19.6,76,0.0,9.9,63,1005.0
2023-05-11 09:00:00,24.9,50,0.0,6.2,37,1005.6
2023-05-11 10:00:00,27.2,44,0.0,10.4,64,1006.0
2023-05-11 11:00:00,30.4,33,0.0,9.0,32,1005.4
2023-05-11 12:00:00,34.1,21,0.0,6.3,18,1004.6
2023-05-11 13:00:00,36.8,11,0.0,9.2,11,1003.8
2023-05-11 14:00:00,37.4,11,0.0,18.1,31,1003.1
2023-05-11 15:00:00,38.3,9,0.0,22.1,59,1001.8
2023-05-11 16:00:00,38.0,8,0.0,23.6,82,1001.2
2023-05-11 17:00:00,36.5,9,0.0,23.9,0,1001.1
2023-05-11 18:00:00,35.3,13,0.0,26.6,0,1001.2
2023-05-11 19:00:00,34.3,14,0.0,21.6,0,1001.6
2023-05-11 20:00:00,31.5,17,0.0,17.9,0,1002.8
2023-05-11 21:00:00,30.0,19,0.0,14.8,0,1003.7
2023-05-11 22:00:00,28.5,22,0.0,11.2,0,1004.3
2023-05-11 23:00:00,24.8,43,0.0,12.2,0,1005.3
2023-05-12 00:00:00,22.9,52,0.0,10.1,0,1006.0
2023-05-12 01:00:00,21.8,58,0.0,8.0,0,1006.4
2023-05-12 02:00:00,21.0,65,0.0,11.1,0,1006.9
2023-05-12 03:00:00,20.2,75,0.0,10.7,0,1006.8
2023-05-12 04:00:00,19.9,76,0.0,8.9,0,1007.0
2023-05-12 05:00:00,19.7,72,0.0,9.2,0,1007.5
2023-05-12 06:00:00,19.3,66,0.0,10.3,0,1008.3
2023-05-12 07:00:00,19.7,64,0.0,9.8,0,1009.3
2023-05-12 08:00:00,21.5,62,0.0,10.4,0,1009.9
2023-05-12 09:00:00,24.2,49,0.0,10.0,0,1010.3
2023-05-12 10:00:00,27.0,37,0.0,11.0,0,1010.5
2023-05-12 11:00:00,29.3,31,0.0,13.2,0,1010.8
2023-05-12 12:00:00,31.0,24,0.0,15.1,0,1010.9
2023-05-12 13:00:00,32.2,21,0.0,15.6,0,1010.7
2023-05-12 14:00:00,33.0,20,0.0,15.5,0,1010.3
2023-05-12 15:00:00,31.0,26,0.0,15.8,0,1010.9
2023-05-12 16:00:00,31.5,24,0.0,17.1,0,1010.7
2023-05-12 17:00:00,30.9,25,0.0,18.8,0,1010.9
2023-05-12 18:00:00,29.4,28,0.0,20.0,0,1011.0
2023-05-12 19:00:00,27.4,31,0.0,19.5,0,1011.6
2023-05-12 20:00:00,25.5,36,0.0,17.9,0,1012.5
2023-05-12 21:00:00,24.0,40,0.0,17.8,0,1013.4
2023-05-12 22:00:00,22.5,46,0.0,16.8,0,1014.3
2023-05-12 23:00:00,21.1,54,0.0,14.8,0,1014.9
2023-05-13 00:00:00,19.9,60,0.0,12.4,0,1015.0
2023-05-13 01:00:00,19.0,65,0.0,10.6,0,1015.1
2023-05-13 02:00:00,18.1,70,0.0,8.2,0,1015.2
2023-05-13 03:00:00,17.4,75,0.0,8.4,0,1015.0
2023-05-13 04:00:00,16.8,80,0.0,6.6,0,1015.0
2023-05-13 05:00:00,16.3,84,0.0,7.2,0,1015.2
2023-05-13 06:00:00,15.8,88,0.0,6.3,0,1015.7
2023-05-13 07:00:00,16.7,84,0.0,6.4,0,1016.5
2023-05-13 08:00:00,18.7,74,0.0,7.6,0,1016.8
2023-05-13 09:00:00,20.8,62,0.0,7.6,0,1017.2
2023-05-13 10:00:00,23.1,48,0.0,7.0,0,1017.1
2023-05-13 11:00:00,25.5,37,0.0,7.1,0,1016.6
2023-05-13 12:00:00,27.5,30,0.0,8.7,0,1016.2
2023-05-13 13:00:00,29.1,26,0.0,10.8,21,1015.6
2023-05-13 14:00:00,30.3,24,0.0,13.0,16,1015.0
2023-05-13 15:00:00,29.6,26,0.0,11.7,0,1014.9
2023-05-13 16:00:00,30.5,24,0.0,13.9,0,1014.7
2023-05-13 17:00:00,30.3,25,0.0,14.6,0,1014.3
2023-05-13 18:00:00,29.6,24,0.0,16.5,0,1014.1
2023-05-13 19:00:00,27.6,26,0.0,17.9,0,1014.3
2023-05-13 20:00:00,25.5,29,0.0,17.7,0,1014.9
2023-05-13 21:00:00,23.8,35,0.0,17.8,49,1015.6
2023-05-13 22:00:00,22.2,45,0.0,17.3,100,1016.5
2023-05-13 23:00:00,20.6,56,0.0,15.9,100,1016.9
2023-05-14 00:00:00,19.2,66,0.0,14.8,100,1017.0
2023-05-14 01:00:00,18.2,73,0.0,12.4,99,1016.9
2023-05-14 02:00:00,17.5,79,0.0,10.8,100,1016.1
2023-05-14 03:00:00,17.0,79,0.0,6.5,100,1015.7
2023-05-14 04:00:00,16.8,81,0.0,6.1,100,1015.7
2023-05-14 05:00:00,16.6,84,0.0,7.2,100,1015.2
2023-05-14 06:00:00,16.6,84,0.0,8.4,83,1015.1
2023-05-14 07:00:00,17.6,78,0.0,13.9,100,1015.3
2023-05-14 08:00:00,18.5,73,0.0,13.5,100,1015.3
2023-05-14 09:00:00,20.2,63,0.0,11.0,87,1015.3
2023-05-14 10:00:00,22.5,54,0.0,10.8,100,1015.0
2023-05-14 11:00:00,25.1,45,0.0,11.2,100,1014.5
2023-05-14 12:00:00,27.7,36,0.0,11.3,79,1013.9
2023-05-14 13:00:00,29.8,29,0.0,10.9,5,1013.1
2023-05-14 14:00:00,31.6,25,0.0,10.7,95,1012.1
2023-05-14 15:00:00,31.3,24,0.0,11.8,100,1012.1
2023-05-14 16:00:00,32.2,21,0.0,12.3,100,1011.5
2023-05-14 17:00:00,32.1,21,0.0,14.3,97,1010.9
2023-05-14 18:00:00,31.5,22,0.0,15.2,71,1010.4
2023-05-14 19:00:00,30.4,24,0.0,13.4,69,1010.3
2023-05-14 20:00:00,27.8,35,0.0,21.0,66,1011.0
2023-05-14 21:00:00,25.7,41,0.0,19.8,18,1011.6
2023-05-14 22:00:00,23.9,46,0.0,19.0,79,1012.1
2023-05-14 23:00:00,22.3,52,0.0,16.9,87,1012.5
2023-05-15 00:00:00,20.9,59,0.0,15.8,98,1012.5
2023-05-15 01:00:00,19.5,69,0.0,13.8,73,1011.9
2023-05-15 02:00:00,18.5,78,0.0,12.1,43,1011.1
2023-05-15 03:00:00,17.4,84,0.0,14.3,12,1010.7
2023-05-15 04:00:00,16.9,88,0.0,14.6,47,1010.6
2023-05-15 05:00:00,17.0,89,0.0,14.5,100,1010.5
2023-05-15 06:00:00,17.5,84,0.0,15.1,95,1010.3
2023-05-15 07:00:00,17.9,81,0.0,15.9,56,1010.3
2023-05-15 08:00:00,19.2,74,0.0,13.6,27,1010.1
2023-05-15 09:00:00,21.3,64,0.0,14.5,25,1010.0
2023-05-15 10:00:00,24.1,51,0.0,16.1,12,1009.4
2023-05-15 11:00:00,27.0,40,0.0,18.4,23,1009.0
2023-05-15 12:00:00,29.7,32,0.0,20.4,22,1008.3
2023-05-15 13:00:00,31.9,25,0.0,21.4,0,1007.5
2023-05-15 14:00:00,33.4,21,0.0,21.9,0,1006.6
2023-05-15 15:00:00,33.2,21,0.0,21.9,0,1006.1
2023-05-15 16:00:00,33.7,20,0.0,21.5,0,1005.2
2023-05-15 17:00:00,32.9,21,0.0,22.1,0,1004.8
2023-05-15 18:00:00,31.5,24,0.0,21.6,0,1004.9
2023-05-15 19:00:00,30.0,27,0.0,17.9,0,1005.3
2023-05-15 20:00:00,28.0,33,0.0,16.0,0,1005.9
2023-05-15 21:00:00,26.5,38,0.0,18.6,0,1006.4
2023-05-15 22:00:00,24.7,46,0.0,18.2,0,1007.0
2023-05-15 23:00:00,23.0,54,0.0,16.4,0,1007.3
2023-05-16 00:00:00,21.7,61,0.0,14.6,66,1007.4
2023-05-16 01:00:00,20.7,67,0.0,14.7,29,1006.8
2023-05-16 02:00:00,19.8,74,0.0,14.3,100,1006.4
2023-05-16 03:00:00,18.9,82,0.0,13.9,100,1006.2
2023-05-16 04:00:00,18.5,86,0.0,12.5,72,1006.0
2023-05-16 05:00:00,17.9,91,0.0,12.5,60,1005.9
2023-05-16 06:00:00,17.5,95,0.0,13.0,100,1005.6
2023-05-16 07:00:00,18.2,90,0.0,15.0,92,1005.9
2023-05-16 08:00:00,19.9,80,0.0,14.5,31,1006.1
2023-05-16 09:00:00,22.5,66,0.0,13.8,2,1006.1
2023-05-16 10:00:00,25.8,51,0.0,15.0,0,1005.6
2023-05-16 11:00:00,29.2,38,0.0,14.8,12,1005.2
2023-05-16 12:00:00,32.4,27,0.0,10.7,98,1005.0
2023-05-16 13:00:00,35.0,20,0.0,6.3,100,1004.6
2023-05-16 14:00:00,36.6,16,0.0,3.0,87,1003.8
2023-05-16 15:00:00,36.3,15,0.0,2.6,96,1003.6
2023-05-16 16:00:00,37.2,14,0.0,2.3,100,1003.1
2023-05-16 17:00:00,37.0,13,0.0,2.8,100,1002.7
2023-05-16 18:00:00,36.1,14,0.0,4.5,100,1002.7
2023-05-16 19:00:00,34.5,15,0.0,9.4,100,1002.9
2023-05-16 20:00:00,32.3,17,0.0,7.6,0,1002.9
2023-05-16 21:00:00,28.8,21,0.0,7.8,0,1003.5
2023-05-16 22:00:00,27.6,33,0.0,12.7,0,1004.7
2023-05-16 23:00:00,25.7,45,0.0,11.6,0,1005.4
2023-05-17 00:00:00,24.2,51,0.0,10.7,0,1005.6
2023-05-17 01:00:00,22.9,56,0.0,8.0,0,1005.2
2023-05-17 02:00:00,21.8,61,0.0,5.9,0,1004.9
2023-05-17 03:00:00,20.8,65,0.0,5.9,0,1004.4
2023-05-17 04:00:00,20.1,70,0.0,5.0,0,1004.1
2023-05-17 05:00:00,20.1,70,0.0,6.5,0,1004.4
2023-05-17 06:00:00,19.2,72,0.0,5.4,0,1004.7
2023-05-17 07:00:00,21.0,64,0.0,6.8,0,1005.4
2023-05-17 08:00:00,23.9,53,0.0,3.5,0,1005.9
2023-05-17 09:00:00,27.1,42,0.0,2.6,0,1006.2
2023-05-17 10:00:00,30.5,32,0.0,7.3,0,1006.4
2023-05-17 11:00:00,32.9,26,0.0,11.6,0,1006.5
2023-05-17 12:00:00,34.4,22,0.0,13.4,0,1006.4
2023-05-17 13:00:00,35.9,19,0.0,13.7,0,1006.1
2023-05-17 14:00:00,37.0,16,0.0,15.5,0,1005.6
2023-05-17 15:00:00,35.1,18,0.0,17.7,0,1006.0
2023-05-17 16:00:00,36.0,18,0.0,17.8,0,1005.6
2023-05-17 17:00:00,35.8,18,0.0,16.4,0,1005.1
2023-05-17 18:00:00,34.1,20,0.0,17.3,0,1004.9
2023-05-17 19:00:00,31.7,23,0.0,18.8,0,1005.5
2023-05-17 20:00:00,29.2,29,0.0,18.8,0,1006.4
2023-05-17 21:00:00,26.7,38,0.0,20.9,0,1007.6
2023-05-17 22:00:00,24.2,50,0.0,19.9,0,1008.7
2023-05-17 23:00:00,21.8,66,0.0,17.9,0,1009.5
2023-05-18 00:00:00,20.2,78,0.0,16.4,9,1010.1
2023-05-18 01:00:00,19.4,81,0.0,13.8,35,1010.3
2023-05-18 02:00:00,19.2,80,0.0,13.7,100,1010.3
2023-05-18 03:00:00,20.1,77,0.0,12.7,59,1010.0
2023-05-18 04:00:00,19.9,75,0.0,12.9,81,1010.0
2023-05-18 05:00:00,19.5,76,0.0,11.0,100,1010.2
2023-05-18 06:00:00,19.1,77,0.0,10.9,100,1010.7
2023-05-18 07:00:00,19.2,75,0.0,12.3,34,1011.5
2023-05-18 08:00:00,19.9,67,0.0,11.5,36,1011.8
2023-05-18 09:00:00,21.5,57,0.0,9.3,19,1012.0
2023-05-18 10:00:00,23.6,46,0.0,8.2,3,1011.9
2023-05-18 11:00:00,25.8,37,0.0,8.7,1,1011.8
2023-05-18 12:00:00,27.6,31,0.0,10.0,0,1011.4
2023-05-18 13:00:00,29.1,26,0.0,11.4,0,1010.9
2023-05-18 14:00:00,30.0,25,0.0,13.9,0,1010.4
2023-05-18 15:00:00,28.2,31,0.0,15.7,0,1010.7
2023-05-18 16:00:00,28.7,28,0.0,15.0,70,1010.2
2023-05-18 17:00:00,28.6,28,0.0,14.6,100,1009.7
2023-05-18 18:00:00,27.6,29,0.0,16.3,96,1009.7
2023-05-18 19:00:00,26.3,31,0.0,17.4,37,1010.1
2023-05-18 20:00:00,24.6,34,0.0,15.3,37,1010.7
2023-05-18 21:00:00,23.2,41,0.0,17.7,18,1011.5
2023-05-18 22:00:00,21.6,50,0.0,15.0,0,1012.3
2023-05-18 23:00:00,20.4,55,0.0,12.4,0,1012.5
2023-05-19 00:00:00,19.4,60,0.0,9.8,0,1012.7
2023-05-19 01:00:00,18.5,65,0.0,5.7,0,1012.5
2023-05-19 02:00:00,17.3,72,0.0,5.2,0,1012.1
2023-05-19 03:00:00,17.3,72,0.0,7.0,0,1011.5
2023-05-19 04:00:00,16.8,75,0.0,5.6,0,1011.3
2023-05-19 05:00:00,16.3,76,0.0,5.4,0,1011.4
2023-05-19 06:00:00,15.5,79,0.0,7.1,0,1011.4
2023-05-19 07:00:00,17.5,70,0.0,6.6,0,1011.8
2023-05-19 08:00:00,19.8,59,0.0,8.7,0,1012.0
2023-05-19 09:00:00,21.5,52,0.0,9.5,1,1011.8
2023-05-19 10:00:00,23.2,46,0.0,9.0,18,1011.6
2023-05-19 11:00:00,25.0,40,0.0,8.7,3,1011.2
2023-05-19 12:00:00,26.7,34,0.0,10.3,0,1010.8
2023-05-19 13:00:00,28.1,30,0.0,11.8,0,1010.2
2023-05-19 14:00:00,29.2,25,0.0,12.2,0,1009.5
2023-05-19 15:00:00,27.9,33,0.0,11.9,0,1010.0
2023-05-19 16:00:00,29.0,29,0.0,13.2,26,1009.5
2023-05-19 17:00:00,28.9,27,0.0,11.7,11,1009.0
2023-05-19 18:00:00,28.9,25,0.0,11.8,14,1008.4
2023-05-19 19:00:00,27.3,28,0.0,18.4,5,1008.6
2023-05-19 20:00:00,25.3,34,0.0,18.8,0,1009.4
2023-05-19 21:00:00,23.8,39,0.0,17.6,0,1010.1
2023-05-19 22:00:00,22.3,48,0.0,16.1,0,1011.4
2023-05-19 23:00:00,21.3,54,0.0,13.9,0,1012.2
2023-05-20 00:00:00,20.3,59,0.0,9.8,0,1011.8
2023-05-20 01:00:00,19.2,65,0.0,6.5,0,1011.5
2023-05-20 02:00:00,18.2,72,0.0,4.9,0,1011.4
2023-05-20 03:00:00,17.8,76,0.0,5.4,0,1010.8
2023-05-20 04:00:00,17.3,80,0.0,4.6,0,1010.5
2023-05-20 05:00:00,16.3,88,0.0,5.8,0,1010.3
2023-05-20 06:00:00,16.4,89,0.0,5.9,0,1010.5
2023-05-20 07:00:00,17.6,83,0.0,2.9,0,1010.8
2023-05-20 08:00:00,19.5,74,0.0,3.9,0,1010.9
2023-05-20 09:00:00,21.7,60,0.0,4.5,0,1010.5
2023-05-20 10:00:00,24.0,48,0.0,4.7,0,1010.0
2023-05-20 11:00:00,26.1,39,0.0,3.8,0,1009.6
2023-05-20 12:00:00,28.0,33,0.0,3.6,0,1009.2
2023-05-20 13:00:00,29.7,27,0.0,6.6,0,1008.5
2023-05-20 14:00:00,30.7,24,0.0,12.3,0,1008.3
2023-05-20 15:00:00,28.9,27,0.0,10.6,0,1009.0
2023-05-20 16:00:00,29.7,25,0.0,8.2,0,1008.3
2023-05-20 17:00:00,29.7,25,0.0,7.9,0,1007.6
2023-05-20 18:00:00,29.1,26,0.0,9.0,0,1007.2
2023-05-20 19:00:00,28.1,29,0.0,10.1,0,1007.2
2023-05-20 20:00:00,26.4,33,0.0,7.3,0,1007.1
2023-05-20 21:00:00,24.6,36,0.0,8.7,23,1007.7
2023-05-20 22:00:00,23.5,38,0.0,9.7,34,1008.1
2023-05-20 23:00:00,23.7,36,0.0,10.6,100,1008.7
2023-05-21 00:00:00,22.1,41,0.0,7.3,14,1009.0
2023-05-21 01:00:00,21.1,46,0.0,10.6,100,1009.4
2023-05-21 02:00:00,20.4,52,0.0,10.8,99,1009.4
2023-05-21 03:00:00,19.6,58,0.0,4.5,97,1008.0
2023-05-21 04:00:00,20.7,56,0.0,8.1,100,1007.6
2023-05-21 05:00:00,20.3,61,0.0,10.9,100,1006.5
2023-05-21 06:00:00,20.3,63,0.0,3.4,91,1006.5
2023-05-21 07:00:00,20.6,64,0.0,4.0,50,1006.3
2023-05-21 08:00:00,23.0,55,0.0,2.6,13,1006.7
2023-05-21 09:00:00,26.1,39,0.0,2.1,0,1006.5
2023-05-21 10:00:00,29.2,27,0.0,6.9,39,1006.1
2023-05-21 11:00:00,31.9,21,0.0,9.2,100,1005.5
2023-05-21 12:00:00,33.7,18,0.0,10.3,95,1004.6
2023-05-21 13:00:00,35.4,15,0.0,12.7,42,1004.0
2023-05-21 14:00:00,37.1,13,0.0,11.9,9,1003.1
2023-05-21 15:00:00,37.0,14,0.0,14.1,26,1002.6
2023-05-21 16:00:00,37.9,12,0.0,15.4,0,1001.9
2023-05-21 17:00:00,38.1,12,0.0,22.0,0,1001.0
2023-05-21 18:00:00,39.3,10,0.0,18.3,0,999.5
2023-05-21 19:00:00,37.3,10,0.0,15.6,0,998.8
2023-05-21 20:00:00,35.0,12,0.0,16.7,0,998.9
2023-05-21 21:00:00,33.7,11,0.0,12.0,0,999.8
2023-05-21 22:00:00,33.9,9,0.0,25.2,0,1000.7
2023-05-21 23:00:00,32.4,11,0.0,23.0,0,1001.3
2023-05-22 00:00:00,31.2,12,0.0,19.5,0,1001.8
2023-05-22 01:00:00,30.0,14,0.0,20.6,0,1002.2
2023-05-22 02:00:00,29.0,16,0.0,19.5,17,1002.4
2023-05-22 03:00:00,27.7,18,0.0,20.0,0,1002.4
2023-05-22 04:00:00,26.8,21,0.0,18.5,0,1002.7
2023-05-22 05:00:00,25.6,26,0.0,15.6,0,1003.0
2023-05-22 06:00:00,24.5,32,0.0,13.1,0,1003.2
2023-05-22 07:00:00,25.0,35,0.0,14.2,0,1003.9
2023-05-22 08:00:00,26.3,33,0.0,17.5,0,1004.3
2023-05-22 09:00:00,27.2,32,0.0,20.1,0,1005.2
2023-05-22 10:00:00,28.2,30,0.0,21.2,0,1005.6
2023-05-22 11:00:00,29.4,27,0.0,22.8,0,1006.0
2023-05-22 12:00:00,30.6,23,0.0,23.7,0,1005.8
2023-05-22 13:00:00,31.6,20,0.0,23.4,0,1005.6
2023-05-22 14:00:00,32.2,20,0.0,22.8,0,1005.4
2023-05-22 15:00:00,32.3,21,0.0,18.1,0,1005.0
2023-05-22 16:00:00,32.7,19,0.0,19.1,0,1004.7
2023-05-22 17:00:00,32.3,20,0.0,18.7,0,1004.4
2023-05-22 18:00:00,31.5,20,0.0,17.7,0,1004.5
2023-05-22 19:00:00,30.2,21,0.0,16.0,0,1004.8
2023-05-22 20:00:00,28.7,22,0.0,11.6,0,1005.4
2023-05-22 21:00:00,26.8,34,0.0,16.1,0,1006.8
2023-05-22 22:00:00,25.1,41,0.0,15.1,0,1007.8
2023-05-22 23:00:00,23.9,44,0.0,10.4,0,1008.5
2023-05-23 00:00:00,22.7,48,0.0,6.3,0,1008.8
2023-05-23 01:00:00,21.1,55,0.0,5.9,0,1009.1
2023-05-23 02:00:00,20.1,61,0.0,6.5,0,1009.1
2023-05-23 03:00:00,19.7,62,0.0,7.3,0,1008.5
2023-05-23 04:00:00,19.5,65,0.0,5.9,0,1008.8
2023-05-23 05:00:00,20.5,61,0.0,5.2,0,1008.6
2023-05-23 06:00:00,19.4,62,0.0,5.2,0,1008.5
2023-05-23 07:00:00,20.7,55,0.0,5.6,0,1008.7
2023-05-23 08:00:00,24.3,40,0.0,2.5,0,1008.9
2023-05-23 09:00:00,27.9,28,0.0,2.8,0,1008.9
2023-05-23 10:00:00,30.6,22,0.0,4.9,0,1008.9
2023-05-23 11:00:00,32.4,18,0.0,4.3,0,1008.6
2023-05-23 12:00:00,33.7,15,0.0,5.1,0,1008.1
2023-05-23 13:00:00,34.8,14,0.0,9.4,0,1007.6
2023-05-23 14:00:00,35.5,13,0.0,11.4,0,1006.9
2023-05-23 15:00:00,34.9,13,0.0,9.6,0,1006.8
2023-05-23 16:00:00,35.6,12,0.0,9.7,0,1006.2
2023-05-23 17:00:00,34.9,13,0.0,11.9,0,1005.9
2023-05-23 18:00:00,33.8,15,0.0,12.5,6,1005.8
2023-05-23 19:00:00,33.4,15,0.0,5.9,13,1005.5
2023-05-23 20:00:00,29.9,18,0.0,7.8,44,1005.9
2023-05-23 21:00:00,30.2,19,0.0,13.5,76,1006.5
2023-05-23 22:00:00,29.8,20,0.0,7.3,26,1007.1
2023-05-23 23:00:00,26.6,26,0.0,7.6,0,1007.8
2023-05-24 00:00:00,25.7,31,0.0,9.2,0,1008.1
2023-05-24 01:00:00,24.1,43,0.0,14.2,0,1008.3
2023-05-24 02:00:00,22.9,52,0.0,12.0,0,1008.2
2023-05-24 03:00:00,21.9,59,0.0,7.4,0,1007.8
2023-05-24 04:00:00,21.2,64,0.0,6.5,0,1008.1
2023-05-24 05:00:00,20.5,69,0.0,7.1,0,1007.9
2023-05-24 06:00:00,19.5,75,0.0,5.1,0,1007.9
2023-05-24 07:00:00,20.8,71,0.0,6.2,0,1008.2
2023-05-24 08:00:00,23.0,63,0.0,4.7,6,1008.5
2023-05-24 09:00:00,25.9,52,0.0,3.7,37,1008.7
2023-05-24 10:00:00,29.3,37,0.0,4.4,0,1008.6
2023-05-24 11:00:00,31.9,23,0.0,5.1,0,1008.7
2023-05-24 12:00:00,33.5,18,0.0,4.8,0,1008.3
2023-05-24 13:00:00,34.5,15,0.0,9.0,0,1007.9
2023-05-24 14:00:00,34.7,13,0.0,13.7,0,1007.4
2023-05-24 15:00:00,34.2,14,0.0,13.6,0,1007.3
2023-05-24 16:00:00,34.0,15,0.0,15.5,0,1007.2
2023-05-24 17:00:00,33.8,15,0.0,14.0,0,1006.7
2023-05-24 18:00:00,32.6,17,0.0,14.0,0,1006.5
2023-05-24 19:00:00,31.9,17,0.0,11.0,0,1006.4
2023-05-24 20:00:00,29.2,27,0.0,13.1,0,1007.0
2023-05-24 21:00:00,26.7,40,0.0,19.6,0,1008.1
2023-05-24 22:00:00,25.4,45,0.0,18.2,0,1009.1
2023-05-24 23:00:00,24.4,46,0.0,14.9,0,1009.6
2023-05-25 00:00:00,23.4,49,0.0,12.9,0,1009.7
2023-05-25 01:00:00,22.5,54,0.0,10.5,0,1009.8
2023-05-25 02:00:00,21.6,58,0.0,9.8,0,1009.7
2023-05-25 03:00:00,20.9,63,0.0,7.9,0,1009.7
2023-05-25 04:00:00,20.2,67,0.0,7.3,0,1009.7
2023-05-25 05:00:00,19.5,72,0.0,5.9,0,1009.7
2023-05-25 06:00:00,18.9,78,0.0,5.4,0,1009.8
2023-05-25 07:00:00,19.7,76,0.0,6.8,0,1010.0
2023-05-25 08:00:00,21.7,68,0.0,6.9,0,1009.8
2023-05-25 09:00:00,24.5,53,0.0,6.4,0,1009.9
2023-05-25 10:00:00,27.3,39,0.0,5.8,0,1009.9
2023-05-25 11:00:00,29.7,30,0.0,4.4,0,1009.7
2023-05-25 12:00:00,31.8,23,0.0,3.7,0,1009.7
2023-05-25 13:00:00,33.4,19,0.0,4.3,0,1009.1
2023-05-25 14:00:00,34.6,16,0.0,6.5,0,1008.5
2023-05-25 15:00:00,34.4,18,0.0,4.7,0,1008.0
2023-05-25 16:00:00,35.7,16,0.0,6.0,0,1007.5
2023-05-25 17:00:00,35.4,15,0.0,6.8,0,1006.9
2023-05-25 18:00:00,35.2,14,0.0,7.1,0,1006.7
2023-05-25 19:00:00,33.9,15,0.0,7.1,0,1006.8
2023-05-25 20:00:00,29.9,19,0.0,6.7,39,1006.8
2023-05-25 21:00:00,28.8,32,0.0,18.0,71,1007.9
2023-05-25 22:00:00,26.1,52,0.0,16.9,97,1009.0
2023-05-25 23:00:00,24.6,55,0.0,17.4,99,1009.0
2023-05-26 00:00:00,23.5,58,0.0,16.8,96,1008.6
2023-05-26 01:00:00,22.6,60,0.0,15.8,97,1008.6
2023-05-26 02:00:00,21.9,62,0.0,16.6,63,1008.4
2023-05-26 03:00:00,21.1,66,0.0,14.5,100,1007.9
2023-05-26 04:00:00,20.8,68,0.0,14.0,100,1007.9
2023-05-26 05:00:00,20.7,68,0.0,12.3,100,1007.5
2023-05-26 06:00:00,20.6,66,0.0,12.0,100,1007.3
2023-05-26 07:00:00,21.1,65,0.0,15.3,100,1007.8
2023-05-26 08:00:00,22.3,61,0.0,13.5,100,1008.3
2023-05-26 09:00:00,23.9,54,0.0,12.7,100,1008.7
2023-05-26 10:00:00,26.9,43,0.0,16.1,100,1008.0
2023-05-26 11:00:00,28.2,36,0.0,14.3,100,1007.4
2023-05-26 12:00:00,31.6,28,0.0,19.6,100,1007.6
2023-05-26 13:00:00,32.5,21,0.0,17.7,100,1007.4
2023-05-26 14:00:00,35.0,15,0.0,18.3,100,1007.5
2023-05-26 15:00:00,37.5,11,0.0,10.6,100,1006.2
2023-05-26 16:00:00,37.5,12,0.0,14.8,100,1005.2
2023-05-26 17:00:00,35.9,13,0.0,13.8,100,1004.7
2023-05-26 18:00:00,34.9,14,0.0,12.5,100,1004.2
2023-05-26 19:00:00,31.0,35,0.0,22.7,83,1004.1
2023-05-26 20:00:00,28.5,43,0.0,24.4,98,1004.0
2023-05-26 21:00:00,26.6,50,0.0,21.9,25,1004.3
2023-05-26 22:00:00,26.3,49,0.0,20.0,5,1003.9
2023-05-26 23:00:00,27.1,41,0.0,16.3,1,1003.0
2023-05-27 00:00:00,29.1,26,0.0,17.5,1,1002.2
2023-05-27 01:00:00,29.1,21,0.0,14.3,0,1001.6
2023-05-27 02:00:00,27.8,22,0.0,12.1,0,1001.1
2023-05-27 03:00:00,27.9,18,0.0,12.4,8,1000.4
2023-05-27 04:00:00,27.4,19,0.0,14.3,54,1000.5
2023-05-27 05:00:00,27.1,22,0.0,12.2,100,1000.8
2023-05-27 06:00:00,25.6,24,0.0,9.6,100,1001.7
2023-05-27 07:00:00,26.6,21,0.0,8.7,100,1002.4
2023-05-27 08:00:00,28.7,19,0.0,8.2,78,1002.8
2023-05-27 09:00:00,30.9,20,0.0,15.5,100,1003.8
2023-05-27 10:00:00,32.1,18,0.0,14.4,100,1003.5
2023-05-27 11:00:00,33.5,14,0.0,14.0,100,1004.3
2023-05-27 12:00:00,33.7,14,0.0,14.0,100,1004.5
2023-05-27 13:00:00,34.7,13,0.0,15.0,100,1004.1
2023-05-27 14:00:00,35.8,13,0.0,15.2,79,1003.8
2023-05-27 15:00:00,36.6,11,0.0,18.9,100,1003.2
2023-05-27 16:00:00,36.8,11,0.0,21.3,100,1002.3
2023-05-27 17:00:00,35.5,11,0.0,28.5,100,1001.6
2023-05-27 18:00:00,31.7,20,0.0,36.2,100,1001.8
2023-05-27 19:00:00,30.2,27,0.0,27.6,98,1002.2
2023-05-27 20:00:00,28.8,30,0.0,24.2,98,1002.6
2023-05-27 21:00:00,27.1,36,0.0,24.9,60,1002.8
2023-05-27 22:00:00,25.7,42,0.0,24.5,65,1003.5
2023-05-27 23:00:00,25.0,47,0.0,22.3,20,1003.9
2023-05-28 00:00:00,24.7,48,0.0,21.6,15,1003.6
2023-05-28 01:00:00,24.2,50,0.0,19.8,3,1003.2
2023-05-28 02:00:00,23.7,51,0.0,19.1,0,1002.9
2023-05-28 03:00:00,26.7,41,0.0,16.0,0,1000.2
2023-05-28 04:00:00,25.7,39,0.0,10.6,56,1001.1
2023-05-28 05:00:00,24.0,46,0.0,16.5,1,1001.7
2023-05-28 06:00:00,23.4,49,0.0,13.4,4,1002.1
2023-05-28 07:00:00,23.4,53,0.0,15.3,1,1002.6
2023-05-28 08:00:00,24.7,51,0.0,15.6,0,1003.0
2023-05-28 09:00:00,27.5,42,0.0,16.4,0,1003.6
2023-05-28 10:00:00,28.9,38,0.0,17.1,0,1003.4
2023-05-28 11:00:00,29.7,39,0.0,19.7,0,1003.4
2023-05-28 12:00:00,30.7,34,0.0,21.6,4,1003.4
2023-05-28 13:00:00,31.4,26,0.0,21.6,44,1003.4
2023-05-28 14:00:00,31.3,28,0.0,20.3,33,1003.4
2023-05-28 15:00:00,31.4,28,0.0,15.5,80,1003.1
2023-05-28 16:00:00,31.6,27,0.0,16.0,10,1002.7
2023-05-28 17:00:00,31.7,24,0.0,17.4,44,1002.6
2023-05-28 18:00:00,30.2,28,0.0,19.2,37,1003.0
2023-05-28 19:00:00,28.5,33,0.0,18.1,4,1003.5
2023-05-28 20:00:00,27.0,39,0.0,16.8,1,1004.2
2023-05-28 21:00:00,25.9,43,0.0,15.1,3,1004.9
2023-05-28 22:00:00,25.1,44,0.0,13.1,5,1005.8
2023-05-28 23:00:00,24.3,44,0.0,10.0,9,1006.2
2023-05-29 00:00:00,23.4,45,0.0,8.1,6,1006.3
2023-05-29 01:00:00,22.4,48,0.0,6.5,4,1006.4
2023-05-29 02:00:00,21.0,54,0.0,6.4,6,1006.3
2023-05-29 03:00:00,19.9,64,0.0,7.2,5,1006.4
2023-05-29 04:00:00,20.1,63,0.0,4.9,0,1006.5
2023-05-29 05:00:00,19.4,66,0.0,5.4,0,1006.8
2023-05-29 06:00:00,18.5,76,0.0,4.7,0,1007.1
2023-05-29 07:00:00,19.9,76,0.0,5.8,0,1007.6
2023-05-29 08:00:00,21.7,70,0.0,6.9,0,1007.9
2023-05-29 09:00:00,23.9,55,0.0,5.8,0,1008.0
2023-05-29 10:00:00,26.5,41,0.0,7.3,0,1008.1
2023-05-29 11:00:00,28.6,32,0.0,11.3,0,1008.1
2023-05-29 12:00:00,30.0,28,0.0,14.5,0,1007.8
2023-05-29 13:00:00,30.8,26,0.0,17.4,0,1007.6
2023-05-29 14:00:00,31.5,25,0.0,17.8,17,1007.2
2023-05-29 15:00:00,31.1,26,0.0,16.9,12,1007.5
2023-05-29 16:00:00,31.6,24,0.0,15.3,26,1007.3
2023-05-29 17:00:00,31.7,24,0.0,15.3,38,1007.0
2023-05-29 18:00:00,30.5,25,0.0,15.3,22,1007.2
2023-05-29 19:00:00,29.6,26,0.0,12.0,23,1007.5
2023-05-29 20:00:00,28.4,28,0.0,7.7,90,1007.8
2023-05-29 21:00:00,27.7,31,0.0,11.9,9,1008.4
2023-05-29 22:00:00,26.0,36,0.0,10.8,3,1009.3
2023-05-29 23:00:00,25.1,38,0.0,10.8,10,1009.9
2023-05-30 00:00:00,24.2,48,0.0,10.7,3,1010.1
2023-05-30 01:00:00,23.1,61,0.0,10.6,0,1010.3
2023-05-30 02:00:00,22.3,65,0.0,9.7,0,1010.2
2023-05-30 03:00:00,22.2,66,0.0,7.6,0,1010.3
2023-05-30 04:00:00,21.9,66,0.0,7.4,32,1010.3
2023-05-30 05:00:00,21.2,68,0.0,4.8,22,1010.2
2023-05-30 06:00:00,21.0,66,0.0,6.1,20,1010.7
2023-05-30 07:00:00,22.6,59,0.0,2.4,6,1011.2
2023-05-30 08:00:00,25.4,47,0.0,2.6,45,1011.5
2023-05-30 09:00:00,27.9,36,0.0,3.4,69,1011.6
2023-05-30 10:00:00,30.0,30,0.0,2.9,97,1011.7
2023-05-30 11:00:00,31.7,24,0.0,3.1,54,1011.4
2023-05-30 12:00:00,33.1,20,0.0,6.6,17,1011.0
2023-05-30 13:00:00,34.0,19,0.0,10.6,1,1010.5
2023-05-30 14:00:00,34.6,18,0.0,10.9,8,1009.9
2023-05-30 15:00:00,33.9,18,0.0,6.5,4,1010.0
2023-05-30 16:00:00,34.5,18,0.0,7.2,43,1009.6
2023-05-30 17:00:00,33.9,18,0.0,5.8,48,1008.9
2023-05-30 18:00:00,33.6,18,0.0,8.1,56,1008.7
2023-05-30 19:00:00,32.8,18,0.0,11.5,100,1008.8
2023-05-30 20:00:00,31.3,20,0.0,12.8,100,1009.5
2023-05-30 21:00:00,27.0,41,0.0,20.6,100,1010.5
2023-05-30 22:00:00,25.9,45,0.0,20.1,89,1011.6
2023-05-30 23:00:00,25.2,48,0.0,16.6,56,1012.2
2023-05-31 00:00:00,24.4,48,0.0,12.5,30,1012.4
2023-05-31 01:00:00,23.5,52,0.0,10.3,3,1012.2
2023-05-31 02:00:00,23.1,53,0.0,10.9,0,1011.7
2023-05-31 03:00:00,22.9,54,0.0,8.7,44,1011.3
2023-05-31 04:00:00,22.8,51,0.0,8.1,0,1010.7
2023-05-31 05:00:00,22.6,48,0.0,7.5,0,1010.3
2023-05-31 06:00:00,22.3,44,0.0,6.5,0,1010.4
2023-05-31 07:00:00,24.5,36,0.0,6.8,0,1010.9
2023-05-31 08:00:00,27.6,28,0.0,3.8,0,1011.2
2023-05-31 09:00:00,30.5,23,0.0,5.7,0,1011.4
2023-05-31 10:00:00,32.8,21,0.0,6.9,0,1011.1
2023-05-31 11:00:00,34.6,18,0.0,4.3,7,1010.8
2023-05-31 12:00:00,35.9,16,0.0,3.1,1,1010.1
2023-05-31 13:00:00,37.0,15,0.0,2.2,3,1009.5
2023-05-31 14:00:00,37.8,14,0.0,2.2,1,1008.5
2023-05-31 15:00:00,37.4,15,0.0,5.4,2,1008.6
2023-05-31 16:00:00,38.4,14,0.0,6.6,10,1007.8
2023-05-31 17:00:00,38.3,14,0.0,6.4,0,1007.2
2023-05-31 18:00:00,37.6,14,0.0,8.8,63,1007.0
2023-05-31 19:00:00,36.6,15,0.0,9.7,90,1007.1
2023-05-31 20:00:00,34.8,16,0.0,11.8,97,1007.4
2023-05-31 21:00:00,34.0,17,0.0,12.5,99,1007.8
2023-05-31 22:00:00,30.8,28,0.0,21.7,100,1008.4
2023-05-31 23:00:00,30.4,30,0.0,20.4,100,1008.7
2023-06-01 00:00:00,30.2,30,0.0,15.1,88,1008.5
2023-06-01 01:00:00,30.7,27,0.0,14.8,100,1006.9
2023-06-01 02:00:00,30.5,26,0.0,12.6,100,1006.3
2023-06-01 03:00:00,29.0,30,0.0,6.4,8,1005.7
2023-06-01 04:00:00,28.9,30,0.0,7.7,14,1004.9
2023-06-01 05:00:00,28.6,29,0.0,6.1,15,1004.9
2023-06-01 06:00:00,25.3,35,0.0,9.5,36,1005.2
2023-06-01 07:00:00,27.8,29,0.0,6.2,70,1005.9
2023-06-01 08:00:00,30.4,25,0.0,5.4,100,1007.1
2023-06-01 09:00:00,32.4,23,0.0,10.5,100,1006.8
2023-06-01 10:00:00,35.8,17,0.0,16.0,100,1006.5
2023-06-01 11:00:00,38.2,14,0.0,22.0,100,1006.9
2023-06-01 12:00:00,38.2,15,0.0,17.6,100,1007.0
2023-06-01 13:00:00,38.7,13,0.0,6.7,100,1006.9
2023-06-01 14:00:00,40.7,11,0.0,23.4,100,1006.9
2023-06-01 15:00:00,33.2,27,0.0,22.9,100,1008.1
2023-06-01 16:00:00,35.3,21,0.0,22.1,100,1006.9
2023-06-01 17:00:00,36.9,17,0.0,9.0,100,1007.0
2023-06-01 18:00:00,34.6,22,0.0,15.9,100,1006.5
2023-06-01 19:00:00,32.9,27,0.0,22.5,100,1007.1
2023-06-01 20:00:00,31.8,30,0.0,18.7,100,1007.5
2023-06-01 21:00:00,30.5,34,0.0,20.6,100,1008.2
2023-06-01 22:00:00,29.3,36,0.0,21.3,100,1007.9
2023-06-01 23:00:00,28.8,37,0.0,19.6,100,1006.6
2023-06-02 00:00:00,28.6,35,0.0,18.6,89,1005.8
2023-06-02 01:00:00,29.1,32,0.0,15.3,100,1004.8
2023-06-02 02:00:00,29.9,29,0.0,15.5,100,1003.7
2023-06-02 03:00:00,28.6,33,0.0,18.1,93,1003.7
2023-06-02 04:00:00,28.7,34,0.0,12.8,44,1003.3
2023-06-02 05:00:00,28.3,33,0.0,9.9,19,1003.2
2023-06-02 06:00:00,28.3,30,0.0,10.2,6,1003.0
2023-06-02 07:00:00,29.9,27,0.0,11.5,5,1003.5
2023-06-02 08:00:00,33.0,22,0.0,7.9,0,1004.0
2023-06-02 09:00:00,35.3,19,0.0,13.4,0,1004.5
2023-06-02 10:00:00,37.8,15,0.0,19.1,0,1005.0
2023-06-02 11:00:00,38.8,14,0.0,25.6,0,1005.2
2023-06-02 12:00:00,40.3,13,0.0,26.1,0,1005.1
2023-06-02 13:00:00,41.4,12,0.0,26.8,0,1005.0
2023-06-02 14:00:00,42.5,11,0.0,22.9,2,1004.3
2023-06-02 15:00:00,42.1,9,0.0,22.6,0,1004.4
2023-06-02 16:00:00,41.9,9,0.0,23.5,2,1004.3
2023-06-02 17:00:00,41.0,10,0.0,23.8,1,1004.3
2023-06-02 18:00:00,40.1,10,0.0,22.8,0,1004.5
2023-06-02 19:00:00,38.8,11,0.0,18.4,0,1004.8
2023-06-02 20:00:00,36.4,12,0.0,14.1,0,1005.2
2023-06-02 21:00:00,34.9,15,0.0,14.1,0,1005.8
2023-06-02 22:00:00,33.0,19,0.0,8.3,0,1006.7
2023-06-02 23:00:00,30.7,22,0.0,7.3,0,1007.1
2023-06-03 00:00:00,29.2,34,0.0,19.1,0,1008.1
2023-06-03 01:00:00,26.8,49,0.0,14.1,0,1008.7
2023-06-03 02:00:00,25.1,60,0.0,11.2,0,1009.1
2023-06-03 03:00:00,23.7,70,0.0,9.2,0,1009.2
2023-06-03 04:00:00,23.1,73,0.0,7.8,7,1009.6
2023-06-03 05:00:00,22.7,76,0.0,7.2,0,1009.6
2023-06-03 06:00:00,22.1,78,0.0,7.6,1,1010.2
2023-06-03 07:00:00,22.3,76,0.0,9.3,5,1010.8
2023-06-03 08:00:00,23.7,68,0.0,8.1,0,1011.2
2023-06-03 09:00:00,25.8,58,0.0,8.1,23,1011.7
2023-06-03 10:00:00,28.2,46,0.0,7.8,16,1011.8
2023-06-03 11:00:00,31.1,36,0.0,7.9,14,1011.3
2023-06-03 12:00:00,33.5,27,0.0,8.7,12,1011.4
2023-06-03 13:00:00,35.4,21,0.0,10.7,0,1011.0
2023-06-03 14:00:00,36.3,17,0.0,12.1,0,1010.7
2023-06-03 15:00:00,34.2,22,0.0,7.7,0,1011.6
2023-06-03 16:00:00,35.3,18,0.0,10.4,1,1011.3
2023-06-03 17:00:00,35.0,16,0.0,11.2,8,1010.4
2023-06-03 18:00:00,34.5,17,0.0,10.5,2,1009.9
2023-06-03 19:00:00,33.3,20,0.0,7.1,1,1010.2
2023-06-03 20:00:00,31.2,25,0.0,7.3,0,1010.2
2023-06-03 21:00:00,30.5,29,0.0,11.1,3,1010.8
2023-06-03 22:00:00,27.8,47,0.0,19.4,1,1011.8
2023-06-03 23:00:00,26.4,53,0.0,17.4,11,1012.1
2023-06-04 00:00:00,25.3,56,0.0,15.9,64,1012.3
2023-06-04 01:00:00,24.0,62,0.0,15.8,91,1012.3
2023-06-04 02:00:00,23.0,66,0.0,15.0,0,1012.1
2023-06-04 03:00:00,22.5,68,0.0,12.5,0,1011.7
2023-06-04 04:00:00,21.9,71,0.0,11.8,9,1011.9
2023-06-04 05:00:00,21.3,76,0.0,12.2,25,1011.7
2023-06-04 06:00:00,20.8,81,0.0,11.0,29,1011.8
2023-06-04 07:00:00,21.3,79,0.0,11.3,94,1012.1
2023-06-04 08:00:00,22.8,70,0.0,12.1,100,1012.2
2023-06-04 09:00:00,25.0,58,0.0,11.7,96,1012.4
2023-06-04 10:00:00,27.6,45,0.0,11.2,96,1012.5
2023-06-04 11:00:00,30.2,34,0.0,12.5,75,1012.1
2023-06-04 12:00:00,32.4,27,0.0,12.2,9,1011.9
2023-06-04 13:00:00,34.3,23,0.0,11.1,2,1011.2
2023-06-04 14:00:00,35.7,20,0.0,10.0,4,1010.6
2023-06-04 15:00:00,34.5,21,0.0,15.1,68,1010.9
2023-06-04 16:00:00,35.1,20,0.0,16.2,64,1010.5
2023-06-04 17:00:00,34.5,20,0.0,16.6,82,1010.3
2023-06-04 18:00:00,33.6,21,0.0,15.9,89,1010.1
2023-06-04 19:00:00,32.3,27,0.0,16.3,99,1010.0
2023-06-04 20:00:00,29.9,33,0.0,17.1,100,1010.5
2023-06-04 21:00:00,28.6,34,0.0,18.2,100,1011.0
2023-06-04 22:00:00,26.9,38,0.0,17.6,100,1011.8
2023-06-04 23:00:00,25.5,42,0.0,16.8,91,1012.1
2023-06-05 00:00:00,24.3,47,0.0,15.5,100,1011.9
2023-06-05 01:00:00,23.2,54,0.0,14.1,64,1011.8
2023-06-05 02:00:00,22.2,62,0.0,12.6,77,1011.5
2023-06-05 03:00:00,21.4,66,0.0,10.5,78,1011.4
2023-06-05 04:00:00,20.8,71,0.0,8.7,7,1011.1
2023-06-05 05:00:00,20.1,77,0.0,8.7,0,1010.8
2023-06-05 06:00:00,19.5,81,0.0,9.1,0,1011.0
2023-06-05 07:00:00,20.4,78,0.0,9.0,0,1010.9
2023-06-05 08:00:00,22.3,68,0.0,9.7,12,1010.9
2023-06-05 09:00:00,24.9,51,0.0,11.9,48,1011.0
2023-06-05 10:00:00,27.5,38,0.0,13.1,92,1010.8
2023-06-05 11:00:00,29.6,31,0.0,12.8,22,1010.6
2023-06-05 12:00:00,31.6,26,0.0,12.3,0,1010.1
2023-06-05 13:00:00,33.4,22,0.0,11.1,0,1009.5
2023-06-05 14:00:00,34.8,18,0.0,10.2,0,1008.6
2023-06-05 15:00:00,33.5,20,0.0,14.0,0,1008.9
2023-06-05 16:00:00,34.2,19,0.0,14.9,0,1008.4
2023-06-05 17:00:00,33.8,20,0.0,14.5,0,1007.9
2023-06-05 18:00:00,33.2,22,0.0,14.2,0,1007.7
2023-06-05 19:00:00,31.7,26,0.0,17.0,0,1007.9
2023-06-05 20:00:00,29.5,30,0.0,17.0,0,1008.1
2023-06-05 21:00:00,28.2,32,0.0,16.0,40,1008.9
2023-06-05 22:00:00,27.0,34,0.0,14.7,100,1009.7
2023-06-05 23:00:00,25.7,37,0.0,11.7,97,1010.1
2023-06-06 00:00:00,24.5,43,0.0,9.5,61,1010.4
2023-06-06 01:00:00,23.3,49,0.0,9.7,100,1010.3
2023-06-06 02:00:00,22.2,56,0.0,10.1,100,1010.1
2023-06-06 03:00:00,21.1,66,0.0,10.0,74,1009.3
2023-06-06 04:00:00,20.3,73,0.0,7.9,97,1009.0
2023-06-06 05:00:00,19.7,79,0.0,7.4,48,1008.9
2023-06-06 06:00:00,19.0,85,0.0,8.0,0,1008.8
2023-06-06 07:00:00,19.8,82,0.0,9.6,14,1009.4
2023-06-06 08:00:00,21.5,74,0.0,9.7,52,1009.8
2023-06-06 09:00:00,23.9,59,0.0,10.8,90,1009.9
2023-06-06 10:00:00,26.3,46,0.0,11.6,28,1010.1
2023-06-06 11:00:00,28.8,36,0.0,11.2,0,1009.9
2023-06-06 12:00:00,31.1,28,0.0,9.8,0,1009.7
2023-06-06 13:00:00,33.0,24,0.0,9.0,0,1009.2
2023-06-06 14:00:00,34.5,20,0.0,7.9,0,1008.4
2023-06-06 15:00:00,34.0,21,0.0,6.9,0,1008.5
2023-06-06 16:00:00,35.1,19,0.0,6.8,22,1008.0
2023-06-06 17:00:00,35.1,18,0.0,8.3,0,1007.4
2023-06-06 18:00:00,34.7,20,0.0,9.5,93,1006.7
2023-06-06 19:00:00,33.4,21,0.0,9.6,44,1006.8
2023-06-06 20:00:00,31.1,25,0.0,5.2,14,1007.1
2023-06-06 21:00:00,29.7,27,0.0,6.2,77,1007.3
2023-06-06 22:00:00,28.5,37,0.0,19.1,100,1008.0
2023-06-06 23:00:00,27.4,39,0.0,17.1,100,1008.0
2023-06-07 00:00:00,26.7,40,0.0,15.4,55,1008.1
2023-06-07 01:00:00,25.5,44,0.0,14.6,97,1008.2
2023-06-07 02:00:00,24.5,46,0.0,13.4,99,1008.0
2023-06-07 03:00:00,22.9,56,0.0,12.1,0,1008.3
2023-06-07 04:00:00,22.2,59,0.0,11.0,0,1008.1
2023-06-07 05:00:00,21.6,64,0.0,10.6,0,1007.8
2023-06-07 06:00:00,21.0,70,0.0,10.6,0,1007.8
2023-06-07 07:00:00,21.8,69,0.0,10.5,0,1008.3
2023-06-07 08:00:00,23.9,59,0.0,12.9,0,1008.4
2023-06-07 09:00:00,26.6,47,0.0,12.7,88,1008.5
2023-06-07 10:00:00,29.5,35,0.0,12.5,25,1008.5
2023-06-07 11:00:00,31.9,27,0.0,13.1,20,1008.2
2023-06-07 12:00:00,34.0,21,0.0,14.2,0,1007.8
2023-06-07 13:00:00,35.8,16,0.0,13.5,12,1007.4
2023-06-07 14:00:00,37.0,14,0.0,13.2,39,1006.9
2023-06-07 15:00:00,37.6,14,0.0,10.7,88,1006.2
2023-06-07 16:00:00,38.4,13,0.0,10.5,100,1005.5
2023-06-07 17:00:00,38.3,13,0.0,11.3,70,1005.0
2023-06-07 18:00:00,37.7,14,0.0,12.3,97,1004.8
2023-06-07 19:00:00,36.2,16,0.0,14.7,99,1004.5
2023-06-07 20:00:00,34.0,19,0.0,15.2,98,1004.6
2023-06-07 21:00:00,32.3,31,0.0,21.0,100,1005.2
2023-06-07 22:00:00,29.8,40,0.0,19.1,100,1006.7
2023-06-07 23:00:00,28.5,44,0.0,18.7,100,1006.9
2023-06-08 00:00:00,27.3,49,0.0,15.5,100,1007.3
2023-06-08 01:00:00,26.2,53,0.0,17.6,100,1006.6
2023-06-08 02:00:00,25.6,54,0.0,17.6,100,1005.7
2023-06-08 03:00:00,24.9,58,0.0,10.2,100,1006.8
2023-06-08 04:00:00,24.5,60,0.0,11.6,100,1006.8
2023-06-08 05:00:00,25.2,53,0.0,15.3,100,1006.1
2023-06-08 06:00:00,26.1,47,0.0,18.0,100,1005.7
2023-06-08 07:00:00,28.1,38,0.0,16.4,100,1005.3
2023-06-08 08:00:00,31.3,30,0.0,17.7,100,1004.9
2023-06-08 09:00:00,34.1,25,0.0,15.6,100,1004.4
2023-06-08 10:00:00,38.2,17,0.0,16.6,100,1004.2
2023-06-08 11:00:00,38.0,17,0.0,17.2,100,1004.7
2023-06-08 12:00:00,38.7,16,0.0,17.9,100,1004.7
2023-06-08 13:00:00,38.7,16,0.0,15.8,100,1004.2
2023-06-08 14:00:00,40.7,13,0.0,21.1,100,1003.4
2023-06-08 15:00:00,40.1,14,0.0,15.8,100,1003.8
2023-06-08 16:00:00,38.9,18,0.4,17.7,100,1004.1
2023-06-08 17:00:00,36.3,18,0.0,19.4,82,1003.0
2023-06-08 18:00:00,37.5,19,0.0,23.7,88,1002.3
2023-06-08 19:00:00,35.2,21,0.0,20.5,100,1003.0
2023-06-08 20:00:00,34.0,23,0.0,10.6,97,1002.8
2023-06-08 21:00:00,32.9,26,0.0,11.7,100,1003.2
2023-06-08 22:00:00,32.2,29,0.0,11.1,100,1003.9
2023-06-08 23:00:00,31.2,32,0.0,17.6,86,1004.0
2023-06-09 00:00:00,30.9,33,0.0,17.3,69,1003.0
2023-06-09 01:00:00,31.3,30,0.0,20.3,62,1001.9
2023-06-09 02:00:00,30.3,32,0.0,17.5,84,1001.6
2023-06-09 03:00:00,30.1,31,0.0,16.8,45,1001.2
2023-06-09 04:00:00,29.9,26,0.0,6.9,71,1000.1
2023-06-09 05:00:00,27.2,31,0.0,7.2,100,1000.7
2023-06-09 06:00:00,27.7,33,0.0,7.9,99,1002.0
2023-06-09 07:00:00,28.3,32,0.0,5.1,47,1002.3
2023-06-09 08:00:00,31.7,25,0.0,5.1,57,1002.5
2023-06-09 09:00:00,34.6,20,0.0,6.5,49,1002.2
2023-06-09 10:00:00,36.4,17,0.0,9.2,13,1002.0
2023-06-09 11:00:00,38.3,15,0.0,8.3,26,1001.6
2023-06-09 12:00:00,39.6,14,0.0,8.9,72,1001.2
2023-06-09 13:00:00,40.2,14,0.0,13.0,89,1001.0
2023-06-09 14:00:00,40.3,14,0.0,15.1,60,1000.5
2023-06-09 15:00:00,40.6,14,0.0,16.2,97,1000.0
2023-06-09 16:00:00,39.0,17,0.0,16.9,25,1000.7
2023-06-09 17:00:00,39.3,15,0.0,16.5,54,1000.2
2023-06-09 18:00:00,35.2,27,0.0,22.0,17,1001.0
2023-06-09 19:00:00,33.6,28,0.0,22.5,1,1001.7
2023-06-09 20:00:00,31.6,30,0.0,18.8,0,1002.7
2023-06-09 21:00:00,30.1,31,0.0,18.0,0,1003.8
2023-06-09 22:00:00,28.8,33,0.0,16.2,0,1005.0
2023-06-09 23:00:00,27.2,40,0.0,15.3,0,1005.3
2023-06-10 00:00:00,25.7,48,0.0,15.5,0,1005.7
2023-06-10 01:00:00,24.6,53,0.0,13.7,0,1005.6
2023-06-10 02:00:00,23.6,62,0.0,12.1,0,1005.7
2023-06-10 03:00:00,23.3,65,0.0,10.0,0,1005.3
2023-06-10 04:00:00,22.7,72,0.0,9.7,0,1005.5
2023-06-10 05:00:00,22.2,79,0.0,10.2,0,1005.4
2023-06-10 06:00:00,21.7,82,0.0,10.1,0,1005.7
2023-06-10 07:00:00,22.3,78,0.0,11.8,0,1006.3
2023-06-10 08:00:00,24.0,68,0.0,11.5,0,1006.7
2023-06-10 09:00:00,26.3,56,0.0,10.8,0,1006.9
2023-06-10 10:00:00,28.8,45,0.0,10.5,0,1006.5
2023-06-10 11:00:00,31.2,36,0.0,11.6,0,1006.1
2023-06-10 12:00:00,33.3,30,0.0,11.8,0,1005.5
2023-06-10 13:00:00,35.0,24,0.0,13.1,0,1005.0
2023-06-10 14:00:00,36.1,21,0.0,14.3,0,1004.4
2023-06-10 15:00:00,34.4,26,0.0,10.6,0,1005.1
2023-06-10 16:00:00,35.3,24,0.0,11.9,0,1004.6
2023-06-10 17:00:00,34.9,24,0.0,13.4,0,1004.0
2023-06-10 18:00:00,34.2,24,0.0,12.6,0,1003.7
2023-06-10 19:00:00,33.0,25,0.0,12.7,0,1003.8
2023-06-10 20:00:00,31.4,29,0.0,10.7,0,1004.0
2023-06-10 21:00:00,30.3,31,0.0,13.2,0,1004.7
2023-06-10 22:00:00,29.0,35,0.0,16.8,0,1005.7
2023-06-10 23:00:00,27.0,42,0.0,13.6,0,1006.4
2023-06-11 00:00:00,25.9,46,0.0,9.8,0,1006.7
2023-06-11 01:00:00,25.0,50,0.0,8.0,0,1006.8
2023-06-11 02:00:00,24.0,54,0.0,6.8,0,1006.6
2023-06-11 03:00:00,23.3,57,0.0,5.5,0,1006.3
2023-06-11 04:00:00,22.7,61,0.0,4.9,0,1006.0
2023-06-11 05:00:00,22.1,64,0.0,7.1,0,1006.0
2023-06-11 06:00:00,21.4,67,0.0,5.9,0,1006.2
2023-06-11 07:00:00,22.6,62,0.0,5.0,0,1006.7
2023-06-11 08:00:00,24.7,52,0.0,4.6,5,1007.0
2023-06-11 09:00:00,26.9,43,0.0,3.4,4,1006.7
2023-06-11 10:00:00,29.1,36,0.0,5.1,0,1006.6
2023-06-11 11:00:00,31.2,30,0.0,8.0,0,1006.4
2023-06-11 12:00:00,32.8,26,0.0,12.8,13,1006.5
2023-06-11 13:00:00,33.9,24,0.0,15.5,16,1006.1
2023-06-11 14:00:00,34.8,23,0.0,16.5,49,1005.5
2023-06-11 15:00:00,33.9,23,0.0,15.1,39,1005.7
2023-06-11 16:00:00,34.3,21,0.0,16.2,0,1005.4
2023-06-11 17:00:00,34.2,22,0.0,16.7,0,1005.2
2023-06-11 18:00:00,33.7,22,0.0,15.1,0,1005.1
2023-06-11 19:00:00,32.6,23,0.0,14.6,0,1005.2
2023-06-11 20:00:00,31.2,26,0.0,10.5,0,1005.6
2023-06-11 21:00:00,30.0,28,0.0,14.5,0,1006.0
2023-06-11 22:00:00,28.5,30,0.0,11.4,0,1006.4
2023-06-11 23:00:00,27.3,33,0.0,8.7,0,1006.3
2023-06-12 00:00:00,26.4,35,0.0,8.0,0,1006.4
2023-06-12 01:00:00,25.3,40,0.0,5.4,94,1006.0
2023-06-12 02:00:00,24.5,43,0.0,5.9,73,1005.8
2023-06-12 03:00:00,23.9,47,0.0,4.3,86,1005.3
2023-06-12 04:00:00,22.9,51,0.0,4.9,61,1004.8
2023-06-12 05:00:00,22.7,52,0.0,3.3,0,1004.6
2023-06-12 06:00:00,21.4,57,0.0,4.7,0,1004.9
2023-06-12 07:00:00,23.6,49,0.0,5.0,0,1005.3
2023-06-12 08:00:00,27.1,38,0.0,3.3,0,1005.5
2023-06-12 09:00:00,29.7,29,0.0,5.8,0,1005.6
2023-06-12 10:00:00,31.5,26,0.0,10.0,0,1005.9
2023-06-12 11:00:00,32.8,24,0.0,13.4,0,1005.9
2023-06-12 12:00:00,34.0,23,0.0,15.1,0,1005.6
2023-06-12 13:00:00,35.0,20,0.0,17.3,58,1005.2
2023-06-12 14:00:00,35.8,19,0.0,17.7,45,1004.6
2023-06-12 15:00:00,35.3,20,0.0,17.6,11,1004.6
2023-06-12 16:00:00,35.7,19,0.0,15.9,0,1004.2
2023-06-12 17:00:00,35.5,20,0.0,13.0,0,1003.8
2023-06-12 18:00:00,35.0,21,0.0,11.0,0,1003.4
2023-06-12 19:00:00,34.2,23,0.0,11.5,0,1003.3
2023-06-12 20:00:00,32.3,25,0.0,8.3,0,1003.8
2023-06-12 21:00:00,31.2,27,0.0,9.2,3,1004.2
2023-06-12 22:00:00,30.0,30,0.0,9.4,33,1004.6
2023-06-12 23:00:00,29.1,35,0.0,8.7,0,1004.7
2023-06-13 00:00:00,27.4,47,0.0,8.9,0,1005.3
2023-06-13 01:00:00,26.2,55,0.0,11.6,0,1005.3
2023-06-13 02:00:00,25.4,57,0.0,12.0,7,1004.5
2023-06-13 03:00:00,24.9,57,0.0,10.7,2,1003.2
2023-06-13 04:00:00,24.6,58,0.0,9.6,41,1003.2
2023-06-13 05:00:00,24.1,60,0.0,10.5,76,1003.1
2023-06-13 06:00:00,23.6,62,0.0,11.9,57,1003.1
2023-06-13 07:00:00,24.5,58,0.0,7.9,48,1003.4
2023-06-13 08:00:00,26.6,50,0.0,11.5,44,1003.7
2023-06-13 09:00:00,29.3,41,0.0,14.8,47,1003.7
2023-06-13 10:00:00,31.4,34,0.0,14.5,33,1004.1
2023-06-13 11:00:00,33.3,29,0.0,16.6,20,1003.7
2023-06-13 12:00:00,34.8,26,0.0,18.6,12,1003.1
2023-06-13 13:00:00,36.1,23,0.0,21.2,9,1002.3
2023-06-13 14:00:00,37.0,22,0.0,20.4,0,1001.6
2023-06-13 15:00:00,36.3,24,0.0,24.5,0,1001.1
2023-06-13 16:00:00,36.6,25,0.0,25.0,0,1000.5
2023-06-13 17:00:00,36.3,25,0.0,22.4,0,1000.3
2023-06-13 18:00:00,34.4,28,0.0,23.6,0,1000.7
2023-06-13 19:00:00,33.3,29,0.0,20.6,4,1001.7
2023-06-13 20:00:00,32.0,32,0.0,11.5,0,1002.4
2023-06-13 21:00:00,31.1,33,0.0,10.5,0,1003.2
2023-06-13 22:00:00,29.8,36,0.0,11.4,0,1004.3
2023-06-13 23:00:00,28.4,40,0.0,12.3,0,1004.9
2023-06-14 00:00:00,26.3,47,0.0,16.0,0,1005.4
2023-06-14 01:00:00,24.2,58,0.0,16.1,0,1005.8
2023-06-14 02:00:00,23.0,65,0.0,14.7,0,1006.0
2023-06-14 03:00:00,22.2,74,0.0,12.2,0,1005.6
2023-06-14 04:00:00,21.7,78,0.0,11.2,0,1005.8
2023-06-14 05:00:00,21.3,80,0.0,11.3,0,1006.2
2023-06-14 06:00:00,20.8,82,0.0,10.5,1,1006.5
2023-06-14 07:00:00,21.6,79,0.0,12.6,21,1006.9
2023-06-14 08:00:00,23.4,69,0.0,11.9,32,1007.4
2023-06-14 09:00:00,25.2,60,0.0,8.8,4,1007.9
2023-06-14 10:00:00,27.5,50,0.0,7.5,0,1007.9
2023-06-14 11:00:00,29.9,40,0.0,6.6,0,1007.8
2023-06-14 12:00:00,32.1,32,0.0,5.4,0,1007.4
2023-06-14 13:00:00,34.0,26,0.0,6.8,0,1007.1
2023-06-14 14:00:00,35.2,23,0.0,9.2,0,1006.3
2023-06-14 15:00:00,33.8,27,0.0,11.5,0,1006.7
2023-06-14 16:00:00,34.5,26,0.0,13.8,0,1006.3
2023-06-14 17:00:00,34.3,25,0.0,13.0,0,1005.8
2023-06-14 18:00:00,34.1,26,0.0,13.0,0,1005.6
2023-06-14 19:00:00,33.4,26,0.0,12.7,0,1005.7
2023-06-14 20:00:00,29.7,37,0.0,21.7,0,1006.8
2023-06-14 21:00:00,28.9,41,0.0,19.1,0,1007.7
2023-06-14 22:00:00,27.2,47,0.0,17.0,0,1008.8
2023-06-14 23:00:00,26.0,52,0.0,13.6,0,1009.4
2023-06-15 00:00:00,25.1,56,0.0,12.6,0,1009.7
2023-06-15 01:00:00,24.1,60,0.0,11.2,0,1009.4
2023-06-15 02:00:00,23.2,65,0.0,9.1,0,1009.4
2023-06-15 03:00:00,22.5,67,0.0,8.3,0,1009.3
2023-06-15 04:00:00,22.0,70,0.0,6.5,0,1009.0
2023-06-15 05:00:00,21.3,76,0.0,5.4,0,1009.3
2023-06-15 06:00:00,20.7,81,0.0,4.7,0,1009.5
2023-06-15 07:00:00,22.0,76,0.0,6.1,0,1009.9
2023-06-15 08:00:00,23.6,69,0.0,5.9,0,1010.1
2023-06-15 09:00:00,25.8,56,0.0,5.4,0,1010.5
2023-06-15 10:00:00,28.2,43,0.0,4.9,0,1010.6
2023-06-15 11:00:00,30.5,34,0.0,4.8,0,1010.1
2023-06-15 12:00:00,32.6,28,0.0,5.1,0,1009.6
2023-06-15 13:00:00,34.3,25,0.0,6.3,0,1009.1
2023-06-15 14:00:00,35.5,22,0.0,9.5,0,1008.3
2023-06-15 15:00:00,33.9,27,0.0,10.0,0,1008.7
2023-06-15 16:00:00,34.8,26,0.0,10.1,0,1008.1
2023-06-15 17:00:00,34.8,26,0.0,10.5,0,1007.5
2023-06-15 18:00:00,34.5,26,0.0,10.6,0,1007.1
2023-06-15 19:00:00,33.7,27,0.0,10.5,0,1006.9
2023-06-15 20:00:00,32.1,30,0.0,8.6,0,1007.0
2023-06-15 21:00:00,31.0,31,0.0,14.8,0,1007.4
2023-06-15 22:00:00,29.4,33,0.0,17.6,0,1008.3
2023-06-15 23:00:00,27.3,43,0.0,15.3,0,1008.6
2023-06-16 00:00:00,25.9,49,0.0,13.0,0,1008.5
2023-06-16 01:00:00,24.9,52,0.0,11.2,0,1008.3
2023-06-16 02:00:00,24.0,57,0.0,8.2,0,1007.7
2023-06-16 03:00:00,23.2,62,0.0,7.4,0,1007.6
2023-06-16 04:00:00,22.4,68,0.0,5.2,0,1007.6
2023-06-16 05:00:00,21.1,76,0.0,5.5,0,1007.5
2023-06-16 06:00:00,21.4,76,0.0,3.8,0,1007.3
2023-06-16 07:00:00,22.4,72,0.0,1.5,0,1007.3
2023-06-16 08:00:00,25.3,54,0.0,1.0,0,1007.8
2023-06-16 09:00:00,28.8,35,0.0,1.6,0,1007.9
2023-06-16 10:00:00,31.9,24,0.0,2.6,0,1007.6
2023-06-16 11:00:00,34.7,16,0.0,3.4,0,1007.4
2023-06-16 12:00:00,37.1,12,0.0,4.7,0,1007.2
2023-06-16 13:00:00,38.8,10,0.0,5.4,0,1006.6
2023-06-16 14:00:00,40.1,9,0.0,6.4,0,1005.9
2023-06-16 15:00:00,39.5,10,0.0,10.1,0,1005.8
2023-06-16 16:00:00,40.4,10,0.0,7.4,0,1005.1
2023-06-16 17:00:00,40.5,10,0.0,5.7,0,1004.4
2023-06-16 18:00:00,40.2,10,0.0,5.9,0,1003.9
2023-06-16 19:00:00,39.0,11,0.0,7.4,0,1004.1
2023-06-16 20:00:00,34.8,14,0.0,7.3,0,1004.0
2023-06-16 21:00:00,33.3,15,0.0,7.8,0,1004.4
2023-06-16 22:00:00,31.8,17,0.0,7.6,0,1004.4
2023-06-16 23:00:00,30.6,19,0.0,5.3,0,1004.1
2023-06-17 00:00:00,30.9,19,0.0,7.4,1,1003.5
2023-06-17 01:00:00,31.0,19,0.0,9.4,0,1003.2
2023-06-17 02:00:00,30.4,20,0.0,11.9,0,1002.8
2023-06-17 03:00:00,29.4,22,0.0,11.3,0,1003.2
2023-06-17 04:00:00,27.2,48,0.0,13.9,0,1003.4
2023-06-17 05:00:00,25.0,68,0.0,13.7,0,1003.7
2023-06-17 06:00:00,24.6,67,0.0,8.9,0,1004.3
2023-06-17 07:00:00,25.4,62,0.0,8.7,0,1005.0
2023-06-17 08:00:00,26.9,56,0.0,9.9,0,1005.5
2023-06-17 09:00:00,29.0,48,0.0,9.7,0,1005.9
2023-06-17 10:00:00,31.4,41,0.0,10.2,0,1006.1
2023-06-17 11:00:00,33.9,34,0.0,11.5,0,1005.9
2023-06-17 12:00:00,35.9,29,0.0,12.9,0,1005.9
2023-06-17 13:00:00,37.2,26,0.0,14.7,0,1005.5
2023-06-17 14:00:00,37.9,24,0.0,15.8,0,1005.0
2023-06-17 15:00:00,35.2,29,0.0,14.5,0,1005.7
2023-06-17 16:00:00,35.9,27,0.0,15.0,0,1005.6
2023-06-17 17:00:00,35.3,28,0.0,17.1,0,1005.2
2023-06-17 18:00:00,33.9,29,0.0,18.3,0,1005.5
2023-06-17 19:00:00,32.4,30,0.0,17.8,0,1006.1
2023-06-17 20:00:00,30.4,34,0.0,16.1,0,1006.8
2023-06-17 21:00:00,28.9,36,0.0,17.1,0,1007.8
2023-06-17 22:00:00,27.5,42,0.0,14.4,0,1008.8
2023-06-17 23:00:00,26.3,48,0.0,13.0,0,1009.4
2023-06-18 00:00:00,25.1,56,0.0,11.2,0,1009.6
2023-06-18 01:00:00,24.1,63,0.0,9.5,0,1009.4
2023-06-18 02:00:00,23.3,68,0.0,7.2,0,1009.4
2023-06-18 03:00:00,22.9,71,0.0,7.2,0,1009.0
2023-06-18 04:00:00,22.2,75,0.0,5.4,0,1009.0
2023-06-18 05:00:00,21.1,81,0.0,4.7,0,1009.0
2023-06-18 06:00:00,20.2,86,0.0,6.2,0,1008.8
2023-06-18 07:00:00,22.3,76,0.0,2.6,0,1008.9
2023-06-18 08:00:00,24.3,65,0.0,1.8,0,1009.2
2023-06-18 09:00:00,27.2,48,0.0,1.1,0,1009.5
2023-06-18 10:00:00,29.9,34,0.0,3.4,0,1009.6
2023-06-18 11:00:00,32.1,27,0.0,9.2,0,1009.4
2023-06-18 12:00:00,33.3,25,0.0,14.8,0,1009.5
2023-06-18 13:00:00,34.1,23,0.0,17.5,0,1008.8
2023-06-18 14:00:00,34.4,23,0.0,19.0,0,1008.4
2023-06-18 15:00:00,32.2,31,0.0,14.8,1,1009.0
2023-06-18 16:00:00,33.5,28,0.0,14.3,3,1008.3
2023-06-18 17:00:00,33.0,28,0.0,16.8,5,1007.9
2023-06-18 18:00:00,32.2,28,0.0,15.6,1,1007.8
2023-06-18 19:00:00,30.7,29,0.0,17.1,0,1008.2
2023-06-18 20:00:00,29.1,32,0.0,14.2,0,1008.5
2023-06-18 21:00:00,27.8,33,0.0,12.2,0,1009.2
2023-06-18 22:00:00,26.6,36,0.0,10.5,0,1009.8
2023-06-18 23:00:00,25.8,39,0.0,11.6,0,1010.2
2023-06-19 00:00:00,25.0,43,0.0,11.4,0,1010.3
2023-06-19 01:00:00,24.2,47,0.0,10.8,0,1010.4
2023-06-19 02:00:00,23.2,52,0.0,9.0,0,1010.2
2023-06-19 03:00:00,22.5,58,0.0,6.6,0,1010.0
2023-06-19 04:00:00,21.8,63,0.0,5.2,0,1009.8
2023-06-19 05:00:00,20.9,69,0.0,4.7,0,1009.8
2023-06-19 06:00:00,20.4,73,0.0,5.6,0,1010.0
2023-06-19 07:00:00,21.6,70,0.0,7.1,0,1010.3
2023-06-19 08:00:00,23.3,63,0.0,8.7,3,1010.4
2023-06-19 09:00:00,25.2,53,0.0,10.7,26,1010.8
2023-06-19 10:00:00,26.7,46,0.0,8.9,17,1010.8
2023-06-19 11:00:00,28.4,41,0.0,8.3,9,1010.6
2023-06-19 12:00:00,30.2,35,0.0,9.8,5,1010.3
2023-06-19 13:00:00,31.7,31,0.0,12.4,1,1009.8
2023-06-19 14:00:00,32.7,28,0.0,14.3,0,1009.1
2023-06-19 15:00:00,31.2,33,0.0,11.8,0,1009.5
2023-06-19 16:00:00,32.5,30,0.0,11.6,0,1008.7
2023-06-19 17:00:00,32.7,30,0.0,12.1,0,1007.8
2023-06-19 18:00:00,32.4,30,0.0,13.0,0,1007.4
2023-06-19 19:00:00,31.7,30,0.0,13.8,1,1007.6
2023-06-19 20:00:00,29.3,38,0.0,18.3,0,1008.0
2023-06-19 21:00:00,28.2,41,0.0,14.7,0,1008.7
2023-06-19 22:00:00,26.3,48,0.0,19.6,0,1009.6
2023-06-19 23:00:00,24.8,56,0.0,16.0,0,1010.5
2023-06-20 00:00:00,23.9,62,0.0,12.7,4,1010.7
2023-06-20 01:00:00,23.2,66,0.0,11.6,0,1010.7
2023-06-20 02:00:00,22.6,70,0.0,10.4,1,1010.5
2023-06-20 03:00:00,22.1,75,0.0,9.2,0,1010.0
2023-06-20 04:00:00,21.7,79,0.0,6.3,1,1009.8
2023-06-20 05:00:00,21.1,82,0.0,4.2,7,1009.8
2023-06-20 06:00:00,20.4,86,0.0,5.4,12,1009.9
2023-06-20 07:00:00,22.0,78,0.0,3.8,12,1010.2
2023-06-20 08:00:00,23.6,70,0.0,6.8,37,1010.1
2023-06-20 09:00:00,25.5,59,0.0,8.7,40,1010.0
2023-06-20 10:00:00,27.8,47,0.0,9.4,21,1009.9
2023-06-20 11:00:00,29.7,41,0.0,8.9,10,1009.8
2023-06-20 12:00:00,31.5,37,0.0,9.8,3,1009.4
2023-06-20 13:00:00,33.2,32,0.0,9.8,2,1008.7
2023-06-20 14:00:00,34.7,29,0.0,10.5,0,1008.0
2023-06-20 15:00:00,32.2,36,0.0,13.5,0,1008.4
2023-06-20 16:00:00,33.9,31,0.0,12.6,85,1007.8
2023-06-20 17:00:00,34.4,29,0.0,12.3,73,1006.9
2023-06-20 18:00:00,34.1,30,0.0,15.9,54,1006.5
2023-06-20 19:00:00,33.1,32,0.0,15.8,1,1006.5
2023-06-20 20:00:00,31.8,35,0.0,14.8,0,1006.4
2023-06-20 21:00:00,30.0,39,0.0,18.6,1,1007.3
2023-06-20 22:00:00,28.7,41,0.0,17.3,0,1008.3
2023-06-20 23:00:00,27.3,45,0.0,15.5,0,1008.8
2023-06-21 00:00:00,26.3,50,0.0,13.4,0,1008.9
2023-06-21 01:00:00,25.2,57,0.0,11.7,0,1008.9
2023-06-21 02:00:00,24.0,66,0.0,11.2,0,1008.8
2023-06-21 03:00:00,22.9,71,0.0,11.0,0,1008.5
2023-06-21 04:00:00,22.2,80,0.0,9.2,0,1008.4
2023-06-21 05:00:00,21.6,87,0.0,8.2,4,1008.4
2023-06-21 06:00:00,21.1,92,0.0,6.4,10,1008.5
2023-06-21 07:00:00,22.0,87,0.0,8.6,17,1008.7
2023-06-21 08:00:00,23.7,75,0.0,8.6,23,1008.8
2023-06-21 09:00:00,25.9,62,0.0,8.2,6,1008.9
2023-06-21 10:00:00,28.5,49,0.0,9.0,0,1008.5
2023-06-21 11:00:00,31.2,39,0.0,10.3,0,1008.2
2023-06-21 12:00:00,33.4,31,0.0,11.3,0,1007.9
2023-06-21 13:00:00,35.1,26,0.0,11.8,0,1007.3
2023-06-21 14:00:00,36.2,23,0.0,12.4,0,1006.7
2023-06-21 15:00:00,34.1,28,0.0,12.7,0,1007.1
2023-06-21 16:00:00,35.0,26,0.0,13.0,0,1006.5
2023-06-21 17:00:00,35.0,24,0.0,12.8,0,1006.0
2023-06-21 18:00:00,34.7,24,0.0,12.0,0,1005.4
2023-06-21 19:00:00,33.9,26,0.0,13.4,0,1005.5
2023-06-21 20:00:00,31.8,29,0.0,17.2,8,1006.0
2023-06-21 21:00:00,30.2,32,0.0,19.8,0,1006.8
2023-06-21 22:00:00,28.1,41,0.0,17.8,0,1007.9
2023-06-21 23:00:00,26.8,47,0.0,13.1,0,1008.6
2023-06-22 00:00:00,25.6,55,0.0,12.2,0,1008.7
2023-06-22 01:00:00,24.3,64,0.0,12.2,0,1008.6
2023-06-22 02:00:00,23.2,73,0.0,11.4,0,1008.4
2023-06-22 03:00:00,22.3,81,0.0,10.3,0,1008.1
2023-06-22 04:00:00,21.8,85,0.0,8.7,2,1007.9
2023-06-22 05:00:00,21.3,88,0.0,8.5,6,1007.7
2023-06-22 06:00:00,20.8,91,0.0,7.2,12,1007.8
2023-06-22 07:00:00,21.8,85,0.0,10.2,24,1008.4
2023-06-22 08:00:00,23.5,74,0.0,10.0,20,1008.3
2023-06-22 09:00:00,25.6,62,0.0,7.6,12,1008.3
2023-06-22 10:00:00,28.1,50,0.0,6.8,1,1008.0
2023-06-22 11:00:00,30.8,38,0.0,6.6,0,1007.8
2023-06-22 12:00:00,33.1,29,0.0,6.9,0,1007.3
2023-06-22 13:00:00,34.9,24,0.0,7.7,0,1006.4
2023-06-22 14:00:00,36.3,21,0.0,8.6,0,1005.7
2023-06-22 15:00:00,34.8,23,0.0,9.2,0,1006.0
2023-06-22 16:00:00,35.8,21,0.0,10.9,0,1005.4
2023-06-22 17:00:00,35.7,20,0.0,13.7,0,1004.8
2023-06-22 18:00:00,35.2,21,0.0,14.0,0,1004.5
2023-06-22 19:00:00,34.4,24,0.0,11.6,0,1004.5
2023-06-22 20:00:00,33.0,29,0.0,14.1,0,1004.8
2023-06-22 21:00:00,31.0,30,0.0,20.1,0,1005.9
2023-06-22 22:00:00,29.5,35,0.0,18.2,0,1006.9
2023-06-22 23:00:00,27.9,42,0.0,15.3,0,1007.4
2023-06-23 00:00:00,26.5,48,0.0,13.0,0,1007.6
2023-06-23 01:00:00,25.2,56,0.0,11.9,0,1007.2
2023-06-23 02:00:00,24.2,63,0.0,9.7,0,1007.0
2023-06-23 03:00:00,23.2,67,0.0,8.6,0,1007.0
2023-06-23 04:00:00,22.6,70,0.0,7.6,0,1007.1
2023-06-23 05:00:00,22.0,73,0.0,6.2,0,1007.2
2023-06-23 06:00:00,21.4,77,0.0,5.9,0,1007.2
2023-06-23 07:00:00,22.6,71,0.0,7.7,0,1007.7
2023-06-23 08:00:00,24.3,64,0.0,8.0,0,1007.9
2023-06-23 09:00:00,26.7,53,0.0,8.6,0,1007.8
2023-06-23 10:00:00,29.6,41,0.0,10.1,0,1007.8
2023-06-23 11:00:00,32.3,32,0.0,11.3,0,1007.4
2023-06-23 12:00:00,34.6,25,0.0,11.9,0,1007.2
2023-06-23 13:00:00,36.2,21,0.0,11.8,0,1006.6
2023-06-23 14:00:00,37.5,19,0.0,11.3,0,1005.8
2023-06-23 15:00:00,36.0,22,0.0,10.6,0,1005.6
2023-06-23 16:00:00,37.0,21,0.0,11.3,0,1004.9
2023-06-23 17:00:00,37.0,21,0.0,12.9,0,1004.3
2023-06-23 18:00:00,36.6,22,0.0,13.3,0,1004.1
2023-06-23 19:00:00,35.9,23,0.0,13.3,0,1004.4
2023-06-23 20:00:00,33.8,26,0.0,16.8,0,1004.9
2023-06-23 21:00:00,32.2,26,0.0,17.7,0,1005.7
2023-06-23 22:00:00,30.1,30,0.0,19.9,0,1006.7
2023-06-23 23:00:00,28.6,36,0.0,16.1,0,1007.4
2023-06-24 00:00:00,27.3,41,0.0,13.4,0,1007.6
2023-06-24 01:00:00,26.1,47,0.0,11.6,0,1007.5
2023-06-24 02:00:00,24.9,54,0.0,10.3,0,1007.3
2023-06-24 03:00:00,24.0,61,0.0,10.1,0,1007.2
2023-06-24 04:00:00,23.4,65,0.0,9.0,0,1007.2
2023-06-24 05:00:00,22.7,70,0.0,7.9,0,1007.4
2023-06-24 06:00:00,22.1,75,0.0,6.9,0,1007.7
2023-06-24 07:00:00,23.2,72,0.0,6.8,0,1008.1
2023-06-24 08:00:00,25.0,67,0.0,7.0,0,1008.1
2023-06-24 09:00:00,27.6,55,0.0,7.8,0,1008.3
2023-06-24 10:00:00,30.6,40,0.0,8.9,0,1008.2
2023-06-24 11:00:00,33.2,29,0.0,10.7,0,1007.8
2023-06-24 12:00:00,35.0,23,0.0,12.3,0,1007.5
2023-06-24 13:00:00,36.4,21,0.0,11.7,0,1007.2
2023-06-24 14:00:00,37.5,19,0.0,10.7,0,1006.4
2023-06-24 15:00:00,36.8,21,0.0,10.2,0,1006.6
2023-06-24 16:00:00,37.8,19,0.0,10.0,0,1005.9
2023-06-24 17:00:00,38.1,18,0.0,10.5,0,1005.2
2023-06-24 18:00:00,37.8,19,0.0,11.5,0,1004.9
2023-06-24 19:00:00,36.6,19,0.0,14.5,0,1004.9
2023-06-24 20:00:00,34.1,20,0.0,18.2,0,1005.2
2023-06-24 21:00:00,32.2,23,0.0,18.8,0,1005.9
2023-06-24 22:00:00,30.9,25,0.0,16.8,0,1006.6
2023-06-24 23:00:00,29.6,28,0.0,14.5,0,1007.2
2023-06-25 00:00:00,28.3,31,0.0,12.7,0,1007.6
2023-06-25 01:00:00,27.0,33,0.0,11.1,0,1007.7
2023-06-25 02:00:00,25.8,36,0.0,10.8,0,1007.7
2023-06-25 03:00:00,24.2,45,0.0,8.6,0,1007.9
2023-06-25 04:00:00,23.6,50,0.0,7.6,0,1007.7
2023-06-25 05:00:00,22.8,56,0.0,5.9,0,1007.7
2023-06-25 06:00:00,21.9,63,0.0,4.9,0,1007.9
2023-06-25 07:00:00,23.4,60,0.0,6.4,0,1008.1
2023-06-25 08:00:00,25.5,54,0.0,6.8,0,1008.1
2023-06-25 09:00:00,28.1,45,0.0,7.6,0,1008.1
2023-06-25 10:00:00,30.9,33,0.0,8.6,0,1008.0
2023-06-25 11:00:00,33.3,25,0.0,8.9,0,1007.6
2023-06-25 12:00:00,35.1,21,0.0,7.4,0,1006.9
2023-06-25 13:00:00,36.7,19,0.0,5.5,0,1006.5
2023-06-25 14:00:00,38.0,17,0.0,4.4,0,1005.7
2023-06-25 15:00:00,37.0,18,0.0,5.6,0,1006.0
2023-06-25 16:00:00,37.9,16,0.0,10.5,0,1005.4
2023-06-25 17:00:00,37.2,17,0.0,14.8,0,1004.8
2023-06-25 18:00:00,36.4,17,0.0,14.4,0,1004.7
2023-06-25 19:00:00,35.7,18,0.0,14.3,0,1004.8
2023-06-25 20:00:00,34.0,22,0.0,16.6,0,1004.9
2023-06-25 21:00:00,30.5,30,0.0,19.1,0,1006.3
2023-06-25 22:00:00,28.7,35,0.0,18.7,0,1007.1
2023-06-25 23:00:00,27.6,40,0.0,15.3,0,1007.6
2023-06-26 00:00:00,26.4,46,0.0,10.9,0,1007.5
2023-06-26 01:00:00,25.4,50,0.0,9.0,0,1007.4
2023-06-26 02:00:00,24.3,56,0.0,6.8,0,1007.2
2023-06-26 03:00:00,23.2,61,0.0,5.7,0,1006.6
2023-06-26 04:00:00,22.7,65,0.0,6.0,0,1006.4
2023-06-26 05:00:00,21.9,71,0.0,5.8,0,1006.0
2023-06-26 06:00:00,20.7,80,0.0,5.2,0,1006.1
2023-06-26 07:00:00,22.4,75,0.0,5.1,0,1006.5
2023-06-26 08:00:00,24.2,69,0.0,5.8,0,1006.9
2023-06-26 09:00:00,26.7,55,0.0,5.4,0,1006.9
2023-06-26 10:00:00,29.5,38,0.0,5.1,0,1006.8
2023-06-26 11:00:00,32.0,27,0.0,6.1,0,1006.4
2023-06-26 12:00:00,33.9,23,0.0,6.6,0,1006.0
2023-06-26 13:00:00,35.6,20,0.0,6.8,0,1005.6
2023-06-26 14:00:00,37.0,18,0.0,7.4,0,1004.9
2023-06-26 15:00:00,35.5,20,0.0,10.2,0,1005.0
2023-06-26 16:00:00,36.4,19,0.0,12.3,0,1004.6
2023-06-26 17:00:00,36.4,18,0.0,12.4,0,1003.9
2023-06-26 18:00:00,36.3,17,0.0,11.5,0,1003.7
2023-06-26 19:00:00,35.5,18,0.0,14.4,0,1003.7
2023-06-26 20:00:00,32.7,21,0.0,18.7,0,1004.2
2023-06-26 21:00:00,30.9,24,0.0,18.5,0,1004.9
2023-06-26 22:00:00,29.2,31,0.0,16.5,0,1005.8
2023-06-26 23:00:00,27.8,35,0.0,12.1,0,1006.3
2023-06-27 00:00:00,26.5,39,0.0,8.7,0,1006.4
2023-06-27 01:00:00,25.1,44,0.0,6.2,0,1006.4
2023-06-27 02:00:00,23.9,50,0.0,5.7,0,1006.2
2023-06-27 03:00:00,23.7,54,0.0,7.4,0,1005.9
2023-06-27 04:00:00,23.1,60,0.0,5.2,0,1005.6
2023-06-27 05:00:00,21.8,69,0.0,6.2,0,1005.4
2023-06-27 06:00:00,22.2,70,0.0,4.7,0,1005.4
2023-06-27 07:00:00,23.3,68,0.0,4.2,0,1005.7
2023-06-27 08:00:00,25.4,62,0.0,5.8,0,1006.0
2023-06-27 09:00:00,28.0,53,0.0,5.9,0,1006.2
2023-06-27 10:00:00,31.0,39,0.0,6.1,0,1006.0
2023-06-27 11:00:00,34.1,29,0.0,8.2,0,1005.7
2023-06-27 12:00:00,36.2,22,0.0,13.5,0,1005.5
2023-06-27 13:00:00,37.2,20,0.0,16.7,0,1005.2
2023-06-27 14:00:00,37.7,19,0.0,18.1,0,1004.8
2023-06-27 15:00:00,37.2,20,0.0,15.9,0,1005.2
2023-06-27 16:00:00,37.2,20,0.0,16.1,0,1004.9
2023-06-27 17:00:00,36.9,21,0.0,15.1,0,1004.5
2023-06-27 18:00:00,36.2,23,0.0,13.3,0,1004.2
2023-06-27 19:00:00,35.4,25,0.0,12.3,0,1003.9
2023-06-27 20:00:00,33.9,27,0.0,11.7,0,1004.2
2023-06-27 21:00:00,32.3,30,0.0,19.1,0,1004.8
2023-06-27 22:00:00,30.4,35,0.0,16.4,0,1005.9
2023-06-27 23:00:00,29.1,40,0.0,10.9,0,1006.4
2023-06-28 00:00:00,27.9,45,0.0,10.0,0,1006.5
2023-06-28 01:00:00,26.9,49,0.0,10.4,0,1006.6
2023-06-28 02:00:00,25.8,52,0.0,11.4,0,1006.5
2023-06-28 03:00:00,25.4,53,0.0,10.0,0,1006.4
2023-06-28 04:00:00,24.5,58,0.0,9.7,0,1006.5
2023-06-28 05:00:00,23.7,64,0.0,7.0,0,1006.7
2023-06-28 06:00:00,22.7,70,0.0,5.5,0,1007.2
2023-06-28 07:00:00,23.9,67,0.0,6.4,0,1007.6
2023-06-28 08:00:00,25.6,64,0.0,6.4,0,1007.9
2023-06-28 09:00:00,27.6,57,0.0,5.9,0,1008.0
2023-06-28 10:00:00,29.6,50,0.0,6.2,1,1008.1
2023-06-28 11:00:00,31.8,42,0.0,8.2,0,1007.9
2023-06-28 12:00:00,33.8,35,0.0,9.8,0,1007.7
2023-06-28 13:00:00,35.6,29,0.0,11.3,0,1007.1
2023-06-28 14:00:00,36.9,25,0.0,12.4,0,1006.5
2023-06-28 15:00:00,35.6,30,0.0,13.3,0,1006.9
2023-06-28 16:00:00,36.4,27,0.0,12.5,0,1006.9
2023-06-28 17:00:00,37.0,24,0.0,13.4,0,1006.2
2023-06-28 18:00:00,36.4,24,0.0,17.9,0,1006.2
2023-06-28 19:00:00,34.7,26,0.0,20.5,0,1006.4
2023-06-28 20:00:00,33.0,28,0.0,18.4,0,1007.1
2023-06-28 21:00:00,31.4,33,0.0,20.0,0,1008.1
2023-06-28 22:00:00,29.8,38,0.0,17.6,0,1009.2
2023-06-28 23:00:00,28.3,44,0.0,14.3,0,1010.0
2023-06-29 00:00:00,27.0,50,0.0,11.3,0,1010.1
2023-06-29 01:00:00,26.0,56,0.0,9.4,0,1010.0
2023-06-29 02:00:00,25.0,62,0.0,7.6,0,1009.9
2023-06-29 03:00:00,24.1,69,0.0,6.5,0,1009.4
2023-06-29 04:00:00,23.3,74,0.0,5.4,0,1009.5
2023-06-29 05:00:00,22.7,78,0.0,6.8,0,1009.6
2023-06-29 06:00:00,22.1,83,0.0,6.5,0,1009.7
2023-06-29 07:00:00,23.2,80,0.0,7.5,0,1010.0
2023-06-29 08:00:00,25.0,73,0.0,8.7,0,1010.1
2023-06-29 09:00:00,27.3,60,0.0,7.9,0,1010.2
2023-06-29 10:00:00,29.8,46,0.0,7.6,0,1009.8
2023-06-29 11:00:00,32.3,36,0.0,7.2,0,1009.3
2023-06-29 12:00:00,34.4,29,0.0,7.3,0,1009.0
2023-06-29 13:00:00,36.1,23,0.0,9.9,0,1008.3
2023-06-29 14:00:00,37.1,20,0.0,13.9,0,1007.7
2023-06-29 15:00:00,35.1,24,0.0,14.6,0,1008.2
2023-06-29 16:00:00,35.4,23,0.0,14.3,0,1007.5
2023-06-29 17:00:00,35.6,23,0.0,13.2,0,1006.7
2023-06-29 18:00:00,35.5,24,0.0,13.1,0,1006.4
2023-06-29 19:00:00,34.7,26,0.0,16.7,1,1006.4
2023-06-29 20:00:00,32.3,26,0.0,20.5,1,1007.1
2023-06-29 21:00:00,30.8,27,0.0,20.3,0,1007.8
2023-06-29 22:00:00,29.4,29,0.0,18.8,0,1008.5
2023-06-29 23:00:00,27.9,34,0.0,15.6,0,1008.9
2023-06-30 00:00:00,26.5,40,0.0,11.4,0,1009.1
2023-06-30 01:00:00,25.1,47,0.0,7.2,0,1008.8
2023-06-30 02:00:00,23.8,54,0.0,5.8,0,1008.6
2023-06-30 03:00:00,23.0,56,0.0,6.5,0,1008.6
2023-06-30 04:00:00,22.2,67,0.0,6.1,0,1008.6
2023-06-30 05:00:00,21.2,81,0.0,4.8,2,1008.7
2023-06-30 06:00:00,21.0,91,0.0,5.3,46,1008.7
2023-06-30 07:00:00,22.0,87,0.0,8.7,29,1009.0
2023-06-30 08:00:00,23.7,75,0.0,8.4,12,1009.0
2023-06-30 09:00:00,26.0,63,0.0,6.2,3,1009.1
2023-06-30 10:00:00,28.7,50,0.0,5.7,0,1008.9
2023-06-30 11:00:00,31.4,39,0.0,6.8,0,1008.6
2023-06-30 12:00:00,33.9,30,0.0,9.7,0,1007.9
2023-06-30 13:00:00,35.7,24,0.0,13.0,0,1007.2
2023-06-30 14:00:00,37.0,21,0.0,15.1,0,1006.3
2023-06-30 15:00:00,35.4,24,0.0,16.4,0,1006.6
2023-06-30 16:00:00,36.2,22,0.0,16.6,0,1005.8
2023-06-30 17:00:00,36.1,24,0.0,19.1,0,1005.0
2023-06-30 18:00:00,34.8,27,0.0,22.9,0,1004.8
2023-06-30 19:00:00,33.5,29,0.0,23.2,0,1005.2
2023-06-30 20:00:00,31.9,32,0.0,20.7,0,1005.6
2023-06-30 21:00:00,30.6,35,0.0,18.8,0,1006.2
2023-06-30 22:00:00,29.0,42,0.0,18.1,0,1006.9
2023-06-30 23:00:00,27.3,54,0.0,16.9,0,1007.2
2023-07-01 00:00:00,25.9,63,0.0,14.7,0,1007.3
2023-07-01 01:00:00,24.8,70,0.0,12.2,0,1006.9
2023-07-01 02:00:00,24.0,76,0.0,10.1,0,1006.8
2023-07-01 03:00:00,23.4,80,0.0,7.4,0,1006.5
2023-07-01 04:00:00,22.9,85,0.0,6.4,3,1006.5
2023-07-01 05:00:00,22.3,89,0.0,5.7,4,1006.6
2023-07-01 06:00:00,21.8,93,0.0,5.9,3,1006.9
2023-07-01 07:00:00,22.9,87,0.0,8.7,0,1007.2
2023-07-01 08:00:00,25.0,74,0.0,10.6,0,1007.4
2023-07-01 09:00:00,27.5,58,0.0,13.0,0,1007.3
2023-07-01 10:00:00,30.3,42,0.0,13.9,0,1006.9
2023-07-01 11:00:00,33.2,31,0.0,16.3,0,1006.8
2023-07-01 12:00:00,35.5,25,0.0,18.4,0,1006.5
2023-07-01 13:00:00,37.0,23,0.0,19.1,0,1006.1
2023-07-01 14:00:00,38.1,19,0.0,19.9,0,1005.3
2023-07-01 15:00:00,36.8,21,0.0,17.9,0,1005.8
2023-07-01 16:00:00,37.1,20,0.0,18.8,0,1005.3
2023-07-01 17:00:00,36.8,20,0.0,19.5,0,1005.0
2023-07-01 18:00:00,35.8,20,0.0,20.5,0,1004.9
2023-07-01 19:00:00,34.3,22,0.0,20.6,0,1005.2
2023-07-01 20:00:00,32.1,26,0.0,19.6,0,1005.8
2023-07-01 21:00:00,30.5,29,0.0,18.6,0,1006.9
2023-07-01 22:00:00,29.0,32,0.0,16.8,0,1007.9
2023-07-01 23:00:00,27.4,38,0.0,14.3,0,1008.3
2023-07-02 00:00:00,26.2,43,0.0,10.7,0,1008.5
2023-07-02 01:00:00,25.1,49,0.0,8.8,0,1008.3
2023-07-02 02:00:00,24.0,56,0.0,7.4,0,1008.1
2023-07-02 03:00:00,23.1,63,0.0,6.8,0,1008.3
2023-07-02 04:00:00,22.6,68,0.0,4.7,0,1008.1
2023-07-02 05:00:00,21.7,74,0.0,5.8,0,1008.1
2023-07-02 06:00:00,21.0,80,0.0,6.9,0,1008.2
2023-07-02 07:00:00,22.9,72,0.0,3.6,0,1008.4
2023-07-02 08:00:00,25.0,64,0.0,4.3,0,1008.9
2023-07-02 09:00:00,27.3,53,0.0,5.4,0,1009.1
2023-07-02 10:00:00,29.8,42,0.0,6.6,0,1008.8
2023-07-02 11:00:00,32.1,34,0.0,9.0,0,1008.5
2023-07-02 12:00:00,34.2,27,0.0,11.1,0,1008.1
2023-07-02 13:00:00,35.7,24,0.0,12.5,0,1007.7
2023-07-02 14:00:00,36.8,22,0.0,13.5,0,1007.1
2023-07-02 15:00:00,35.9,24,0.0,13.2,0,1007.7
2023-07-02 16:00:00,37.0,20,0.0,13.3,0,1007.0
2023-07-02 17:00:00,37.5,17,0.0,14.2,0,1006.4
2023-07-02 18:00:00,37.1,15,0.0,16.6,0,1006.1
2023-07-02 19:00:00,35.5,16,0.0,19.6,0,1006.4
2023-07-02 20:00:00,33.3,20,0.0,17.3,0,1007.2
2023-07-02 21:00:00,31.5,23,0.0,16.9,0,1008.0
2023-07-02 22:00:00,29.7,28,0.0,16.6,0,1008.9
2023-07-02 23:00:00,28.1,35,0.0,13.8,0,1009.5
2023-07-03 00:00:00,26.6,42,0.0,10.3,0,1009.5
2023-07-03 01:00:00,25.3,49,0.0,8.1,0,1009.3
2023-07-03 02:00:00,24.2,56,0.0,6.4,0,1008.9
2023-07-03 03:00:00,23.1,60,0.0,5.6,0,1008.9
2023-07-03 04:00:00,22.4,65,0.0,5.5,0,1008.7
2023-07-03 05:00:00,21.2,69,0.0,7.7,0,1008.4
2023-07-03 06:00:00,20.9,69,0.0,7.9,0,1008.4
2023-07-03 07:00:00,22.9,60,0.0,6.4,0,1008.6
2023-07-03 08:00:00,25.8,48,0.0,4.9,0,1008.7
2023-07-03 09:00:00,28.9,36,0.0,6.7,0,1008.8
2023-07-03 10:00:00,31.9,25,0.0,6.6,0,1008.9
2023-07-03 11:00:00,34.8,17,0.0,6.4,0,1008.8
2023-07-03 12:00:00,37.2,13,0.0,6.5,0,1008.5
2023-07-03 13:00:00,39.0,13,0.0,8.7,0,1008.1
2023-07-03 14:00:00,40.4,12,0.0,8.7,0,1007.3
2023-07-03 15:00:00,40.5,12,0.0,8.0,0,1007.4
2023-07-03 16:00:00,41.4,12,0.0,11.2,0,1006.7
2023-07-03 17:00:00,41.4,11,0.0,13.3,0,1006.0
2023-07-03 18:00:00,40.8,12,0.0,16.2,0,1005.7
2023-07-03 19:00:00,39.7,13,0.0,13.4,0,1005.8
2023-07-03 20:00:00,37.2,15,0.0,7.7,0,1005.8
2023-07-03 21:00:00,36.2,17,0.0,13.6,0,1006.3
2023-07-03 22:00:00,33.8,29,0.0,14.0,0,1007.2
2023-07-03 23:00:00,32.2,32,0.0,13.5,0,1007.8
2023-07-04 00:00:00,30.9,34,0.0,15.3,0,1007.9
2023-07-04 01:00:00,29.5,38,0.0,13.2,0,1007.5
2023-07-04 02:00:00,28.5,42,0.0,9.8,0,1007.5
2023-07-04 03:00:00,27.3,48,0.0,9.3,0,1007.0
2023-07-04 04:00:00,26.5,51,0.0,15.7,0,1007.0
2023-07-04 05:00:00,25.9,53,0.0,12.4,0,1007.2
2023-07-04 06:00:00,25.3,55,0.0,9.4,0,1007.6
2023-07-04 07:00:00,25.9,53,0.0,7.8,0,1008.1
2023-07-04 08:00:00,27.8,47,0.0,7.9,0,1008.1
2023-07-04 09:00:00,30.2,41,0.0,8.4,0,1008.2
2023-07-04 10:00:00,32.9,33,0.0,7.6,0,1007.8
2023-07-04 11:00:00,35.8,25,0.0,6.2,0,1007.5
2023-07-04 12:00:00,38.2,22,0.0,5.8,0,1007.2
2023-07-04 13:00:00,39.8,20,0.0,6.5,0,1006.6
2023-07-04 14:00:00,40.8,19,0.0,7.4,0,1005.7
2023-07-04 15:00:00,39.8,21,0.0,11.4,0,1005.9
2023-07-04 16:00:00,40.0,20,0.0,12.0,0,1005.3
2023-07-04 17:00:00,39.8,20,0.0,11.6,0,1004.6
2023-07-04 18:00:00,39.4,20,0.0,11.6,0,1004.2
2023-07-04 19:00:00,38.2,21,0.0,12.3,0,1004.4
2023-07-04 20:00:00,36.3,26,0.0,13.7,0,1004.7
2023-07-04 21:00:00,34.1,34,0.0,21.6,0,1005.8
2023-07-04 22:00:00,31.4,41,0.0,20.5,0,1007.0
2023-07-04 23:00:00,29.5,48,0.0,18.5,0,1007.5
2023-07-05 00:00:00,28.1,53,0.0,14.8,0,1007.9
2023-07-05 01:00:00,26.9,58,0.0,13.5,0,1007.8
2023-07-05 02:00:00,25.7,65,0.0,12.8,0,1007.7
2023-07-05 03:00:00,24.9,65,0.0,12.1,0,1007.3
2023-07-05 04:00:00,23.9,73,0.0,10.7,0,1007.2
2023-07-05 05:00:00,23.0,80,0.0,9.9,0,1007.3
2023-07-05 06:00:00,22.3,86,0.0,8.5,0,1007.1
2023-07-05 07:00:00,23.0,83,0.0,9.0,0,1007.3
2023-07-05 08:00:00,24.7,73,0.0,8.0,0,1007.3
2023-07-05 09:00:00,26.9,62,0.0,8.0,0,1007.3
2023-07-05 10:00:00,29.1,53,0.0,6.6,1,1007.1
2023-07-05 11:00:00,31.5,44,0.0,5.8,1,1006.8
2023-07-05 12:00:00,33.8,37,0.0,6.9,0,1006.5
2023-07-05 13:00:00,35.7,30,0.0,8.9,0,1006.0
2023-07-05 14:00:00,37.0,25,0.0,10.7,0,1005.3
2023-07-05 15:00:00,35.1,29,0.0,11.9,0,1005.8
2023-07-05 16:00:00,35.9,26,0.0,12.0,0,1005.3
2023-07-05 17:00:00,36.1,27,0.0,12.1,0,1004.5
2023-07-05 18:00:00,35.6,29,0.0,12.3,0,1003.9
2023-07-05 19:00:00,35.1,31,0.0,12.3,0,1003.8
2023-07-05 20:00:00,33.5,34,0.0,16.3,0,1004.0
2023-07-05 21:00:00,31.5,40,0.0,19.7,0,1005.0
2023-07-05 22:00:00,29.3,47,0.0,17.8,0,1006.1
2023-07-05 23:00:00,27.9,54,0.0,14.8,0,1006.7
2023-07-06 00:00:00,26.8,59,0.0,12.7,0,1006.7
2023-07-06 01:00:00,25.8,63,0.0,11.3,0,1006.8
2023-07-06 02:00:00,24.9,68,0.0,9.8,0,1006.7
2023-07-06 03:00:00,24.6,69,0.0,7.7,0,1005.8
2023-07-06 04:00:00,23.9,73,0.0,4.8,0,1005.7
2023-07-06 05:00:00,23.2,77,0.0,4.3,0,1005.7
2023-07-06 06:00:00,22.5,82,0.0,5.2,0,1005.8
2023-07-06 07:00:00,24.1,74,0.0,4.7,0,1006.1
2023-07-06 08:00:00,25.7,68,0.0,5.9,2,1006.1
2023-07-06 09:00:00,27.4,62,0.0,6.0,11,1005.9
2023-07-06 10:00:00,29.6,53,0.0,4.6,6,1005.5
2023-07-06 11:00:00,31.8,45,0.0,4.1,2,1005.4
2023-07-06 12:00:00,34.1,36,0.0,7.2,0,1005.3
2023-07-06 13:00:00,35.9,30,0.0,10.5,0,1005.1
2023-07-06 14:00:00,37.0,25,0.0,13.4,0,1004.4
2023-07-06 15:00:00,35.6,29,0.0,15.0,0,1004.8
2023-07-06 16:00:00,36.2,26,0.0,13.9,0,1004.6
2023-07-06 17:00:00,36.3,26,0.0,12.5,0,1004.1
2023-07-06 18:00:00,35.8,27,0.0,12.5,0,1003.5
2023-07-06 19:00:00,35.1,30,0.0,12.1,0,1003.5
2023-07-06 20:00:00,34.1,32,0.0,12.4,5,1003.6
2023-07-06 21:00:00,32.7,33,0.0,15.3,4,1004.6
2023-07-06 22:00:00,31.2,37,0.0,17.4,0,1005.7
2023-07-06 23:00:00,29.7,44,0.0,14.8,0,1006.3
2023-07-07 00:00:00,28.7,48,0.0,11.5,0,1006.5
2023-07-07 01:00:00,27.5,52,0.0,9.4,0,1006.5
2023-07-07 02:00:00,26.1,59,0.0,10.0,0,1006.6
2023-07-07 03:00:00,25.2,59,0.0,9.2,0,1006.6
2023-07-07 04:00:00,24.5,64,0.0,8.7,0,1006.7
2023-07-07 05:00:00,23.7,70,0.0,7.6,0,1006.7
2023-07-07 06:00:00,22.9,77,0.0,5.4,0,1006.7
2023-07-07 07:00:00,23.8,82,0.0,7.9,13,1006.9
2023-07-07 08:00:00,25.5,75,0.0,6.9,38,1007.2
2023-07-07 09:00:00,27.4,65,0.0,6.4,13,1007.3
2023-07-07 10:00:00,29.8,54,0.0,8.1,6,1007.3
2023-07-07 11:00:00,32.3,42,0.0,10.7,0,1007.2
2023-07-07 12:00:00,34.5,34,0.0,12.5,0,1007.0
2023-07-07 13:00:00,36.3,29,0.0,14.8,0,1006.6
2023-07-07 14:00:00,37.3,27,0.0,14.8,0,1005.8
2023-07-07 15:00:00,35.8,32,0.0,13.8,0,1006.1
2023-07-07 16:00:00,36.6,29,0.0,15.6,0,1005.6
2023-07-07 17:00:00,36.9,27,0.0,16.6,1,1005.0
2023-07-07 18:00:00,36.5,27,0.0,18.6,7,1004.6
2023-07-07 19:00:00,35.2,28,0.0,19.9,0,1004.8
2023-07-07 20:00:00,33.5,33,0.0,18.8,0,1005.1
2023-07-07 21:00:00,31.7,41,0.0,19.1,0,1006.0
2023-07-07 22:00:00,30.0,49,0.0,18.9,0,1006.8
2023-07-07 23:00:00,28.2,59,0.0,18.1,0,1007.3
2023-07-08 00:00:00,27.0,66,0.0,16.1,0,1007.5
2023-07-08 01:00:00,26.2,69,0.0,13.6,0,1007.4
2023-07-08 02:00:00,25.6,72,0.0,9.7,0,1007.1
2023-07-08 03:00:00,25.1,72,0.0,6.8,0,1006.9
2023-07-08 04:00:00,24.5,76,0.0,4.4,0,1006.7
2023-07-08 05:00:00,23.7,81,0.0,4.3,0,1006.6
2023-07-08 06:00:00,22.9,86,0.0,4.9,0,1006.5
2023-07-08 07:00:00,24.2,80,0.0,5.4,0,1006.8
2023-07-08 08:00:00,26.1,71,0.0,6.3,0,1007.0
2023-07-08 09:00:00,28.6,58,0.0,9.7,0,1007.0
2023-07-08 10:00:00,31.0,47,0.0,12.2,0,1006.8
2023-07-08 11:00:00,33.3,40,0.0,13.9,0,1006.6
2023-07-08 12:00:00,35.8,33,0.0,15.9,0,1006.0
2023-07-08 13:00:00,37.7,29,0.0,18.9,0,1005.5
2023-07-08 14:00:00,39.6,21,0.0,20.4,0,1004.5
2023-07-08 15:00:00,39.6,19,0.0,20.5,0,1004.9
2023-07-08 16:00:00,39.6,18,0.0,22.9,0,1004.8
2023-07-08 17:00:00,38.7,18,0.0,24.4,0,1004.6
2023-07-08 18:00:00,37.1,21,0.0,24.7,0,1004.6
2023-07-08 19:00:00,35.0,26,0.0,24.0,0,1004.9
2023-07-08 20:00:00,32.8,31,0.0,19.4,0,1005.4
2023-07-08 21:00:00,31.4,36,0.0,16.1,0,1005.9
2023-07-08 22:00:00,29.9,43,0.0,17.3,0,1006.7
2023-07-08 23:00:00,28.1,55,0.0,17.3,0,1007.1
2023-07-09 00:00:00,26.9,61,0.0,12.7,0,1006.9
2023-07-09 01:00:00,26.2,66,0.0,11.0,0,1006.9
2023-07-09 02:00:00,25.6,69,0.0,10.9,0,1006.6
2023-07-09 03:00:00,24.9,73,0.0,10.2,0,1006.2
2023-07-09 04:00:00,24.3,76,0.0,8.7,0,1006.3
2023-07-09 05:00:00,23.8,79,0.0,8.2,0,1006.3
2023-07-09 06:00:00,23.4,82,0.0,8.0,0,1006.3
2023-07-09 07:00:00,24.4,77,0.0,9.5,0,1006.8
2023-07-09 08:00:00,26.4,68,0.0,13.0,0,1006.9
2023-07-09 09:00:00,28.5,60,0.0,15.3,0,1006.8
2023-07-09 10:00:00,30.8,50,0.0,13.1,0,1006.5
2023-07-09 11:00:00,33.3,41,0.0,14.4,0,1006.3
2023-07-09 12:00:00,35.4,34,0.0,16.6,0,1005.9
2023-07-09 13:00:00,37.0,29,0.0,18.4,0,1005.4
2023-07-09 14:00:00,38.1,25,0.0,19.9,0,1004.7
2023-07-09 15:00:00,36.8,30,0.0,19.3,0,1005.2
2023-07-09 16:00:00,37.0,28,0.0,21.1,0,1004.8
2023-07-09 17:00:00,36.4,27,0.0,21.9,0,1004.4
2023-07-09 18:00:00,35.4,26,0.0,21.9,0,1004.3
2023-07-09 19:00:00,33.6,27,0.0,22.5,0,1004.7
2023-07-09 20:00:00,31.4,32,0.0,18.4,0,1005.0
2023-07-09 21:00:00,29.9,38,0.0,16.9,0,1005.4
2023-07-09 22:00:00,28.4,44,0.0,17.2,0,1006.1
2023-07-09 23:00:00,26.8,55,0.0,17.1,0,1006.6
2023-07-10 00:00:00,25.6,64,0.0,14.6,0,1006.8
2023-07-10 01:00:00,24.7,70,0.0,11.2,4,1006.8
2023-07-10 02:00:00,24.2,75,0.0,9.9,26,1006.3
2023-07-10 03:00:00,23.9,77,0.0,8.9,9,1006.4
2023-07-10 04:00:00,23.5,80,0.0,9.3,11,1006.2
2023-07-10 05:00:00,23.0,83,0.0,7.8,8,1006.1
2023-07-10 06:00:00,22.5,86,0.0,6.5,0,1006.1
2023-07-10 07:00:00,23.3,82,0.0,8.7,0,1006.4
2023-07-10 08:00:00,25.1,74,0.0,10.2,0,1006.7
2023-07-10 09:00:00,27.3,61,0.0,9.3,0,1006.3
2023-07-10 10:00:00,29.8,48,0.0,8.4,0,1006.1
2023-07-10 11:00:00,32.2,38,0.0,8.1,0,1005.7
2023-07-10 12:00:00,34.6,30,0.0,8.2,0,1005.3
2023-07-10 13:00:00,36.6,25,0.0,10.0,0,1004.8
2023-07-10 14:00:00,38.0,22,0.0,12.4,0,1003.8
2023-07-10 15:00:00,36.6,24,0.0,11.2,0,1004.7
2023-07-10 16:00:00,37.3,24,0.0,12.8,0,1004.2
2023-07-10 17:00:00,37.2,25,0.0,13.1,0,1003.5
2023-07-10 18:00:00,36.9,24,0.0,12.3,0,1003.2
2023-07-10 19:00:00,36.4,23,0.0,14.1,0,1003.2
2023-07-10 20:00:00,34.1,26,0.0,20.3,0,1003.6
2023-07-10 21:00:00,31.7,32,0.0,24.2,0,1004.5
2023-07-10 22:00:00,30.1,37,0.0,21.4,0,1005.7
2023-07-10 23:00:00,28.7,43,0.0,16.8,0,1006.2
2023-07-11 00:00:00,27.4,52,0.0,13.7,0,1006.5
2023-07-11 01:00:00,26.3,62,0.0,11.2,0,1006.5
2023-07-11 02:00:00,25.5,70,0.0,8.7,0,1006.3
2023-07-11 03:00:00,25.2,75,0.0,8.4,7,1006.2
2023-07-11 04:00:00,25.5,78,0.0,11.7,100,1006.2
2023-07-11 05:00:00,25.6,77,0.0,10.1,100,1006.2
2023-07-11 06:00:00,25.6,76,0.0,8.6,92,1006.2
2023-07-11 07:00:00,25.8,74,0.0,8.8,92,1006.6
2023-07-11 08:00:00,27.1,67,0.0,9.9,19,1006.9
2023-07-11 09:00:00,29.1,57,0.0,9.8,14,1007.1
2023-07-11 10:00:00,31.1,49,0.0,10.2,11,1007.1
2023-07-11 11:00:00,33.6,36,0.0,11.1,0,1006.9
2023-07-11 12:00:00,35.5,26,0.0,14.9,0,1006.7
2023-07-11 13:00:00,36.5,25,0.0,16.8,0,1006.6
2023-07-11 14:00:00,37.3,23,0.0,16.8,0,1006.0
2023-07-11 15:00:00,37.0,25,0.0,15.5,0,1006.1
2023-07-11 16:00:00,37.8,24,0.0,15.3,3,1005.6
2023-07-11 17:00:00,38.3,23,0.0,14.7,18,1004.8
2023-07-11 18:00:00,38.4,21,0.0,18.3,51,1004.6
2023-07-11 19:00:00,35.1,26,0.0,26.1,13,1005.6
2023-07-11 20:00:00,33.8,27,0.0,21.9,0,1006.2
2023-07-11 21:00:00,32.4,29,0.0,22.4,0,1007.2
2023-07-11 22:00:00,31.3,32,0.0,21.9,0,1007.9
2023-07-11 23:00:00,30.2,35,0.0,19.6,0,1008.1
2023-07-12 00:00:00,29.0,39,0.0,17.3,0,1008.3
2023-07-12 01:00:00,27.9,43,0.0,14.9,0,1008.2
2023-07-12 02:00:00,26.9,47,0.0,12.9,0,1008.2
2023-07-12 03:00:00,25.7,53,0.0,10.7,0,1008.4
2023-07-12 04:00:00,24.9,60,0.0,9.5,0,1008.5
2023-07-12 05:00:00,24.1,68,0.0,9.4,0,1008.4
2023-07-12 06:00:00,23.5,76,0.0,9.4,0,1008.8
2023-07-12 07:00:00,24.2,78,0.0,11.4,0,1009.2
2023-07-12 08:00:00,25.9,75,0.0,12.2,3,1009.5
2023-07-12 09:00:00,28.1,65,0.0,14.1,10,1009.7
2023-07-12 10:00:00,30.8,48,0.0,15.0,1,1009.5
2023-07-12 11:00:00,33.3,34,0.0,17.7,0,1009.4
2023-07-12 12:00:00,35.2,27,0.0,17.9,0,1009.0
2023-07-12 13:00:00,36.9,23,0.0,16.4,0,1008.6
2023-07-12 14:00:00,38.2,20,0.0,14.7,0,1007.8
2023-07-12 15:00:00,38.2,20,0.0,14.5,0,1007.8
2023-07-12 16:00:00,38.7,19,0.0,14.5,0,1007.2
2023-07-12 17:00:00,38.5,18,0.0,16.0,0,1006.9
2023-07-12 18:00:00,37.4,19,0.0,18.9,0,1006.9
2023-07-12 19:00:00,35.7,20,0.0,20.7,0,1007.0
2023-07-12 20:00:00,33.6,24,0.0,20.0,0,1007.6
2023-07-12 21:00:00,32.0,26,0.0,20.9,0,1008.5
2023-07-12 22:00:00,30.6,29,0.0,19.8,0,1009.3
2023-07-12 23:00:00,29.2,32,0.0,16.6,0,1009.6
2023-07-13 00:00:00,27.9,37,0.0,15.0,0,1009.8
2023-07-13 01:00:00,26.5,44,0.0,13.1,0,1009.8
2023-07-13 02:00:00,25.1,55,0.0,11.2,0,1009.6
2023-07-13 03:00:00,24.3,60,0.0,10.1,0,1009.1
2023-07-13 04:00:00,23.6,68,0.0,9.0,0,1009.2
2023-07-13 05:00:00,22.9,77,0.0,7.6,0,1009.2
2023-07-13 06:00:00,22.3,83,0.0,5.8,0,1009.3
2023-07-13 07:00:00,23.3,81,0.0,6.9,0,1009.4
2023-07-13 08:00:00,25.3,74,0.0,8.1,0,1009.7
2023-07-13 09:00:00,27.8,62,0.0,9.8,0,1009.8
2023-07-13 10:00:00,30.6,47,0.0,9.4,0,1009.7
2023-07-13 11:00:00,33.5,34,0.0,9.0,0,1009.5
2023-07-13 12:00:00,36.1,25,0.0,9.4,0,1009.0
2023-07-13 13:00:00,38.1,20,0.0,9.3,0,1008.3
2023-07-13 14:00:00,39.6,17,0.0,8.9,0,1007.4
2023-07-13 15:00:00,39.1,18,0.0,11.8,0,1007.1
2023-07-13 16:00:00,40.1,15,0.0,12.9,0,1006.5
2023-07-13 17:00:00,40.3,14,0.0,13.0,0,1005.9
2023-07-13 18:00:00,39.9,15,0.0,14.3,0,1005.4
2023-07-13 19:00:00,38.2,20,0.0,18.8,0,1005.4
2023-07-13 20:00:00,35.7,23,0.0,20.7,0,1005.8
2023-07-13 21:00:00,33.9,24,0.0,22.3,0,1006.5
2023-07-13 22:00:00,31.9,28,0.0,20.4,0,1007.5
2023-07-13 23:00:00,30.3,33,0.0,18.1,0,1007.8
2023-07-14 00:00:00,28.9,38,0.0,15.0,0,1008.0
2023-07-14 01:00:00,27.5,43,0.0,11.5,0,1007.8
2023-07-14 02:00:00,26.3,48,0.0,9.4,0,1007.6
2023-07-14 03:00:00,24.9,54,0.0,7.8,0,1007.7
2023-07-14 04:00:00,24.0,61,0.0,6.6,0,1007.4
2023-07-14 05:00:00,23.2,66,0.0,6.6,0,1007.1
2023-07-14 06:00:00,22.5,72,0.0,6.6,0,1007.2
2023-07-14 07:00:00,23.4,69,0.0,8.2,0,1007.4
2023-07-14 08:00:00,25.6,61,0.0,9.7,0,1007.4
2023-07-14 09:00:00,28.5,49,0.0,9.8,0,1007.6
2023-07-14 10:00:00,31.8,35,0.0,10.4,0,1007.4
2023-07-14 11:00:00,35.0,24,0.0,11.6,0,1007.1
2023-07-14 12:00:00,37.5,17,0.0,11.9,0,1006.6
2023-07-14 13:00:00,39.5,13,0.0,11.9,0,1005.6
2023-07-14 14:00:00,41.0,11,0.0,12.6,0,1004.7
2023-07-14 15:00:00,40.2,14,0.0,13.2,0,1004.7
2023-07-14 16:00:00,40.9,14,0.0,13.1,0,1004.1
2023-07-14 17:00:00,41.1,13,0.0,13.8,0,1003.6
2023-07-14 18:00:00,40.6,14,0.0,15.2,0,1003.2
2023-07-14 19:00:00,39.6,15,0.0,16.2,21,1003.1
2023-07-14 20:00:00,37.6,17,0.0,15.7,97,1003.6
2023-07-14 21:00:00,35.8,19,0.0,16.7,96,1004.5
2023-07-14 22:00:00,34.0,21,0.0,16.1,76,1005.3
2023-07-14 23:00:00,31.9,26,0.0,14.0,67,1006.0
2023-07-15 00:00:00,29.9,33,0.0,12.3,75,1006.1
2023-07-15 01:00:00,28.2,42,0.0,11.7,41,1005.9
2023-07-15 02:00:00,26.8,49,0.0,10.2,32,1005.8
2023-07-15 03:00:00,25.7,53,0.0,8.4,0,1005.9
2023-07-15 04:00:00,24.8,58,0.0,8.3,0,1005.7
2023-07-15 05:00:00,23.8,64,0.0,7.5,2,1005.6
2023-07-15 06:00:00,23.0,71,0.0,8.1,12,1005.4
2023-07-15 07:00:00,23.6,73,0.0,8.4,3,1005.9
2023-07-15 08:00:00,25.7,67,0.0,6.8,3,1006.2
2023-07-15 09:00:00,28.2,54,0.0,5.7,0,1006.1
2023-07-15 10:00:00,31.6,38,0.0,5.8,0,1005.8
2023-07-15 11:00:00,35.0,25,0.0,6.8,0,1005.5
2023-07-15 12:00:00,37.9,17,0.0,7.6,0,1005.1
2023-07-15 13:00:00,40.1,13,0.0,8.6,0,1004.5
2023-07-15 14:00:00,41.5,11,0.0,9.6,0,1003.8
2023-07-15 15:00:00,40.4,12,0.0,9.9,0,1003.9
2023-07-15 16:00:00,40.9,10,0.0,11.0,0,1003.4
2023-07-15 17:00:00,40.8,10,0.0,10.8,0,1002.8
2023-07-15 18:00:00,40.4,10,0.0,10.7,0,1002.4
2023-07-15 19:00:00,39.3,10,0.0,10.7,0,1002.5
2023-07-15 20:00:00,36.5,11,0.0,7.0,0,1002.6
2023-07-15 21:00:00,35.1,12,0.0,9.2,0,1003.0
2023-07-15 22:00:00,34.0,19,0.0,16.4,0,1004.0
2023-07-15 23:00:00,32.9,23,0.0,13.0,0,1004.5
2023-07-16 00:00:00,30.8,27,0.0,9.5,0,1004.9
2023-07-16 01:00:00,29.0,33,0.0,8.9,0,1004.8
2023-07-16 02:00:00,27.5,42,0.0,8.1,0,1004.4
2023-07-16 03:00:00,26.2,45,0.0,6.8,0,1004.0
2023-07-16 04:00:00,24.7,54,0.0,6.0,0,1003.9
2023-07-16 05:00:00,23.6,61,0.0,6.4,0,1003.9
2023-07-16 06:00:00,22.9,68,0.0,6.5,0,1004.0
2023-07-16 07:00:00,24.4,67,0.0,7.1,0,1004.5
2023-07-16 08:00:00,26.6,64,0.0,5.4,0,1004.7
2023-07-16 09:00:00,29.6,52,0.0,4.4,0,1004.8
2023-07-16 10:00:00,33.0,38,0.0,5.1,0,1004.5
2023-07-16 11:00:00,36.6,26,0.0,6.8,0,1004.4
2023-07-16 12:00:00,39.6,19,0.0,7.6,0,1003.9
2023-07-16 13:00:00,41.8,13,0.0,6.5,0,1003.2
2023-07-16 14:00:00,43.2,10,0.0,6.1,0,1002.5
2023-07-16 15:00:00,42.8,10,0.0,11.5,0,1002.6
2023-07-16 16:00:00,43.3,10,0.0,10.3,0,1001.9
2023-07-16 17:00:00,43.3,9,0.0,9.5,0,1001.6
2023-07-16 18:00:00,42.9,9,0.0,9.1,0,1001.3
2023-07-16 19:00:00,42.1,9,0.0,9.5,0,1001.2
2023-07-16 20:00:00,39.1,11,0.0,9.0,0,1001.6
2023-07-16 21:00:00,37.7,12,0.0,13.0,0,1002.2
2023-07-16 22:00:00,36.5,15,0.0,16.1,0,1003.3
2023-07-16 23:00:00,34.3,19,0.0,14.4,0,1003.8
2023-07-17 00:00:00,32.1,26,0.0,10.7,0,1004.2
2023-07-17 01:00:00,30.6,31,0.0,9.7,0,1004.2
2023-07-17 02:00:00,29.1,36,0.0,10.4,0,1004.0
2023-07-17 03:00:00,27.9,33,0.0,7.6,0,1003.9
2023-07-17 04:00:00,26.6,41,0.0,5.7,0,1004.0
2023-07-17 05:00:00,25.2,54,0.0,5.8,0,1004.1
2023-07-17 06:00:00,24.1,70,0.0,5.2,0,1004.3
2023-07-17 07:00:00,25.1,76,0.0,7.6,0,1004.6
2023-07-17 08:00:00,27.2,73,0.0,6.0,0,1005.0
2023-07-17 09:00:00,30.4,58,0.0,5.8,0,1005.0
2023-07-17 10:00:00,34.0,42,0.0,5.8,0,1004.9
2023-07-17 11:00:00,37.6,29,0.0,5.5,0,1004.4
2023-07-17 12:00:00,40.8,18,0.0,5.5,0,1004.1
2023-07-17 13:00:00,42.6,12,0.0,5.4,0,1003.7
2023-07-17 14:00:00,43.5,11,0.0,5.9,0,1003.0
2023-07-17 15:00:00,42.4,12,0.0,12.0,0,1003.2
2023-07-17 16:00:00,42.6,12,0.0,13.5,0,1002.8
2023-07-17 17:00:00,42.2,12,0.0,14.6,0,1002.2
2023-07-17 18:00:00,41.5,13,0.0,14.2,0,1001.9
2023-07-17 19:00:00,40.7,14,0.0,13.9,0,1001.5
2023-07-17 20:00:00,38.5,17,0.0,12.7,0,1001.6
2023-07-17 21:00:00,37.4,20,0.0,15.9,0,1002.2
2023-07-17 22:00:00,34.9,28,0.0,17.0,0,1003.6
2023-07-17 23:00:00,33.4,33,0.0,13.6,0,1004.2
2023-07-18 00:00:00,31.6,39,0.0,13.0,0,1004.4
2023-07-18 01:00:00,30.0,45,0.0,12.6,0,1004.3
2023-07-18 02:00:00,28.6,52,0.0,11.8,0,1003.9
2023-07-18 03:00:00,27.3,52,0.0,10.4,0,1003.6
2023-07-18 04:00:00,26.4,57,0.0,8.3,0,1003.7
2023-07-18 05:00:00,25.5,62,0.0,6.5,0,1003.7
2023-07-18 06:00:00,24.5,69,0.0,5.6,0,1003.8
2023-07-18 07:00:00,25.1,72,0.0,6.9,0,1004.0
2023-07-18 08:00:00,26.9,69,0.0,6.9,1,1004.3
2023-07-18 09:00:00,29.4,56,0.0,6.1,0,1004.1
2023-07-18 10:00:00,32.3,43,0.0,5.6,0,1003.8
2023-07-18 11:00:00,35.4,32,0.0,5.9,0,1003.7
2023-07-18 12:00:00,38.0,24,0.0,6.7,0,1003.2
2023-07-18 13:00:00,40.0,18,0.0,9.0,0,1002.6
2023-07-18 14:00:00,41.1,15,0.0,10.9,0,1001.7
2023-07-18 15:00:00,40.4,16,0.0,7.3,0,1001.8
2023-07-18 16:00:00,41.1,14,0.0,9.2,0,1001.2
2023-07-18 17:00:00,41.1,14,0.0,10.6,0,1000.6
2023-07-18 18:00:00,40.5,14,0.0,11.9,0,1000.2
2023-07-18 19:00:00,39.7,14,0.0,9.8,0,1000.2
2023-07-18 20:00:00,36.7,17,0.0,6.7,0,1000.3
2023-07-18 21:00:00,35.5,20,0.0,6.2,0,1001.0
2023-07-18 22:00:00,34.4,26,0.0,23.2,0,1002.4
2023-07-18 23:00:00,32.5,33,0.0,14.7,0,1003.0
2023-07-19 00:00:00,30.9,38,0.0,13.6,0,1003.2
2023-07-19 01:00:00,29.4,45,0.0,12.1,0,1002.9
2023-07-19 02:00:00,28.2,50,0.0,10.9,0,1002.7
2023-07-19 03:00:00,27.1,56,0.0,10.7,0,1002.5
2023-07-19 04:00:00,26.1,65,0.0,8.4,0,1002.5
2023-07-19 05:00:00,25.1,75,0.0,6.4,0,1002.3
2023-07-19 06:00:00,24.1,84,0.0,4.6,0,1002.4
2023-07-19 07:00:00,24.6,85,0.0,6.9,1,1002.7
2023-07-19 08:00:00,26.1,76,0.0,6.7,2,1002.9
2023-07-19 09:00:00,28.4,62,0.0,5.1,0,1002.9
2023-07-19 10:00:00,31.2,50,0.0,4.7,0,1002.7
2023-07-19 11:00:00,34.3,35,0.0,5.2,0,1002.5
2023-07-19 12:00:00,36.9,24,0.0,6.8,0,1002.2
2023-07-19 13:00:00,38.6,18,0.0,9.1,0,1001.8
2023-07-19 14:00:00,39.5,15,0.0,10.9,0,1001.0
2023-07-19 15:00:00,38.5,16,0.0,11.2,0,1001.2
2023-07-19 16:00:00,39.0,14,0.0,10.8,0,1000.8
2023-07-19 17:00:00,39.0,14,0.0,11.9,0,1000.3
2023-07-19 18:00:00,38.3,15,0.0,11.8,0,1000.1
2023-07-19 19:00:00,37.1,16,0.0,9.5,0,1000.4
2023-07-19 20:00:00,35.3,20,0.0,7.0,0,1000.7
2023-07-19 21:00:00,33.3,23,0.0,5.9,0,1001.1
2023-07-19 22:00:00,33.1,25,0.0,13.8,0,1001.9
2023-07-19 23:00:00,30.8,44,0.0,16.0,0,1002.8
2023-07-20 00:00:00,29.9,49,0.0,10.0,0,1003.2
2023-07-20 01:00:00,28.8,53,0.0,7.8,0,1003.2
2023-07-20 02:00:00,27.5,58,0.0,5.7,0,1002.8
2023-07-20 03:00:00,26.3,61,0.0,5.8,0,1002.3
2023-07-20 04:00:00,26.2,60,0.0,4.7,0,1002.1
2023-07-20 05:00:00,24.3,69,0.0,5.3,0,1002.3
2023-07-20 06:00:00,24.1,71,0.0,5.6,0,1002.4
2023-07-20 07:00:00,24.8,70,0.0,4.1,0,1002.7
2023-07-20 08:00:00,27.8,56,0.0,3.5,0,1002.9
2023-07-20 09:00:00,31.0,44,0.0,2.6,0,1003.1
2023-07-20 10:00:00,34.2,32,0.0,3.2,0,1003.2
2023-07-20 11:00:00,36.7,25,0.0,7.0,0,1003.1
2023-07-20 12:00:00,38.6,19,0.0,12.6,0,1003.0
2023-07-20 13:00:00,39.6,15,0.0,16.2,0,1002.9
2023-07-20 14:00:00,40.2,14,0.0,17.7,0,1002.6
2023-07-20 15:00:00,39.3,17,0.0,16.3,0,1003.2
2023-07-20 16:00:00,39.4,17,0.0,15.6,0,1003.0
2023-07-20 17:00:00,39.3,16,0.0,15.3,0,1002.3
2023-07-20 18:00:00,39.0,15,0.0,13.9,0,1001.9
2023-07-20 19:00:00,38.0,15,0.0,14.2,0,1002.0
2023-07-20 20:00:00,36.0,17,0.0,11.2,0,1002.2
2023-07-20 21:00:00,34.0,20,0.0,6.3,0,1002.6
2023-07-20 22:00:00,32.9,22,0.0,8.4,0,1003.6
2023-07-20 23:00:00,31.6,28,0.0,18.7,0,1004.6
2023-07-21 00:00:00,30.1,36,0.0,11.7,0,1004.7
2023-07-21 01:00:00,29.0,41,0.0,8.4,0,1004.6
2023-07-21 02:00:00,28.0,46,0.0,8.0,0,1004.5
2023-07-21 03:00:00,26.4,54,0.0,7.0,0,1004.4
2023-07-21 04:00:00,25.0,60,0.0,5.1,0,1004.5
2023-07-21 05:00:00,24.2,65,0.0,5.9,0,1004.4
2023-07-21 06:00:00,23.5,68,0.0,8.0,0,1004.6
2023-07-21 07:00:00,23.9,67,0.0,10.3,0,1005.3
2023-07-21 08:00:00,26.4,58,0.0,8.8,0,1005.7
2023-07-21 09:00:00,29.3,47,0.0,7.2,0,1006.0
2023-07-21 10:00:00,32.2,33,0.0,5.6,0,1006.1
2023-07-21 11:00:00,34.8,24,0.0,5.2,0,1006.0
2023-07-21 12:00:00,36.9,18,0.0,5.0,0,1005.8
2023-07-21 13:00:00,38.5,15,0.0,5.6,0,1005.3
2023-07-21 14:00:00,39.5,14,0.0,7.8,0,1005.0
2023-07-21 15:00:00,38.4,15,0.0,10.7,0,1005.5
2023-07-21 16:00:00,38.9,14,0.0,10.4,0,1005.1
2023-07-21 17:00:00,38.8,14,0.0,8.9,0,1004.8
2023-07-21 18:00:00,38.8,14,0.0,9.0,0,1004.4
2023-07-21 19:00:00,38.2,14,0.0,10.9,0,1004.4
2023-07-21 20:00:00,36.4,15,0.0,9.3,0,1004.6
2023-07-21 21:00:00,34.9,16,0.0,16.4,0,1005.1
2023-07-21 22:00:00,33.2,27,0.0,18.8,0,1006.7
2023-07-21 23:00:00,31.7,30,0.0,14.1,0,1007.5
2023-07-22 00:00:00,30.2,35,0.0,11.5,0,1007.9
2023-07-22 01:00:00,28.7,43,0.0,8.7,0,1007.8
2023-07-22 02:00:00,27.3,54,0.0,9.8,0,1007.7
2023-07-22 03:00:00,26.2,63,0.0,8.1,0,1007.5
2023-07-22 04:00:00,25.3,71,0.0,5.6,0,1007.6
2023-07-22 05:00:00,24.5,76,0.0,6.2,0,1007.5
2023-07-22 06:00:00,23.7,79,0.0,5.4,0,1007.5
2023-07-22 07:00:00,24.7,74,0.0,6.6,0,1008.1
2023-07-22 08:00:00,27.2,62,0.0,6.6,0,1007.9
2023-07-22 09:00:00,29.9,50,0.0,7.4,0,1007.9
2023-07-22 10:00:00,32.4,42,0.0,7.6,0,1007.7
2023-07-22 11:00:00,35.1,34,0.0,7.7,0,1007.3
2023-07-22 12:00:00,37.7,28,0.0,8.5,0,1007.0
2023-07-22 13:00:00,39.9,23,0.0,9.7,0,1006.3
2023-07-22 14:00:00,41.7,18,0.0,11.2,0,1005.5
2023-07-22 15:00:00,41.1,18,0.0,9.7,0,1005.8
2023-07-22 16:00:00,42.1,15,0.0,12.4,0,1005.3
2023-07-22 17:00:00,42.1,14,0.0,14.3,0,1004.5
2023-07-22 18:00:00,41.6,14,0.0,14.0,0,1004.0
2023-07-22 19:00:00,40.8,14,0.0,13.0,0,1003.9
2023-07-22 20:00:00,38.7,16,0.0,9.6,0,1004.1
2023-07-22 21:00:00,37.4,18,0.0,15.5,0,1004.7
2023-07-22 22:00:00,35.3,28,0.0,17.0,0,1006.1
2023-07-22 23:00:00,33.9,31,0.0,11.2,0,1006.5
2023-07-23 00:00:00,32.2,36,0.0,12.5,0,1006.6
2023-07-23 01:00:00,30.4,48,0.0,14.0,0,1006.5
2023-07-23 02:00:00,29.0,59,0.0,11.9,0,1006.3
2023-07-23 03:00:00,27.4,67,0.0,10.3,0,1005.7
2023-07-23 04:00:00,26.6,73,0.0,9.0,0,1005.8
2023-07-23 05:00:00,25.9,80,0.0,9.0,0,1005.6
2023-07-23 06:00:00,25.3,86,0.0,9.3,0,1005.7
2023-07-23 07:00:00,25.7,85,0.0,9.3,0,1006.1
2023-07-23 08:00:00,27.7,75,0.0,10.6,0,1005.9
2023-07-23 09:00:00,30.4,61,0.0,10.4,0,1006.0
2023-07-23 10:00:00,33.5,47,0.0,8.8,0,1005.8
2023-07-23 11:00:00,36.7,35,0.0,7.6,0,1005.7
2023-07-23 12:00:00,39.7,26,0.0,8.6,0,1005.2
2023-07-23 13:00:00,42.2,18,0.0,10.9,0,1004.6
2023-07-23 14:00:00,43.4,15,0.0,13.0,0,1003.8
2023-07-23 15:00:00,42.8,14,0.0,14.3,0,1004.0
2023-07-23 16:00:00,43.4,13,0.0,14.2,0,1003.5
2023-07-23 17:00:00,43.3,13,0.0,15.9,0,1002.7
2023-07-23 18:00:00,42.7,12,0.0,18.4,0,1002.4
2023-07-23 19:00:00,41.3,11,0.0,20.0,0,1002.6
2023-07-23 20:00:00,39.2,12,0.0,17.7,0,1003.1
2023-07-23 21:00:00,37.1,15,0.0,21.6,0,1004.0
2023-07-23 22:00:00,35.0,17,0.0,16.2,0,1004.5
2023-07-23 23:00:00,32.9,24,0.0,11.4,0,1004.8
2023-07-24 00:00:00,31.3,33,0.0,8.4,0,1004.9
2023-07-24 01:00:00,30.0,41,0.0,6.9,0,1004.7
2023-07-24 02:00:00,28.9,51,0.0,7.5,0,1004.5
2023-07-24 03:00:00,28.0,56,0.0,7.8,0,1004.2
2023-07-24 04:00:00,27.2,65,0.0,7.6,0,1004.2
2023-07-24 05:00:00,26.0,73,0.0,5.2,0,1004.0
2023-07-24 06:00:00,24.9,79,0.0,5.5,0,1004.0
2023-07-24 07:00:00,26.1,74,0.0,8.2,0,1004.1
2023-07-24 08:00:00,28.6,62,0.0,8.5,0,1004.2
2023-07-24 09:00:00,31.2,51,0.0,8.4,0,1004.0
2023-07-24 10:00:00,34.2,39,0.0,8.2,0,1003.7
2023-07-24 11:00:00,37.1,29,0.0,6.4,0,1003.3
2023-07-24 12:00:00,39.7,21,0.0,7.5,0,1002.8
2023-07-24 13:00:00,41.6,16,0.0,9.4,0,1002.0
2023-07-24 14:00:00,42.9,14,0.0,10.2,0,1001.0
2023-07-24 15:00:00,41.3,15,0.0,8.1,0,1001.2
2023-07-24 16:00:00,42.4,13,0.0,8.5,0,1000.5
2023-07-24 17:00:00,43.0,11,0.0,10.5,0,999.5
2023-07-24 18:00:00,42.6,11,0.0,13.7,0,999.1
2023-07-24 19:00:00,41.8,13,0.0,10.8,0,998.9
2023-07-24 20:00:00,39.5,16,0.0,17.6,0,999.3
2023-07-24 21:00:00,37.5,21,0.0,21.3,0,1000.0
2023-07-24 22:00:00,34.3,37,0.0,22.6,0,1000.9
2023-07-24 23:00:00,32.2,42,0.0,18.1,0,1001.4
2023-07-25 00:00:00,30.7,46,0.0,11.3,0,1001.9
2023-07-25 01:00:00,29.5,53,0.0,10.4,0,1001.7
2023-07-25 02:00:00,28.5,59,0.0,10.7,0,1001.5
2023-07-25 03:00:00,27.5,64,0.0,9.2,0,1000.8
2023-07-25 04:00:00,26.5,70,0.0,7.1,0,1000.9
2023-07-25 05:00:00,25.6,75,0.0,5.4,0,1000.9
2023-07-25 06:00:00,24.9,78,0.0,5.4,0,1001.1
2023-07-25 07:00:00,26.0,73,0.0,7.0,0,1001.4
2023-07-25 08:00:00,27.9,65,0.0,7.9,0,1001.7
2023-07-25 09:00:00,30.2,56,0.0,8.4,0,1001.8
2023-07-25 10:00:00,32.8,45,0.0,6.9,0,1001.5
2023-07-25 11:00:00,35.8,32,0.0,6.4,0,1001.2
2023-07-25 12:00:00,38.3,24,0.0,7.1,0,1000.7
2023-07-25 13:00:00,40.1,19,0.0,7.1,0,1000.2
2023-07-25 14:00:00,41.4,16,0.0,7.3,0,999.5
2023-07-25 15:00:00,40.1,19,0.0,9.2,0,1000.0
2023-07-25 16:00:00,41.0,16,0.0,10.8,0,999.4
2023-07-25 17:00:00,41.1,15,0.0,12.4,0,998.7
2023-07-25 18:00:00,40.6,15,0.0,12.0,0,998.4
2023-07-25 19:00:00,39.8,15,0.0,10.4,0,998.3
2023-07-25 20:00:00,37.6,18,0.0,6.9,0,998.7
2023-07-25 21:00:00,36.5,18,0.0,15.5,0,999.5
2023-07-25 22:00:00,35.1,20,0.0,16.3,0,1000.5
2023-07-25 23:00:00,33.7,24,0.0,14.2,0,1001.0
2023-07-26 00:00:00,32.1,30,0.0,12.6,0,1001.4
2023-07-26 01:00:00,30.3,43,0.0,11.7,0,1001.3
2023-07-26 02:00:00,28.8,59,0.0,10.4,0,1001.3
2023-07-26 03:00:00,27.5,76,0.0,11.4,0,1001.4
2023-07-26 04:00:00,26.6,83,0.0,9.4,0,1001.3
2023-07-26 05:00:00,25.8,89,0.0,8.5,0,1001.5
2023-07-26 06:00:00,25.0,93,0.0,7.1,0,1001.7
2023-07-26 07:00:00,25.6,91,0.0,8.7,4,1002.5
2023-07-26 08:00:00,27.4,81,0.0,8.0,9,1003.0
2023-07-26 09:00:00,29.9,66,0.0,7.6,1,1003.2
2023-07-26 10:00:00,33.0,50,0.0,8.0,0,1003.1
2023-07-26 11:00:00,36.2,35,0.0,8.2,0,1002.7
2023-07-26 12:00:00,39.0,23,0.0,7.7,0,1002.6
2023-07-26 13:00:00,40.9,17,0.0,5.4,0,1001.9
2023-07-26 14:00:00,42.2,14,0.0,4.2,0,1001.3
2023-07-26 15:00:00,41.9,17,0.0,11.9,0,1001.2
2023-07-26 16:00:00,42.6,15,0.0,10.4,0,1000.8
2023-07-26 17:00:00,42.7,14,0.0,8.3,0,1000.3
2023-07-26 18:00:00,42.4,14,0.0,8.0,0,999.9
2023-07-26 19:00:00,41.6,14,0.0,7.8,0,1000.3
2023-07-26 20:00:00,39.3,16,0.0,6.4,0,1000.7
2023-07-26 21:00:00,38.3,17,0.0,3.0,0,1001.3
2023-07-26 22:00:00,35.5,22,0.0,25.3,0,1002.8
2023-07-26 23:00:00,33.8,24,0.0,17.6,0,1003.5
2023-07-27 00:00:00,32.6,27,0.0,14.9,0,1003.7
2023-07-27 01:00:00,31.3,31,0.0,13.0,0,1003.8
2023-07-27 02:00:00,30.1,37,0.0,10.2,0,1003.7
2023-07-27 03:00:00,29.4,38,0.0,9.0,0,1003.4
2023-07-27 04:00:00,28.7,43,0.0,8.4,0,1003.4
2023-07-27 05:00:00,27.9,49,0.0,8.0,0,1003.3
2023-07-27 06:00:00,27.1,54,0.0,8.0,0,1003.4
2023-07-27 07:00:00,27.5,54,0.0,9.4,0,1003.8
2023-07-27 08:00:00,30.0,48,0.0,8.7,0,1004.1
2023-07-27 09:00:00,33.1,37,0.0,8.7,0,1004.4
2023-07-27 10:00:00,36.4,25,0.0,7.4,0,1004.6
2023-07-27 11:00:00,39.1,19,0.0,5.7,0,1004.4
2023-07-27 12:00:00,41.1,15,0.0,5.0,0,1004.0
2023-07-27 13:00:00,42.6,13,0.0,6.1,0,1003.5
2023-07-27 14:00:00,43.6,12,0.0,10.5,0,1002.9
2023-07-27 15:00:00,42.0,12,0.0,13.0,0,1003.7
2023-07-27 16:00:00,42.0,12,0.0,12.9,0,1003.4
2023-07-27 17:00:00,41.7,13,0.0,13.0,0,1002.9
2023-07-27 18:00:00,41.3,13,0.0,13.3,0,1002.7
2023-07-27 19:00:00,39.4,14,0.0,13.0,0,1002.9
2023-07-27 20:00:00,37.8,16,0.0,8.3,0,1003.0
2023-07-27 21:00:00,35.4,18,0.0,6.4,0,1003.6
2023-07-27 22:00:00,34.9,18,0.0,8.0,0,1004.0
2023-07-27 23:00:00,33.8,21,0.0,19.0,0,1004.3
2023-07-28 00:00:00,31.8,32,0.0,11.7,0,1004.7
2023-07-28 01:00:00,30.5,36,0.0,7.8,0,1004.5
2023-07-28 02:00:00,29.2,39,0.0,5.8,0,1004.5
2023-07-28 03:00:00,27.5,46,0.0,5.0,0,1004.4
2023-07-28 04:00:00,26.1,52,0.0,5.9,0,1004.7
2023-07-28 05:00:00,26.1,52,0.0,8.7,0,1004.8
2023-07-28 06:00:00,25.0,54,0.0,7.7,0,1005.2
2023-07-28 07:00:00,25.2,56,0.0,7.5,0,1005.7
2023-07-28 08:00:00,27.7,53,0.0,5.8,0,1005.9
2023-07-28 09:00:00,30.6,45,0.0,5.5,0,1006.2
2023-07-28 10:00:00,33.6,34,0.0,5.4,0,1006.2
2023-07-28 11:00:00,36.5,26,0.0,5.9,0,1006.1
2023-07-28 12:00:00,38.9,21,0.0,6.4,0,1005.6
2023-07-28 13:00:00,40.9,19,0.0,7.3,0,1004.9
2023-07-28 14:00:00,42.5,15,0.0,8.6,0,1004.2
2023-07-28 15:00:00,41.8,15,0.0,11.1,0,1004.3
2023-07-28 16:00:00,42.4,14,0.0,11.8,0,1003.8
2023-07-28 17:00:00,42.2,15,0.0,13.0,0,1003.3
2023-07-28 18:00:00,41.6,15,0.0,12.4,0,1003.1
2023-07-28 19:00:00,40.3,19,0.0,14.3,0,1003.2
2023-07-28 20:00:00,38.6,27,0.0,20.1,1,1003.5
2023-07-28 21:00:00,35.2,36,0.0,21.2,2,1004.7
2023-07-28 22:00:00,33.0,40,0.0,17.7,1,1006.0
2023-07-28 23:00:00,31.7,41,0.0,16.0,0,1006.3
2023-07-29 00:00:00,30.4,44,0.0,12.6,0,1006.6
2023-07-29 01:00:00,29.1,49,0.0,13.4,0,1006.4
2023-07-29 02:00:00,27.5,61,0.0,13.7,0,1006.2
2023-07-29 03:00:00,25.8,76,0.0,12.5,0,1006.0
2023-07-29 04:00:00,25.1,82,0.0,10.7,5,1005.9
2023-07-29 05:00:00,24.6,85,0.0,9.8,12,1005.8
2023-07-29 06:00:00,24.1,87,0.0,8.2,30,1005.9
2023-07-29 07:00:00,24.4,84,0.0,10.0,34,1006.2
2023-07-29 08:00:00,25.8,75,0.0,11.0,31,1006.4
2023-07-29 09:00:00,27.7,64,0.0,11.7,2,1006.5
2023-07-29 10:00:00,30.3,49,0.0,12.4,0,1006.4
2023-07-29 11:00:00,33.2,36,0.0,13.3,0,1006.2
2023-07-29 12:00:00,35.6,28,0.0,14.8,0,1005.6
2023-07-29 13:00:00,37.4,25,0.0,15.6,0,1004.9
2023-07-29 14:00:00,38.9,20,0.0,17.3,0,1004.0
2023-07-29 15:00:00,37.8,22,0.0,16.0,0,1004.3
2023-07-29 16:00:00,38.5,19,0.0,16.8,0,1003.9
2023-07-29 17:00:00,38.4,18,0.0,18.0,0,1003.4
2023-07-29 18:00:00,37.3,19,0.0,18.7,0,1003.3
2023-07-29 19:00:00,35.5,22,0.0,19.7,0,1003.6
2023-07-29 20:00:00,33.6,26,0.0,17.6,0,1003.8
2023-07-29 21:00:00,31.9,31,0.0,18.9,0,1004.8
2023-07-29 22:00:00,30.2,35,0.0,18.5,0,1005.6
2023-07-29 23:00:00,28.5,42,0.0,15.8,0,1005.8
2023-07-30 00:00:00,27.0,50,0.0,11.8,0,1005.9
2023-07-30 01:00:00,25.9,58,0.0,8.9,0,1005.6
2023-07-30 02:00:00,25.1,64,0.0,6.8,0,1005.3
2023-07-30 03:00:00,23.8,68,0.0,5.7,0,1004.8
2023-07-30 04:00:00,23.2,72,0.0,6.3,0,1004.6
2023-07-30 05:00:00,22.8,76,0.0,6.2,0,1004.4
2023-07-30 06:00:00,22.4,79,0.0,6.7,0,1004.2
2023-07-30 07:00:00,23.8,74,0.0,7.4,0,1004.6
2023-07-30 08:00:00,25.8,71,0.0,8.9,0,1004.9
2023-07-30 09:00:00,28.2,61,0.0,12.2,0,1004.9
2023-07-30 10:00:00,30.6,48,0.0,12.0,0,1004.6
2023-07-30 11:00:00,33.2,36,0.0,12.3,0,1004.3
2023-07-30 12:00:00,35.5,28,0.0,13.9,0,1003.9
2023-07-30 13:00:00,37.0,24,0.0,15.3,0,1003.0
2023-07-30 14:00:00,37.7,26,0.0,17.2,0,1002.2
2023-07-30 15:00:00,36.6,29,0.0,15.8,0,1002.5
2023-07-30 16:00:00,37.6,24,0.0,14.8,0,1002.1
2023-07-30 17:00:00,37.9,22,0.0,15.8,0,1001.4
2023-07-30 18:00:00,37.0,23,0.0,17.8,0,1001.2
2023-07-30 19:00:00,35.5,25,0.0,18.4,0,1001.4
2023-07-30 20:00:00,33.7,29,0.0,16.9,0,1001.7
2023-07-30 21:00:00,32.1,33,0.0,18.6,0,1002.3
2023-07-30 22:00:00,30.6,39,0.0,16.6,0,1003.2
2023-07-30 23:00:00,29.1,47,0.0,14.7,0,1003.4
2023-07-31 00:00:00,27.8,54,0.0,12.1,0,1003.4
2023-07-31 01:00:00,26.6,60,0.0,9.0,0,1003.1
2023-07-31 02:00:00,25.6,65,0.0,7.2,0,1002.6
2023-07-31 03:00:00,24.7,71,0.0,5.5,0,1002.3
2023-07-31 04:00:00,23.7,76,0.0,5.6,0,1002.3
2023-07-31 05:00:00,23.5,78,0.0,6.4,0,1002.2
2023-07-31 06:00:00,22.8,81,0.0,6.5,0,1002.4
2023-07-31 07:00:00,23.8,77,0.0,4.8,0,1002.6
2023-07-31 08:00:00,25.8,67,0.0,4.1,0,1002.7
2023-07-31 09:00:00,28.0,59,0.0,6.0,0,1002.9
2023-07-31 10:00:00,30.1,51,0.0,6.8,0,1003.0
2023-07-31 11:00:00,32.3,43,0.0,7.3,0,1002.8
2023-07-31 12:00:00,34.5,36,0.0,8.5,0,1002.3
2023-07-31 13:00:00,36.3,30,0.0,10.6,0,1002.0
2023-07-31 14:00:00,37.7,25,0.0,12.1,0,1001.4
2023-07-31 15:00:00,37.2,25,0.0,11.1,0,1001.7
2023-07-31 16:00:00,37.9,23,0.0,11.4,0,1001.1
2023-07-31 17:00:00,37.9,22,0.0,12.8,0,1000.6
2023-07-31 18:00:00,37.5,23,0.0,12.6,0,1000.4
2023-07-31 19:00:00,36.6,23,0.0,12.2,0,1000.7
2023-07-31 20:00:00,35.1,25,0.0,10.2,0,1001.0
2023-07-31 21:00:00,33.8,29,0.0,17.9,0,1001.9
2023-07-31 22:00:00,31.7,38,0.0,15.8,0,1003.2
2023-07-31 23:00:00,30.0,46,0.0,13.4,0,1003.7
2023-08-01 00:00:00,28.8,50,0.0,10.0,0,1003.9
2023-08-01 01:00:00,27.5,55,0.0,8.2,0,1003.5
2023-08-01 02:00:00,26.3,61,0.0,7.6,0,1003.4
2023-08-01 03:00:00,25.4,66,0.0,7.0,0,1002.8
2023-08-01 04:00:00,24.6,71,0.0,5.2,0,1002.6
2023-08-01 05:00:00,23.9,76,0.0,5.0,0,1002.7
2023-08-01 06:00:00,23.1,81,0.0,4.9,0,1002.9
2023-08-01 07:00:00,24.0,78,0.0,6.4,0,1003.3
2023-08-01 08:00:00,26.2,68,0.0,5.4,0,1003.7
2023-08-01 09:00:00,28.5,57,0.0,4.3,0,1004.0
2023-08-01 10:00:00,31.4,42,0.0,3.3,0,1004.3
2023-08-01 11:00:00,34.4,30,0.0,2.7,0,1004.3
2023-08-01 12:00:00,36.8,22,0.0,5.5,0,1004.2
2023-08-01 13:00:00,38.5,17,0.0,10.9,0,1003.8
2023-08-01 14:00:00,39.1,16,0.0,15.5,0,1003.3
2023-08-01 15:00:00,38.4,18,0.0,14.1,0,1003.2
2023-08-01 16:00:00,38.5,18,0.0,13.0,0,1002.8
2023-08-01 17:00:00,38.3,18,0.0,13.0,0,1002.4
2023-08-01 18:00:00,37.6,19,0.0,12.5,0,1002.3
2023-08-01 19:00:00,36.5,20,0.0,9.0,0,1002.8
2023-08-01 20:00:00,34.9,22,0.0,7.1,0,1003.0
2023-08-01 21:00:00,33.8,23,0.0,8.1,0,1003.6
2023-08-01 22:00:00,32.8,25,0.0,8.0,0,1004.0
2023-08-01 23:00:00,30.3,37,0.0,18.9,0,1005.0
2023-08-02 00:00:00,29.2,42,0.0,10.5,0,1005.5
2023-08-02 01:00:00,28.4,45,0.0,8.5,0,1005.5
2023-08-02 02:00:00,27.6,48,0.0,7.2,0,1005.6
2023-08-02 03:00:00,27.0,50,0.0,7.0,0,1005.4
2023-08-02 04:00:00,26.3,54,0.0,5.2,0,1005.3
2023-08-02 05:00:00,25.0,60,0.0,6.4,0,1005.3
2023-08-02 06:00:00,24.9,62,0.0,6.3,0,1005.4
2023-08-02 07:00:00,25.5,61,0.0,4.0,0,1005.8
2023-08-02 08:00:00,28.4,51,0.0,6.4,0,1006.0
2023-08-02 09:00:00,31.4,38,0.0,7.2,0,1006.4
2023-08-02 10:00:00,34.1,28,0.0,6.5,0,1006.3
2023-08-02 11:00:00,36.4,23,0.0,5.0,0,1006.3
2023-08-02 12:00:00,38.1,19,0.0,6.2,0,1006.0
2023-08-02 13:00:00,39.4,17,0.0,11.5,0,1005.6
2023-08-02 14:00:00,39.8,16,0.0,15.5,0,1005.2
2023-08-02 15:00:00,39.2,18,0.0,14.4,0,1005.7
2023-08-02 16:00:00,39.0,19,0.0,15.5,0,1005.5
2023-08-02 17:00:00,38.4,19,0.0,13.9,0,1005.2
2023-08-02 18:00:00,37.9,18,0.0,13.3,0,1005.2
2023-08-02 19:00:00,36.8,17,0.0,10.7,0,1005.2
2023-08-02 20:00:00,35.1,17,0.0,7.9,0,1005.5
2023-08-02 21:00:00,33.6,19,0.0,13.6,0,1006.3
2023-08-02 22:00:00,31.2,35,0.0,14.9,0,1007.5
2023-08-02 23:00:00,30.0,41,0.0,14.6,0,1007.9
2023-08-03 00:00:00,28.7,46,0.0,11.5,0,1008.1
2023-08-03 01:00:00,27.6,52,0.0,10.7,0,1008.2
2023-08-03 02:00:00,26.5,59,0.0,9.0,0,1008.2
2023-08-03 03:00:00,25.3,64,0.0,5.9,0,1007.7
2023-08-03 04:00:00,24.7,68,0.0,5.9,0,1007.3
2023-08-03 05:00:00,23.6,75,0.0,5.2,0,1007.2
2023-08-03 06:00:00,22.7,82,0.0,5.8,0,1007.3
2023-08-03 07:00:00,23.8,78,0.0,5.8,0,1007.7
2023-08-03 08:00:00,26.1,67,0.0,5.5,0,1008.0
2023-08-03 09:00:00,28.5,56,0.0,6.0,0,1008.2
2023-08-03 10:00:00,31.4,42,0.0,6.2,0,1008.3
2023-08-03 11:00:00,34.1,32,0.0,5.9,0,1008.1
2023-08-03 12:00:00,36.5,24,0.0,6.1,0,1007.7
2023-08-03 13:00:00,38.3,18,0.0,7.3,0,1007.0
2023-08-03 14:00:00,39.5,16,0.0,9.3,0,1006.5
2023-08-03 15:00:00,38.0,19,0.0,9.7,0,1007.1
2023-08-03 16:00:00,38.6,18,0.0,10.2,0,1006.6
2023-08-03 17:00:00,38.5,18,0.0,10.8,0,1006.0
2023-08-03 18:00:00,38.0,17,0.0,10.8,0,1006.0
2023-08-03 19:00:00,37.2,18,0.0,9.8,0,1006.0
2023-08-03 20:00:00,35.1,21,0.0,5.4,0,1006.0
2023-08-03 21:00:00,34.2,23,0.0,8.3,0,1006.5
2023-08-03 22:00:00,32.3,30,0.0,20.2,0,1007.7
2023-08-03 23:00:00,30.6,37,0.0,15.3,0,1008.3
2023-08-04 00:00:00,29.4,42,0.0,11.2,0,1008.3
2023-08-04 01:00:00,28.2,47,0.0,9.9,0,1008.3
2023-08-04 02:00:00,27.0,53,0.0,10.0,0,1008.2
2023-08-04 03:00:00,25.8,58,0.0,10.2,0,1008.0
2023-08-04 04:00:00,25.0,64,0.0,8.9,0,1008.1
2023-08-04 05:00:00,24.1,70,0.0,7.9,0,1008.0
2023-08-04 06:00:00,23.2,77,0.0,6.0,0,1008.1
2023-08-04 07:00:00,23.6,77,0.0,6.9,0,1008.3
2023-08-04 08:00:00,25.6,71,0.0,6.3,0,1008.5
2023-08-04 09:00:00,27.8,61,0.0,5.8,0,1008.5
2023-08-04 10:00:00,30.6,45,0.0,5.1,0,1008.4
2023-08-04 11:00:00,33.4,33,0.0,5.0,0,1008.2
2023-08-04 12:00:00,35.8,25,0.0,5.9,0,1007.7
2023-08-04 13:00:00,37.8,20,0.0,7.2,0,1007.1
2023-08-04 14:00:00,39.2,17,0.0,8.8,0,1006.3
2023-08-04 15:00:00,38.8,18,0.0,11.6,0,1006.5
2023-08-04 16:00:00,39.4,17,0.0,12.1,0,1005.9
2023-08-04 17:00:00,39.4,16,0.0,12.1,0,1005.2
2023-08-04 18:00:00,38.9,16,0.0,12.8,0,1005.0
2023-08-04 19:00:00,37.9,18,0.0,11.8,0,1005.0
2023-08-04 20:00:00,36.1,20,0.0,10.0,0,1005.2
2023-08-04 21:00:00,34.2,23,0.0,19.8,0,1006.1
2023-08-04 22:00:00,32.0,28,0.0,16.9,0,1007.0
2023-08-04 23:00:00,30.4,32,0.0,11.8,0,1007.4
2023-08-05 00:00:00,29.1,36,0.0,9.4,0,1007.6
2023-08-05 01:00:00,27.8,40,0.0,9.8,0,1007.5
2023-08-05 02:00:00,26.5,46,0.0,8.4,0,1007.5
2023-08-05 03:00:00,24.6,50,0.0,5.3,0,1007.4
2023-08-05 04:00:00,23.1,57,0.0,7.3,0,1007.2
2023-08-05 05:00:00,24.1,56,0.0,3.8,0,1007.0
2023-08-05 06:00:00,23.5,60,0.0,1.1,0,1006.7
2023-08-05 07:00:00,22.4,64,0.0,2.7,0,1007.0
2023-08-05 08:00:00,25.7,50,0.0,3.2,0,1007.1
2023-08-05 09:00:00,28.8,39,0.0,2.3,0,1007.6
2023-08-05 10:00:00,32.2,26,0.0,4.0,0,1007.6
2023-08-05 11:00:00,35.0,19,0.0,6.8,0,1007.6
2023-08-05 12:00:00,37.4,15,0.0,8.7,0,1007.6
2023-08-05 13:00:00,39.2,14,0.0,11.2,0,1007.0
2023-08-05 14:00:00,40.6,13,0.0,13.8,0,1006.4
2023-08-05 15:00:00,40.1,15,0.0,17.6,0,1006.3
2023-08-05 16:00:00,40.7,15,0.0,17.1,0,1005.8
2023-08-05 17:00:00,40.9,14,0.0,17.7,0,1005.3
2023-08-05 18:00:00,40.2,13,0.0,19.6,0,1004.9
2023-08-05 19:00:00,39.0,14,0.0,17.5,0,1005.1
2023-08-05 20:00:00,36.9,16,0.0,11.6,0,1005.3
2023-08-05 21:00:00,35.2,18,0.0,10.1,0,1005.9
2023-08-05 22:00:00,33.9,20,0.0,10.0,0,1006.5
2023-08-05 23:00:00,32.4,22,0.0,8.2,0,1006.6
2023-08-06 00:00:00,31.8,22,0.0,10.1,0,1006.5
2023-08-06 01:00:00,30.9,23,0.0,9.3,0,1006.2
2023-08-06 02:00:00,28.2,27,0.0,8.6,0,1005.9
2023-08-06 03:00:00,28.0,28,0.0,6.1,0,1005.8
2023-08-06 04:00:00,27.9,28,0.0,5.8,0,1005.5
2023-08-06 05:00:00,26.0,33,0.0,6.1,0,1005.5
2023-08-06 06:00:00,25.5,34,0.0,6.6,0,1005.8
2023-08-06 07:00:00,26.9,31,0.0,8.6,0,1006.4
2023-08-06 08:00:00,30.2,25,0.0,8.0,0,1006.9
2023-08-06 09:00:00,34.0,19,0.0,7.3,0,1006.9
2023-08-06 10:00:00,37.5,15,0.0,10.4,0,1007.0
2023-08-06 11:00:00,40.0,13,0.0,13.7,0,1006.8
2023-08-06 12:00:00,41.5,12,0.0,14.8,0,1006.4
2023-08-06 13:00:00,42.7,11,0.0,15.6,0,1005.9
2023-08-06 14:00:00,44.1,9,0.0,14.9,0,1004.9
2023-08-06 15:00:00,43.1,10,0.0,13.0,0,1005.2
2023-08-06 16:00:00,43.5,9,0.0,13.7,0,1004.8
2023-08-06 17:00:00,43.5,9,0.0,13.9,0,1004.4
2023-08-06 18:00:00,42.8,9,0.0,13.2,0,1004.0
2023-08-06 19:00:00,41.7,9,0.0,13.2,0,1003.9
2023-08-06 20:00:00,37.8,12,0.0,7.4,0,1004.1
2023-08-06 21:00:00,35.4,24,0.0,25.6,0,1005.3
2023-08-06 22:00:00,34.5,26,0.0,18.8,0,1006.0
2023-08-06 23:00:00,33.6,27,0.0,18.3,0,1005.9
2023-08-07 00:00:00,32.8,28,0.0,17.3,0,1005.6
2023-08-07 01:00:00,31.5,30,0.0,10.5,0,1005.4
2023-08-07 02:00:00,30.2,32,0.0,7.0,0,1005.1
2023-08-07 03:00:00,28.9,37,0.0,7.2,0,1004.9
2023-08-07 04:00:00,28.4,39,0.0,5.9,0,1005.0
2023-08-07 05:00:00,27.7,42,0.0,6.2,0,1005.2
2023-08-07 06:00:00,26.9,46,0.0,6.6,0,1005.3
2023-08-07 07:00:00,27.2,48,0.0,10.9,0,1006.0
2023-08-07 08:00:00,29.3,43,0.0,9.6,0,1006.4
2023-08-07 09:00:00,32.1,37,0.0,9.4,0,1006.5
2023-08-07 10:00:00,35.0,27,0.0,8.3,0,1006.5
2023-08-07 11:00:00,37.6,22,0.0,7.2,0,1006.3
2023-08-07 12:00:00,39.7,19,0.0,6.6,0,1005.8
2023-08-07 13:00:00,41.3,17,0.0,5.2,0,1005.3
2023-08-07 14:00:00,42.5,16,0.0,5.2,0,1004.7
2023-08-07 15:00:00,41.9,16,0.0,7.5,0,1004.7
2023-08-07 16:00:00,42.6,15,0.0,8.4,0,1004.4
2023-08-07 17:00:00,42.4,16,0.0,10.0,0,1003.7
2023-08-07 18:00:00,41.7,17,0.0,10.7,0,1003.4
2023-08-07 19:00:00,40.6,19,0.0,10.7,3,1003.4
2023-08-07 20:00:00,38.3,27,0.0,18.4,4,1004.0
2023-08-07 21:00:00,34.7,38,0.0,20.0,1,1005.2
2023-08-07 22:00:00,32.9,42,0.0,18.9,0,1005.9
2023-08-07 23:00:00,31.5,48,0.0,17.7,0,1005.9
2023-08-08 00:00:00,30.6,50,0.0,14.9,0,1006.0
2023-08-08 01:00:00,29.6,53,0.0,13.8,0,1005.8
2023-08-08 02:00:00,28.7,57,0.0,12.7,0,1005.5
2023-08-08 03:00:00,27.1,61,0.0,11.6,0,1005.3
2023-08-08 04:00:00,26.4,66,0.0,9.7,0,1005.4
2023-08-08 05:00:00,25.9,70,0.0,9.0,0,1005.1
2023-08-08 06:00:00,25.4,73,0.0,7.9,0,1005.2
2023-08-08 07:00:00,25.6,74,0.0,8.6,0,1005.5
2023-08-08 08:00:00,26.7,70,0.0,9.0,4,1005.6
2023-08-08 09:00:00,28.3,62,0.0,8.6,3,1005.7
2023-08-08 10:00:00,30.3,53,0.0,7.6,1,1005.6
2023-08-08 11:00:00,32.4,45,0.0,6.1,2,1005.2
2023-08-08 12:00:00,34.5,38,0.0,6.1,1,1004.7
2023-08-08 13:00:00,36.4,32,0.0,7.8,0,1004.2
2023-08-08 14:00:00,37.7,27,0.0,11.6,0,1003.6
2023-08-08 15:00:00,36.3,32,0.0,12.9,0,1003.7
2023-08-08 16:00:00,36.7,31,0.0,12.9,0,1003.4
2023-08-08 17:00:00,36.5,31,0.0,12.9,0,1003.0
2023-08-08 18:00:00,36.3,33,0.0,12.4,0,1002.8
2023-08-08 19:00:00,35.5,34,0.0,12.0,0,1002.8
2023-08-08 20:00:00,34.4,36,0.0,12.9,0,1003.1
2023-08-08 21:00:00,32.8,37,0.0,18.2,0,1003.9
2023-08-08 22:00:00,30.4,44,0.0,18.9,0,1005.0
2023-08-08 23:00:00,28.6,52,0.0,15.6,0,1005.4
2023-08-09 00:00:00,27.5,56,0.0,13.4,0,1005.5
2023-08-09 01:00:00,26.6,60,0.0,11.9,0,1005.4
2023-08-09 02:00:00,25.8,65,0.0,10.1,0,1005.3
2023-08-09 03:00:00,25.0,66,0.0,5.8,0,1005.3
2023-08-09 04:00:00,23.8,72,0.0,4.9,0,1005.5
2023-08-09 05:00:00,23.0,77,0.0,5.9,0,1005.5
2023-08-09 06:00:00,22.5,79,0.0,6.7,0,1005.7
2023-08-09 07:00:00,23.7,74,0.0,3.8,0,1006.2
2023-08-09 08:00:00,26.1,63,0.0,6.3,0,1006.6
2023-08-09 09:00:00,27.8,56,0.0,7.2,8,1006.6
2023-08-09 10:00:00,29.6,49,0.0,5.9,9,1006.6
2023-08-09 11:00:00,31.5,43,0.0,4.4,2,1006.5
2023-08-09 12:00:00,33.3,37,0.0,3.3,1,1006.1
2023-08-09 13:00:00,35.0,33,0.0,4.3,0,1005.6
2023-08-09 14:00:00,36.5,29,0.0,6.9,0,1005.2
2023-08-09 15:00:00,35.8,29,0.0,11.4,0,1005.6
2023-08-09 16:00:00,36.4,26,0.0,12.1,0,1005.5
2023-08-09 17:00:00,36.3,25,0.0,11.9,0,1005.1
2023-08-09 18:00:00,35.7,27,0.0,11.1,0,1005.0
2023-08-09 19:00:00,34.7,30,0.0,11.1,0,1005.1
2023-08-09 20:00:00,33.5,35,0.0,8.2,0,1005.2
2023-08-09 21:00:00,32.5,40,0.0,10.5,0,1005.9
2023-08-09 22:00:00,31.0,43,0.0,22.9,0,1006.7
2023-08-09 23:00:00,29.3,48,0.0,15.9,0,1007.3
2023-08-10 00:00:00,28.4,52,0.0,14.2,0,1007.7
2023-08-10 01:00:00,27.5,56,0.0,10.9,0,1007.8
2023-08-10 02:00:00,26.8,60,0.0,8.7,0,1007.8
2023-08-10 03:00:00,25.7,66,0.0,5.2,0,1007.8
2023-08-10 04:00:00,24.8,72,0.0,5.0,13,1007.9
2023-08-10 05:00:00,24.3,75,0.0,4.8,26,1008.1
2023-08-10 06:00:00,24.2,78,0.0,4.9,25,1008.3
2023-08-10 07:00:00,24.8,79,0.0,7.7,23,1008.9
2023-08-10 08:00:00,26.2,74,0.0,8.4,16,1009.1
2023-08-10 09:00:00,28.0,64,0.0,7.7,11,1009.4
2023-08-10 10:00:00,29.9,54,0.0,6.1,10,1009.3
2023-08-10 11:00:00,32.1,45,0.0,5.6,4,1009.3
2023-08-10 12:00:00,34.4,37,0.0,7.2,0,1008.8
2023-08-10 13:00:00,36.4,30,0.0,9.4,0,1008.3
2023-08-10 14:00:00,37.8,25,0.0,11.5,0,1007.6
2023-08-10 15:00:00,36.6,29,0.0,12.7,0,1008.0
2023-08-10 16:00:00,37.5,26,0.0,12.6,0,1007.6
2023-08-10 17:00:00,37.7,25,0.0,13.7,0,1007.3
2023-08-10 18:00:00,36.8,24,0.0,17.4,0,1007.3
2023-08-10 19:00:00,35.0,26,0.0,19.0,0,1007.7
2023-08-10 20:00:00,33.2,29,0.0,17.7,0,1008.3
2023-08-10 21:00:00,31.5,35,0.0,18.1,0,1009.1
2023-08-10 22:00:00,29.7,45,0.0,17.4,0,1009.7
2023-08-10 23:00:00,28.1,54,0.0,17.6,0,1009.9
2023-08-11 00:00:00,26.8,63,0.0,15.5,0,1010.1
2023-08-11 01:00:00,25.8,69,0.0,13.0,5,1010.2
2023-08-11 02:00:00,25.1,73,0.0,10.5,7,1010.2
2023-08-11 03:00:00,24.8,73,0.0,7.1,9,1009.7
2023-08-11 04:00:00,24.5,75,0.0,5.8,8,1009.4
2023-08-11 05:00:00,24.1,78,0.0,6.8,13,1009.2
2023-08-11 06:00:00,23.8,79,0.0,9.0,2,1009.2
2023-08-11 07:00:00,24.0,77,0.0,11.2,1,1009.5
2023-08-11 08:00:00,26.0,65,0.0,16.9,31,1009.6
2023-08-11 09:00:00,27.7,56,0.0,15.6,15,1009.7
2023-08-11 10:00:00,29.6,48,0.0,14.2,12,1009.5
2023-08-11 11:00:00,31.7,41,0.0,13.4,2,1009.3
2023-08-11 12:00:00,33.6,36,0.0,13.3,1,1008.8
2023-08-11 13:00:00,35.4,31,0.0,13.7,1,1008.1
2023-08-11 14:00:00,36.8,28,0.0,14.1,0,1007.4
2023-08-11 15:00:00,32.9,37,0.0,17.8,0,1008.4
2023-08-11 16:00:00,34.0,38,0.0,13.6,63,1007.7
2023-08-11 17:00:00,34.2,40,0.0,18.9,10,1007.0
2023-08-11 18:00:00,33.7,41,0.0,18.0,0,1006.7
2023-08-11 19:00:00,32.0,44,0.0,20.2,0,1007.0
2023-08-11 20:00:00,30.4,46,0.0,18.4,0,1007.5
2023-08-11 21:00:00,29.5,47,0.0,16.6,0,1008.1
2023-08-11 22:00:00,28.3,52,0.0,18.4,0,1008.5
2023-08-11 23:00:00,26.9,58,0.0,17.4,0,1008.6
2023-08-12 00:00:00,25.8,64,0.0,16.4,0,1008.6
2023-08-12 01:00:00,25.1,69,0.0,13.8,0,1008.3
2023-08-12 02:00:00,24.6,72,0.0,11.6,86,1008.0
2023-08-12 03:00:00,24.2,71,0.0,8.3,95,1007.2
2023-08-12 04:00:00,24.1,72,0.0,7.2,93,1007.3
2023-08-12 05:00:00,25.0,68,0.0,10.2,100,1007.4
2023-08-12 06:00:00,25.1,68,0.0,11.9,37,1007.3
2023-08-12 07:00:00,25.1,69,0.0,13.4,6,1007.3
2023-08-12 08:00:00,26.1,64,0.0,17.7,16,1007.0
2023-08-12 09:00:00,27.7,58,0.0,16.5,15,1007.0
2023-08-12 10:00:00,29.3,52,0.0,14.9,20,1006.7
2023-08-12 11:00:00,31.5,45,0.0,14.6,4,1006.3
2023-08-12 12:00:00,33.7,39,0.0,14.5,0,1005.6
2023-08-12 13:00:00,35.8,33,0.0,15.1,0,1005.2
2023-08-12 14:00:00,37.6,29,0.0,16.2,0,1004.5
2023-08-12 15:00:00,35.4,37,0.0,15.9,0,1005.2
2023-08-12 16:00:00,36.1,35,0.0,16.4,0,1004.9
2023-08-12 17:00:00,36.4,35,0.0,16.5,0,1004.3
2023-08-12 18:00:00,35.5,37,0.0,19.5,0,1003.9
2023-08-12 19:00:00,33.7,40,0.0,20.9,0,1004.4
2023-08-12 20:00:00,31.9,44,0.0,20.2,0,1005.0
2023-08-12 21:00:00,30.4,48,0.0,19.5,0,1006.1
2023-08-12 22:00:00,28.9,52,0.0,18.8,0,1006.9
2023-08-12 23:00:00,27.5,58,0.0,16.7,0,1007.3
2023-08-13 00:00:00,26.5,66,0.0,15.0,1,1007.3
2023-08-13 01:00:00,25.7,71,0.0,12.7,3,1007.1
2023-08-13 02:00:00,25.4,74,0.0,11.3,55,1006.8
2023-08-13 03:00:00,25.3,72,0.0,8.3,87,1006.1
2023-08-13 04:00:00,25.3,73,0.0,8.0,77,1006.2
2023-08-13 05:00:00,25.3,73,0.0,9.5,8,1005.8
2023-08-13 06:00:00,25.1,76,0.0,9.0,21,1005.9
2023-08-13 07:00:00,25.5,76,0.0,11.4,30,1006.3
2023-08-13 08:00:00,26.8,70,0.0,16.6,69,1006.5
2023-08-13 09:00:00,28.3,62,0.0,15.1,56,1006.8
2023-08-13 10:00:00,30.6,52,0.0,13.4,66,1006.6
2023-08-13 11:00:00,32.2,47,0.0,11.9,3,1006.3
2023-08-13 12:00:00,34.4,41,0.0,10.8,0,1005.8
2023-08-13 13:00:00,36.2,36,0.0,10.1,0,1005.4
2023-08-13 14:00:00,37.8,32,0.0,10.5,0,1004.5
2023-08-13 15:00:00,34.7,43,0.0,13.5,0,1005.2
2023-08-13 16:00:00,35.7,40,0.0,13.0,3,1004.8
2023-08-13 17:00:00,36.1,39,0.0,10.5,0,1004.4
2023-08-13 18:00:00,36.1,39,0.0,12.7,3,1004.4
2023-08-13 19:00:00,34.0,42,0.0,19.2,5,1004.9
2023-08-13 20:00:00,32.6,40,0.0,16.9,0,1005.6
2023-08-13 21:00:00,31.3,39,0.0,19.6,0,1006.6
2023-08-13 22:00:00,29.6,45,0.0,18.1,0,1007.1
2023-08-13 23:00:00,28.3,52,0.0,16.6,0,1007.4
2023-08-14 00:00:00,27.1,60,0.0,14.4,0,1008.0
2023-08-14 01:00:00,26.1,66,0.0,12.8,0,1008.3
2023-08-14 02:00:00,25.3,72,0.0,11.6,0,1008.2
2023-08-14 03:00:00,24.8,76,0.0,10.6,0,1007.7
2023-08-14 04:00:00,24.2,81,0.0,10.0,1,1007.5
2023-08-14 05:00:00,23.9,84,0.0,8.9,10,1007.4
2023-08-14 06:00:00,23.7,86,0.0,7.5,12,1007.6
2023-08-14 07:00:00,24.1,84,0.0,9.8,70,1008.5
2023-08-14 08:00:00,25.8,76,0.0,14.5,43,1008.7
2023-08-14 09:00:00,27.8,63,0.0,12.8,24,1009.1
2023-08-14 10:00:00,29.9,54,0.0,11.0,15,1008.9
2023-08-14 11:00:00,32.2,44,0.0,10.3,7,1009.0
2023-08-14 12:00:00,34.5,36,0.0,10.5,0,1008.6
2023-08-14 13:00:00,36.5,30,0.0,11.5,0,1008.2
2023-08-14 14:00:00,38.0,27,0.0,13.0,0,1007.4
2023-08-14 15:00:00,35.7,33,0.0,14.6,0,1008.5
2023-08-14 16:00:00,36.5,30,0.0,14.2,0,1007.8
2023-08-14 17:00:00,36.5,31,0.0,14.7,0,1007.3
2023-08-14 18:00:00,35.8,32,0.0,15.6,0,1007.4
2023-08-14 19:00:00,34.1,34,0.0,17.5,0,1008.1
2023-08-14 20:00:00,32.5,36,0.0,16.3,0,1008.7
2023-08-14 21:00:00,31.0,41,0.0,17.7,0,1009.4
2023-08-14 22:00:00,29.5,49,0.0,18.7,0,1010.2
2023-08-14 23:00:00,28.0,56,0.0,17.2,0,1010.5
2023-08-15 00:00:00,26.7,64,0.0,15.8,0,1010.6
2023-08-15 01:00:00,25.6,72,0.0,13.7,0,1010.5
2023-08-15 02:00:00,24.9,78,0.0,11.4,5,1010.4
2023-08-15 03:00:00,25.5,77,0.0,13.0,3,1010.1
2023-08-15 04:00:00,25.4,77,0.0,13.5,95,1010.0
2023-08-15 05:00:00,25.3,78,0.0,13.2,89,1009.8
2023-08-15 06:00:00,25.1,79,0.0,12.8,72,1009.8
2023-08-15 07:00:00,25.1,79,0.0,12.5,41,1010.1
2023-08-15 08:00:00,26.1,73,0.0,11.9,21,1010.2
2023-08-15 09:00:00,27.8,63,0.0,11.4,16,1010.3
2023-08-15 10:00:00,30.0,52,0.0,11.4,7,1010.3
2023-08-15 11:00:00,32.4,42,0.0,11.6,0,1009.9
2023-08-15 12:00:00,34.6,33,0.0,12.0,0,1009.2
2023-08-15 13:00:00,36.6,28,0.0,12.1,0,1008.6
2023-08-15 14:00:00,38.0,24,0.0,13.0,0,1007.8
2023-08-15 15:00:00,36.2,30,0.0,15.3,0,1007.9
2023-08-15 16:00:00,36.8,29,0.0,15.1,0,1007.4
2023-08-15 17:00:00,36.8,29,0.0,15.2,0,1006.8
2023-08-15 18:00:00,35.8,32,0.0,16.7,0,1006.4
2023-08-15 19:00:00,34.0,36,0.0,18.3,0,1006.8
2023-08-15 20:00:00,32.4,38,0.0,17.7,0,1007.2
2023-08-15 21:00:00,31.1,40,0.0,19.2,0,1008.2
2023-08-15 22:00:00,29.4,47,0.0,18.7,0,1008.8
2023-08-15 23:00:00,27.9,55,0.0,17.0,0,1009.2
2023-08-16 00:00:00,26.8,63,0.0,15.2,0,1009.5
2023-08-16 01:00:00,26.0,68,0.0,13.5,0,1009.3
2023-08-16 02:00:00,25.4,73,0.0,11.7,3,1009.2
2023-08-16 03:00:00,25.0,76,0.0,9.7,6,1008.2
2023-08-16 04:00:00,25.6,75,0.0,14.2,98,1007.9
2023-08-16 05:00:00,25.5,75,0.0,13.8,100,1007.7
2023-08-16 06:00:00,25.5,74,0.0,13.7,85,1007.7
2023-08-16 07:00:00,25.3,74,0.0,13.4,51,1007.9
2023-08-16 08:00:00,26.2,69,0.1,15.0,34,1007.9
2023-08-16 09:00:00,27.9,61,0.0,13.8,17,1008.0
2023-08-16 10:00:00,29.9,52,0.0,12.0,9,1007.9
2023-08-16 11:00:00,32.2,43,0.0,11.3,7,1007.6
2023-08-16 12:00:00,34.3,36,0.0,11.0,1,1007.0
2023-08-16 13:00:00,36.2,31,0.0,11.0,0,1006.4
2023-08-16 14:00:00,37.7,27,0.0,11.5,0,1005.4
2023-08-16 15:00:00,34.6,40,0.0,15.5,0,1005.9
2023-08-16 16:00:00,35.0,40,0.0,14.9,6,1005.2
2023-08-16 17:00:00,35.1,40,0.0,14.5,0,1004.6
2023-08-16 18:00:00,34.6,40,0.0,13.8,0,1004.5
2023-08-16 19:00:00,33.6,41,0.0,15.9,5,1004.8
2023-08-16 20:00:00,31.6,45,0.0,16.9,2,1005.3
2023-08-16 21:00:00,31.0,45,0.0,16.1,0,1005.9
2023-08-16 22:00:00,29.4,49,0.0,18.0,0,1006.6
2023-08-16 23:00:00,28.1,54,0.0,15.9,0,1006.8
2023-08-17 00:00:00,27.0,60,0.0,14.2,0,1007.0
2023-08-17 01:00:00,26.0,66,0.0,12.6,0,1007.0
2023-08-17 02:00:00,25.3,71,0.0,10.0,0,1006.7
2023-08-17 03:00:00,24.8,74,0.0,7.4,0,1006.4
2023-08-17 04:00:00,24.3,77,0.0,6.3,2,1006.3
2023-08-17 05:00:00,23.8,80,0.0,5.1,3,1006.3
2023-08-17 06:00:00,23.3,82,0.0,4.3,3,1006.0
2023-08-17 07:00:00,23.9,79,0.0,6.1,1,1006.3
2023-08-17 08:00:00,25.6,70,0.0,7.7,2,1006.3
2023-08-17 09:00:00,27.8,61,0.0,12.1,35,1006.3
2023-08-17 10:00:00,29.6,54,0.0,9.6,5,1006.3
2023-08-17 11:00:00,31.8,46,0.0,8.3,1,1006.1
2023-08-17 12:00:00,34.0,39,0.0,8.5,0,1005.6
2023-08-17 13:00:00,35.9,33,0.0,9.3,0,1005.1
2023-08-17 14:00:00,37.4,30,0.0,10.7,0,1004.3
2023-08-17 15:00:00,35.3,36,0.0,12.9,0,1004.9
2023-08-17 16:00:00,36.1,34,0.0,12.3,0,1004.4
2023-08-17 17:00:00,36.2,34,0.0,12.4,0,1004.1
2023-08-17 18:00:00,35.7,34,0.0,10.8,0,1003.9
2023-08-17 19:00:00,35.1,36,0.0,10.2,0,1004.0
2023-08-17 20:00:00,33.3,41,0.0,15.2,0,1004.6
2023-08-17 21:00:00,31.7,43,0.0,17.9,0,1005.4
2023-08-17 22:00:00,29.8,51,0.0,17.8,0,1006.1
2023-08-17 23:00:00,28.6,57,0.0,14.9,0,1006.6
2023-08-18 00:00:00,27.6,62,0.0,13.0,0,1006.9
2023-08-18 01:00:00,26.6,67,0.0,12.6,0,1006.9
2023-08-18 02:00:00,25.6,73,0.0,12.0,3,1006.9
2023-08-18 03:00:00,24.7,78,0.0,8.9,17,1006.4
2023-08-18 04:00:00,24.1,83,0.0,7.2,6,1006.4
2023-08-18 05:00:00,23.5,88,0.0,5.2,27,1006.3
2023-08-18 06:00:00,23.2,90,0.0,5.2,88,1006.2
2023-08-18 07:00:00,24.4,83,0.0,8.0,95,1006.6
2023-08-18 08:00:00,25.8,74,0.0,9.0,34,1006.7
2023-08-18 09:00:00,27.5,64,0.0,9.0,25,1006.9
2023-08-18 10:00:00,29.5,55,0.0,7.2,14,1006.8
2023-08-18 11:00:00,31.6,46,0.0,6.6,2,1006.7
2023-08-18 12:00:00,33.9,38,0.0,6.5,0,1006.3
2023-08-18 13:00:00,35.8,32,0.0,7.1,0,1006.1
2023-08-18 14:00:00,37.4,29,0.0,8.2,0,1005.5
2023-08-18 15:00:00,35.9,34,0.0,10.2,0,1006.1
2023-08-18 16:00:00,36.9,31,0.0,10.5,0,1005.6
2023-08-18 17:00:00,37.0,31,0.0,10.0,0,1005.0
2023-08-18 18:00:00,36.6,31,0.0,9.4,0,1004.9
2023-08-18 19:00:00,35.8,32,0.0,9.4,0,1005.1
2023-08-18 20:00:00,34.2,35,0.0,4.4,0,1005.2
2023-08-18 21:00:00,33.3,40,0.0,15.6,0,1005.9
2023-08-18 22:00:00,30.9,47,0.0,17.3,0,1006.8
2023-08-18 23:00:00,28.9,53,0.0,18.4,0,1007.3
2023-08-19 00:00:00,27.9,57,0.0,15.5,0,1007.6
2023-08-19 01:00:00,27.1,62,0.0,13.0,0,1007.5
2023-08-19 02:00:00,26.2,67,0.0,11.5,0,1007.3
2023-08-19 03:00:00,25.0,71,0.0,8.4,0,1006.9
2023-08-19 04:00:00,24.2,76,0.0,6.8,0,1007.2
2023-08-19 05:00:00,23.4,80,0.0,6.2,0,1007.2
2023-08-19 06:00:00,22.6,86,0.0,5.5,5,1007.3
2023-08-19 07:00:00,22.9,86,0.0,5.5,18,1007.4
2023-08-19 08:00:00,25.0,75,0.0,9.8,36,1007.6
2023-08-19 09:00:00,26.9,64,0.0,10.9,19,1008.1
2023-08-19 10:00:00,29.0,52,0.0,9.4,7,1008.1
2023-08-19 11:00:00,31.5,41,0.0,8.3,1,1007.9
2023-08-19 12:00:00,33.9,33,0.0,8.4,0,1007.5
2023-08-19 13:00:00,36.0,27,0.0,8.9,0,1007.0
2023-08-19 14:00:00,37.7,23,0.0,9.6,0,1006.3
2023-08-19 15:00:00,36.5,27,0.0,9.9,0,1006.4
2023-08-19 16:00:00,37.4,26,0.0,10.5,0,1005.7
2023-08-19 17:00:00,37.6,25,0.0,10.9,0,1005.3
2023-08-19 18:00:00,37.2,27,0.0,11.5,0,1005.0
2023-08-19 19:00:00,36.1,30,0.0,11.6,0,1004.9
2023-08-19 20:00:00,34.5,34,0.0,15.4,0,1005.3
2023-08-19 21:00:00,32.0,40,0.0,19.8,2,1006.4
2023-08-19 22:00:00,30.0,47,0.0,17.8,0,1007.5
2023-08-19 23:00:00,28.6,54,0.0,15.7,0,1007.9
2023-08-20 00:00:00,27.7,59,0.0,12.9,0,1008.0
2023-08-20 01:00:00,26.8,63,0.0,11.8,0,1007.9
2023-08-20 02:00:00,26.0,67,0.0,9.1,0,1007.6
2023-08-20 03:00:00,24.7,71,0.0,7.2,0,1007.3
2023-08-20 04:00:00,24.1,75,0.0,6.5,0,1007.3
2023-08-20 05:00:00,23.4,80,0.0,6.8,10,1007.1
2023-08-20 06:00:00,22.9,84,0.0,7.2,21,1007.0
2023-08-20 07:00:00,23.2,83,0.0,8.3,23,1007.5
2023-08-20 08:00:00,25.3,69,0.0,13.7,30,1007.7
2023-08-20 09:00:00,26.9,60,0.0,13.5,21,1007.5
2023-08-20 10:00:00,28.9,52,0.0,11.8,8,1007.6
2023-08-20 11:00:00,31.1,45,0.0,10.5,0,1007.2
2023-08-20 12:00:00,33.3,37,0.0,9.7,0,1006.9
2023-08-20 13:00:00,35.2,31,0.0,9.7,0,1006.3
2023-08-20 14:00:00,36.8,26,0.0,10.2,0,1005.6
2023-08-20 15:00:00,35.7,25,0.0,12.0,0,1005.5
2023-08-20 16:00:00,36.6,24,0.0,11.2,0,1005.0
2023-08-20 17:00:00,36.7,25,0.0,10.9,0,1004.6
2023-08-20 18:00:00,36.3,27,0.0,10.9,0,1004.4
2023-08-20 19:00:00,35.2,31,0.0,11.5,0,1004.2
2023-08-20 20:00:00,33.8,35,0.0,10.7,0,1004.4
2023-08-20 21:00:00,32.2,40,0.0,19.7,0,1005.6
2023-08-20 22:00:00,29.7,48,0.0,19.4,0,1006.6
2023-08-20 23:00:00,28.2,51,0.0,16.0,0,1007.1
2023-08-21 00:00:00,27.3,54,0.0,13.6,0,1007.4
2023-08-21 01:00:00,26.5,59,0.0,11.6,0,1007.5
2023-08-21 02:00:00,25.7,65,0.0,9.7,0,1007.4
2023-08-21 03:00:00,24.4,70,0.0,6.5,6,1007.0
2023-08-21 04:00:00,23.8,75,0.0,4.3,42,1006.8
2023-08-21 05:00:00,23.6,77,0.0,3.6,100,1006.5
2023-08-21 06:00:00,24.0,74,0.0,2.6,100,1006.7
2023-08-21 07:00:00,24.9,70,0.0,4.8,100,1007.0
2023-08-21 08:00:00,26.1,65,0.0,10.3,57,1007.2
2023-08-21 09:00:00,27.9,57,0.0,11.6,30,1006.9
2023-08-21 10:00:00,29.8,50,0.0,10.2,11,1007.1
2023-08-21 11:00:00,31.8,44,0.0,10.1,1,1006.7
2023-08-21 12:00:00,33.8,38,0.0,10.5,7,1006.1
2023-08-21 13:00:00,35.6,33,0.0,10.4,1,1005.7
2023-08-21 14:00:00,37.0,29,0.0,11.2,0,1005.1
2023-08-21 15:00:00,36.0,29,0.0,13.0,0,1005.1
2023-08-21 16:00:00,36.6,28,0.0,13.0,0,1004.7
2023-08-21 17:00:00,36.6,28,0.0,12.0,0,1004.2
2023-08-21 18:00:00,36.3,29,0.0,11.3,0,1004.0
2023-08-21 19:00:00,35.3,32,0.0,12.7,0,1004.0
2023-08-21 20:00:00,33.4,38,0.0,18.0,0,1004.4
2023-08-21 21:00:00,31.6,43,0.0,17.9,0,1005.3
2023-08-21 22:00:00,30.1,48,0.0,17.9,0,1006.3
2023-08-21 23:00:00,28.8,52,0.0,16.3,0,1006.7
2023-08-22 00:00:00,27.7,56,0.0,14.3,0,1006.8
2023-08-22 01:00:00,26.7,60,0.0,11.5,0,1006.8
2023-08-22 02:00:00,25.9,64,0.0,9.0,0,1006.9
2023-08-22 03:00:00,24.8,67,0.0,8.0,0,1006.4
2023-08-22 04:00:00,24.3,70,0.0,6.5,0,1006.4
2023-08-22 05:00:00,23.5,74,0.0,5.8,0,1006.1
2023-08-22 06:00:00,22.6,79,0.0,5.5,0,1006.2
2023-08-22 07:00:00,22.8,79,0.0,5.8,0,1006.7
2023-08-22 08:00:00,24.9,69,0.0,7.1,0,1007.1
2023-08-22 09:00:00,26.8,61,0.0,9.9,0,1007.3
2023-08-22 10:00:00,28.9,52,0.0,9.7,0,1007.3
2023-08-22 11:00:00,31.2,45,0.0,9.8,0,1007.1
2023-08-22 12:00:00,33.4,38,0.0,9.4,0,1006.7
2023-08-22 13:00:00,35.5,32,0.0,9.8,0,1006.2
2023-08-22 14:00:00,37.3,28,0.0,10.7,0,1005.6
2023-08-22 15:00:00,36.8,30,0.0,13.2,0,1005.6
2023-08-22 16:00:00,37.4,28,0.0,14.2,0,1005.3
2023-08-22 17:00:00,37.4,27,0.0,13.9,0,1005.0
2023-08-22 18:00:00,36.8,28,0.0,13.2,0,1004.8
2023-08-22 19:00:00,35.7,31,0.0,12.2,0,1005.0
2023-08-22 20:00:00,34.2,35,0.0,14.8,0,1005.7
2023-08-22 21:00:00,32.6,39,0.0,18.0,0,1006.6
2023-08-22 22:00:00,30.7,43,0.0,18.5,0,1007.4
2023-08-22 23:00:00,29.2,48,0.0,15.1,0,1008.0
2023-08-23 00:00:00,28.1,52,0.0,12.8,0,1008.2
2023-08-23 01:00:00,27.0,56,0.0,10.4,0,1008.2
2023-08-23 02:00:00,26.2,61,0.0,8.4,0,1008.0
2023-08-23 03:00:00,24.9,67,0.0,8.8,0,1007.7
2023-08-23 04:00:00,24.1,71,0.0,7.9,0,1007.4
2023-08-23 05:00:00,23.3,76,0.0,6.9,0,1007.2
2023-08-23 06:00:00,22.5,80,0.0,6.8,0,1007.3
2023-08-23 07:00:00,22.6,80,0.0,8.4,0,1007.4
2023-08-23 08:00:00,24.8,69,0.0,8.9,0,1007.9
2023-08-23 09:00:00,27.2,58,0.0,10.0,0,1008.3
2023-08-23 10:00:00,29.6,48,0.0,10.1,0,1008.3
2023-08-23 11:00:00,32.2,39,0.0,9.5,0,1008.0
2023-08-23 12:00:00,34.7,31,0.0,9.5,0,1007.6
2023-08-23 13:00:00,36.7,26,0.0,9.7,0,1007.1
2023-08-23 14:00:00,38.1,22,0.0,9.5,0,1006.3
2023-08-23 15:00:00,37.4,23,0.0,9.4,0,1006.3
2023-08-23 16:00:00,38.2,22,0.0,9.4,0,1005.9
2023-08-23 17:00:00,38.2,22,0.0,10.1,0,1005.6
2023-08-23 18:00:00,37.5,23,0.0,11.7,0,1005.7
2023-08-23 19:00:00,36.4,25,0.0,11.2,0,1005.8
2023-08-23 20:00:00,34.5,29,0.0,8.4,0,1006.2
2023-08-23 21:00:00,33.6,31,0.0,13.5,0,1007.0
2023-08-23 22:00:00,30.6,45,0.0,17.7,0,1008.4
2023-08-23 23:00:00,29.5,48,0.0,14.6,0,1008.9
2023-08-24 00:00:00,28.2,53,0.0,13.1,0,1009.0
2023-08-24 01:00:00,27.1,57,0.0,10.7,0,1009.0
2023-08-24 02:00:00,26.1,62,0.0,9.8,0,1008.9
2023-08-24 03:00:00,24.6,68,0.0,10.9,0,1008.9
2023-08-24 04:00:00,23.7,74,0.0,9.8,0,1008.8
2023-08-24 05:00:00,22.8,80,0.0,9.1,0,1008.9
2023-08-24 06:00:00,22.2,85,0.0,8.1,3,1008.9
2023-08-24 07:00:00,22.2,87,0.0,8.0,13,1008.9
2023-08-24 08:00:00,24.1,79,0.0,12.1,23,1008.9
2023-08-24 09:00:00,26.2,68,0.0,13.5,24,1009.0
2023-08-24 10:00:00,28.5,58,0.0,11.6,12,1008.8
2023-08-24 11:00:00,31.1,47,0.0,10.1,2,1008.5
2023-08-24 12:00:00,33.8,38,0.0,9.2,0,1008.1
2023-08-24 13:00:00,36.4,30,0.0,9.9,0,1007.5
2023-08-24 14:00:00,38.5,23,0.0,11.9,0,1006.8
2023-08-24 15:00:00,38.7,21,0.0,12.6,0,1006.7
2023-08-24 16:00:00,39.3,19,0.0,15.3,0,1006.4
2023-08-24 17:00:00,39.1,19,0.0,16.6,0,1006.0
2023-08-24 18:00:00,38.5,21,0.0,16.6,0,1005.9
2023-08-24 19:00:00,37.7,16,0.0,16.3,0,1006.0
2023-08-24 20:00:00,34.8,21,0.0,19.1,0,1007.0
2023-08-24 21:00:00,32.5,28,0.0,18.1,0,1007.9
2023-08-24 22:00:00,30.6,35,0.0,15.8,0,1008.6
2023-08-24 23:00:00,29.0,43,0.0,13.3,0,1008.7
2023-08-25 00:00:00,27.7,50,0.0,10.9,0,1008.8
2023-08-25 01:00:00,26.6,57,0.0,9.0,0,1008.7
2023-08-25 02:00:00,25.7,64,0.0,7.9,0,1008.5
2023-08-25 03:00:00,24.2,71,0.0,5.4,0,1007.8
2023-08-25 04:00:00,23.2,78,0.0,6.1,0,1007.6
2023-08-25 05:00:00,22.6,83,0.0,6.1,0,1007.9
2023-08-25 06:00:00,21.8,88,0.0,7.3,0,1008.1
2023-08-25 07:00:00,22.4,85,0.0,4.2,1,1008.4
2023-08-25 08:00:00,25.4,69,0.0,4.5,63,1008.8
2023-08-25 09:00:00,27.3,68,0.0,7.6,31,1008.7
2023-08-25 10:00:00,29.8,59,0.0,7.6,6,1008.6
2023-08-25 11:00:00,32.6,46,0.0,7.6,1,1008.2
2023-08-25 12:00:00,35.5,35,0.0,8.7,0,1007.4
2023-08-25 13:00:00,38.1,27,0.0,12.2,0,1006.8
2023-08-25 14:00:00,39.9,23,0.0,17.0,0,1006.1
2023-08-25 15:00:00,38.1,29,0.0,16.3,0,1006.7
2023-08-25 16:00:00,38.8,28,0.0,16.4,0,1006.3
2023-08-25 17:00:00,39.5,23,0.0,19.0,0,1005.7
2023-08-25 18:00:00,38.7,20,0.0,21.6,0,1005.6
2023-08-25 19:00:00,36.5,24,0.0,20.5,0,1006.1
2023-08-25 20:00:00,34.5,29,0.0,18.1,0,1006.6
2023-08-25 21:00:00,33.0,33,0.0,15.8,0,1007.3
2023-08-25 22:00:00,31.5,38,0.0,13.7,0,1007.7
2023-08-25 23:00:00,30.0,44,0.0,12.3,0,1007.9
2023-08-26 00:00:00,28.7,50,0.0,10.4,0,1008.0
2023-08-26 01:00:00,27.5,56,0.0,9.4,0,1008.0
2023-08-26 02:00:00,26.4,63,0.0,7.2,0,1008.0
2023-08-26 03:00:00,25.4,68,0.0,6.1,0,1007.9
2023-08-26 04:00:00,24.6,74,0.0,5.0,0,1007.7
2023-08-26 05:00:00,23.9,79,0.0,5.0,0,1007.5
2023-08-26 06:00:00,23.3,84,0.0,5.8,0,1007.5
2023-08-26 07:00:00,23.5,86,0.0,6.5,0,1007.9
2023-08-26 08:00:00,25.5,79,0.0,8.3,4,1008.1
2023-08-26 09:00:00,27.7,70,0.0,9.2,5,1008.2
2023-08-26 10:00:00,30.4,56,0.0,8.4,3,1008.4
2023-08-26 11:00:00,33.3,43,0.0,7.7,0,1008.2
2023-08-26 12:00:00,36.0,32,0.0,8.4,0,1007.6
2023-08-26 13:00:00,38.6,23,0.0,10.8,0,1007.1
2023-08-26 14:00:00,40.3,19,0.0,16.0,0,1006.4
2023-08-26 15:00:00,40.4,18,0.0,18.2,0,1006.4
2023-08-26 16:00:00,41.0,17,0.0,20.3,0,1005.9
2023-08-26 17:00:00,40.7,16,0.0,21.3,0,1005.8
2023-08-26 18:00:00,40.2,15,0.0,21.1,0,1005.7
2023-08-26 19:00:00,38.6,17,0.0,18.2,0,1006.0
2023-08-26 20:00:00,36.5,21,0.0,17.5,0,1006.7
2023-08-26 21:00:00,34.5,26,0.0,18.9,0,1007.4
2023-08-26 22:00:00,32.7,32,0.0,15.1,0,1007.9
2023-08-26 23:00:00,31.2,37,0.0,9.7,0,1008.2
2023-08-27 00:00:00,29.8,42,0.0,6.1,0,1008.3
2023-08-27 01:00:00,28.2,47,0.0,6.2,0,1008.0
2023-08-27 02:00:00,27.3,50,0.0,5.5,0,1007.5
2023-08-27 03:00:00,26.6,54,0.0,7.7,0,1007.0
2023-08-27 04:00:00,25.7,59,0.0,6.2,0,1006.9
2023-08-27 05:00:00,24.6,67,0.0,5.1,0,1006.9
2023-08-27 06:00:00,23.6,74,0.0,5.0,0,1006.8
2023-08-27 07:00:00,23.8,77,0.0,5.4,0,1007.0
2023-08-27 08:00:00,25.8,73,0.0,7.2,1,1007.3
2023-08-27 09:00:00,28.0,66,0.0,6.3,0,1007.2
2023-08-27 10:00:00,30.9,51,0.0,6.1,0,1007.2
2023-08-27 11:00:00,33.9,37,0.0,6.6,0,1006.9
2023-08-27 12:00:00,36.6,27,0.0,7.4,0,1006.5
2023-08-27 13:00:00,38.6,21,0.0,9.7,0,1005.9
2023-08-27 14:00:00,39.9,17,0.0,13.8,0,1005.2
2023-08-27 15:00:00,39.1,19,0.0,14.6,0,1005.6
2023-08-27 16:00:00,39.2,19,0.0,15.1,0,1005.3
2023-08-27 17:00:00,38.7,22,0.0,14.9,0,1004.9
2023-08-27 18:00:00,38.0,24,0.0,12.7,0,1004.6
2023-08-27 19:00:00,37.1,24,0.0,8.9,0,1004.5
2023-08-27 20:00:00,35.7,26,0.0,7.3,0,1004.7
2023-08-27 21:00:00,34.7,25,0.0,14.4,0,1005.5
2023-08-27 22:00:00,33.4,29,0.0,14.6,0,1006.4
2023-08-27 23:00:00,31.9,34,0.0,13.0,0,1006.4
2023-08-28 00:00:00,30.9,40,0.0,12.7,0,1006.5
2023-08-28 01:00:00,29.9,45,0.0,10.7,0,1006.4
2023-08-28 02:00:00,28.8,49,0.0,7.9,0,1006.2
2023-08-28 03:00:00,27.7,49,0.0,7.6,0,1006.0
2023-08-28 04:00:00,27.0,53,0.0,7.2,0,1006.2
2023-08-28 05:00:00,26.1,58,0.0,6.6,0,1006.5
2023-08-28 06:00:00,24.9,67,0.0,5.1,0,1006.6
2023-08-28 07:00:00,24.8,71,0.0,5.1,0,1006.9
2023-08-28 08:00:00,26.6,69,0.0,6.6,0,1007.0
2023-08-28 09:00:00,29.0,59,0.0,7.1,0,1007.1
2023-08-28 10:00:00,31.7,42,0.0,8.3,0,1006.9
2023-08-28 11:00:00,33.8,33,0.0,9.8,0,1006.5
2023-08-28 12:00:00,35.6,28,0.0,11.6,0,1005.9
2023-08-28 13:00:00,37.1,23,0.0,14.6,0,1005.5
2023-08-28 14:00:00,37.8,22,0.0,17.3,0,1004.8
2023-08-28 15:00:00,36.6,28,0.0,15.0,1,1005.0
2023-08-28 16:00:00,36.6,29,0.0,14.8,1,1004.5
2023-08-28 17:00:00,36.2,30,0.0,13.9,0,1004.1
2023-08-28 18:00:00,36.0,30,0.0,11.6,0,1003.7
2023-08-28 19:00:00,35.7,28,0.0,14.1,7,1003.4
2023-08-28 20:00:00,33.8,31,0.0,20.2,0,1004.2
2023-08-28 21:00:00,32.4,33,0.0,20.2,0,1005.1
2023-08-28 22:00:00,30.9,38,0.0,15.6,0,1005.7
2023-08-28 23:00:00,29.5,44,0.0,10.7,0,1005.7
2023-08-29 00:00:00,28.3,51,0.0,7.4,0,1005.7
2023-08-29 01:00:00,27.1,58,0.0,5.9,0,1005.6
2023-08-29 02:00:00,26.1,66,0.0,6.2,0,1005.5
2023-08-29 03:00:00,25.8,69,0.0,6.0,0,1005.4
2023-08-29 04:00:00,25.2,79,0.0,5.5,0,1005.1
2023-08-29 05:00:00,24.5,87,0.0,4.7,16,1004.8
2023-08-29 06:00:00,24.6,91,0.0,4.4,100,1004.7
2023-08-29 07:00:00,25.7,86,0.0,6.8,78,1005.0
2023-08-29 08:00:00,26.5,78,0.0,7.6,19,1005.4
2023-08-29 09:00:00,28.2,68,0.0,8.7,18,1005.6
2023-08-29 10:00:00,30.3,55,0.0,9.3,4,1005.7
2023-08-29 11:00:00,32.7,43,0.0,10.5,1,1005.5
2023-08-29 12:00:00,34.8,34,0.0,12.2,0,1004.9
2023-08-29 13:00:00,36.5,27,0.0,14.8,0,1004.5
2023-08-29 14:00:00,37.5,24,0.0,16.8,0,1003.9
2023-08-29 15:00:00,36.4,28,0.0,16.1,0,1004.4
2023-08-29 16:00:00,36.6,30,0.0,15.1,0,1004.0
2023-08-29 17:00:00,37.1,27,0.0,11.6,0,1003.2
2023-08-29 18:00:00,37.3,21,0.0,12.5,0,1002.8
2023-08-29 19:00:00,35.5,20,0.0,17.3,0,1003.1
2023-08-29 20:00:00,33.7,21,0.0,17.4,0,1004.0
2023-08-29 21:00:00,31.9,26,0.0,16.7,0,1005.2
2023-08-29 22:00:00,30.4,33,0.0,15.3,0,1005.9
2023-08-29 23:00:00,28.9,41,0.0,12.2,0,1006.3
2023-08-30 00:00:00,27.5,49,0.0,8.4,0,1006.7
2023-08-30 01:00:00,26.1,56,0.0,5.8,0,1006.7
2023-08-30 02:00:00,24.9,63,0.0,5.4,0,1006.5
2023-08-30 03:00:00,23.8,65,0.0,7.3,0,1006.2
2023-08-30 04:00:00,24.9,62,0.0,4.3,0,1006.2
2023-08-30 05:00:00,24.4,65,0.0,2.2,0,1006.0
2023-08-30 06:00:00,24.0,67,0.0,2.9,0,1006.1
2023-08-30 07:00:00,23.6,69,0.0,3.3,0,1006.2
2023-08-30 08:00:00,25.6,61,0.0,2.9,0,1006.9
2023-08-30 09:00:00,28.4,52,0.0,4.4,0,1007.2
2023-08-30 10:00:00,31.1,43,0.0,5.4,0,1007.5
2023-08-30 11:00:00,33.8,34,0.0,6.7,0,1007.3
2023-08-30 12:00:00,36.2,28,0.0,7.8,0,1006.9
2023-08-30 13:00:00,38.2,23,0.0,9.3,0,1006.5
2023-08-30 14:00:00,39.7,20,0.0,11.0,0,1005.8
2023-08-30 15:00:00,40.0,15,0.0,11.5,0,1005.9
2023-08-30 16:00:00,40.6,13,0.0,12.2,0,1005.3
2023-08-30 17:00:00,40.6,14,0.0,13.4,0,1005.1
2023-08-30 18:00:00,39.7,16,0.0,15.7,0,1005.1
2023-08-30 19:00:00,38.2,19,0.0,12.1,0,1005.6
2023-08-30 20:00:00,36.4,21,0.0,9.2,0,1005.8
2023-08-30 21:00:00,35.1,27,0.0,22.3,0,1007.2
2023-08-30 22:00:00,32.9,35,0.0,17.4,1,1008.1
2023-08-30 23:00:00,31.4,41,0.0,14.5,1,1008.5
2023-08-31 00:00:00,30.2,46,0.0,13.3,0,1008.5
2023-08-31 01:00:00,29.1,51,0.0,10.9,0,1008.5
2023-08-31 02:00:00,28.0,56,0.0,9.2,0,1008.3
2023-08-31 03:00:00,26.4,64,0.0,7.2,0,1008.6
2023-08-31 04:00:00,25.8,67,0.0,5.9,0,1008.6
2023-08-31 05:00:00,25.3,69,0.0,6.6,0,1008.4
2023-08-31 06:00:00,24.6,68,0.0,5.4,0,1008.4
2023-08-31 07:00:00,24.7,69,0.0,8.4,0,1009.1
2023-08-31 08:00:00,26.5,68,0.0,12.8,0,1009.7
2023-08-31 09:00:00,29.1,56,0.0,13.4,0,1010.1
2023-08-31 10:00:00,31.9,43,0.0,13.5,0,1010.3
2023-08-31 11:00:00,34.7,33,0.0,13.2,0,1010.5
2023-08-31 12:00:00,37.0,26,0.0,12.9,0,1009.9
2023-08-31 13:00:00,38.9,22,0.0,11.6,0,1009.4
2023-08-31 14:00:00,40.4,20,0.0,10.7,0,1008.7
2023-08-31 15:00:00,39.8,20,0.0,10.6,0,1008.6
2023-08-31 16:00:00,40.6,19,0.0,10.0,0,1008.0
2023-08-31 17:00:00,40.6,18,0.0,10.0,0,1007.5
2023-08-31 18:00:00,40.0,19,0.0,10.8,0,1007.4
2023-08-31 19:00:00,38.8,20,0.0,8.8,0,1007.3
2023-08-31 20:00:00,36.9,24,0.0,8.0,0,1007.6
2023-08-31 21:00:00,32.5,44,0.0,24.2,0,1009.3
2023-08-31 22:00:00,30.8,49,0.0,20.8,0,1010.3
2023-08-31 23:00:00,29.5,54,0.0,18.3,0,1010.9
2023-09-01 00:00:00,28.3,61,0.0,17.1,0,1011.3
2023-09-01 01:00:00,27.4,68,0.0,15.6,0,1011.2
2023-09-01 02:00:00,26.6,75,0.0,14.3,1,1010.9
2023-09-01 03:00:00,26.0,77,0.0,11.5,3,1010.7
2023-09-01 04:00:00,25.6,80,0.0,11.4,6,1010.5
2023-09-01 05:00:00,25.2,82,0.0,10.5,88,1010.5
2023-09-01 06:00:00,25.1,83,0.0,11.4,96,1010.6
2023-09-01 07:00:00,25.3,80,0.0,12.2,83,1010.9
2023-09-01 08:00:00,26.1,75,0.0,13.2,35,1010.9
2023-09-01 09:00:00,27.7,66,0.0,13.7,11,1010.8
2023-09-01 10:00:00,29.7,57,0.0,13.0,6,1010.9
2023-09-01 11:00:00,32.0,48,0.0,12.4,4,1010.6
2023-09-01 12:00:00,34.2,41,0.0,11.5,1,1010.1
2023-09-01 13:00:00,36.2,35,0.0,10.7,0,1009.5
2023-09-01 14:00:00,37.7,31,0.0,10.6,0,1008.8
2023-09-01 15:00:00,36.1,35,0.0,13.6,0,1009.0
2023-09-01 16:00:00,36.5,33,0.0,14.4,0,1008.5
2023-09-01 17:00:00,36.4,31,0.0,15.1,0,1008.2
2023-09-01 18:00:00,35.7,30,0.0,15.5,0,1008.0
2023-09-01 19:00:00,34.3,34,0.0,16.9,0,1008.2
2023-09-01 20:00:00,32.3,40,0.0,20.5,0,1009.0
2023-09-01 21:00:00,30.6,40,0.0,21.6,0,1009.9
2023-09-01 22:00:00,28.6,47,0.0,18.4,0,1010.7
2023-09-01 23:00:00,27.4,54,0.0,16.3,0,1011.1
2023-09-02 00:00:00,26.2,60,0.0,13.7,0,1011.4
2023-09-02 01:00:00,25.3,66,0.0,11.5,0,1011.2
2023-09-02 02:00:00,24.6,71,0.0,10.1,0,1010.8
2023-09-02 03:00:00,24.3,70,0.0,8.6,4,1010.7
2023-09-02 04:00:00,23.8,72,0.0,6.7,0,1010.6
2023-09-02 05:00:00,23.2,76,0.0,5.8,3,1010.6
2023-09-02 06:00:00,22.7,79,0.0,5.1,8,1010.4
2023-09-02 07:00:00,22.9,79,0.0,5.2,10,1010.6
2023-09-02 08:00:00,25.0,70,0.0,5.2,6,1010.7
2023-09-02 09:00:00,27.5,64,0.0,10.0,16,1010.7
2023-09-02 10:00:00,29.9,55,0.0,11.7,2,1010.8
2023-09-02 11:00:00,32.5,43,0.0,12.7,1,1010.6
2023-09-02 12:00:00,34.8,34,0.0,13.7,0,1010.0
2023-09-02 13:00:00,36.6,29,0.0,14.4,0,1009.5
2023-09-02 14:00:00,38.0,25,0.0,14.8,0,1008.8
2023-09-02 15:00:00,37.5,27,0.0,15.4,0,1008.9
2023-09-02 16:00:00,38.0,25,0.0,16.1,0,1008.3
2023-09-02 17:00:00,37.8,24,0.0,16.5,0,1007.8
2023-09-02 18:00:00,36.9,25,0.0,18.3,0,1007.5
2023-09-02 19:00:00,34.8,28,0.0,19.4,0,1007.7
2023-09-02 20:00:00,33.0,32,0.0,20.0,0,1008.5
2023-09-02 21:00:00,31.1,37,0.0,19.3,0,1009.4
2023-09-02 22:00:00,29.7,43,0.0,16.4,0,1009.9
2023-09-02 23:00:00,28.2,52,0.0,14.9,0,1009.9
2023-09-03 00:00:00,26.8,63,0.0,14.5,0,1010.2
2023-09-03 01:00:00,25.7,71,0.0,11.2,0,1010.2
2023-09-03 02:00:00,25.0,75,0.0,7.1,7,1009.8
2023-09-03 03:00:00,24.4,77,0.0,4.6,45,1009.4
2023-09-03 04:00:00,23.9,80,0.0,5.2,3,1009.1
2023-09-03 05:00:00,23.5,83,0.0,5.6,22,1009.0
2023-09-03 06:00:00,23.3,85,0.0,5.9,8,1009.0
2023-09-03 07:00:00,23.5,84,0.0,7.9,3,1009.0
2023-09-03 08:00:00,25.4,74,0.0,9.0,4,1009.2
2023-09-03 09:00:00,27.6,62,0.0,11.7,12,1009.2
2023-09-03 10:00:00,29.4,50,0.0,10.6,4,1009.2
2023-09-03 11:00:00,31.4,41,0.0,9.8,0,1008.8
2023-09-03 12:00:00,33.1,35,0.0,10.0,1,1007.9
2023-09-03 13:00:00,34.6,32,0.0,9.9,4,1007.4
2023-09-03 14:00:00,35.7,30,0.0,10.5,3,1006.5
2023-09-03 15:00:00,35.0,32,0.0,12.2,3,1006.3
2023-09-03 16:00:00,35.9,29,0.0,14.7,61,1005.7
2023-09-03 17:00:00,35.7,28,0.0,16.3,32,1005.0
2023-09-03 18:00:00,34.2,34,0.0,18.5,55,1004.9
2023-09-03 19:00:00,33.1,36,0.0,16.1,3,1005.0
2023-09-03 20:00:00,32.1,38,0.0,13.9,1,1005.3
2023-09-03 21:00:00,31.0,40,0.0,17.9,11,1006.3
2023-09-03 22:00:00,29.5,46,0.0,17.3,0,1006.8
2023-09-03 23:00:00,28.4,51,0.0,14.4,0,1007.0
2023-09-04 00:00:00,27.5,55,0.0,10.2,0,1007.1
2023-09-04 01:00:00,26.7,58,0.0,7.6,0,1006.8
2023-09-04 02:00:00,25.8,62,0.0,5.4,0,1006.6
2023-09-04 03:00:00,24.5,67,0.0,4.5,0,1005.7
2023-09-04 04:00:00,23.2,73,0.0,6.1,0,1005.4
2023-09-04 05:00:00,22.6,76,0.0,5.9,0,1005.4
2023-09-04 06:00:00,22.0,81,0.0,7.4,0,1005.3
2023-09-04 07:00:00,22.6,80,0.0,5.1,0,1005.4
2023-09-04 08:00:00,24.8,70,0.0,2.1,0,1005.4
2023-09-04 09:00:00,27.3,59,0.0,2.2,0,1005.4
2023-09-04 10:00:00,29.1,52,0.0,3.2,5,1005.5
2023-09-04 11:00:00,31.0,44,0.0,4.7,9,1005.4
2023-09-04 12:00:00,32.8,37,0.0,6.5,3,1005.0
2023-09-04 13:00:00,34.2,30,0.0,10.1,1,1004.4
2023-09-04 14:00:00,35.1,26,0.0,13.0,0,1003.8
2023-09-04 15:00:00,34.3,30,0.0,13.7,1,1003.8
2023-09-04 16:00:00,34.3,29,0.0,12.7,2,1003.3
2023-09-04 17:00:00,34.3,27,0.0,10.8,1,1002.6
2023-09-04 18:00:00,33.7,28,0.0,9.0,1,1002.3
2023-09-04 19:00:00,32.4,30,0.0,8.6,0,1002.5
2023-09-04 20:00:00,31.0,32,0.0,5.7,0,1002.8
2023-09-04 21:00:00,30.0,34,0.0,5.6,0,1003.5
2023-09-04 22:00:00,28.9,36,0.0,5.6,0,1003.9
2023-09-04 23:00:00,28.4,38,0.0,7.3,0,1004.1
2023-09-05 00:00:00,27.5,43,0.0,8.7,0,1004.5
2023-09-05 01:00:00,26.7,63,0.0,9.4,0,1004.7
2023-09-05 02:00:00,26.3,68,0.0,9.7,0,1004.8
2023-09-05 03:00:00,26.2,67,0.0,8.5,0,1003.8
2023-09-05 04:00:00,25.3,70,0.0,8.4,0,1003.8
2023-09-05 05:00:00,24.5,73,0.0,6.5,0,1003.7
2023-09-05 06:00:00,24.3,73,0.0,3.2,0,1004.0
2023-09-05 07:00:00,23.7,77,0.0,2.3,0,1004.3
2023-09-05 08:00:00,25.5,69,0.0,3.5,0,1004.7
2023-09-05 09:00:00,28.7,53,0.0,2.6,0,1005.0
2023-09-05 10:00:00,32.3,35,0.0,6.6,0,1005.3
2023-09-05 11:00:00,35.0,25,0.0,8.0,0,1005.4
2023-09-05 12:00:00,36.4,22,0.0,9.2,0,1005.2
2023-09-05 13:00:00,37.3,20,0.0,9.7,0,1004.9
2023-09-05 14:00:00,37.9,18,0.0,9.9,0,1004.6
2023-09-05 15:00:00,38.1,17,0.0,11.2,0,1004.6
2023-09-05 16:00:00,38.2,17,0.0,11.0,0,1004.4
2023-09-05 17:00:00,38.1,17,0.0,9.2,0,1004.0
2023-09-05 18:00:00,37.2,18,0.0,8.7,0,1004.2
2023-09-05 19:00:00,35.6,18,0.0,11.4,0,1004.4
2023-09-05 20:00:00,34.0,18,0.0,10.8,0,1004.8
2023-09-05 21:00:00,32.6,20,0.0,7.9,0,1005.6
2023-09-05 22:00:00,30.9,23,0.0,6.1,0,1006.2
2023-09-05 23:00:00,30.2,25,0.0,7.1,0,1006.4
2023-09-06 00:00:00,29.3,27,0.0,8.0,0,1006.7
2023-09-06 01:00:00,27.2,31,0.0,9.4,0,1007.0
2023-09-06 02:00:00,26.5,33,0.0,7.1,0,1007.3
2023-09-06 03:00:00,25.0,40,0.0,5.2,0,1007.3
2023-09-06 04:00:00,24.3,41,0.0,2.5,0,1007.4
2023-09-06 05:00:00,23.3,44,0.0,5.5,0,1007.2
2023-09-06 06:00:00,23.0,44,0.0,7.2,0,1007.4
2023-09-06 07:00:00,23.0,43,0.0,7.6,0,1007.6
2023-09-06 08:00:00,27.2,32,0.0,8.7,0,1008.1
2023-09-06 09:00:00,31.1,24,0.0,6.5,0,1008.4
2023-09-06 10:00:00,34.9,19,0.0,7.6,0,1008.4
2023-09-06 11:00:00,37.4,15,0.0,6.9,0,1008.4
2023-09-06 12:00:00,38.7,14,0.0,7.6,0,1008.2
2023-09-06 13:00:00,39.7,13,0.0,9.5,0,1008.0
2023-09-06 14:00:00,40.4,12,0.0,11.5,0,1007.6
2023-09-06 15:00:00,40.0,12,0.0,12.3,0,1007.8
2023-09-06 16:00:00,39.9,12,0.0,10.9,0,1007.5
2023-09-06 17:00:00,39.3,12,0.0,10.7,0,1007.2
2023-09-06 18:00:00,38.5,13,0.0,8.9,0,1007.0
2023-09-06 19:00:00,35.9,15,0.0,5.8,0,1006.8
2023-09-06 20:00:00,34.3,17,0.0,7.6,0,1007.0
2023-09-06 21:00:00,33.6,19,0.0,11.0,0,1007.6
2023-09-06 22:00:00,31.9,22,0.0,8.8,0,1007.9
2023-09-06 23:00:00,31.4,33,0.0,17.4,0,1008.1
2023-09-07 00:00:00,30.3,41,0.0,15.0,0,1008.3
2023-09-07 01:00:00,29.5,42,0.0,15.6,0,1007.8
2023-09-07 02:00:00,29.1,41,0.0,16.3,0,1007.0
2023-09-07 03:00:00,28.1,46,0.0,11.4,0,1006.8
2023-09-07 04:00:00,27.0,47,0.0,7.1,0,1006.7
2023-09-07 05:00:00,25.4,51,0.0,6.8,0,1006.5
2023-09-07 06:00:00,24.5,52,0.0,8.9,0,1006.4
2023-09-07 07:00:00,25.3,48,0.0,7.1,0,1006.5
2023-09-07 08:00:00,28.6,39,0.0,3.6,0,1006.9
2023-09-07 09:00:00,32.4,29,0.0,4.5,0,1006.8
2023-09-07 10:00:00,36.9,20,0.0,8.7,0,1006.8
2023-09-07 11:00:00,40.4,14,0.0,12.3,0,1006.4
2023-09-07 12:00:00,42.4,12,0.0,12.5,0,1005.8
2023-09-07 13:00:00,43.7,11,0.0,8.7,0,1005.3
2023-09-07 14:00:00,44.7,10,0.0,4.0,0,1004.3
2023-09-07 15:00:00,44.5,9,0.0,5.9,0,1004.0
2023-09-07 16:00:00,44.7,9,0.0,16.0,0,1003.6
2023-09-07 17:00:00,43.5,10,0.0,19.7,0,1003.5
2023-09-07 18:00:00,43.1,9,0.0,10.0,0,1003.3
2023-09-07 19:00:00,40.2,11,0.0,6.2,0,1003.1
2023-09-07 20:00:00,36.8,14,0.0,6.2,0,1003.6
2023-09-07 21:00:00,35.7,27,0.0,20.8,0,1004.4
2023-09-07 22:00:00,35.0,30,0.0,21.4,0,1004.5
2023-09-07 23:00:00,33.5,32,0.0,16.1,0,1004.6
2023-09-08 00:00:00,32.0,34,0.0,6.1,0,1004.6
2023-09-08 01:00:00,30.1,37,0.0,6.7,0,1004.4
2023-09-08 02:00:00,31.0,35,0.0,0.5,0,1004.3
2023-09-08 03:00:00,28.0,44,0.0,6.3,0,1004.1
2023-09-08 04:00:00,26.9,42,0.0,6.8,0,1004.2
2023-09-08 05:00:00,26.5,33,0.0,12.7,0,1004.3
2023-09-08 06:00:00,27.0,30,0.0,10.2,0,1004.7
2023-09-08 07:00:00,27.0,32,0.0,8.9,0,1005.5
2023-09-08 08:00:00,30.1,29,0.0,5.0,0,1005.7
2023-09-08 09:00:00,32.4,30,0.0,6.8,0,1005.9
2023-09-08 10:00:00,35.0,31,0.0,9.8,0,1005.8
2023-09-08 11:00:00,37.6,26,0.0,12.9,0,1005.9
2023-09-08 12:00:00,39.5,21,0.0,14.9,0,1005.6
2023-09-08 13:00:00,40.8,17,0.0,16.6,0,1005.3
2023-09-08 14:00:00,41.2,15,0.0,17.6,0,1004.9
2023-09-08 15:00:00,39.2,20,0.0,16.9,0,1005.4
2023-09-08 16:00:00,39.1,18,0.0,16.5,0,1005.0
2023-09-08 17:00:00,38.6,18,0.0,13.5,0,1004.7
2023-09-08 18:00:00,37.6,20,0.0,12.4,0,1004.9
2023-09-08 19:00:00,35.7,25,0.0,13.1,0,1005.3
2023-09-08 20:00:00,34.1,28,0.0,14.0,0,1005.7
2023-09-08 21:00:00,32.9,30,0.0,13.4,0,1006.6
2023-09-08 22:00:00,31.5,34,0.0,13.1,0,1007.3
2023-09-08 23:00:00,30.0,40,0.0,8.6,0,1007.6
2023-09-09 00:00:00,28.7,46,0.0,6.1,0,1007.9
2023-09-09 01:00:00,26.9,52,0.0,6.9,0,1008.0
2023-09-09 02:00:00,26.5,55,0.0,6.6,0,1007.9
2023-09-09 03:00:00,27.3,51,0.0,3.1,0,1007.7
2023-09-09 04:00:00,25.2,58,0.0,6.0,0,1007.6
2023-09-09 05:00:00,24.8,59,0.0,5.0,0,1007.6
2023-09-09 06:00:00,24.3,62,0.0,4.4,0,1007.7
2023-09-09 07:00:00,23.6,65,0.0,4.7,0,1007.7
2023-09-09 08:00:00,27.0,53,0.0,1.9,0,1008.2
2023-09-09 09:00:00,30.3,41,0.0,2.9,0,1008.2
2023-09-09 10:00:00,33.1,33,0.0,5.4,0,1008.3
2023-09-09 11:00:00,35.5,27,0.0,6.4,0,1008.2
2023-09-09 12:00:00,37.3,23,0.0,8.4,0,1007.9
2023-09-09 13:00:00,38.6,19,0.0,11.4,0,1007.1
2023-09-09 14:00:00,39.1,18,0.0,14.3,0,1006.7
2023-09-09 15:00:00,37.9,21,0.0,14.8,0,1007.1
2023-09-09 16:00:00,38.0,20,0.0,14.2,0,1006.5
2023-09-09 17:00:00,37.2,21,0.0,14.0,0,1006.3
2023-09-09 18:00:00,36.7,22,0.0,10.3,0,1006.0
2023-09-09 19:00:00,35.3,25,0.0,6.3,0,1006.1
2023-09-09 20:00:00,34.3,27,0.0,10.0,6,1006.6
2023-09-09 21:00:00,33.2,29,0.0,15.2,0,1007.7
2023-09-09 22:00:00,32.2,27,0.0,12.1,1,1008.4
2023-09-09 23:00:00,31.0,31,0.0,10.2,0,1008.5
2023-09-10 00:00:00,29.8,45,0.0,8.7,0,1008.5
2023-09-10 01:00:00,28.7,55,0.0,6.6,0,1008.2
2023-09-10 02:00:00,27.1,60,0.0,6.8,0,1007.9
2023-09-10 03:00:00,27.2,58,0.0,6.5,0,1006.9
2023-09-10 04:00:00,27.3,55,0.0,6.0,0,1006.5
2023-09-10 05:00:00,26.3,59,0.0,3.2,0,1006.4
2023-09-10 06:00:00,24.4,69,0.0,5.4,0,1006.5
2023-09-10 07:00:00,24.2,72,0.0,5.4,0,1006.3
2023-09-10 08:00:00,27.3,59,0.0,3.6,0,1006.7
2023-09-10 09:00:00,31.3,38,0.0,3.1,0,1006.5
2023-09-10 10:00:00,34.1,28,0.0,5.5,0,1006.7
2023-09-10 11:00:00,36.1,24,0.0,7.4,0,1006.5
2023-09-10 12:00:00,37.7,20,0.0,7.6,0,1005.8
2023-09-10 13:00:00,38.9,18,0.0,10.0,0,1005.2
2023-09-10 14:00:00,39.7,16,0.0,11.8,0,1004.5
2023-09-10 15:00:00,39.0,18,0.0,11.8,0,1004.6
2023-09-10 16:00:00,39.0,18,0.0,11.5,0,1004.1
2023-09-10 17:00:00,38.6,18,0.0,8.0,0,1003.5
2023-09-10 18:00:00,38.1,18,0.0,5.6,1,1003.2
2023-09-10 19:00:00,36.4,20,0.0,5.2,12,1003.3
2023-09-10 20:00:00,34.8,24,0.0,4.7,33,1003.5
2023-09-10 21:00:00,33.9,25,0.0,4.7,29,1004.1
2023-09-10 22:00:00,32.8,32,0.0,20.1,8,1005.0
2023-09-10 23:00:00,31.2,44,0.0,16.0,2,1005.0
2023-09-11 00:00:00,30.5,47,0.0,16.6,0,1004.5
2023-09-11 01:00:00,29.7,47,0.0,11.6,0,1004.4
2023-09-11 02:00:00,29.0,44,0.0,8.5,0,1003.6
2023-09-11 03:00:00,28.1,47,0.0,5.6,4,1002.7
2023-09-11 04:00:00,27.0,51,0.0,2.6,0,1002.6
2023-09-11 05:00:00,26.1,55,0.0,2.5,0,1002.6
2023-09-11 06:00:00,27.3,52,0.0,1.5,0,1002.4
2023-09-11 07:00:00,25.5,58,0.0,5.7,0,1002.6
2023-09-11 08:00:00,28.7,43,0.0,6.7,0,1003.1
2023-09-11 09:00:00,32.3,31,0.0,9.7,0,1003.3
2023-09-11 10:00:00,35.3,24,0.0,17.6,0,1003.4
2023-09-11 11:00:00,37.1,21,0.0,18.2,0,1003.2
2023-09-11 12:00:00,38.0,20,0.0,16.6,0,1002.7
2023-09-11 13:00:00,38.6,19,0.0,15.9,0,1002.2
2023-09-11 14:00:00,38.7,20,0.0,16.8,0,1001.7
2023-09-11 15:00:00,38.6,19,0.0,18.1,0,1001.3
2023-09-11 16:00:00,37.5,19,0.0,25.4,0,1000.7
2023-09-11 17:00:00,36.9,19,0.0,21.9,0,1000.8
2023-09-11 18:00:00,35.5,21,0.0,20.7,0,1000.8
2023-09-11 19:00:00,34.3,23,0.0,15.0,0,1000.5
2023-09-11 20:00:00,33.3,24,0.0,14.6,0,1000.6
2023-09-11 21:00:00,32.8,25,0.0,15.8,0,1001.2
2023-09-11 22:00:00,32.2,26,0.0,13.9,0,1001.8
2023-09-11 23:00:00,31.4,28,0.0,13.0,1,1002.1
2023-09-12 00:00:00,30.3,31,0.0,10.4,1,1002.4
2023-09-12 01:00:00,29.3,35,0.0,7.6,0,1002.5
2023-09-12 02:00:00,28.1,40,0.0,6.4,2,1002.3
2023-09-12 03:00:00,28.0,42,0.0,9.5,13,1002.4
2023-09-12 04:00:00,28.1,48,0.0,12.1,7,1002.3
2023-09-12 05:00:00,27.5,51,0.0,15.8,0,1002.3
2023-09-12 06:00:00,26.3,54,0.0,15.1,0,1002.7
2023-09-12 07:00:00,25.2,57,0.0,18.2,0,1003.3
2023-09-12 08:00:00,25.7,58,0.0,21.1,11,1004.0
2023-09-12 09:00:00,26.9,57,0.0,22.1,11,1004.3
2023-09-12 10:00:00,28.7,53,0.0,24.5,57,1004.6
2023-09-12 11:00:00,29.1,52,0.0,21.9,93,1004.9
2023-09-12 12:00:00,30.1,49,0.0,22.4,97,1004.7
2023-09-12 13:00:00,31.5,45,0.0,22.6,100,1004.4
2023-09-12 14:00:00,31.4,46,0.0,20.4,71,1004.3
2023-09-12 15:00:00,32.2,41,0.0,17.1,100,1003.9
2023-09-12 16:00:00,32.1,41,0.0,19.9,100,1003.9
2023-09-12 17:00:00,30.8,45,0.0,15.6,66,1004.2
2023-09-12 18:00:00,30.6,45,0.0,18.4,21,1004.7
2023-09-12 19:00:00,29.6,46,0.0,13.0,20,1005.1
2023-09-12 20:00:00,28.8,48,0.0,6.8,8,1005.4
2023-09-12 21:00:00,28.1,51,0.0,6.2,2,1006.5
2023-09-12 22:00:00,27.0,55,0.0,4.7,0,1007.3
2023-09-12 23:00:00,27.0,56,0.0,7.5,1,1007.6
2023-09-13 00:00:00,26.6,64,0.0,8.3,1,1007.8
2023-09-13 01:00:00,25.8,72,0.0,5.4,4,1008.0
2023-09-13 02:00:00,25.4,76,0.0,5.1,11,1007.9
2023-09-13 03:00:00,23.7,89,0.1,2.2,22,1007.9
2023-09-13 04:00:00,23.3,94,0.0,2.6,9,1007.9
2023-09-13 05:00:00,23.1,94,0.0,3.8,19,1007.9
2023-09-13 06:00:00,23.2,92,0.0,6.1,8,1008.0
2023-09-13 07:00:00,23.7,89,0.0,6.1,3,1008.5
2023-09-13 08:00:00,26.0,77,0.0,8.2,5,1009.1
2023-09-13 09:00:00,28.2,62,0.0,11.8,4,1009.2
2023-09-13 10:00:00,30.4,49,0.0,11.7,5,1009.5
2023-09-13 11:00:00,32.3,39,0.0,12.1,9,1009.4
2023-09-13 12:00:00,33.8,32,0.0,12.7,25,1009.1
2023-09-13 13:00:00,34.9,28,0.0,11.1,20,1008.5
2023-09-13 14:00:00,36.4,24,0.0,12.3,11,1007.8
2023-09-13 15:00:00,35.3,28,0.0,15.8,7,1008.6
2023-09-13 16:00:00,35.8,25,0.0,17.1,22,1008.1
2023-09-13 17:00:00,35.1,26,0.0,18.2,8,1007.8
2023-09-13 18:00:00,33.7,28,0.0,19.7,6,1008.0
2023-09-13 19:00:00,31.8,30,0.0,18.8,2,1008.3
2023-09-13 20:00:00,30.7,32,0.0,17.7,0,1008.8
2023-09-13 21:00:00,29.2,37,0.0,18.2,0,1009.6
2023-09-13 22:00:00,27.9,44,0.0,16.1,0,1010.3
2023-09-13 23:00:00,26.8,51,0.0,13.9,0,1010.7
2023-09-14 00:00:00,25.8,59,0.0,11.0,0,1010.8
2023-09-14 01:00:00,24.9,66,0.0,8.9,0,1010.7
2023-09-14 02:00:00,23.9,73,0.0,6.7,0,1010.5
2023-09-14 03:00:00,22.6,76,0.0,5.1,0,1010.0
2023-09-14 04:00:00,21.9,82,0.0,5.4,0,1009.8
2023-09-14 05:00:00,21.2,88,0.0,6.9,0,1009.8
2023-09-14 06:00:00,20.6,92,0.0,8.0,0,1009.9
2023-09-14 07:00:00,20.4,94,0.0,7.9,0,1010.1
2023-09-14 08:00:00,23.3,80,0.0,4.6,3,1010.3
2023-09-14 09:00:00,25.8,69,0.0,6.9,3,1010.5
2023-09-14 10:00:00,28.0,55,0.0,6.5,0,1010.6
2023-09-14 11:00:00,30.5,42,0.0,5.8,0,1010.3
2023-09-14 12:00:00,32.8,32,0.0,6.1,0,1009.7
2023-09-14 13:00:00,34.5,24,0.0,7.2,0,1009.1
2023-09-14 14:00:00,35.7,21,0.0,7.8,0,1008.1
2023-09-14 15:00:00,35.2,22,0.0,9.4,0,1008.2
2023-09-14 16:00:00,35.5,21,0.0,11.8,0,1007.5
2023-09-14 17:00:00,35.1,21,0.0,13.3,0,1007.1
2023-09-14 18:00:00,34.2,22,0.0,15.6,0,1006.8
2023-09-14 19:00:00,33.1,25,0.0,11.9,0,1006.7
2023-09-14 20:00:00,31.6,27,0.0,7.1,3,1006.9
2023-09-14 21:00:00,30.3,34,0.0,19.4,0,1008.3
2023-09-14 22:00:00,28.9,39,0.0,16.7,0,1009.2
2023-09-14 23:00:00,27.7,45,0.0,14.3,0,1009.8
2023-09-15 00:00:00,26.6,52,0.0,12.6,0,1010.1
2023-09-15 01:00:00,25.4,62,0.0,10.9,0,1010.2
2023-09-15 02:00:00,24.4,70,0.0,8.8,0,1009.9
2023-09-15 03:00:00,23.4,77,0.0,7.4,4,1009.5
2023-09-15 04:00:00,22.9,81,0.0,6.2,12,1009.5
2023-09-15 05:00:00,22.3,86,0.0,6.2,36,1009.5
2023-09-15 06:00:00,22.0,89,0.0,5.2,99,1009.8
2023-09-15 07:00:00,22.5,88,0.0,4.7,100,1010.0
2023-09-15 08:00:00,23.9,80,0.0,9.4,32,1010.3
2023-09-15 09:00:00,25.5,69,0.0,8.8,16,1010.7
2023-09-15 10:00:00,27.6,57,0.0,8.5,12,1010.7
2023-09-15 11:00:00,30.0,46,0.0,7.6,4,1010.5
2023-09-15 12:00:00,32.4,35,0.0,6.9,0,1010.0
2023-09-15 13:00:00,34.5,26,0.0,6.7,0,1009.6
2023-09-15 14:00:00,36.0,21,0.0,9.4,0,1008.8
2023-09-15 15:00:00,35.1,22,0.0,13.5,0,1008.8
2023-09-15 16:00:00,35.2,22,0.0,14.9,0,1008.4
2023-09-15 17:00:00,34.8,24,0.0,14.8,0,1007.8
2023-09-15 18:00:00,33.8,28,0.0,14.8,0,1007.6
2023-09-15 19:00:00,32.9,28,0.0,13.4,0,1007.7
2023-09-15 20:00:00,31.3,24,0.0,19.5,0,1008.0
2023-09-15 21:00:00,29.7,27,0.0,18.5,0,1009.1
2023-09-15 22:00:00,28.1,35,0.0,15.8,0,1009.9
2023-09-15 23:00:00,26.6,46,0.0,13.4,0,1010.2
2023-09-16 00:00:00,25.3,57,0.0,11.2,0,1010.3
2023-09-16 01:00:00,24.2,67,0.0,9.5,0,1010.1
2023-09-16 02:00:00,23.2,76,0.0,7.3,7,1009.8
2023-09-16 03:00:00,22.9,70,0.0,5.2,39,1009.6
2023-09-16 04:00:00,23.8,69,0.0,3.7,100,1009.5
2023-09-16 05:00:00,24.4,68,0.0,2.9,93,1009.5
2023-09-16 06:00:00,24.4,70,0.0,3.6,100,1009.6
2023-09-16 07:00:00,24.5,71,0.0,4.5,100,1009.8
2023-09-16 08:00:00,25.6,69,0.0,10.0,13,1010.1
2023-09-16 09:00:00,27.0,62,0.0,10.9,18,1010.0
2023-09-16 10:00:00,28.7,52,0.0,10.1,3,1010.2
2023-09-16 11:00:00,30.6,43,0.0,9.6,0,1010.0
2023-09-16 12:00:00,32.5,34,0.0,10.0,0,1009.5
2023-09-16 13:00:00,34.1,28,0.0,10.5,0,1008.8
2023-09-16 14:00:00,35.5,24,0.0,11.0,0,1008.0
2023-09-16 15:00:00,34.7,24,0.0,11.4,0,1008.3
2023-09-16 16:00:00,35.2,21,0.0,11.9,0,1007.8
2023-09-16 17:00:00,35.1,18,0.0,13.4,0,1007.4
2023-09-16 18:00:00,34.1,19,0.0,14.2,0,1007.2
2023-09-16 19:00:00,32.5,22,0.0,10.3,0,1007.3
2023-09-16 20:00:00,31.1,24,0.0,8.9,0,1007.5
2023-09-16 21:00:00,30.2,30,0.0,18.7,0,1008.4
2023-09-16 22:00:00,28.7,32,0.0,15.7,0,1009.3
2023-09-16 23:00:00,27.3,37,0.0,13.0,0,1009.5
2023-09-17 00:00:00,26.0,44,0.0,11.7,0,1009.5
2023-09-17 01:00:00,24.7,53,0.0,10.5,0,1009.3
2023-09-17 02:00:00,23.5,63,0.0,8.6,0,1009.1
2023-09-17 03:00:00,22.5,71,0.0,8.6,0,1008.5
2023-09-17 04:00:00,22.1,77,0.0,6.8,0,1008.6
2023-09-17 05:00:00,21.2,84,0.0,5.4,0,1008.5
2023-09-17 06:00:00,20.3,90,0.0,5.0,0,1008.4
2023-09-17 07:00:00,20.0,94,0.0,4.7,0,1008.3
2023-09-17 08:00:00,22.4,82,0.0,6.1,0,1008.5
2023-09-17 09:00:00,24.8,71,0.0,6.8,0,1008.8
2023-09-17 10:00:00,27.7,53,0.0,6.6,0,1008.8
2023-09-17 11:00:00,30.8,37,0.0,7.2,0,1008.8
2023-09-17 12:00:00,33.2,27,0.0,7.6,0,1008.3
2023-09-17 13:00:00,35.1,22,0.0,7.6,0,1007.5
2023-09-17 14:00:00,36.5,18,0.0,7.9,0,1006.8
2023-09-17 15:00:00,36.5,19,0.0,9.4,0,1006.5
2023-09-17 16:00:00,37.1,18,0.0,11.5,0,1006.0
2023-09-17 17:00:00,36.9,18,0.0,12.6,0,1005.6
2023-09-17 18:00:00,36.1,18,0.0,11.9,0,1005.5
2023-09-17 19:00:00,34.2,20,0.0,6.9,0,1005.3
2023-09-17 20:00:00,32.3,23,0.0,5.7,0,1005.6
2023-09-17 21:00:00,31.5,32,0.0,20.3,0,1006.7
2023-09-17 22:00:00,30.0,40,0.0,15.6,0,1007.6
2023-09-17 23:00:00,28.6,47,0.0,13.0,0,1007.7
2023-09-18 00:00:00,27.2,56,0.0,13.0,0,1007.7
2023-09-18 01:00:00,26.0,68,0.0,12.1,0,1007.7
2023-09-18 02:00:00,24.9,78,0.0,10.0,0,1007.6
2023-09-18 03:00:00,24.2,82,0.0,7.2,1,1007.1
2023-09-18 04:00:00,24.6,84,0.0,7.4,100,1007.0
2023-09-18 05:00:00,25.1,82,0.0,10.0,100,1006.9
2023-09-18 06:00:00,25.1,81,0.0,8.0,100,1006.7
2023-09-18 07:00:00,25.0,81,0.0,7.4,100,1006.8
2023-09-18 08:00:00,25.4,78,0.0,7.9,90,1007.0
2023-09-18 09:00:00,26.8,70,0.0,7.5,19,1007.2
2023-09-18 10:00:00,28.8,61,0.0,6.4,32,1007.2
2023-09-18 11:00:00,31.0,51,0.0,5.4,5,1007.0
2023-09-18 12:00:00,33.4,41,0.0,7.1,0,1006.8
2023-09-18 13:00:00,35.4,32,0.0,10.0,0,1006.3
2023-09-18 14:00:00,36.7,26,0.0,13.3,0,1006.0
2023-09-18 15:00:00,35.5,28,0.0,15.1,0,1006.1
2023-09-18 16:00:00,35.7,26,0.0,14.8,0,1005.6
2023-09-18 17:00:00,35.5,26,0.0,14.5,0,1005.2
2023-09-18 18:00:00,34.8,28,0.0,14.6,0,1005.0
2023-09-18 19:00:00,33.0,29,0.0,15.5,0,1005.3
2023-09-18 20:00:00,31.7,31,0.0,15.6,0,1005.6
2023-09-18 21:00:00,30.2,36,0.0,15.3,0,1006.3
2023-09-18 22:00:00,28.7,44,0.0,12.8,0,1006.9
2023-09-18 23:00:00,27.4,52,0.0,10.1,0,1007.4
2023-09-19 00:00:00,26.4,59,0.0,9.0,0,1007.8
2023-09-19 01:00:00,25.4,65,0.0,9.1,0,1008.0
2023-09-19 02:00:00,24.3,73,0.0,7.3,0,1008.1
2023-09-19 03:00:00,23.4,76,0.0,5.1,0,1007.7
2023-09-19 04:00:00,22.6,81,0.0,5.0,0,1007.5
2023-09-19 05:00:00,22.1,85,0.0,5.4,2,1007.4
2023-09-19 06:00:00,22.1,87,0.0,4.7,9,1007.5
2023-09-19 07:00:00,22.0,88,0.0,3.7,7,1007.8
2023-09-19 08:00:00,23.9,79,0.0,2.8,2,1008.0
2023-09-19 09:00:00,26.0,70,0.0,3.5,30,1008.5
2023-09-19 10:00:00,28.3,58,0.0,7.0,27,1008.8
2023-09-19 11:00:00,30.1,49,0.0,8.6,18,1008.6
2023-09-19 12:00:00,31.7,43,0.0,10.7,5,1008.2
2023-09-19 13:00:00,32.9,37,0.0,12.5,4,1007.7
2023-09-19 14:00:00,34.0,33,0.0,12.9,3,1007.2
2023-09-19 15:00:00,33.5,35,0.0,11.6,0,1007.0
2023-09-19 16:00:00,33.9,33,0.0,11.1,1,1006.7
2023-09-19 17:00:00,33.7,31,0.0,10.7,0,1006.2
2023-09-19 18:00:00,33.1,32,0.0,10.9,2,1006.3
2023-09-19 19:00:00,31.7,35,0.0,9.7,2,1006.5
2023-09-19 20:00:00,30.8,38,0.0,13.8,4,1006.9
2023-09-19 21:00:00,29.6,41,0.0,17.4,0,1008.1
2023-09-19 22:00:00,28.0,49,0.0,15.5,0,1009.2
2023-09-19 23:00:00,26.7,57,0.0,13.1,0,1009.6
2023-09-20 00:00:00,25.8,62,0.0,10.1,0,1009.8
2023-09-20 01:00:00,25.0,68,0.0,9.9,0,1010.1
2023-09-20 02:00:00,24.1,73,0.0,7.8,3,1010.0
2023-09-20 03:00:00,23.9,75,0.0,6.4,17,1009.7
2023-09-20 04:00:00,23.3,79,0.0,4.8,100,1009.6
2023-09-20 05:00:00,23.7,78,0.0,2.9,100,1009.5
2023-09-20 06:00:00,24.2,78,0.0,6.8,100,1009.6
2023-09-20 07:00:00,24.1,80,0.0,5.8,81,1009.9
2023-09-20 08:00:00,25.0,75,0.0,6.2,18,1010.1
2023-09-20 09:00:00,26.6,66,0.0,8.3,6,1010.5
2023-09-20 10:00:00,28.7,56,0.0,10.3,6,1010.8
2023-09-20 11:00:00,30.8,46,0.0,11.2,8,1010.6
2023-09-20 12:00:00,32.6,37,0.0,11.7,21,1010.4
2023-09-20 13:00:00,33.5,33,0.0,11.6,17,1009.9
2023-09-20 14:00:00,34.6,29,0.0,11.3,11,1009.2
2023-09-20 15:00:00,33.0,35,0.0,12.7,5,1009.6
2023-09-20 16:00:00,33.4,33,0.0,10.7,15,1009.1
2023-09-20 17:00:00,33.4,32,0.0,10.7,16,1008.7
2023-09-20 18:00:00,32.7,33,0.0,12.9,13,1008.4
2023-09-20 19:00:00,31.4,36,0.0,11.6,3,1008.6
2023-09-20 20:00:00,30.8,37,0.0,11.7,1,1008.8
2023-09-20 21:00:00,29.1,44,0.0,18.2,1,1009.9
2023-09-20 22:00:00,27.6,49,0.0,17.4,1,1010.7
2023-09-20 23:00:00,26.2,58,0.0,15.1,0,1011.2
2023-09-21 00:00:00,25.3,65,0.0,12.3,0,1011.3
2023-09-21 01:00:00,24.7,69,0.0,9.4,0,1011.3
2023-09-21 02:00:00,24.0,73,0.0,6.9,2,1011.1
2023-09-21 03:00:00,23.2,74,0.0,6.0,0,1010.5
2023-09-21 04:00:00,22.7,77,0.0,5.3,2,1010.3
2023-09-21 05:00:00,22.0,80,0.0,5.0,11,1010.2
2023-09-21 06:00:00,21.9,81,0.0,4.8,100,1010.0
2023-09-21 07:00:00,22.7,77,0.0,4.5,100,1010.3
2023-09-21 08:00:00,24.2,71,0.0,6.3,100,1010.2
2023-09-21 09:00:00,26.1,65,0.0,11.7,22,1010.3
2023-09-21 10:00:00,28.3,55,0.0,10.7,11,1010.3
2023-09-21 11:00:00,30.4,46,0.0,10.2,4,1010.1
2023-09-21 12:00:00,32.5,37,0.0,9.8,1,1009.7
2023-09-21 13:00:00,34.2,30,0.0,9.5,0,1009.0
2023-09-21 14:00:00,35.4,27,0.0,9.1,0,1008.3
2023-09-21 15:00:00,34.3,33,0.0,9.2,0,1008.3
2023-09-21 16:00:00,34.8,30,0.0,8.9,3,1007.7
2023-09-21 17:00:00,34.7,30,0.0,10.9,1,1007.4
2023-09-21 18:00:00,34.1,30,0.0,14.1,3,1007.3
2023-09-21 19:00:00,32.7,33,0.0,16.1,8,1007.5
2023-09-21 20:00:00,31.8,36,0.0,21.3,6,1008.2
2023-09-21 21:00:00,30.5,46,0.0,14.5,4,1009.2
2023-09-21 22:00:00,28.8,51,0.0,19.2,8,1010.2
2023-09-21 23:00:00,27.3,59,0.0,16.3,0,1010.7
2023-09-22 00:00:00,26.4,65,0.0,13.4,0,1010.9
2023-09-22 01:00:00,25.6,70,0.0,10.8,0,1011.0
2023-09-22 02:00:00,24.9,74,0.0,9.4,1,1010.9
2023-09-22 03:00:00,24.0,77,0.0,8.3,4,1010.8
2023-09-22 04:00:00,23.5,81,0.0,6.9,0,1010.9
2023-09-22 05:00:00,22.8,85,0.0,6.8,3,1010.7
2023-09-22 06:00:00,22.1,90,0.0,6.1,6,1010.7
2023-09-22 07:00:00,21.5,94,0.0,6.2,19,1011.0
2023-09-22 08:00:00,23.5,84,0.0,9.4,19,1011.4
2023-09-22 09:00:00,25.9,70,0.0,12.3,35,1011.6
2023-09-22 10:00:00,27.8,60,0.0,10.8,22,1011.8
2023-09-22 11:00:00,30.1,50,0.0,11.3,5,1011.6
2023-09-22 12:00:00,32.3,40,0.0,12.2,0,1010.9
2023-09-22 13:00:00,34.0,34,0.0,12.7,0,1010.2
2023-09-22 14:00:00,35.3,30,0.0,12.8,0,1009.3
2023-09-22 15:00:00,35.2,31,0.0,13.7,0,1009.0
2023-09-22 16:00:00,35.6,29,0.0,14.2,0,1008.3
2023-09-22 17:00:00,35.5,28,0.0,14.7,0,1008.1
2023-09-22 18:00:00,34.9,26,0.0,15.5,0,1008.1
2023-09-22 19:00:00,33.2,24,0.0,16.3,0,1008.4
2023-09-22 20:00:00,31.7,24,0.0,17.3,0,1009.1
2023-09-22 21:00:00,30.1,26,0.0,18.5,0,1010.0
2023-09-22 22:00:00,28.2,34,0.0,17.3,0,1010.4
2023-09-22 23:00:00,26.5,44,0.0,15.7,0,1010.8
2023-09-23 00:00:00,25.2,56,0.0,12.6,0,1011.0
2023-09-23 01:00:00,24.2,65,0.0,10.0,0,1010.8
2023-09-23 02:00:00,23.3,72,0.0,9.0,0,1010.5
2023-09-23 03:00:00,22.7,78,0.0,9.4,0,1009.9
2023-09-23 04:00:00,22.2,82,0.0,7.9,0,1009.9
2023-09-23 05:00:00,21.6,87,0.0,6.6,0,1010.0
2023-09-23 06:00:00,20.9,93,0.0,6.2,0,1010.2
2023-09-23 07:00:00,20.7,95,0.0,6.1,0,1010.4
2023-09-23 08:00:00,22.7,87,0.0,7.2,8,1010.6
2023-09-23 09:00:00,25.3,77,0.0,8.4,0,1011.0
2023-09-23 10:00:00,28.1,61,0.0,9.5,0,1011.0
2023-09-23 11:00:00,31.2,43,0.0,10.7,0,1010.5
2023-09-23 12:00:00,33.9,30,0.0,12.1,0,1009.9
2023-09-23 13:00:00,35.9,23,0.0,12.7,0,1009.1
2023-09-23 14:00:00,37.1,20,0.0,12.7,0,1008.4
2023-09-23 15:00:00,36.7,21,0.0,11.9,0,1008.2
2023-09-23 16:00:00,37.2,20,0.0,12.3,0,1007.6
2023-09-23 17:00:00,36.9,19,0.0,13.3,0,1007.4
2023-09-23 18:00:00,35.9,20,0.0,13.7,0,1007.2
2023-09-23 19:00:00,33.9,23,0.0,8.0,0,1007.3
2023-09-23 20:00:00,32.6,27,0.0,11.6,0,1007.7
2023-09-23 21:00:00,31.2,30,0.0,19.9,0,1008.6
2023-09-23 22:00:00,29.3,35,0.0,15.1,0,1009.4
2023-09-23 23:00:00,27.8,41,0.0,10.4,0,1009.6
2023-09-24 00:00:00,26.5,48,0.0,8.4,0,1009.3
2023-09-24 01:00:00,25.3,55,0.0,7.8,0,1009.2
2023-09-24 02:00:00,24.2,62,0.0,6.8,0,1008.9
2023-09-24 03:00:00,22.9,67,0.0,6.7,0,1008.7
2023-09-24 04:00:00,21.9,73,0.0,5.4,0,1008.8
2023-09-24 05:00:00,21.0,80,0.0,5.3,0,1009.1
2023-09-24 06:00:00,20.0,88,0.0,5.8,0,1009.0
2023-09-24 07:00:00,19.2,94,0.0,7.3,0,1009.1
2023-09-24 08:00:00,22.0,82,0.0,3.6,0,1008.9
2023-09-24 09:00:00,24.7,70,0.0,4.7,0,1009.3
2023-09-24 10:00:00,27.7,52,0.0,4.8,0,1009.4
2023-09-24 11:00:00,30.9,35,0.0,4.5,0,1009.0
2023-09-24 12:00:00,33.4,27,0.0,4.9,0,1008.5
2023-09-24 13:00:00,35.3,22,0.0,4.9,0,1007.8
2023-09-24 14:00:00,36.5,19,0.0,5.8,0,1007.2
2023-09-24 15:00:00,36.2,20,0.0,6.3,0,1007.2
2023-09-24 16:00:00,36.9,19,0.0,6.2,0,1006.4
2023-09-24 17:00:00,36.8,18,0.0,7.6,0,1006.1
2023-09-24 18:00:00,36.0,19,0.0,9.5,0,1006.1
2023-09-24 19:00:00,32.5,23,0.0,7.4,0,1006.2
2023-09-24 20:00:00,31.7,24,0.0,6.1,0,1006.8
2023-09-24 21:00:00,30.7,26,0.0,8.5,0,1007.4
2023-09-24 22:00:00,30.0,27,0.0,14.4,0,1008.0
2023-09-24 23:00:00,28.6,34,0.0,17.2,0,1008.3
2023-09-25 00:00:00,27.5,40,0.0,16.2,0,1008.6
2023-09-25 01:00:00,26.3,45,0.0,11.9,0,1008.6
2023-09-25 02:00:00,25.0,54,0.0,8.4,0,1008.5
2023-09-25 03:00:00,23.8,60,0.0,7.2,0,1008.1
2023-09-25 04:00:00,22.7,68,0.0,5.1,0,1007.9
2023-09-25 05:00:00,21.5,78,0.0,7.0,0,1008.1
2023-09-25 06:00:00,20.8,87,0.0,6.9,0,1008.0
2023-09-25 07:00:00,20.0,95,0.0,7.7,0,1008.3
2023-09-25 08:00:00,22.8,86,0.0,5.7,4,1008.5
2023-09-25 09:00:00,25.3,76,0.0,6.4,6,1008.7
2023-09-25 10:00:00,28.0,60,0.0,7.4,1,1008.7
2023-09-25 11:00:00,31.1,41,0.0,8.4,0,1008.5
2023-09-25 12:00:00,33.9,30,0.0,9.1,0,1008.3
2023-09-25 13:00:00,36.0,23,0.0,9.0,0,1007.5
2023-09-25 14:00:00,37.5,18,0.0,8.4,0,1007.0
2023-09-25 15:00:00,37.4,19,0.0,9.0,0,1006.7
2023-09-25 16:00:00,37.8,18,0.0,10.9,0,1006.2
2023-09-25 17:00:00,37.6,17,0.0,12.0,0,1005.9
2023-09-25 18:00:00,36.6,18,0.0,12.8,0,1006.0
2023-09-25 19:00:00,34.2,21,0.0,7.2,0,1006.4
2023-09-25 20:00:00,32.8,23,0.0,8.4,0,1006.7
2023-09-25 21:00:00,31.6,29,0.0,20.2,0,1007.8
2023-09-25 22:00:00,30.2,33,0.0,13.8,0,1008.4
2023-09-25 23:00:00,28.7,39,0.0,10.8,0,1008.5
2023-09-26 00:00:00,27.3,46,0.0,9.7,0,1008.5
2023-09-26 01:00:00,26.1,54,0.0,8.9,0,1008.5
2023-09-26 02:00:00,25.0,62,0.0,9.7,0,1008.3
2023-09-26 03:00:00,23.9,70,0.0,8.8,0,1008.0
2023-09-26 04:00:00,23.1,78,0.0,6.6,0,1007.8
2023-09-26 05:00:00,21.8,87,0.0,5.4,0,1007.8
2023-09-26 06:00:00,20.9,93,0.0,6.2,0,1007.7
2023-09-26 07:00:00,20.6,95,0.0,5.1,0,1007.8
2023-09-26 08:00:00,23.2,83,0.0,6.5,0,1008.1
2023-09-26 09:00:00,25.9,71,0.0,6.5,0,1008.4
2023-09-26 10:00:00,28.9,57,0.0,7.2,0,1008.4
2023-09-26 11:00:00,31.9,40,0.0,8.1,0,1008.2
2023-09-26 12:00:00,34.5,29,0.0,9.0,0,1007.7
2023-09-26 13:00:00,36.5,23,0.0,10.3,0,1007.3
2023-09-26 14:00:00,37.9,18,0.0,11.6,0,1006.5
2023-09-26 15:00:00,37.9,17,0.0,13.6,0,1006.4
2023-09-26 16:00:00,38.1,16,0.0,14.6,0,1006.1
2023-09-26 17:00:00,37.6,16,0.0,15.0,0,1005.8
2023-09-26 18:00:00,36.5,18,0.0,14.4,0,1005.9
2023-09-26 19:00:00,34.3,21,0.0,8.7,0,1005.9
2023-09-26 20:00:00,33.3,22,0.0,17.5,0,1006.9
2023-09-26 21:00:00,31.8,23,0.0,15.5,0,1008.1
2023-09-26 22:00:00,30.5,27,0.0,13.0,13,1009.0
2023-09-26 23:00:00,29.1,32,0.0,10.6,32,1009.1
2023-09-27 00:00:00,27.6,38,0.0,9.2,0,1009.0
2023-09-27 01:00:00,26.3,45,0.0,7.9,0,1008.8
2023-09-27 02:00:00,25.1,52,0.0,7.6,0,1008.5
2023-09-27 03:00:00,24.0,56,0.0,7.9,0,1008.1
2023-09-27 04:00:00,23.3,62,0.0,6.5,0,1008.0
2023-09-27 05:00:00,22.3,69,0.0,5.6,0,1008.0
2023-09-27 06:00:00,21.3,76,0.0,5.4,0,1008.0
2023-09-27 07:00:00,20.7,83,0.0,5.4,0,1008.2
2023-09-27 08:00:00,23.4,72,0.0,7.6,0,1008.7
2023-09-27 09:00:00,27.0,55,0.0,7.7,0,1009.2
2023-09-27 10:00:00,30.7,37,0.0,9.6,0,1009.2
2023-09-27 11:00:00,33.6,25,0.0,10.7,0,1008.9
2023-09-27 12:00:00,35.8,19,0.0,11.7,0,1008.5
2023-09-27 13:00:00,37.3,17,0.0,12.0,0,1008.0
2023-09-27 14:00:00,38.4,15,0.0,12.0,0,1007.4
2023-09-27 15:00:00,38.8,14,0.0,12.6,0,1007.4
2023-09-27 16:00:00,38.8,14,0.0,13.2,0,1006.7
2023-09-27 17:00:00,38.3,14,0.0,12.3,0,1006.6
2023-09-27 18:00:00,37.2,15,0.0,12.6,0,1006.9
2023-09-27 19:00:00,35.0,17,0.0,12.1,0,1006.9
2023-09-27 20:00:00,34.0,18,0.0,11.7,0,1007.6
2023-09-27 21:00:00,32.8,23,0.0,14.5,0,1008.8
2023-09-27 22:00:00,31.1,33,0.0,14.8,0,1009.4
2023-09-27 23:00:00,29.4,40,0.0,12.7,0,1009.2
2023-09-28 00:00:00,27.8,50,0.0,13.0,0,1009.3
2023-09-28 01:00:00,26.3,61,0.0,13.0,0,1009.4
2023-09-28 02:00:00,25.0,73,0.0,13.2,0,1009.4
2023-09-28 03:00:00,23.9,91,0.0,13.3,0,1009.5
2023-09-28 04:00:00,23.7,88,0.0,11.2,0,1009.8
2023-09-28 05:00:00,23.3,86,0.0,8.9,0,1009.9
2023-09-28 06:00:00,22.8,83,0.0,7.4,0,1010.0
2023-09-28 07:00:00,22.4,77,0.0,6.9,0,1010.2
2023-09-28 08:00:00,25.6,57,0.0,9.4,0,1010.5
2023-09-28 09:00:00,29.8,39,0.0,7.8,0,1010.6
2023-09-28 10:00:00,33.9,24,0.0,13.4,0,1010.7
2023-09-28 11:00:00,36.3,17,0.0,18.2,0,1010.5
2023-09-28 12:00:00,37.9,14,0.0,19.4,0,1010.2
2023-09-28 13:00:00,39.1,12,0.0,20.2,0,1009.6
2023-09-28 14:00:00,39.6,11,0.0,20.9,0,1009.0
2023-09-28 15:00:00,39.7,11,0.0,18.7,0,1009.0
2023-09-28 16:00:00,39.6,12,0.0,18.1,0,1008.9
2023-09-28 17:00:00,39.3,12,0.0,16.6,0,1008.9
2023-09-28 18:00:00,37.8,13,0.0,16.7,0,1009.2
2023-09-28 19:00:00,35.8,16,0.0,14.5,0,1009.3
2023-09-28 20:00:00,34.6,20,0.0,22.4,0,1010.0
2023-09-28 21:00:00,32.2,32,0.0,20.4,2,1011.2
2023-09-28 22:00:00,29.9,50,0.0,17.6,0,1012.1
2023-09-28 23:00:00,28.2,63,0.0,15.3,0,1012.2
2023-09-29 00:00:00,27.0,72,0.0,13.3,0,1012.5
2023-09-29 01:00:00,26.0,78,0.0,12.0,0,1012.4
2023-09-29 02:00:00,25.2,82,0.0,11.2,0,1012.1
2023-09-29 03:00:00,24.3,89,0.0,10.1,0,1011.6
2023-09-29 04:00:00,23.8,94,0.0,13.3,0,1011.6
2023-09-29 05:00:00,23.1,98,0.0,15.1,0,1011.5
2023-09-29 06:00:00,22.8,100,0.0,14.9,100,1011.5
2023-09-29 07:00:00,22.8,100,0.0,15.1,100,1011.7
2023-09-29 08:00:00,23.3,96,0.0,15.3,100,1011.9
2023-09-29 09:00:00,25.3,83,0.0,14.1,34,1012.3
2023-09-29 10:00:00,28.5,65,0.0,14.2,4,1012.3
2023-09-29 11:00:00,31.9,49,0.0,14.9,1,1012.1
2023-09-29 12:00:00,35.1,35,0.0,15.7,0,1011.9
2023-09-29 13:00:00,37.4,26,0.0,15.5,0,1011.4
2023-09-29 14:00:00,38.7,21,0.0,15.8,0,1010.9
2023-09-29 15:00:00,38.7,21,0.0,14.9,0,1010.9
2023-09-29 16:00:00,38.7,21,0.0,15.8,0,1010.3
2023-09-29 17:00:00,37.9,23,0.0,16.9,0,1010.0
2023-09-29 18:00:00,36.0,30,0.0,19.6,0,1010.3
2023-09-29 19:00:00,33.5,35,0.0,21.7,0,1010.9
2023-09-29 20:00:00,32.2,33,0.0,20.6,0,1011.5
2023-09-29 21:00:00,30.8,37,0.0,19.9,1,1012.1
2023-09-29 22:00:00,29.4,43,0.0,17.9,0,1012.4
2023-09-29 23:00:00,28.2,48,0.0,15.1,0,1012.3
2023-09-30 00:00:00,27.1,55,0.0,12.7,0,1012.1
2023-09-30 01:00:00,26.0,62,0.0,9.7,0,1012.2
2023-09-30 02:00:00,25.1,69,0.0,8.9,3,1011.8
2023-09-30 03:00:00,24.2,80,0.0,10.0,2,1011.9
2023-09-30 04:00:00,23.8,83,0.0,9.9,0,1011.8
2023-09-30 05:00:00,23.2,87,0.0,8.9,0,1011.6
2023-09-30 06:00:00,22.6,91,0.0,8.0,0,1011.6
2023-09-30 07:00:00,22.1,94,0.0,8.0,0,1011.8
2023-09-30 08:00:00,23.7,86,0.0,9.3,2,1012.1
2023-09-30 09:00:00,26.5,71,0.0,11.6,32,1012.7
2023-09-30 10:00:00,29.0,58,0.0,14.9,21,1012.9
2023-09-30 11:00:00,31.5,43,0.0,15.6,12,1012.8
2023-09-30 12:00:00,33.7,34,0.0,14.3,11,1012.6
2023-09-30 13:00:00,35.5,28,0.0,12.5,54,1012.1
2023-09-30 14:00:00,36.6,25,0.0,11.2,65,1011.3
2023-09-30 15:00:00,34.6,27,0.0,11.8,85,1011.2
2023-09-30 16:00:00,34.0,28,0.0,12.0,100,1010.7
2023-09-30 17:00:00,33.6,27,0.0,7.8,95,1010.8
2023-09-30 18:00:00,33.3,28,0.0,5.8,86,1010.9
2023-09-30 19:00:00,31.8,30,0.0,5.4,78,1011.0
2023-09-30 20:00:00,31.3,32,0.0,10.9,91,1011.4
2023-09-30 21:00:00,29.4,45,0.0,14.3,34,1012.7
2023-09-30 22:00:00,28.3,49,0.0,12.0,59,1012.7
2023-09-30 23:00:00,27.6,52,0.0,9.7,99,1012.3
2023-10-01 00:00:00,27.1,55,0.0,8.4,68,1012.4
2023-10-01 01:00:00,26.5,58,0.0,9.9,91,1012.7
2023-10-01 02:00:00,26.2,58,0.0,9.7,100,1012.6
2023-10-01 03:00:00,25.9,56,0.0,6.5,100,1012.3
2023-10-01 04:00:00,25.1,59,0.0,4.7,3,1012.2
2023-10-01 05:00:00,24.2,65,0.0,5.0,100,1012.2
2023-10-01 06:00:00,23.9,70,0.0,5.8,95,1012.0
2023-10-01 07:00:00,24.2,72,0.0,5.5,100,1012.0
2023-10-01 08:00:00,25.6,69,0.0,7.5,88,1012.4
2023-10-01 09:00:00,26.6,64,0.0,7.3,69,1013.0
2023-10-01 10:00:00,28.8,52,0.0,9.7,98,1013.0
2023-10-01 11:00:00,30.3,43,0.0,10.4,57,1012.9
2023-10-01 12:00:00,32.0,35,0.0,11.8,80,1012.4
2023-10-01 13:00:00,33.1,31,0.0,12.8,78,1011.7
2023-10-01 14:00:00,33.2,29,0.0,14.2,99,1011.1
2023-10-01 15:00:00,31.4,37,0.0,15.9,70,1011.3
2023-10-01 16:00:00,31.4,37,0.0,15.8,100,1010.7
2023-10-01 17:00:00,30.3,39,0.0,14.8,100,1010.8
2023-10-01 18:00:00,29.8,40,0.0,11.8,100,1010.3
2023-10-01 19:00:00,29.5,40,0.0,9.2,100,1010.6
2023-10-01 20:00:00,28.8,41,0.0,14.5,100,1011.3
2023-10-01 21:00:00,27.6,45,0.0,15.3,100,1012.1
2023-10-01 22:00:00,26.8,48,0.0,14.0,100,1012.6
2023-10-01 23:00:00,25.9,53,0.0,13.8,54,1012.8
2023-10-02 00:00:00,24.9,59,0.0,11.5,49,1012.8
2023-10-02 01:00:00,24.0,63,0.0,7.9,54,1012.8
2023-10-02 02:00:00,23.0,67,0.0,6.1,98,1012.6
2023-10-02 03:00:00,24.1,62,0.0,8.1,100,1011.5
2023-10-02 04:00:00,23.4,64,0.0,5.6,86,1011.5
2023-10-02 05:00:00,22.8,67,0.0,6.9,99,1011.7
2023-10-02 06:00:00,21.8,71,0.0,7.7,100,1011.7
2023-10-02 07:00:00,22.0,70,0.0,7.6,100,1012.2
2023-10-02 08:00:00,24.0,62,0.0,5.4,67,1012.3
2023-10-02 09:00:00,26.3,53,0.0,8.7,99,1012.9
2023-10-02 10:00:00,27.2,50,0.0,9.7,100,1012.9
2023-10-02 11:00:00,27.7,47,0.0,10.2,96,1013.0
2023-10-02 12:00:00,28.7,43,0.0,9.1,100,1013.0
2023-10-02 13:00:00,28.4,43,0.1,8.0,100,1012.9
2023-10-02 14:00:00,28.5,41,0.0,8.9,100,1012.3
2023-10-02 15:00:00,28.0,45,0.0,7.9,100,1012.0
2023-10-02 16:00:00,28.1,44,0.0,8.4,100,1011.8
2023-10-02 17:00:00,28.5,42,0.0,6.8,100,1011.7
2023-10-02 18:00:00,28.2,43,0.0,10.8,100,1011.7
2023-10-02 19:00:00,27.5,45,0.0,9.7,97,1011.7
2023-10-02 20:00:00,26.9,47,0.0,5.7,98,1012.1
2023-10-02 21:00:00,25.6,50,0.0,5.3,100,1012.5
2023-10-02 22:00:00,26.2,47,0.0,8.7,100,1013.5
2023-10-02 23:00:00,25.3,50,0.0,13.5,97,1013.7
2023-10-03 00:00:00,24.2,56,0.0,7.2,94,1013.5
2023-10-03 01:00:00,23.4,60,0.0,6.0,91,1013.7
2023-10-03 02:00:00,21.9,67,0.0,6.0,99,1013.5
2023-10-03 03:00:00,21.6,68,0.0,6.6,99,1013.4
2023-10-03 04:00:00,21.8,68,0.0,4.5,90,1013.1
2023-10-03 05:00:00,21.3,71,0.0,4.6,44,1013.1
2023-10-03 06:00:00,20.7,74,0.0,5.6,66,1013.1
2023-10-03 07:00:00,19.5,80,0.0,7.8,43,1013.3
2023-10-03 08:00:00,22.3,67,0.0,5.1,80,1013.4
2023-10-03 09:00:00,25.4,55,0.0,4.5,100,1013.9
2023-10-03 10:00:00,26.9,48,0.0,6.3,100,1014.1
2023-10-03 11:00:00,28.2,42,0.0,7.6,98,1013.8
2023-10-03 12:00:00,29.8,36,0.0,9.9,100,1013.5
2023-10-03 13:00:00,30.9,31,0.0,12.2,46,1013.0
2023-10-03 14:00:00,31.6,28,0.0,13.1,97,1012.2
2023-10-03 15:00:00,30.1,35,0.0,12.6,2,1012.6
2023-10-03 16:00:00,30.2,34,0.0,10.5,92,1012.3
2023-10-03 17:00:00,30.5,32,0.0,7.7,18,1012.2
2023-10-03 18:00:00,29.9,33,0.0,8.3,48,1012.3
2023-10-03 19:00:00,28.3,36,0.0,7.9,21,1012.8
2023-10-03 20:00:00,27.5,37,0.0,8.4,5,1013.1
2023-10-03 21:00:00,26.9,40,0.0,10.0,73,1013.7
2023-10-03 22:00:00,26.1,48,0.0,12.9,100,1014.3
2023-10-03 23:00:00,25.1,55,0.0,8.4,94,1014.6
2023-10-04 00:00:00,24.1,60,0.0,6.1,100,1014.7
2023-10-04 01:00:00,23.6,63,0.0,5.1,65,1014.6
2023-10-04 02:00:00,22.6,69,0.0,5.0,9,1014.5
2023-10-04 03:00:00,23.7,64,0.0,5.7,22,1013.8
2023-10-04 04:00:00,23.3,68,0.0,5.4,100,1013.6
2023-10-04 05:00:00,23.0,70,0.0,5.1,100,1013.3
2023-10-04 06:00:00,22.9,71,0.0,5.8,99,1013.4
2023-10-04 07:00:00,22.5,75,0.0,4.6,20,1014.1
2023-10-04 08:00:00,23.5,71,0.0,5.5,12,1014.4
2023-10-04 09:00:00,25.7,62,0.0,6.7,96,1014.6
2023-10-04 10:00:00,27.3,55,0.0,6.5,100,1014.9
2023-10-04 11:00:00,28.7,48,0.0,7.6,53,1014.7
2023-10-04 12:00:00,30.4,41,0.0,8.6,14,1014.3
2023-10-04 13:00:00,32.0,36,0.0,8.1,56,1013.9
2023-10-04 14:00:00,32.9,33,0.0,9.3,92,1013.3
2023-10-04 15:00:00,32.5,33,0.0,11.1,67,1013.2
2023-10-04 16:00:00,31.6,35,0.0,13.9,100,1013.2
2023-10-04 17:00:00,31.3,35,0.0,13.8,100,1012.9
2023-10-04 18:00:00,29.8,43,0.0,14.8,98,1013.4
2023-10-04 19:00:00,28.4,47,0.0,16.6,100,1013.8
2023-10-04 20:00:00,28.3,47,0.0,12.4,90,1014.5
2023-10-04 21:00:00,27.9,49,0.0,17.0,77,1014.5
2023-10-04 22:00:00,27.0,55,0.0,14.8,99,1014.5
2023-10-04 23:00:00,26.6,56,0.0,12.3,98,1014.9
2023-10-05 00:00:00,26.3,57,0.0,13.0,99,1014.7
2023-10-05 01:00:00,25.9,59,0.0,13.1,100,1014.4
2023-10-05 02:00:00,25.2,63,0.0,13.1,98,1014.4
2023-10-05 03:00:00,25.0,67,0.0,11.1,51,1013.8
2023-10-05 04:00:00,24.5,69,0.0,11.4,42,1013.8
2023-10-05 05:00:00,24.0,72,0.0,9.9,27,1013.8
2023-10-05 06:00:00,23.5,74,0.0,8.7,28,1014.1
2023-10-05 07:00:00,23.1,77,0.0,9.1,9,1014.2
2023-10-05 08:00:00,24.3,72,0.0,8.6,14,1014.3
2023-10-05 09:00:00,26.3,64,0.0,11.3,19,1014.8
2023-10-05 10:00:00,28.1,58,0.0,14.6,22,1015.0
2023-10-05 11:00:00,30.1,48,0.0,15.3,33,1014.9
2023-10-05 12:00:00,31.7,41,0.0,14.3,40,1014.4
2023-10-05 13:00:00,32.8,37,0.0,13.8,52,1013.7
2023-10-05 14:00:00,33.6,34,0.0,12.6,44,1012.8
2023-10-05 15:00:00,32.8,39,0.0,13.5,19,1012.9
2023-10-05 16:00:00,33.0,38,0.0,13.1,38,1012.3
2023-10-05 17:00:00,33.0,38,0.0,14.3,62,1011.9
2023-10-05 18:00:00,31.8,41,0.0,16.1,48,1012.0
2023-10-05 19:00:00,30.3,44,0.0,19.5,40,1012.8
2023-10-05 20:00:00,29.4,44,0.0,17.4,1,1013.3
2023-10-05 21:00:00,28.0,44,0.0,21.2,1,1014.2
2023-10-05 22:00:00,26.7,50,0.0,17.7,0,1014.5
2023-10-05 23:00:00,25.9,56,0.0,15.8,0,1014.7
2023-10-06 00:00:00,25.2,60,0.0,13.2,0,1014.6
2023-10-06 01:00:00,24.5,63,0.0,10.9,0,1014.7
2023-10-06 02:00:00,23.8,66,0.0,9.7,0,1014.6
2023-10-06 03:00:00,23.1,70,0.0,10.1,1,1013.9
2023-10-06 04:00:00,22.6,73,0.0,9.1,4,1014.0
2023-10-06 05:00:00,22.1,77,0.0,8.4,3,1014.0
2023-10-06 06:00:00,21.5,82,0.0,7.3,0,1014.1
2023-10-06 07:00:00,21.0,88,0.0,6.9,0,1014.3
2023-10-06 08:00:00,22.8,81,0.0,8.4,5,1014.3
2023-10-06 09:00:00,25.5,70,0.0,10.5,0,1014.8
2023-10-06 10:00:00,27.9,54,0.0,14.8,2,1014.7
2023-10-06 11:00:00,29.8,43,0.0,14.3,0,1014.5
2023-10-06 12:00:00,31.5,35,0.0,14.0,1,1013.9
2023-10-06 13:00:00,32.9,30,0.0,13.4,0,1013.1
2023-10-06 14:00:00,33.8,28,0.0,13.6,28,1012.2
2023-10-06 15:00:00,32.2,35,0.0,18.1,42,1012.4
2023-10-06 16:00:00,31.5,37,0.0,17.6,32,1012.0
2023-10-06 17:00:00,31.9,35,0.0,17.0,83,1011.5
2023-10-06 18:00:00,30.5,39,0.0,17.6,93,1011.7
2023-10-06 19:00:00,29.7,39,0.0,15.9,100,1012.3
2023-10-06 20:00:00,28.6,41,0.0,20.3,8,1012.9
2023-10-06 21:00:00,27.2,43,0.0,17.3,4,1013.4
2023-10-06 22:00:00,26.3,47,0.0,16.1,0,1013.8
2023-10-06 23:00:00,25.2,53,0.0,13.3,51,1013.9
2023-10-07 00:00:00,24.2,61,0.0,12.0,4,1013.8
2023-10-07 01:00:00,23.3,70,0.0,11.2,1,1013.9
2023-10-07 02:00:00,22.5,77,0.0,9.8,12,1013.6
2023-10-07 03:00:00,22.3,80,0.0,9.0,6,1013.7
2023-10-07 04:00:00,21.9,83,0.0,6.9,30,1013.9
2023-10-07 05:00:00,21.4,86,0.0,7.3,80,1013.7
2023-10-07 06:00:00,21.0,89,0.0,7.9,96,1013.6
2023-10-07 07:00:00,20.8,90,0.0,6.8,71,1013.9
2023-10-07 08:00:00,22.2,83,0.0,9.1,80,1014.2
2023-10-07 09:00:00,24.3,72,0.0,12.6,78,1014.2
2023-10-07 10:00:00,26.4,60,0.0,14.7,100,1014.4
2023-10-07 11:00:00,28.0,51,0.0,13.0,100,1014.2
2023-10-07 12:00:00,29.7,42,0.0,11.3,97,1013.7
2023-10-07 13:00:00,30.9,36,0.0,10.7,48,1013.0
2023-10-07 14:00:00,32.1,31,0.0,11.0,93,1012.2
2023-10-07 15:00:00,31.1,34,0.0,10.5,100,1012.3
2023-10-07 16:00:00,31.8,32,0.0,9.8,100,1011.8
2023-10-07 17:00:00,31.6,31,0.0,8.7,100,1011.7
2023-10-07 18:00:00,31.1,32,0.0,10.8,100,1011.9
2023-10-07 19:00:00,29.9,33,0.0,7.9,100,1012.2
2023-10-07 20:00:00,27.5,42,0.0,23.2,100,1013.4
2023-10-07 21:00:00,27.1,42,0.0,15.7,94,1014.2
2023-10-07 22:00:00,26.4,43,0.0,14.1,100,1014.6
2023-10-07 23:00:00,26.0,44,0.0,14.3,100,1014.5
2023-10-08 00:00:00,25.2,50,0.0,11.9,100,1014.6
2023-10-08 01:00:00,24.2,56,0.0,10.4,100,1014.6
2023-10-08 02:00:00,23.4,61,0.0,9.5,100,1014.3
2023-10-08 03:00:00,23.2,62,0.0,10.8,90,1014.0
2023-10-08 04:00:00,23.0,62,0.0,9.2,97,1013.7
2023-10-08 05:00:00,22.0,66,0.0,9.6,96,1013.9
2023-10-08 06:00:00,21.3,71,0.0,8.0,45,1013.8
2023-10-08 07:00:00,20.5,76,0.0,6.0,35,1013.9
2023-10-08 08:00:00,22.2,69,0.0,7.8,0,1014.1
2023-10-08 09:00:00,24.7,60,0.0,10.2,0,1014.2
2023-10-08 10:00:00,26.7,52,0.0,12.5,0,1014.4
2023-10-08 11:00:00,28.7,42,0.0,13.0,6,1014.1
2023-10-08 12:00:00,30.4,35,0.0,11.5,60,1013.6
2023-10-08 13:00:00,31.6,31,0.0,9.5,80,1013.0
2023-10-08 14:00:00,32.6,28,0.0,10.8,30,1012.2
2023-10-08 15:00:00,32.0,29,0.0,9.4,75,1012.4
2023-10-08 16:00:00,32.3,29,0.0,12.7,87,1011.7
2023-10-08 17:00:00,31.7,30,0.0,14.3,41,1011.7
2023-10-08 18:00:00,30.4,34,0.0,14.5,54,1012.3
2023-10-08 19:00:00,29.6,38,0.0,11.8,68,1012.4
2023-10-08 20:00:00,28.3,42,0.0,7.9,93,1013.3
2023-10-08 21:00:00,27.8,43,0.0,8.0,94,1014.0
2023-10-08 22:00:00,26.3,55,0.3,13.8,99,1014.2
2023-10-08 23:00:00,25.5,59,0.0,15.8,97,1013.6
2023-10-09 00:00:00,25.0,60,0.0,18.4,98,1012.1
2023-10-09 01:00:00,24.6,61,0.0,4.5,92,1012.9
2023-10-09 02:00:00,23.8,67,0.0,13.8,53,1012.7
2023-10-09 03:00:00,23.5,65,0.0,10.5,15,1013.0
2023-10-09 04:00:00,23.4,67,0.0,14.6,60,1012.7
2023-10-09 05:00:00,23.2,67,0.0,11.2,4,1013.1
2023-10-09 06:00:00,22.5,70,0.0,9.2,0,1013.2
2023-10-09 07:00:00,22.0,72,0.0,8.3,0,1013.3
2023-10-09 08:00:00,23.3,66,0.0,6.5,6,1014.0
2023-10-09 09:00:00,25.4,59,0.0,10.9,0,1014.1
2023-10-09 10:00:00,27.5,53,0.0,14.7,1,1014.2
2023-10-09 11:00:00,29.4,47,0.0,14.2,1,1013.8
2023-10-09 12:00:00,31.1,41,0.0,10.5,17,1013.4
2023-10-09 13:00:00,32.4,37,0.0,11.0,4,1012.5
2023-10-09 14:00:00,33.3,33,0.0,10.2,8,1011.6
2023-10-09 15:00:00,32.0,38,0.0,13.3,15,1011.7
2023-10-09 16:00:00,32.2,35,0.0,13.3,24,1011.1
2023-10-09 17:00:00,31.8,35,0.0,12.8,23,1010.5
2023-10-09 18:00:00,31.2,35,0.0,10.3,54,1010.7
2023-10-09 19:00:00,30.0,38,0.0,9.4,49,1011.0
2023-10-09 20:00:00,29.3,41,0.0,17.1,34,1011.5
2023-10-09 21:00:00,27.1,51,0.0,17.0,34,1012.3
2023-10-09 22:00:00,25.8,53,0.0,19.5,79,1013.0
2023-10-09 23:00:00,25.0,54,0.0,18.8,3,1013.2
2023-10-10 00:00:00,24.0,58,0.0,13.5,2,1013.1
2023-10-10 01:00:00,23.3,61,0.0,9.5,0,1013.2
2023-10-10 02:00:00,22.5,65,0.0,6.5,0,1013.0
2023-10-10 03:00:00,21.8,70,0.0,5.0,0,1012.5
2023-10-10 04:00:00,20.9,74,0.0,6.0,0,1012.4
2023-10-10 05:00:00,20.1,78,0.0,7.1,0,1012.3
2023-10-10 06:00:00,19.6,81,0.0,8.0,0,1012.5
2023-10-10 07:00:00,20.1,78,0.0,6.6,0,1012.8
2023-10-10 08:00:00,21.7,70,0.0,4.2,0,1012.8
2023-10-10 09:00:00,24.3,59,0.0,5.2,0,1013.4
2023-10-10 10:00:00,26.3,52,0.0,7.8,0,1013.4
2023-10-10 11:00:00,28.2,42,0.0,8.5,0,1012.9
2023-10-10 12:00:00,29.8,35,0.0,10.7,0,1012.1
2023-10-10 13:00:00,30.9,32,0.0,12.5,0,1011.5
2023-10-10 14:00:00,31.5,30,0.0,13.9,0,1011.0
2023-10-10 15:00:00,31.1,33,0.0,15.0,3,1010.6
2023-10-10 16:00:00,31.2,32,0.0,14.8,3,1010.2
2023-10-10 17:00:00,30.8,32,0.0,14.3,6,1010.1
2023-10-10 18:00:00,30.1,32,0.0,12.2,8,1010.0
2023-10-10 19:00:00,28.2,37,0.0,18.1,10,1010.6
2023-10-10 20:00:00,27.0,40,0.0,16.8,0,1011.4
2023-10-10 21:00:00,26.1,41,0.0,13.6,0,1012.2
2023-10-10 22:00:00,25.2,46,0.0,11.3,0,1012.6
2023-10-10 23:00:00,24.2,53,0.0,9.6,0,1013.0
2023-10-11 00:00:00,23.3,61,0.0,8.1,24,1013.1
2023-10-11 01:00:00,22.2,69,0.0,5.4,100,1013.1
2023-10-11 02:00:00,21.4,74,0.0,5.5,99,1013.1
2023-10-11 03:00:00,21.5,72,0.0,6.3,99,1012.3
2023-10-11 04:00:00,20.8,77,0.0,6.8,100,1012.1
2023-10-11 05:00:00,20.5,82,0.0,6.9,100,1011.8
2023-10-11 06:00:00,21.0,81,0.0,4.6,99,1012.0
2023-10-11 07:00:00,21.5,80,0.0,6.0,91,1012.3
2023-10-11 08:00:00,22.4,76,0.0,7.5,48,1012.5
2023-10-11 09:00:00,24.3,67,0.0,9.8,5,1013.0
2023-10-11 10:00:00,26.2,55,0.0,9.4,1,1013.3
2023-10-11 11:00:00,27.9,47,0.0,8.2,7,1013.1
2023-10-11 12:00:00,29.4,40,0.0,9.5,2,1012.7
2023-10-11 13:00:00,30.3,35,0.0,12.7,0,1012.2
2023-10-11 14:00:00,30.9,32,0.0,13.3,0,1011.7
2023-10-11 15:00:00,30.4,32,0.0,12.3,0,1012.1
2023-10-11 16:00:00,30.4,32,0.0,12.1,2,1011.6
2023-10-11 17:00:00,29.9,34,0.0,11.3,2,1011.2
2023-10-11 18:00:00,29.0,35,0.0,11.2,7,1011.5
2023-10-11 19:00:00,27.7,37,0.0,9.2,2,1011.9
2023-10-11 20:00:00,26.2,41,0.0,5.8,0,1012.3
2023-10-11 21:00:00,26.2,42,0.0,13.1,6,1013.0
2023-10-11 22:00:00,25.2,47,0.0,10.5,4,1013.5
2023-10-11 23:00:00,23.9,51,0.0,6.3,3,1013.9
2023-10-12 00:00:00,22.6,56,0.0,6.1,2,1013.9
2023-10-12 01:00:00,21.5,61,0.0,7.7,4,1013.8
2023-10-12 02:00:00,20.7,66,0.0,8.2,0,1013.9
2023-10-12 03:00:00,21.4,65,0.0,5.6,0,1013.6
2023-10-12 04:00:00,21.5,66,0.0,4.3,0,1013.7
2023-10-12 05:00:00,20.3,72,0.0,5.2,0,1013.6
2023-10-12 06:00:00,19.5,77,0.0,5.0,0,1013.8
2023-10-12 07:00:00,19.0,80,0.0,4.8,0,1014.2
2023-10-12 08:00:00,20.8,73,0.0,3.7,0,1014.6
2023-10-12 09:00:00,23.6,64,0.0,3.1,0,1015.3
2023-10-12 10:00:00,25.9,57,0.0,5.5,16,1015.5
2023-10-12 11:00:00,27.9,48,0.0,7.1,20,1015.4
2023-10-12 12:00:00,29.5,41,0.0,9.4,26,1015.1
2023-10-12 13:00:00,30.4,37,0.0,11.0,20,1014.3
2023-10-12 14:00:00,31.1,34,0.0,11.6,14,1013.6
2023-10-12 15:00:00,30.2,37,0.0,12.9,14,1014.1
2023-10-12 16:00:00,30.2,36,0.0,13.5,57,1013.6
2023-10-12 17:00:00,29.6,38,0.0,12.8,54,1013.5
2023-10-12 18:00:00,29.2,38,0.0,10.2,37,1013.6
2023-10-12 19:00:00,28.0,41,0.0,4.3,3,1013.7
2023-10-12 20:00:00,26.3,47,0.0,7.1,5,1014.5
2023-10-12 21:00:00,26.7,45,0.0,12.4,16,1015.1
2023-10-12 22:00:00,25.2,53,0.0,14.8,0,1016.0
2023-10-12 23:00:00,24.0,58,0.0,11.9,0,1016.4
2023-10-13 00:00:00,23.0,64,0.0,9.8,0,1016.4
2023-10-13 01:00:00,22.1,71,0.0,7.8,1,1016.4
2023-10-13 02:00:00,21.5,75,0.0,7.1,0,1016.4
2023-10-13 03:00:00,21.4,74,0.0,8.1,0,1016.0
2023-10-13 04:00:00,21.1,76,0.0,7.4,0,1016.0
2023-10-13 05:00:00,20.2,82,0.0,5.6,0,1016.0
2023-10-13 06:00:00,19.1,89,0.0,6.6,0,1016.2
2023-10-13 07:00:00,18.5,92,0.0,8.4,0,1016.5
2023-10-13 08:00:00,20.8,82,0.0,3.9,1,1016.8
2023-10-13 09:00:00,23.4,70,0.0,5.0,4,1017.2
2023-10-13 10:00:00,25.7,58,0.0,7.6,1,1017.2
2023-10-13 11:00:00,28.0,46,0.0,10.4,17,1017.0
2023-10-13 12:00:00,29.9,38,0.0,12.3,20,1016.3
2023-10-13 13:00:00,31.2,32,0.0,12.3,28,1015.4
2023-10-13 14:00:00,32.2,28,0.0,12.6,31,1014.6
2023-10-13 15:00:00,30.0,37,0.0,16.9,59,1015.1
2023-10-13 16:00:00,29.9,36,0.0,14.5,17,1015.0
2023-10-13 17:00:00,30.3,34,0.0,12.3,33,1014.5
2023-10-13 18:00:00,29.7,34,0.0,13.0,90,1014.2
2023-10-13 19:00:00,28.1,42,0.0,16.3,22,1014.6
2023-10-13 20:00:00,27.0,46,0.0,17.7,24,1015.2
2023-10-13 21:00:00,26.1,51,0.0,16.2,21,1015.8
2023-10-13 22:00:00,24.8,58,0.0,15.6,8,1016.3
2023-10-13 23:00:00,23.7,63,0.0,13.4,1,1016.5
2023-10-14 00:00:00,22.9,67,0.0,10.7,20,1016.5
2023-10-14 01:00:00,22.2,71,0.0,8.6,1,1016.4
2023-10-14 02:00:00,21.4,75,0.0,6.8,0,1016.0
2023-10-14 03:00:00,21.0,78,0.0,6.6,0,1015.1
2023-10-14 04:00:00,20.5,80,0.0,6.8,1,1014.8
2023-10-14 05:00:00,19.7,84,0.0,5.6,2,1014.5
2023-10-14 06:00:00,18.8,90,0.0,5.3,4,1014.5
2023-10-14 07:00:00,17.8,94,0.0,8.2,0,1014.7
2023-10-14 08:00:00,20.2,83,0.0,3.7,0,1014.9
2023-10-14 09:00:00,22.6,71,0.0,3.6,0,1015.1
2023-10-14 10:00:00,25.0,57,0.0,5.1,0,1015.2
2023-10-14 11:00:00,27.1,45,0.0,4.7,0,1014.9
2023-10-14 12:00:00,29.0,36,0.0,7.2,1,1014.5
2023-10-14 13:00:00,30.2,31,0.0,11.2,11,1013.6
2023-10-14 14:00:00,30.9,28,0.0,13.0,17,1012.7
2023-10-14 15:00:00,31.0,25,0.0,14.6,29,1012.6
2023-10-14 16:00:00,30.4,27,0.0,15.5,18,1012.2
2023-10-14 17:00:00,29.6,28,0.0,14.3,5,1012.2
2023-10-14 18:00:00,28.4,30,0.0,13.7,6,1012.2
2023-10-14 19:00:00,27.0,34,0.0,9.7,7,1012.5
2023-10-14 20:00:00,25.8,37,0.0,5.9,6,1012.8
2023-10-14 21:00:00,24.3,41,0.0,7.4,1,1013.2
2023-10-14 22:00:00,23.1,45,0.0,8.9,0,1013.4
2023-10-14 23:00:00,23.2,47,0.0,7.6,0,1013.4
2023-10-15 00:00:00,21.7,53,0.0,6.8,0,1013.3
2023-10-15 01:00:00,21.0,58,0.0,5.3,0,1013.3
2023-10-15 02:00:00,20.0,63,0.0,6.0,0,1013.3
2023-10-15 03:00:00,20.9,62,0.0,5.6,0,1012.8
2023-10-15 04:00:00,21.0,62,0.0,4.8,18,1012.6
2023-10-15 05:00:00,20.1,68,0.0,4.9,13,1012.2
2023-10-15 06:00:00,20.4,68,0.0,4.3,4,1012.0
2023-10-15 07:00:00,19.0,75,0.0,5.4,4,1012.3
2023-10-15 08:00:00,20.6,69,0.0,1.1,5,1012.4
2023-10-15 09:00:00,23.8,52,0.0,2.6,6,1012.9
2023-10-15 10:00:00,26.3,43,0.0,6.2,1,1013.2
2023-10-15 11:00:00,27.9,36,0.0,10.6,0,1013.0
2023-10-15 12:00:00,29.0,31,0.0,13.8,0,1012.4
2023-10-15 13:00:00,29.6,29,0.0,16.3,0,1011.7
2023-10-15 14:00:00,29.8,28,0.0,17.9,0,1011.1
2023-10-15 15:00:00,29.4,28,0.0,15.6,0,1011.0
2023-10-15 16:00:00,29.5,27,0.0,13.6,0,1010.8
2023-10-15 17:00:00,28.6,28,0.0,14.5,0,1010.8
2023-10-15 18:00:00,27.9,28,0.0,10.4,0,1010.9
2023-10-15 19:00:00,25.7,33,0.0,6.2,2,1011.3
2023-10-15 20:00:00,25.2,37,0.0,7.6,8,1011.6
2023-10-15 21:00:00,24.7,50,0.0,10.3,4,1012.5
2023-10-15 22:00:00,23.7,55,0.0,7.6,3,1012.8
2023-10-15 23:00:00,22.5,60,0.0,5.8,1,1012.8
2023-10-16 00:00:00,21.0,67,0.0,6.9,0,1012.6
2023-10-16 01:00:00,20.1,72,0.0,6.8,0,1012.5
2023-10-16 02:00:00,19.2,77,0.0,7.9,0,1012.7
2023-10-16 03:00:00,19.2,78,0.0,8.7,0,1012.0
2023-10-16 04:00:00,18.6,82,0.0,8.4,0,1011.8
2023-10-16 05:00:00,18.1,84,0.0,8.6,0,1011.9
2023-10-16 06:00:00,17.6,87,0.0,8.1,0,1011.9
2023-10-16 07:00:00,16.9,91,0.0,6.9,0,1012.4
2023-10-16 08:00:00,19.5,77,0.0,5.8,0,1012.8
2023-10-16 09:00:00,22.6,64,0.0,4.6,0,1013.4
2023-10-16 10:00:00,25.5,52,0.0,5.5,0,1013.6
2023-10-16 11:00:00,27.5,42,0.0,8.0,0,1013.4
2023-10-16 12:00:00,29.0,35,0.0,12.5,0,1012.8
2023-10-16 13:00:00,29.8,31,0.0,14.8,0,1012.1
2023-10-16 14:00:00,30.3,29,0.0,15.4,0,1011.4
2023-10-16 15:00:00,30.0,33,0.0,14.0,0,1012.0
2023-10-16 16:00:00,29.8,33,0.0,13.0,46,1011.5
2023-10-16 17:00:00,29.1,34,0.0,12.3,8,1011.4
2023-10-16 18:00:00,28.2,35,0.0,7.9,11,1011.4
2023-10-16 19:00:00,27.3,38,0.0,3.7,17,1011.5
2023-10-16 20:00:00,25.2,43,0.0,7.7,100,1012.1
2023-10-16 21:00:00,26.0,48,0.0,13.4,18,1013.0
2023-10-16 22:00:00,24.8,55,0.0,12.8,1,1013.4
2023-10-16 23:00:00,23.9,60,0.0,10.5,10,1013.8
2023-10-17 00:00:00,23.0,65,0.0,7.9,4,1013.8
2023-10-17 01:00:00,21.9,71,0.0,5.6,1,1013.8
2023-10-17 02:00:00,20.6,77,0.0,6.1,0,1013.7
2023-10-17 03:00:00,20.7,78,0.0,4.7,0,1013.6
2023-10-17 04:00:00,20.3,81,0.0,4.4,0,1013.5
2023-10-17 05:00:00,19.9,83,0.0,4.5,0,1013.5
2023-10-17 06:00:00,19.8,83,0.0,3.6,0,1013.5
2023-10-17 07:00:00,19.3,86,0.0,2.9,0,1013.7
2023-10-17 08:00:00,20.0,82,0.0,3.1,0,1014.2
2023-10-17 09:00:00,23.3,65,0.0,3.0,0,1014.7
2023-10-17 10:00:00,25.4,57,0.0,5.4,0,1015.1
2023-10-17 11:00:00,27.3,46,0.0,7.0,0,1014.9
2023-10-17 12:00:00,29.0,36,0.0,8.5,0,1014.3
2023-10-17 13:00:00,29.9,32,0.0,10.8,2,1013.3
2023-10-17 14:00:00,30.5,30,0.0,11.6,6,1012.3
2023-10-17 15:00:00,30.0,32,0.0,11.6,30,1012.6
2023-10-17 16:00:00,30.2,30,0.0,11.6,57,1012.0
2023-10-17 17:00:00,28.8,38,0.0,15.9,6,1011.9
2023-10-17 18:00:00,27.8,40,0.0,16.1,44,1012.2
2023-10-17 19:00:00,26.9,45,0.0,12.6,23,1012.5
2023-10-17 20:00:00,26.1,48,0.0,13.4,91,1012.9
2023-10-17 21:00:00,25.5,51,0.0,11.9,74,1013.3
2023-10-17 22:00:00,24.7,55,0.0,9.5,43,1013.5
2023-10-17 23:00:00,23.9,58,0.0,7.2,24,1013.7
2023-10-18 00:00:00,23.1,62,0.0,8.9,11,1013.6
2023-10-18 01:00:00,22.1,68,0.0,7.8,0,1013.3
2023-10-18 02:00:00,21.1,74,0.0,6.8,0,1013.2
2023-10-18 03:00:00,20.5,76,0.0,6.9,0,1013.1
2023-10-18 04:00:00,19.6,81,0.0,4.9,0,1013.0
2023-10-18 05:00:00,19.1,85,0.0,6.4,0,1013.1
2023-10-18 06:00:00,19.6,83,0.0,5.6,0,1013.5
2023-10-18 07:00:00,18.9,87,0.0,6.1,1,1013.8
2023-10-18 08:00:00,20.0,82,0.0,3.5,1,1014.4
2023-10-18 09:00:00,22.7,69,0.0,2.5,0,1014.5
2023-10-18 10:00:00,25.2,57,0.0,6.2,2,1014.5
2023-10-18 11:00:00,27.2,46,0.0,8.2,14,1014.1
2023-10-18 12:00:00,29.0,38,0.0,10.6,30,1013.6
2023-10-18 13:00:00,30.3,32,0.0,13.8,39,1012.7
2023-10-18 14:00:00,31.0,29,0.0,15.4,89,1011.8
2023-10-18 15:00:00,29.2,35,0.0,15.0,76,1012.4
2023-10-18 16:00:00,29.9,33,0.0,15.3,89,1012.0
2023-10-18 17:00:00,28.9,37,0.0,15.9,85,1012.1
2023-10-18 18:00:00,28.1,39,0.0,13.8,22,1012.2
2023-10-18 19:00:00,26.9,43,0.0,13.0,2,1012.6
2023-10-18 20:00:00,26.0,45,0.0,13.0,1,1013.1
2023-10-18 21:00:00,24.9,50,0.0,14.5,0,1013.6
2023-10-18 22:00:00,23.8,57,0.0,11.9,1,1014.0
2023-10-18 23:00:00,22.9,63,0.0,9.1,0,1014.4
2023-10-19 00:00:00,21.7,69,0.0,5.8,0,1014.5
2023-10-19 01:00:00,20.6,75,0.0,5.5,0,1014.4
2023-10-19 02:00:00,19.7,81,0.0,5.9,0,1014.2
2023-10-19 03:00:00,19.1,85,0.0,6.8,0,1014.2
2023-10-19 04:00:00,18.9,87,0.0,6.5,1,1014.3
2023-10-19 05:00:00,19.5,85,0.0,5.0,0,1014.2
2023-10-19 06:00:00,19.3,87,0.0,4.3,0,1014.2
2023-10-19 07:00:00,19.0,90,0.0,1.3,0,1014.4
2023-10-19 08:00:00,19.4,87,0.0,1.8,0,1014.5
2023-10-19 09:00:00,22.1,72,0.0,0.7,0,1014.8
2023-10-19 10:00:00,24.4,65,0.0,2.2,0,1015.0
2023-10-19 11:00:00,26.8,52,0.0,4.0,0,1015.1
2023-10-19 12:00:00,29.1,37,0.0,5.6,0,1014.6
2023-10-19 13:00:00,30.9,28,0.0,9.4,0,1013.6
2023-10-19 14:00:00,32.0,23,0.0,13.0,1,1012.7
2023-10-19 15:00:00,31.8,25,0.0,12.2,21,1012.7
2023-10-19 16:00:00,31.6,25,0.0,13.6,16,1012.3
2023-10-19 17:00:00,31.1,24,0.0,10.8,7,1012.1
2023-10-19 18:00:00,30.2,24,0.0,11.2,56,1012.0
2023-10-19 19:00:00,28.8,29,0.0,12.6,59,1012.4
2023-10-19 20:00:00,28.2,28,0.0,15.6,17,1013.1
2023-10-19 21:00:00,26.8,29,0.0,15.6,0,1013.8
2023-10-19 22:00:00,25.2,33,0.0,11.2,0,1014.2
2023-10-19 23:00:00,24.0,38,0.0,8.5,0,1014.6
2023-10-20 00:00:00,23.0,44,0.0,7.0,0,1014.6
2023-10-20 01:00:00,21.9,50,0.0,6.4,0,1014.6
2023-10-20 02:00:00,20.7,57,0.0,6.2,0,1014.6
2023-10-20 03:00:00,19.4,59,0.0,8.2,0,1014.4
2023-10-20 04:00:00,19.7,64,0.0,8.1,0,1014.1
2023-10-20 05:00:00,20.5,66,0.0,6.4,0,1014.1
2023-10-20 06:00:00,20.5,69,0.0,4.5,0,1014.2
2023-10-20 07:00:00,19.9,73,0.0,3.6,0,1014.4
2023-10-20 08:00:00,19.7,76,0.0,2.9,0,1014.7
2023-10-20 09:00:00,22.7,62,0.0,2.3,0,1014.9
2023-10-20 10:00:00,26.4,42,0.0,4.7,0,1014.9
2023-10-20 11:00:00,28.9,29,0.0,6.5,0,1014.8
2023-10-20 12:00:00,30.6,25,0.0,8.9,0,1014.4
2023-10-20 13:00:00,31.7,22,0.0,10.9,0,1013.7
2023-10-20 14:00:00,32.3,21,0.0,11.5,0,1012.9
2023-10-20 15:00:00,31.9,20,0.0,12.6,0,1013.1
2023-10-20 16:00:00,31.7,20,0.0,12.9,0,1012.8
2023-10-20 17:00:00,31.1,20,0.0,12.8,0,1012.7
2023-10-20 18:00:00,29.7,22,0.0,10.4,0,1012.9
2023-10-20 19:00:00,27.6,25,0.0,7.9,0,1013.3
2023-10-20 20:00:00,26.6,28,0.0,9.9,0,1013.8
2023-10-20 21:00:00,25.9,33,0.0,20.5,0,1014.5
2023-10-20 22:00:00,24.5,52,0.0,17.3,0,1014.8
2023-10-20 23:00:00,23.8,55,0.0,14.1,0,1014.9
2023-10-21 00:00:00,23.1,62,0.0,12.2,0,1014.9
2023-10-21 01:00:00,22.1,69,0.0,8.2,0,1014.7
2023-10-21 02:00:00,21.1,75,0.0,6.5,0,1014.6
2023-10-21 03:00:00,20.7,75,0.0,6.4,0,1014.2
2023-10-21 04:00:00,20.1,80,0.0,6.4,96,1013.9
2023-10-21 05:00:00,19.6,82,0.0,7.4,98,1013.8
2023-10-21 06:00:00,19.1,85,0.0,7.5,89,1013.8
2023-10-21 07:00:00,18.6,88,0.0,7.5,79,1014.0
2023-10-21 08:00:00,19.9,82,0.0,10.8,86,1013.7
2023-10-21 09:00:00,22.6,70,0.0,10.8,95,1014.3
2023-10-21 10:00:00,25.0,59,0.0,14.0,21,1014.5
2023-10-21 11:00:00,27.0,48,0.0,14.5,0,1014.6
2023-10-21 12:00:00,28.6,40,0.0,14.3,0,1014.1
2023-10-21 13:00:00,29.8,35,0.0,13.0,0,1013.4
2023-10-21 14:00:00,30.6,34,0.0,12.0,0,1012.5
2023-10-21 15:00:00,30.7,34,0.0,11.0,0,1012.2
2023-10-21 16:00:00,30.8,34,0.0,11.9,1,1011.7
2023-10-21 17:00:00,30.4,34,0.0,11.8,3,1011.3
2023-10-21 18:00:00,29.3,36,0.0,9.7,3,1011.2
2023-10-21 19:00:00,27.7,40,0.0,6.4,3,1011.6
2023-10-21 20:00:00,26.9,44,0.0,13.6,13,1012.5
2023-10-21 21:00:00,25.1,54,0.0,18.6,1,1013.4
2023-10-21 22:00:00,24.0,59,0.0,15.5,0,1014.0
2023-10-21 23:00:00,23.1,63,0.0,12.9,0,1014.1
2023-10-22 00:00:00,22.4,67,0.0,10.5,0,1014.0
2023-10-22 01:00:00,21.7,71,0.0,8.9,0,1013.6
2023-10-22 02:00:00,20.9,76,0.0,7.3,0,1013.6
2023-10-22 03:00:00,20.1,78,0.0,6.5,0,1013.2
2023-10-22 04:00:00,19.8,79,0.0,6.2,0,1012.9
2023-10-22 05:00:00,19.0,83,0.0,5.4,0,1012.9
2023-10-22 06:00:00,18.2,88,0.0,5.4,0,1013.1
2023-10-22 07:00:00,17.4,91,0.0,7.0,0,1013.5
2023-10-22 08:00:00,19.5,80,0.0,6.6,0,1013.8
2023-10-22 09:00:00,21.9,68,0.0,5.9,0,1014.1
2023-10-22 10:00:00,24.7,58,0.0,8.4,0,1014.3
2023-10-22 11:00:00,26.9,47,0.0,10.0,0,1014.1
2023-10-22 12:00:00,28.7,40,0.0,9.5,0,1013.6
2023-10-22 13:00:00,30.2,36,0.0,9.4,0,1012.7
2023-10-22 14:00:00,31.4,34,0.0,8.9,0,1011.8
2023-10-22 15:00:00,31.3,37,0.0,10.8,0,1011.8
2023-10-22 16:00:00,31.6,36,0.0,10.8,0,1011.3
2023-10-22 17:00:00,31.1,36,0.0,10.8,0,1011.0
2023-10-22 18:00:00,30.0,38,0.0,9.7,0,1011.3
2023-10-22 19:00:00,28.4,41,0.0,9.3,1,1011.7
2023-10-22 20:00:00,27.9,43,0.0,16.7,19,1012.4
2023-10-22 21:00:00,26.2,53,0.0,18.3,0,1013.4
2023-10-22 22:00:00,24.6,61,0.0,16.2,0,1013.5
2023-10-22 23:00:00,23.7,67,0.0,13.0,0,1013.6
2023-10-23 00:00:00,22.8,72,0.0,10.5,0,1013.4
2023-10-23 01:00:00,22.0,78,0.0,9.4,0,1013.4
2023-10-23 02:00:00,21.3,82,0.0,8.4,0,1013.4
2023-10-23 03:00:00,20.6,82,0.0,7.5,0,1013.1
2023-10-23 04:00:00,20.3,83,0.0,6.8,0,1013.0
2023-10-23 05:00:00,19.7,86,0.0,6.0,0,1012.8
2023-10-23 06:00:00,18.8,92,0.0,6.2,0,1013.0
2023-10-23 07:00:00,17.9,94,0.0,7.6,0,1013.1
2023-10-23 08:00:00,20.1,86,0.0,4.9,0,1013.6
2023-10-23 09:00:00,22.5,74,0.0,4.1,0,1013.9
2023-10-23 10:00:00,25.1,64,0.0,6.5,0,1013.7
2023-10-23 11:00:00,27.3,55,0.0,9.5,1,1013.5
2023-10-23 12:00:00,29.1,49,0.0,9.4,0,1012.9
2023-10-23 13:00:00,30.7,42,0.0,9.2,0,1011.9
2023-10-23 14:00:00,31.9,39,0.0,8.9,0,1011.0
2023-10-23 15:00:00,32.1,38,0.0,9.2,0,1010.7
2023-10-23 16:00:00,32.5,36,0.0,10.0,0,1010.4
2023-10-23 17:00:00,32.0,37,0.0,11.3,0,1010.1
2023-10-23 18:00:00,31.0,38,0.0,9.7,0,1010.1
2023-10-23 19:00:00,29.5,42,0.0,9.7,0,1010.4
2023-10-23 20:00:00,28.7,44,0.0,17.2,0,1011.1
2023-10-23 21:00:00,27.1,47,0.0,15.5,0,1011.5
2023-10-23 22:00:00,25.6,51,0.0,13.6,0,1011.8
2023-10-23 23:00:00,24.3,60,0.0,11.7,0,1012.1
2023-10-24 00:00:00,23.2,69,0.0,10.1,0,1012.0
2023-10-24 01:00:00,22.2,78,0.0,9.0,3,1011.8
2023-10-24 02:00:00,21.3,87,0.0,8.4,18,1011.8
2023-10-24 03:00:00,20.5,94,0.0,9.1,54,1011.4
2023-10-24 04:00:00,20.3,97,0.0,8.6,4,1011.1
2023-10-24 05:00:00,20.3,99,0.0,8.6,100,1011.0
2023-10-24 06:00:00,21.1,97,0.0,9.8,100,1010.9
2023-10-24 07:00:00,21.5,95,0.0,10.1,100,1011.1
2023-10-24 08:00:00,22.1,91,0.0,10.2,100,1011.4
2023-10-24 09:00:00,23.3,82,0.0,12.1,43,1012.0
2023-10-24 10:00:00,25.7,67,0.0,12.1,10,1012.1
2023-10-24 11:00:00,27.9,55,0.0,11.5,6,1011.5
2023-10-24 12:00:00,30.0,45,0.0,12.3,0,1010.9
2023-10-24 13:00:00,31.7,37,0.0,13.5,0,1010.0
2023-10-24 14:00:00,32.9,32,0.0,13.7,0,1009.3
2023-10-24 15:00:00,33.6,28,0.0,14.2,0,1008.9
2023-10-24 16:00:00,33.0,30,0.0,16.5,0,1008.7
2023-10-24 17:00:00,32.6,29,0.0,16.2,0,1008.3
2023-10-24 18:00:00,31.3,31,0.0,14.8,0,1008.3
2023-10-24 19:00:00,29.7,36,0.0,18.1,0,1008.9
2023-10-24 20:00:00,28.2,38,0.0,19.2,0,1009.7
2023-10-24 21:00:00,26.8,43,0.0,16.5,0,1010.2
2023-10-24 22:00:00,25.3,51,0.0,15.6,0,1010.7
2023-10-24 23:00:00,23.9,63,0.0,13.9,0,1010.8
2023-10-25 00:00:00,22.8,73,0.0,12.7,0,1010.6
2023-10-25 01:00:00,21.9,82,0.0,10.8,0,1010.6
2023-10-25 02:00:00,21.2,88,0.0,9.4,0,1010.5
2023-10-25 03:00:00,20.5,93,0.0,9.1,0,1010.4
2023-10-25 04:00:00,20.6,93,0.0,9.4,8,1010.3
2023-10-25 05:00:00,20.4,96,0.0,9.4,26,1010.3
2023-10-25 06:00:00,20.4,97,0.0,9.7,78,1010.5
2023-10-25 07:00:00,20.9,95,0.0,11.3,100,1010.8
2023-10-25 08:00:00,21.7,91,0.0,12.4,100,1011.2
2023-10-25 09:00:00,22.9,85,0.0,15.3,91,1011.9
2023-10-25 10:00:00,25.2,70,0.0,14.2,13,1011.8
2023-10-25 11:00:00,27.6,58,0.0,14.7,7,1011.4
2023-10-25 12:00:00,29.8,47,0.0,16.1,1,1011.0
2023-10-25 13:00:00,31.4,41,0.0,17.1,0,1010.3
2023-10-25 14:00:00,32.7,35,0.0,17.6,0,1009.5
2023-10-25 15:00:00,33.6,30,0.0,18.7,0,1008.7
2023-10-25 16:00:00,33.4,29,0.0,16.8,0,1008.6
2023-10-25 17:00:00,32.8,29,0.0,16.4,0,1008.5
2023-10-25 18:00:00,31.3,34,0.0,12.5,0,1008.8
2023-10-25 19:00:00,29.7,41,0.0,11.8,0,1009.3
2023-10-25 20:00:00,28.9,48,0.0,15.9,0,1009.6
2023-10-25 21:00:00,27.6,59,0.0,16.6,0,1010.4
2023-10-25 22:00:00,26.2,69,0.0,14.2,0,1010.9
2023-10-25 23:00:00,25.0,77,0.0,13.1,0,1010.9
2023-10-26 00:00:00,24.1,83,0.0,12.4,0,1010.8
2023-10-26 01:00:00,23.3,89,0.0,12.2,3,1010.9
2023-10-26 02:00:00,22.6,96,0.0,11.6,79,1010.7
2023-10-26 03:00:00,22.5,98,0.0,11.3,100,1010.3
2023-10-26 04:00:00,22.1,99,0.0,11.9,92,1009.3
2023-10-26 05:00:00,21.7,100,0.0,12.6,98,1009.3
2023-10-26 06:00:00,21.3,98,0.0,13.7,99,1009.3
2023-10-26 07:00:00,20.9,100,0.0,11.2,100,1009.7
2023-10-26 08:00:00,21.3,96,0.0,8.4,99,1009.8
2023-10-26 09:00:00,23.1,83,0.0,5.2,12,1010.4
2023-10-26 10:00:00,26.2,68,0.0,2.9,5,1010.9
2023-10-26 11:00:00,29.2,54,0.0,2.6,0,1010.6
2023-10-26 12:00:00,31.9,42,0.0,4.3,0,1010.2
2023-10-26 13:00:00,33.9,33,0.0,6.2,0,1009.3
2023-10-26 14:00:00,35.3,27,0.0,8.2,15,1008.5
2023-10-26 15:00:00,35.8,24,0.0,10.2,29,1008.1
2023-10-26 16:00:00,35.5,25,0.0,8.2,24,1007.7
2023-10-26 17:00:00,34.7,26,0.0,8.8,89,1007.6
2023-10-26 18:00:00,32.8,31,0.0,7.4,98,1007.4
2023-10-26 19:00:00,30.7,36,0.0,7.4,97,1007.9
2023-10-26 20:00:00,29.5,39,0.0,7.3,100,1008.4
2023-10-26 21:00:00,28.0,44,0.0,5.8,100,1008.8
2023-10-26 22:00:00,27.1,48,0.0,6.2,100,1009.1
2023-10-26 23:00:00,26.9,51,0.0,6.7,100,1009.6
2023-10-27 00:00:00,25.5,59,0.0,6.3,99,1009.7
2023-10-27 01:00:00,24.4,64,0.0,5.6,9,1009.6
2023-10-27 02:00:00,23.1,72,0.0,5.5,76,1009.5
2023-10-27 03:00:00,22.8,78,0.0,8.0,84,1009.5
2023-10-27 04:00:00,22.3,84,0.0,6.0,95,1009.1
2023-10-27 05:00:00,21.3,93,0.0,6.7,100,1009.2
2023-10-27 06:00:00,20.7,96,0.0,7.8,93,1009.4
2023-10-27 07:00:00,21.6,96,0.0,5.9,100,1009.8
2023-10-27 08:00:00,22.6,92,0.0,7.6,71,1009.9
2023-10-27 09:00:00,24.4,82,0.0,7.1,82,1010.6
2023-10-27 10:00:00,26.7,69,0.0,5.5,57,1011.1
2023-10-27 11:00:00,29.3,55,0.0,6.8,93,1011.0
2023-10-27 12:00:00,31.2,44,0.0,7.8,100,1010.4
2023-10-27 13:00:00,31.7,41,0.0,8.4,100,1009.7
2023-10-27 14:00:00,32.6,36,0.0,7.6,43,1009.0
2023-10-27 15:00:00,33.9,30,0.0,7.4,28,1008.5
2023-10-27 16:00:00,32.8,33,0.0,4.8,39,1008.6
2023-10-27 17:00:00,32.5,32,0.0,3.1,36,1008.1
2023-10-27 18:00:00,31.1,35,0.0,3.6,28,1008.4
2023-10-27 19:00:00,29.4,38,0.0,5.4,20,1008.8
2023-10-27 20:00:00,28.4,39,0.0,5.4,8,1009.3
2023-10-27 21:00:00,27.6,40,0.0,6.5,1,1009.8
2023-10-27 22:00:00,26.7,49,0.0,14.7,0,1010.3
2023-10-27 23:00:00,25.4,65,0.0,15.3,0,1010.8
2023-10-28 00:00:00,24.5,69,0.0,10.8,0,1010.8
2023-10-28 01:00:00,23.7,74,0.0,9.4,0,1010.7
2023-10-28 02:00:00,22.9,80,0.0,8.3,0,1010.8
2023-10-28 03:00:00,22.3,86,0.0,7.9,0,1010.5
2023-10-28 04:00:00,21.6,94,0.0,8.0,3,1010.3
2023-10-28 05:00:00,21.2,97,0.0,7.0,4,1010.0
2023-10-28 06:00:00,20.8,98,0.0,6.3,25,1010.1
2023-10-28 07:00:00,20.4,99,0.0,5.1,95,1010.5
2023-10-28 08:00:00,21.3,95,0.0,8.5,100,1010.8
2023-10-28 09:00:00,22.8,87,0.0,9.5,93,1011.8
2023-10-28 10:00:00,25.2,72,0.0,10.0,40,1012.0
2023-10-28 11:00:00,27.6,60,0.0,9.4,11,1011.5
2023-10-28 12:00:00,30.2,47,0.0,9.5,0,1010.7
2023-10-28 13:00:00,32.1,40,0.0,10.7,0,1010.1
2023-10-28 14:00:00,33.3,35,0.0,10.2,0,1009.2
2023-10-28 15:00:00,33.9,33,0.0,9.4,0,1008.5
2023-10-28 16:00:00,33.6,31,0.0,10.2,0,1008.5
2023-10-28 17:00:00,33.2,31,0.0,10.7,0,1008.2
2023-10-28 18:00:00,31.7,34,0.0,8.3,0,1008.2
2023-10-28 19:00:00,30.3,38,0.0,7.9,0,1008.6
2023-10-28 20:00:00,29.7,44,0.0,12.1,0,1009.3
2023-10-28 21:00:00,28.1,56,0.0,16.8,0,1009.9
2023-10-28 22:00:00,26.9,59,0.0,16.4,0,1010.3
2023-10-28 23:00:00,25.7,63,0.0,15.3,0,1010.8
2023-10-29 00:00:00,24.5,69,0.0,13.9,0,1010.7
2023-10-29 01:00:00,23.5,77,0.0,12.1,0,1010.6
2023-10-29 02:00:00,22.7,84,0.0,10.5,0,1010.6
2023-10-29 03:00:00,22.0,91,0.0,9.7,2,1010.6
2023-10-29 04:00:00,21.7,91,0.0,9.6,0,1010.2
2023-10-29 05:00:00,21.3,95,0.0,8.7,2,1010.3
2023-10-29 06:00:00,21.0,97,0.0,9.4,15,1010.4
2023-10-29 07:00:00,20.8,98,0.0,9.0,100,1010.5
2023-10-29 08:00:00,21.6,95,0.0,10.3,100,1010.7
2023-10-29 09:00:00,23.1,87,0.0,15.3,100,1011.4
2023-10-29 10:00:00,25.6,71,0.0,13.2,29,1011.7
2023-10-29 11:00:00,28.1,60,0.0,11.9,13,1011.2
2023-10-29 12:00:00,30.6,47,0.0,11.8,1,1010.5
2023-10-29 13:00:00,32.6,38,0.0,12.1,0,1009.5
2023-10-29 14:00:00,33.8,33,0.0,12.2,0,1008.6
2023-10-29 15:00:00,34.6,28,0.0,12.0,27,1007.9
2023-10-29 16:00:00,33.8,32,0.0,12.7,1,1008.0
2023-10-29 17:00:00,33.4,33,0.0,12.8,11,1007.8
2023-10-29 18:00:00,31.8,37,0.0,11.7,27,1008.0
2023-10-29 19:00:00,30.6,42,0.0,10.4,26,1008.6
2023-10-29 20:00:00,29.3,50,0.0,18.3,16,1009.4
2023-10-29 21:00:00,27.7,58,0.0,17.0,8,1010.1
2023-10-29 22:00:00,26.2,65,0.0,16.6,2,1010.6
2023-10-29 23:00:00,24.9,73,0.0,14.6,1,1011.0
2023-10-30 00:00:00,24.0,79,0.0,13.1,13,1011.1
2023-10-30 01:00:00,23.3,82,0.0,11.2,12,1011.2
2023-10-30 02:00:00,22.8,85,0.0,10.5,26,1011.2
2023-10-30 03:00:00,22.4,88,0.0,10.1,40,1011.1
2023-10-30 04:00:00,22.1,91,0.0,9.0,100,1010.7
2023-10-30 05:00:00,22.9,89,0.0,11.1,100,1010.8
2023-10-30 06:00:00,23.0,89,0.0,10.1,100,1010.8
2023-10-30 07:00:00,23.1,89,0.0,9.7,100,1011.0
2023-10-30 08:00:00,23.3,88,0.0,10.9,100,1011.4
2023-10-30 09:00:00,24.2,81,0.0,10.9,83,1012.1
2023-10-30 10:00:00,26.3,69,0.0,11.8,27,1012.1
2023-10-30 11:00:00,28.4,58,0.0,8.4,5,1011.7
2023-10-30 12:00:00,30.2,51,0.0,6.5,3,1011.1
2023-10-30 13:00:00,31.9,43,0.0,7.3,4,1010.3
2023-10-30 14:00:00,33.2,36,0.0,9.7,12,1009.4
2023-10-30 15:00:00,33.8,34,0.0,12.8,24,1008.8
2023-10-30 16:00:00,32.7,39,0.0,12.1,18,1009.3
2023-10-30 17:00:00,32.1,40,0.0,13.2,13,1009.0
2023-10-30 18:00:00,31.1,43,0.0,12.4,45,1009.2
2023-10-30 19:00:00,30.0,47,0.0,16.6,31,1009.8
2023-10-30 20:00:00,28.8,53,0.0,16.3,8,1010.5
2023-10-30 21:00:00,27.7,57,0.0,15.5,2,1011.0
2023-10-30 22:00:00,26.6,61,0.0,14.9,1,1011.7
2023-10-30 23:00:00,25.5,65,0.0,10.9,1,1011.9
2023-10-31 00:00:00,24.6,70,0.0,9.0,12,1011.8
2023-10-31 01:00:00,23.7,75,0.0,8.4,90,1011.8
2023-10-31 02:00:00,23.1,80,0.0,7.4,16,1011.6
2023-10-31 03:00:00,22.4,85,0.0,6.8,91,1011.4
2023-10-31 04:00:00,22.3,83,0.0,6.3,43,1011.1
2023-10-31 05:00:00,21.5,88,0.0,4.6,57,1011.1
2023-10-31 06:00:00,21.1,91,0.0,5.9,11,1011.1
2023-10-31 07:00:00,20.3,94,0.0,7.9,25,1011.3
2023-10-31 08:00:00,21.9,88,0.0,5.1,40,1011.7
2023-10-31 09:00:00,24.0,77,0.0,5.4,25,1012.0
2023-10-31 10:00:00,26.5,65,0.0,7.4,63,1012.0
2023-10-31 11:00:00,28.6,54,0.0,7.7,30,1011.6
2023-10-31 12:00:00,30.8,42,0.0,7.0,99,1010.9
2023-10-31 13:00:00,32.1,35,0.0,5.8,86,1010.0
2023-10-31 14:00:00,32.7,33,0.0,5.1,25,1009.3
2023-10-31 15:00:00,33.0,32,0.0,5.7,25,1009.0
2023-10-31 16:00:00,29.2,47,0.4,20.2,54,1010.0
2023-10-31 17:00:00,28.3,49,0.1,8.0,37,1010.0
2023-10-31 18:00:00,27.5,51,0.0,11.3,36,1010.0
2023-10-31 19:00:00,26.6,55,0.0,5.4,14,1010.7
2023-10-31 20:00:00,26.0,58,0.0,4.2,9,1011.1
2023-10-31 21:00:00,25.3,61,0.0,5.4,4,1011.5
2023-10-31 22:00:00,25.6,55,0.0,12.2,1,1011.9
2023-10-31 23:00:00,24.8,59,0.0,11.2,2,1012.1
2023-11-01 00:00:00,23.8,66,0.0,7.8,0,1011.9
2023-11-01 01:00:00,23.0,75,0.0,6.9,1,1012.2
2023-11-01 02:00:00,22.2,86,0.0,6.0,0,1012.2
2023-11-01 03:00:00,21.8,95,0.0,7.2,0,1012.2
2023-11-01 04:00:00,21.5,94,0.0,5.6,0,1012.1
2023-11-01 05:00:00,21.1,96,0.0,5.9,0,1012.1
2023-11-01 06:00:00,20.9,97,0.0,5.9,8,1012.2
2023-11-01 07:00:00,20.5,98,0.0,5.1,18,1012.6
2023-11-01 08:00:00,21.7,93,0.0,8.2,89,1012.9
2023-11-01 09:00:00,24.0,80,0.0,9.7,53,1013.7
2023-11-01 10:00:00,26.1,66,0.0,10.5,20,1013.7
2023-11-01 11:00:00,28.1,55,0.0,9.0,5,1013.4
2023-11-01 12:00:00,29.9,45,0.0,8.4,6,1013.0
2023-11-01 13:00:00,31.3,39,0.0,9.6,15,1012.4
2023-11-01 14:00:00,32.3,33,0.0,10.0,12,1011.4
2023-11-01 15:00:00,32.9,31,0.0,10.9,10,1010.9
2023-11-01 16:00:00,31.0,39,0.0,7.9,30,1011.5
2023-11-01 17:00:00,30.7,38,0.0,11.3,42,1011.3
2023-11-01 18:00:00,29.2,42,0.0,15.3,35,1011.3
2023-11-01 19:00:00,28.3,45,0.0,13.0,3,1011.7
2023-11-01 20:00:00,27.2,47,0.0,17.4,9,1012.4
2023-11-01 21:00:00,25.8,53,0.0,17.3,3,1013.3
2023-11-01 22:00:00,24.6,62,0.0,13.7,0,1013.7
2023-11-01 23:00:00,23.7,69,0.0,12.0,0,1013.9
2023-11-02 00:00:00,23.0,75,0.0,9.8,0,1014.0
2023-11-02 01:00:00,22.2,81,0.0,7.3,7,1013.8
2023-11-02 02:00:00,21.5,85,0.0,7.6,13,1013.7
2023-11-02 03:00:00,21.0,89,0.0,8.5,19,1013.6
2023-11-02 04:00:00,23.3,81,0.0,13.4,95,1013.6
2023-11-02 05:00:00,23.3,82,0.0,10.7,100,1013.6
2023-11-02 06:00:00,23.3,82,0.0,11.5,100,1013.6
2023-11-02 07:00:00,23.2,81,0.0,10.4,100,1013.7
2023-11-02 08:00:00,23.4,79,0.0,10.4,96,1014.1
2023-11-02 09:00:00,24.3,72,0.0,10.9,25,1014.6
2023-11-02 10:00:00,25.8,63,0.0,10.5,11,1014.3
2023-11-02 11:00:00,27.6,55,0.0,9.1,5,1013.9
2023-11-02 12:00:00,29.5,46,0.0,8.8,0,1013.4
2023-11-02 13:00:00,31.2,36,0.0,9.5,0,1012.3
2023-11-02 14:00:00,32.2,31,0.0,9.8,0,1011.4
2023-11-02 15:00:00,32.7,28,0.0,10.1,0,1010.8
2023-11-02 16:00:00,31.6,33,0.0,9.5,0,1011.3
2023-11-02 17:00:00,30.9,34,0.0,12.1,1,1011.3
2023-11-02 18:00:00,29.4,38,0.0,10.5,2,1011.5
2023-11-02 19:00:00,28.0,41,0.0,12.2,0,1011.8
2023-11-02 20:00:00,26.9,42,0.0,12.0,0,1012.1
2023-11-02 21:00:00,26.2,45,0.0,15.1,0,1012.7
2023-11-02 22:00:00,24.6,62,0.0,14.7,33,1013.3
2023-11-02 23:00:00,23.7,68,0.0,10.2,21,1013.6
2023-11-03 00:00:00,22.8,72,0.0,9.0,97,1013.6
2023-11-03 01:00:00,22.1,75,0.0,8.3,28,1013.7
2023-11-03 02:00:00,21.3,81,0.0,6.0,24,1013.5
2023-11-03 03:00:00,20.4,86,0.0,5.2,53,1013.4
2023-11-03 04:00:00,20.5,87,0.0,5.1,100,1012.5
2023-11-03 05:00:00,20.1,91,0.0,4.9,99,1012.7
2023-11-03 06:00:00,19.6,94,0.0,4.9,94,1012.7
2023-11-03 07:00:00,19.2,95,0.0,5.8,14,1013.3
2023-11-03 08:00:00,20.0,93,0.0,8.3,0,1013.7
2023-11-03 09:00:00,22.4,79,0.0,7.3,0,1014.0
2023-11-03 10:00:00,25.0,65,0.0,8.0,0,1014.0
2023-11-03 11:00:00,27.5,50,0.0,8.9,0,1013.8
2023-11-03 12:00:00,29.5,40,0.0,9.5,0,1013.1
2023-11-03 13:00:00,31.2,34,0.0,10.0,0,1012.4
2023-11-03 14:00:00,32.5,29,0.0,11.1,0,1011.6
2023-11-03 15:00:00,33.2,27,0.0,11.2,0,1011.1
2023-11-03 16:00:00,33.3,23,0.0,11.2,0,1010.8
2023-11-03 17:00:00,32.6,24,0.0,11.2,0,1010.7
2023-11-03 18:00:00,30.3,27,0.0,6.2,0,1010.7
2023-11-03 19:00:00,28.2,32,0.0,6.7,0,1011.1
2023-11-03 20:00:00,27.8,34,0.0,9.5,0,1011.6
2023-11-03 21:00:00,26.9,38,0.0,9.2,0,1012.0
2023-11-03 22:00:00,25.2,45,0.0,6.8,0,1012.2
2023-11-03 23:00:00,23.5,53,0.0,6.6,0,1012.5
2023-11-04 00:00:00,22.6,62,0.0,6.2,0,1012.6
2023-11-04 01:00:00,22.0,69,0.0,6.8,0,1012.6
2023-11-04 02:00:00,21.4,75,0.0,7.7,0,1012.2
2023-11-04 03:00:00,20.7,76,0.0,7.6,0,1011.9
2023-11-04 04:00:00,20.4,73,0.0,6.3,0,1011.5
2023-11-04 05:00:00,19.2,77,0.0,7.3,0,1011.3
2023-11-04 06:00:00,18.7,83,0.0,5.9,0,1011.4
2023-11-04 07:00:00,18.4,90,0.0,7.1,0,1011.6
2023-11-04 08:00:00,18.9,90,0.0,9.4,0,1011.9
2023-11-04 09:00:00,22.2,70,0.0,7.2,0,1012.4
2023-11-04 10:00:00,26.6,46,0.0,8.0,0,1012.5
2023-11-04 11:00:00,30.1,29,0.0,10.8,0,1012.3
2023-11-04 12:00:00,32.3,21,0.0,13.8,0,1011.4
2023-11-04 13:00:00,33.4,18,0.0,16.0,0,1010.4
2023-11-04 14:00:00,34.0,16,0.0,16.3,0,1009.6
2023-11-04 15:00:00,34.2,15,0.0,15.0,0,1009.3
2023-11-04 16:00:00,33.9,15,0.0,12.7,0,1009.4
2023-11-04 17:00:00,33.1,15,0.0,11.6,0,1009.2
2023-11-04 18:00:00,30.6,18,0.0,7.3,0,1009.4
2023-11-04 19:00:00,28.1,22,0.0,7.1,0,1009.9
2023-11-04 20:00:00,27.2,25,0.0,7.6,0,1010.3
2023-11-04 21:00:00,26.2,29,0.0,7.9,0,1010.8
2023-11-04 22:00:00,25.3,38,0.0,11.6,0,1011.3
2023-11-04 23:00:00,24.1,50,0.0,12.2,0,1011.6
2023-11-05 00:00:00,22.9,59,0.0,10.0,0,1011.6
2023-11-05 01:00:00,21.8,70,0.0,8.9,0,1011.7
2023-11-05 02:00:00,21.0,79,0.0,7.8,0,1011.8
2023-11-05 03:00:00,20.1,89,0.0,7.6,0,1012.0
2023-11-05 04:00:00,19.8,93,0.0,6.9,0,1011.2
2023-11-05 05:00:00,19.3,97,0.0,6.9,2,1011.2
2023-11-05 06:00:00,18.9,100,0.0,8.4,100,1011.4
2023-11-05 07:00:00,18.9,100,0.0,8.3,100,1012.1
2023-11-05 08:00:00,19.3,99,0.0,10.2,100,1012.7
2023-11-05 09:00:00,20.3,92,0.0,10.4,90,1013.6
2023-11-05 10:00:00,22.8,76,0.0,10.0,21,1013.7
2023-11-05 11:00:00,25.8,58,0.0,9.8,13,1013.3
2023-11-05 12:00:00,29.1,40,0.0,10.7,13,1012.5
2023-11-05 13:00:00,31.4,28,0.0,12.9,0,1012.1
2023-11-05 14:00:00,32.6,24,0.0,12.7,0,1011.6
2023-11-05 15:00:00,33.1,23,0.0,12.7,0,1011.3
2023-11-05 16:00:00,32.8,25,0.0,12.4,0,1011.3
2023-11-05 17:00:00,32.4,24,0.0,11.7,0,1011.1
2023-11-05 18:00:00,30.2,28,0.0,8.9,0,1011.3
2023-11-05 19:00:00,28.1,34,0.0,7.4,0,1011.8
2023-11-05 20:00:00,26.9,40,0.0,8.1,16,1012.7
2023-11-05 21:00:00,26.3,46,0.0,12.7,0,1013.3
2023-11-05 22:00:00,25.2,55,0.0,13.2,0,1013.8
2023-11-05 23:00:00,23.8,60,0.0,11.5,0,1014.3
2023-11-06 00:00:00,22.5,68,0.0,10.2,0,1014.3
2023-11-06 01:00:00,21.3,76,0.0,9.3,0,1014.2
2023-11-06 02:00:00,20.3,84,0.0,8.1,0,1014.5
2023-11-06 03:00:00,19.6,89,0.0,7.8,0,1014.3
2023-11-06 04:00:00,19.4,92,0.0,7.3,0,1014.2
2023-11-06 05:00:00,19.0,95,0.0,6.9,0,1014.2
2023-11-06 06:00:00,18.6,96,0.0,7.2,0,1014.2
2023-11-06 07:00:00,18.1,98,0.0,6.8,3,1014.7
2023-11-06 08:00:00,18.4,99,0.0,8.0,46,1015.1
2023-11-06 09:00:00,20.7,85,0.0,6.5,24,1015.6
2023-11-06 10:00:00,24.5,60,0.0,7.6,1,1015.8
2023-11-06 11:00:00,28.2,40,0.0,8.7,0,1015.6
2023-11-06 12:00:00,31.0,27,0.0,10.3,0,1015.0
2023-11-06 13:00:00,32.7,22,0.0,11.5,0,1014.3
2023-11-06 14:00:00,33.7,18,0.0,12.7,0,1013.7
2023-11-06 15:00:00,34.0,17,0.0,12.5,0,1013.4
2023-11-06 16:00:00,33.7,16,0.0,10.6,0,1013.5
2023-11-06 17:00:00,33.0,16,0.0,11.6,0,1013.3
2023-11-06 18:00:00,29.3,21,0.0,8.2,0,1013.6
2023-11-06 19:00:00,27.2,24,0.0,8.2,0,1014.1
2023-11-06 20:00:00,26.2,26,0.0,7.3,0,1014.7
2023-11-06 21:00:00,26.4,37,0.0,16.8,0,1015.4
2023-11-06 22:00:00,25.1,50,0.0,13.6,0,1015.8
2023-11-06 23:00:00,23.9,55,0.0,8.7,0,1015.9
2023-11-07 00:00:00,22.4,59,0.0,6.8,0,1015.9
2023-11-07 01:00:00,21.5,64,0.0,9.7,0,1015.8
2023-11-07 02:00:00,20.5,69,0.0,9.4,0,1015.8
2023-11-07 03:00:00,19.6,74,0.0,7.9,0,1015.9
2023-11-07 04:00:00,19.3,75,0.0,6.1,0,1016.0
2023-11-07 05:00:00,18.7,81,0.0,7.3,0,1016.1
2023-11-07 06:00:00,17.8,87,0.0,6.2,0,1016.2
2023-11-07 07:00:00,16.6,94,0.0,7.2,0,1016.4
2023-11-07 08:00:00,18.1,89,0.0,5.4,0,1016.9
2023-11-07 09:00:00,21.2,72,0.0,6.5,0,1017.5
2023-11-07 10:00:00,24.3,62,0.0,9.0,0,1017.4
2023-11-07 11:00:00,27.3,47,0.0,10.6,0,1017.1
2023-11-07 12:00:00,29.8,34,0.0,11.5,0,1016.5
2023-11-07 13:00:00,31.3,27,0.0,12.0,0,1015.5
2023-11-07 14:00:00,32.1,24,0.0,12.5,0,1014.8
2023-11-07 15:00:00,32.6,21,0.0,12.5,0,1014.3
2023-11-07 16:00:00,31.8,22,0.0,12.7,0,1014.4
2023-11-07 17:00:00,31.0,24,0.0,13.2,0,1014.4
2023-11-07 18:00:00,28.8,29,0.0,8.3,0,1014.2
2023-11-07 19:00:00,27.1,33,0.0,9.0,0,1014.6
2023-11-07 20:00:00,26.2,37,0.0,9.3,0,1015.1
2023-11-07 21:00:00,25.3,50,0.0,17.1,0,1015.5
2023-11-07 22:00:00,23.9,68,0.0,15.9,0,1015.9
2023-11-07 23:00:00,22.8,74,0.0,14.0,0,1016.1
2023-11-08 00:00:00,21.9,79,0.0,12.1,0,1015.9
2023-11-08 01:00:00,20.9,86,0.0,11.1,0,1015.8
2023-11-08 02:00:00,20.0,92,0.0,10.6,3,1015.6
2023-11-08 03:00:00,19.4,96,0.0,9.7,14,1015.6
2023-11-08 04:00:00,19.1,96,0.0,9.2,17,1015.4
2023-11-08 05:00:00,19.0,97,0.0,8.9,50,1015.1
2023-11-08 06:00:00,19.2,97,0.0,8.8,100,1015.2
2023-11-08 07:00:00,19.3,96,0.0,9.1,100,1015.7
2023-11-08 08:00:00,20.0,93,0.0,10.7,100,1016.2
2023-11-08 09:00:00,20.6,90,0.0,12.6,100,1016.6
2023-11-08 10:00:00,22.2,82,0.0,15.7,61,1016.7
2023-11-08 11:00:00,24.8,66,0.0,15.8,19,1016.4
2023-11-08 12:00:00,26.8,56,0.0,15.0,7,1015.7
2023-11-08 13:00:00,28.3,48,0.0,14.8,3,1014.7
2023-11-08 14:00:00,29.5,42,0.0,14.8,1,1013.7
2023-11-08 15:00:00,30.4,38,0.0,13.5,0,1013.4
2023-11-08 16:00:00,31.0,36,0.0,12.0,0,1012.9
2023-11-08 17:00:00,30.5,38,0.0,11.0,0,1012.9
2023-11-08 18:00:00,28.5,43,0.0,6.8,0,1012.8
2023-11-08 19:00:00,27.3,47,0.0,9.4,0,1013.0
2023-11-08 20:00:00,26.4,51,0.0,9.4,0,1013.3
2023-11-08 21:00:00,25.3,59,0.0,14.6,0,1013.7
2023-11-08 22:00:00,24.1,67,0.0,15.5,0,1014.4
2023-11-08 23:00:00,23.0,73,0.0,13.4,0,1014.6
2023-11-09 00:00:00,22.1,78,0.0,12.4,0,1014.4
2023-11-09 01:00:00,21.3,83,0.0,11.1,0,1014.2
2023-11-09 02:00:00,20.4,88,0.0,9.6,0,1014.2
2023-11-09 03:00:00,19.6,93,0.0,8.7,0,1014.1
2023-11-09 04:00:00,19.4,95,0.0,8.5,28,1013.9
2023-11-09 05:00:00,19.2,96,0.0,8.2,92,1013.8
2023-11-09 06:00:00,19.4,95,0.0,8.9,100,1013.9
2023-11-09 07:00:00,19.6,95,0.0,9.7,100,1014.2
2023-11-09 08:00:00,20.2,91,0.0,12.7,100,1014.3
2023-11-09 09:00:00,21.4,84,0.0,14.8,84,1014.8
2023-11-09 10:00:00,23.4,71,0.0,14.5,18,1014.6
2023-11-09 11:00:00,25.5,60,0.0,13.7,9,1014.3
2023-11-09 12:00:00,27.1,53,0.0,13.2,4,1013.7
2023-11-09 13:00:00,28.6,46,0.0,12.5,0,1013.0
2023-11-09 14:00:00,29.9,41,0.0,11.0,0,1012.4
2023-11-09 15:00:00,30.7,39,0.0,9.7,0,1012.2
2023-11-09 16:00:00,30.8,38,0.0,12.0,1,1012.3
2023-11-09 17:00:00,30.1,39,0.0,12.5,71,1012.1
2023-11-09 18:00:00,28.5,44,0.0,11.6,76,1012.2
2023-11-09 19:00:00,27.2,48,0.0,11.9,26,1012.7
2023-11-09 20:00:00,26.4,51,0.0,14.4,87,1013.3
2023-11-09 21:00:00,24.7,61,0.0,18.2,99,1014.1
2023-11-09 22:00:00,23.4,68,0.0,15.5,100,1014.6
2023-11-09 23:00:00,22.5,73,0.0,13.4,25,1014.7
2023-11-10 00:00:00,21.7,77,0.0,11.6,6,1014.5
2023-11-10 01:00:00,20.9,81,0.0,10.9,12,1014.5
2023-11-10 02:00:00,20.2,85,0.0,9.6,31,1014.5
2023-11-10 03:00:00,19.6,88,0.0,9.1,92,1014.4
2023-11-10 04:00:00,19.4,89,0.0,8.6,100,1013.8
2023-11-10 05:00:00,19.1,90,0.0,8.0,56,1014.0
2023-11-10 06:00:00,18.5,94,0.0,6.7,27,1014.2
2023-11-10 07:00:00,18.1,95,0.0,7.1,2,1014.4
2023-11-10 08:00:00,18.6,93,0.0,8.4,21,1014.8
2023-11-10 09:00:00,21.0,80,0.0,8.9,38,1015.5
2023-11-10 10:00:00,23.5,68,0.0,13.0,5,1015.5
2023-11-10 11:00:00,25.5,58,0.0,14.8,1,1015.3
2023-11-10 12:00:00,27.1,52,0.0,14.3,6,1014.8
2023-11-10 13:00:00,28.4,46,0.0,14.3,2,1013.7
2023-11-10 14:00:00,29.4,42,0.0,14.0,9,1012.9
2023-11-10 15:00:00,30.0,39,0.0,13.5,50,1012.5
2023-11-10 16:00:00,29.5,41,0.0,14.1,66,1012.5
2023-11-10 17:00:00,28.8,43,0.0,14.2,95,1012.5
2023-11-10 18:00:00,27.3,47,0.0,11.8,99,1012.8
2023-11-10 19:00:00,26.2,51,0.0,10.7,100,1013.5
2023-11-10 20:00:00,25.7,54,0.0,13.8,100,1014.0
2023-11-10 21:00:00,24.5,57,0.0,18.9,100,1014.5
2023-11-10 22:00:00,23.3,61,0.0,17.6,100,1014.9
2023-11-10 23:00:00,22.4,65,0.0,15.8,100,1015.0
2023-11-11 00:00:00,21.6,70,0.0,14.8,100,1014.8
2023-11-11 01:00:00,21.0,74,0.0,13.4,100,1014.5
2023-11-11 02:00:00,20.5,77,0.0,12.9,100,1014.2
2023-11-11 03:00:00,20.0,80,0.0,12.5,100,1014.2
2023-11-11 04:00:00,19.7,83,0.0,13.1,100,1013.8
2023-11-11 05:00:00,19.3,87,0.0,13.3,100,1013.6
2023-11-11 06:00:00,18.9,90,0.0,12.8,100,1013.5
2023-11-11 07:00:00,18.6,92,0.0,12.8,100,1013.6
2023-11-11 08:00:00,19.1,89,0.0,13.6,100,1013.6
2023-11-11 09:00:00,20.7,81,0.0,13.8,100,1014.1
2023-11-11 10:00:00,22.8,71,0.0,17.1,100,1014.3
2023-11-11 11:00:00,25.0,61,0.0,18.4,100,1014.1
2023-11-11 12:00:00,27.0,53,0.0,17.9,100,1013.2
2023-11-11 13:00:00,28.4,46,0.0,15.8,100,1012.6
2023-11-11 14:00:00,29.6,40,0.0,11.3,98,1012.0
2023-11-11 15:00:00,29.0,43,0.1,16.4,100,1011.4
2023-11-11 16:00:00,30.0,38,0.0,13.3,100,1011.6
2023-11-11 17:00:00,29.3,40,0.0,13.1,100,1012.1
2023-11-11 18:00:00,27.8,44,0.0,4.2,100,1012.1
2023-11-11 19:00:00,26.0,51,0.1,4.7,100,1012.7
2023-11-11 20:00:00,26.0,51,0.0,5.2,100,1013.5
2023-11-11 21:00:00,25.7,52,0.0,11.2,81,1013.0
2023-11-11 22:00:00,24.9,55,0.0,9.9,97,1014.0
2023-11-11 23:00:00,24.2,58,0.0,8.2,100,1013.9
2023-11-12 00:00:00,23.7,63,0.0,11.3,91,1013.4
2023-11-12 01:00:00,22.4,73,0.6,5.2,99,1014.3
2023-11-12 02:00:00,22.0,76,0.0,4.3,100,1013.9
2023-11-12 03:00:00,21.7,78,0.0,5.1,66,1012.7
2023-11-12 04:00:00,21.2,74,0.0,7.5,12,1011.1
2023-11-12 05:00:00,20.9,65,0.0,11.4,29,1010.8
2023-11-12 06:00:00,20.7,78,0.0,13.8,36,1011.2
2023-11-12 07:00:00,19.7,89,0.0,11.7,100,1011.8
2023-11-12 08:00:00,20.3,87,0.0,8.7,93,1012.9
2023-11-12 09:00:00,22.2,78,0.0,8.4,49,1013.7
2023-11-12 10:00:00,24.4,65,0.0,10.1,37,1013.9
2023-11-12 11:00:00,27.9,47,0.0,10.9,7,1013.1
2023-11-12 12:00:00,30.5,37,0.0,9.2,39,1012.6
2023-11-12 13:00:00,31.4,34,0.0,8.5,100,1012.5
2023-11-12 14:00:00,31.1,34,0.0,7.4,28,1011.8
2023-11-12 15:00:00,31.8,33,0.0,10.3,64,1011.7
2023-11-12 16:00:00,29.0,47,0.0,3.0,84,1013.2
2023-11-12 17:00:00,29.3,44,0.0,7.2,61,1012.7
2023-11-12 18:00:00,27.7,47,0.0,7.4,26,1012.4
2023-11-12 19:00:00,26.4,47,0.0,10.4,6,1012.8
2023-11-12 20:00:00,24.9,46,0.0,5.1,0,1013.0
2023-11-12 21:00:00,23.5,50,0.0,3.9,0,1013.2
2023-11-12 22:00:00,23.7,51,0.0,3.3,0,1013.5
2023-11-12 23:00:00,22.6,55,0.0,4.4,0,1013.5
2023-11-13 00:00:00,22.0,57,0.0,2.3,0,1013.8
2023-11-13 01:00:00,19.4,68,0.0,6.8,0,1013.8
2023-11-13 02:00:00,19.2,71,0.0,5.5,0,1013.7
2023-11-13 03:00:00,18.4,76,0.0,6.5,0,1013.7
2023-11-13 04:00:00,20.1,95,0.0,10.9,0,1013.7
2023-11-13 05:00:00,19.7,96,0.0,9.5,0,1013.7
2023-11-13 06:00:00,19.3,98,0.0,7.6,7,1013.9
2023-11-13 07:00:00,19.0,98,0.0,5.8,61,1014.3
2023-11-13 08:00:00,19.6,98,0.0,6.8,100,1014.5
2023-11-13 09:00:00,21.5,90,0.0,8.9,100,1015.0
2023-11-13 10:00:00,23.1,82,0.0,9.1,42,1015.1
2023-11-13 11:00:00,25.7,68,0.0,8.5,23,1014.9
2023-11-13 12:00:00,27.9,55,0.0,8.4,6,1014.3
2023-11-13 13:00:00,29.7,46,0.0,7.9,0,1013.3
2023-11-13 14:00:00,30.8,40,0.0,6.3,0,1012.3
2023-11-13 15:00:00,31.4,37,0.0,3.7,11,1011.7
2023-11-13 16:00:00,30.6,41,0.0,9.7,6,1011.9
2023-11-13 17:00:00,29.7,43,0.0,10.6,2,1011.6
2023-11-13 18:00:00,28.3,47,0.0,6.5,0,1011.6
2023-11-13 19:00:00,26.8,54,0.0,12.1,13,1012.4
2023-11-13 20:00:00,25.3,63,0.0,11.7,21,1013.0
2023-11-13 21:00:00,24.5,66,0.1,7.6,28,1013.7
2023-11-13 22:00:00,23.8,71,0.0,9.1,30,1014.2
2023-11-13 23:00:00,23.1,77,0.0,9.4,36,1014.4
2023-11-14 00:00:00,22.6,79,0.0,8.9,93,1014.2
2023-11-14 01:00:00,22.5,79,0.0,9.8,30,1014.0
2023-11-14 02:00:00,21.4,84,0.0,6.1,5,1013.9
2023-11-14 03:00:00,20.4,89,0.0,5.6,7,1013.7
2023-11-14 04:00:00,19.6,93,0.0,7.3,8,1013.4
2023-11-14 05:00:00,19.2,93,0.0,7.1,3,1013.3
2023-11-14 06:00:00,18.2,94,0.0,7.6,0,1013.2
2023-11-14 07:00:00,17.7,94,0.0,6.4,0,1013.4
2023-11-14 08:00:00,17.6,97,0.0,5.2,1,1013.7
2023-11-14 09:00:00,20.4,79,0.0,3.3,1,1014.1
2023-11-14 10:00:00,23.1,61,0.0,6.9,2,1014.2
2023-11-14 11:00:00,25.2,46,0.0,11.7,2,1013.9
2023-11-14 12:00:00,26.4,43,0.0,19.2,18,1013.4
2023-11-14 13:00:00,26.8,41,0.1,23.1,36,1012.3
2023-11-14 14:00:00,27.4,38,0.1,23.5,31,1011.4
2023-11-14 15:00:00,27.2,38,0.0,24.5,24,1011.0
2023-11-14 16:00:00,27.0,37,0.0,22.5,61,1010.7
2023-11-14 17:00:00,26.1,41,0.0,21.9,53,1010.9
2023-11-14 18:00:00,25.3,43,0.0,16.7,44,1011.2
2023-11-14 19:00:00,24.4,47,0.0,16.1,16,1011.7
2023-11-14 20:00:00,23.2,52,0.0,19.1,1,1012.3
2023-11-14 21:00:00,22.0,59,0.0,14.8,2,1012.8
2023-11-14 22:00:00,21.1,63,0.0,8.5,6,1013.0
2023-11-14 23:00:00,20.3,66,0.0,6.4,13,1013.0
2023-11-15 00:00:00,19.6,70,0.0,5.8,31,1013.1
2023-11-15 01:00:00,19.5,70,0.0,6.2,29,1012.9
2023-11-15 02:00:00,19.0,72,0.0,6.2,32,1012.8
2023-11-15 03:00:00,18.4,74,0.0,6.2,24,1012.6
2023-11-15 04:00:00,18.0,73,0.0,6.2,10,1012.1
2023-11-15 05:00:00,16.9,78,0.0,9.7,8,1012.1
2023-11-15 06:00:00,17.0,77,0.0,9.0,6,1012.2
2023-11-15 07:00:00,17.6,74,0.0,7.7,4,1012.6
2023-11-15 08:00:00,17.4,75,0.0,6.1,11,1013.3
2023-11-15 09:00:00,20.5,62,0.0,3.7,23,1014.1
2023-11-15 10:00:00,22.7,54,0.0,3.6,41,1014.4
2023-11-15 11:00:00,24.5,50,0.0,6.0,100,1014.3
2023-11-15 12:00:00,25.0,49,0.0,10.4,94,1014.0
2023-11-15 13:00:00,26.1,46,0.0,11.9,50,1013.2
2023-11-15 14:00:00,27.2,41,0.0,12.6,83,1012.6
2023-11-15 15:00:00,27.3,41,0.0,12.8,88,1012.2
2023-11-15 16:00:00,26.7,45,0.0,14.3,67,1012.6
2023-11-15 17:00:00,26.3,46,0.0,12.4,53,1012.6
2023-11-15 18:00:00,25.4,49,0.0,9.1,36,1012.9
2023-11-15 19:00:00,24.2,54,0.0,8.4,9,1013.6
2023-11-15 20:00:00,23.2,58,0.0,7.6,4,1014.1
2023-11-15 21:00:00,22.5,61,0.0,9.2,4,1014.3
2023-11-15 22:00:00,21.5,67,0.0,6.8,29,1014.7
2023-11-15 23:00:00,21.0,70,0.0,7.8,46,1015.0
2023-11-16 00:00:00,20.5,73,0.0,6.5,36,1015.1
2023-11-16 01:00:00,19.5,76,0.0,5.6,25,1015.1
2023-11-16 02:00:00,18.2,81,0.0,7.1,17,1015.1
2023-11-16 03:00:00,18.1,81,0.0,6.6,23,1015.1
2023-11-16 04:00:00,18.3,78,0.0,6.3,1,1015.0
2023-11-16 05:00:00,18.7,76,0.0,4.3,0,1014.7
2023-11-16 06:00:00,18.3,79,0.0,2.4,0,1014.5
2023-11-16 07:00:00,17.8,82,0.0,0.5,0,1014.9
2023-11-16 08:00:00,17.2,86,0.0,2.6,0,1015.3
2023-11-16 09:00:00,19.7,71,0.0,1.5,0,1016.0
2023-11-16 10:00:00,22.3,60,0.0,2.8,0,1015.9
2023-11-16 11:00:00,24.3,50,0.0,3.3,0,1016.1
2023-11-16 12:00:00,25.9,40,0.0,4.9,0,1015.4
2023-11-16 13:00:00,27.0,34,0.0,5.9,0,1014.6
2023-11-16 14:00:00,27.6,32,0.0,6.8,0,1014.0
2023-11-16 15:00:00,27.9,31,0.0,8.0,0,1013.7
2023-11-16 16:00:00,27.4,33,0.0,9.9,0,1014.1
2023-11-16 17:00:00,26.6,37,0.0,11.0,0,1014.3
2023-11-16 18:00:00,24.9,42,0.0,8.5,0,1014.1
2023-11-16 19:00:00,23.7,47,0.0,8.6,0,1014.4
2023-11-16 20:00:00,22.7,50,0.0,7.1,0,1014.5
2023-11-16 21:00:00,22.1,53,0.0,7.0,13,1014.7
2023-11-16 22:00:00,21.7,56,0.0,7.8,1,1014.9
2023-11-16 23:00:00,21.1,61,0.0,8.9,5,1015.3
2023-11-17 00:00:00,20.7,71,0.0,9.3,9,1015.4
2023-11-17 01:00:00,19.7,79,0.0,6.5,8,1015.2
2023-11-17 02:00:00,18.2,88,0.0,7.2,1,1015.3
2023-11-17 03:00:00,18.3,88,0.0,5.7,0,1015.4
2023-11-17 04:00:00,17.8,89,0.0,5.9,0,1014.9
2023-11-17 05:00:00,17.7,91,0.0,6.3,0,1014.7
2023-11-17 06:00:00,18.2,90,0.0,5.4,1,1014.7
2023-11-17 07:00:00,18.1,91,0.0,4.6,2,1015.1
2023-11-17 08:00:00,17.8,93,0.0,3.8,2,1015.6
2023-11-17 09:00:00,20.3,80,0.0,1.1,2,1016.1
2023-11-17 10:00:00,23.0,70,0.0,2.6,11,1016.2
2023-11-17 11:00:00,25.2,61,0.0,6.6,42,1016.2
2023-11-17 12:00:00,26.4,53,0.0,6.5,56,1015.4
2023-11-17 13:00:00,27.5,48,0.0,6.6,64,1014.7
2023-11-17 14:00:00,28.3,44,0.0,6.4,37,1013.8
2023-11-17 15:00:00,28.7,42,0.0,6.2,20,1013.3
2023-11-17 16:00:00,27.8,44,0.0,8.9,64,1013.5
2023-11-17 17:00:00,27.4,45,0.0,7.9,100,1013.1
2023-11-17 18:00:00,26.4,47,0.0,8.0,95,1013.1
2023-11-17 19:00:00,25.8,48,0.0,9.9,17,1013.1
2023-11-17 20:00:00,24.3,52,0.0,9.7,6,1013.3
2023-11-17 21:00:00,23.6,54,0.0,9.6,0,1013.4
2023-11-17 22:00:00,22.9,57,0.0,10.7,9,1013.4
2023-11-17 23:00:00,22.3,62,0.0,14.4,10,1013.9
2023-11-18 00:00:00,21.6,69,0.0,12.7,9,1014.1
2023-11-18 01:00:00,21.0,73,0.0,9.7,0,1014.0
2023-11-18 02:00:00,20.3,76,0.0,7.6,1,1013.9
2023-11-18 03:00:00,19.4,81,0.0,5.5,0,1013.8
2023-11-18 04:00:00,19.7,83,0.0,4.4,100,1013.8
2023-11-18 05:00:00,20.5,78,0.0,6.5,87,1013.6
2023-11-18 06:00:00,20.3,78,0.0,6.9,92,1013.4
2023-11-18 07:00:00,20.0,79,0.0,4.3,45,1013.5
2023-11-18 08:00:00,20.1,79,0.0,5.5,55,1013.4
2023-11-18 09:00:00,21.5,70,0.0,3.8,100,1013.4
2023-11-18 10:00:00,23.3,62,0.0,3.3,29,1013.4
2023-11-18 11:00:00,25.2,53,0.0,3.6,24,1013.3
2023-11-18 12:00:00,26.5,47,0.0,5.6,20,1012.5
2023-11-18 13:00:00,27.5,42,0.0,8.6,25,1011.7
2023-11-18 14:00:00,27.9,39,0.0,10.8,21,1010.7
2023-11-18 15:00:00,27.6,38,0.0,11.2,10,1010.2
2023-11-18 16:00:00,27.8,36,0.0,10.5,74,1010.3
2023-11-18 17:00:00,27.1,37,0.0,13.0,23,1010.0
2023-11-18 18:00:00,25.5,43,0.0,10.2,3,1010.2
2023-11-18 19:00:00,23.9,47,0.0,6.9,0,1010.3
2023-11-18 20:00:00,23.1,49,0.0,8.3,0,1010.5
2023-11-18 21:00:00,22.5,52,0.0,8.4,0,1010.5
2023-11-18 22:00:00,22.0,52,0.0,8.9,2,1010.3
2023-11-18 23:00:00,21.3,55,0.0,9.5,0,1010.1
2023-11-19 00:00:00,20.8,57,0.0,10.7,0,1009.8
2023-11-19 01:00:00,20.6,57,0.0,13.8,0,1009.5
2023-11-19 02:00:00,20.5,57,0.0,14.6,4,1009.1
2023-11-19 03:00:00,20.1,59,0.0,14.2,9,1009.0
2023-11-19 04:00:00,20.4,56,0.0,14.2,7,1008.4
2023-11-19 05:00:00,19.8,59,0.0,13.3,3,1007.9
2023-11-19 06:00:00,19.4,62,0.0,14.7,12,1007.6
2023-11-19 07:00:00,19.2,65,0.0,14.7,8,1007.7
2023-11-19 08:00:00,19.3,66,0.0,16.3,7,1008.0
2023-11-19 09:00:00,20.6,62,0.0,16.5,1,1008.2
2023-11-19 10:00:00,21.6,61,0.0,23.2,5,1008.3
2023-11-19 11:00:00,22.9,55,0.0,24.6,14,1008.3
2023-11-19 12:00:00,23.9,48,0.0,25.9,14,1008.0
2023-11-19 13:00:00,24.7,40,0.0,27.4,11,1007.6
2023-11-19 14:00:00,24.6,37,0.0,29.5,1,1007.2
2023-11-19 15:00:00,24.3,36,0.0,30.6,5,1007.3
2023-11-19 16:00:00,24.2,37,0.0,29.9,74,1006.9
2023-11-19 17:00:00,21.5,47,0.0,32.9,52,1007.9
2023-11-19 18:00:00,18.5,67,0.0,17.8,100,1009.2
2023-11-19 19:00:00,18.7,67,0.0,14.0,5,1010.1
2023-11-19 20:00:00,17.9,68,0.0,12.8,5,1011.0
2023-11-19 21:00:00,17.5,65,0.0,10.8,0,1011.5
2023-11-19 22:00:00,16.8,67,0.0,8.7,4,1011.7
2023-11-19 23:00:00,16.3,69,0.0,9.0,5,1011.9
2023-11-20 00:00:00,16.1,68,0.0,10.1,3,1012.2
2023-11-20 01:00:00,15.8,68,0.0,10.4,10,1012.3
2023-11-20 02:00:00,15.5,68,0.0,10.4,24,1012.4
2023-11-20 03:00:00,15.4,68,0.0,11.2,3,1012.6
2023-11-20 04:00:00,14.8,74,0.0,9.2,1,1012.4
2023-11-20 05:00:00,14.6,74,0.0,9.4,1,1012.5
2023-11-20 06:00:00,14.3,76,0.0,8.7,5,1012.5
2023-11-20 07:00:00,14.0,78,0.0,8.5,5,1013.1
2023-11-20 08:00:00,14.6,75,0.0,9.4,10,1013.7
2023-11-20 09:00:00,16.7,66,0.0,8.0,7,1014.2
2023-11-20 10:00:00,19.0,57,0.0,12.4,31,1014.6
2023-11-20 11:00:00,20.3,53,0.0,15.8,61,1014.5
2023-11-20 12:00:00,21.0,50,0.0,16.3,40,1013.9
2023-11-20 13:00:00,22.2,46,0.0,19.1,100,1013.3
2023-11-20 14:00:00,21.1,50,0.0,17.2,83,1012.9
2023-11-20 15:00:00,21.7,50,0.0,18.6,83,1012.6
2023-11-20 16:00:00,20.7,57,0.0,13.4,100,1013.0
2023-11-20 17:00:00,19.9,64,0.1,12.7,97,1013.5
2023-11-20 18:00:00,19.8,64,0.0,8.7,35,1013.8
2023-11-20 19:00:00,18.4,71,0.0,4.7,26,1014.1
2023-11-20 20:00:00,17.6,74,0.0,5.6,72,1014.7
2023-11-20 21:00:00,17.4,71,0.0,6.7,69,1015.0
2023-11-20 22:00:00,17.5,69,0.0,6.9,83,1015.3
2023-11-20 23:00:00,16.8,72,0.0,5.8,7,1015.4
2023-11-21 00:00:00,15.3,81,0.0,8.8,1,1015.7
2023-11-21 01:00:00,15.1,82,0.0,7.3,14,1015.6
2023-11-21 02:00:00,14.4,86,0.0,6.7,9,1015.5
2023-11-21 03:00:00,13.4,89,0.0,5.4,29,1015.5
2023-11-21 04:00:00,14.5,85,0.0,5.0,24,1015.0
2023-11-21 05:00:00,12.9,92,0.0,7.2,75,1015.2
2023-11-21 06:00:00,13.0,91,0.0,5.5,18,1015.5
2023-11-21 07:00:00,12.8,92,0.0,5.9,6,1016.3
2023-11-21 08:00:00,13.0,91,0.0,5.8,2,1016.7
2023-11-21 09:00:00,16.4,72,0.0,4.2,1,1017.1
2023-11-21 10:00:00,19.7,58,0.0,3.3,0,1017.2
2023-11-21 11:00:00,21.8,48,0.0,3.0,0,1017.3
2023-11-21 12:00:00,23.3,42,0.0,2.1,0,1016.2
2023-11-21 13:00:00,24.3,38,0.0,5.8,8,1015.4
2023-11-21 14:00:00,24.9,35,0.0,6.6,1,1015.1
2023-11-21 15:00:00,25.1,33,0.0,7.3,0,1014.8
2023-11-21 16:00:00,24.7,35,0.0,9.5,0,1015.1
2023-11-21 17:00:00,24.0,37,0.0,10.4,0,1015.2
2023-11-21 18:00:00,22.1,42,0.0,5.6,0,1015.3
2023-11-21 19:00:00,20.2,48,0.0,7.9,0,1015.4
2023-11-21 20:00:00,19.5,51,0.0,7.3,0,1015.8
2023-11-21 21:00:00,19.4,53,0.0,7.6,0,1015.8
2023-11-21 22:00:00,18.9,56,0.0,9.4,0,1015.6
2023-11-21 23:00:00,18.3,59,0.0,9.2,1,1015.5
2023-11-22 00:00:00,17.7,63,0.0,9.9,0,1015.2
2023-11-22 01:00:00,17.1,67,0.0,10.8,30,1014.9
2023-11-22 02:00:00,16.5,71,0.0,10.4,77,1014.5
2023-11-22 03:00:00,15.9,75,0.0,10.3,100,1014.3
2023-11-22 04:00:00,16.0,80,0.0,11.1,100,1014.0
2023-11-22 05:00:00,15.9,79,0.0,11.8,100,1013.6
2023-11-22 06:00:00,15.7,80,0.0,11.5,100,1013.0
2023-11-22 07:00:00,15.2,82,0.0,9.7,100,1013.0
2023-11-22 08:00:00,15.2,82,0.0,8.4,100,1013.0
2023-11-22 09:00:00,16.8,73,0.0,8.3,100,1013.2
2023-11-22 10:00:00,19.3,61,0.0,8.2,100,1013.1
2023-11-22 11:00:00,21.8,49,0.0,5.2,100,1012.8
2023-11-22 12:00:00,23.7,40,0.0,1.1,100,1012.2
2023-11-22 13:00:00,24.8,34,0.0,2.5,82,1011.9
2023-11-22 14:00:00,26.2,28,0.0,6.2,0,1011.4
2023-11-22 15:00:00,26.7,25,0.0,6.6,0,1011.1
2023-11-22 16:00:00,26.5,24,0.0,9.4,0,1010.7
2023-11-22 17:00:00,25.5,27,0.0,9.1,0,1010.7
2023-11-22 18:00:00,22.0,34,0.0,8.1,78,1010.6
2023-11-22 19:00:00,21.7,36,0.0,5.0,90,1010.8
2023-11-22 20:00:00,19.3,42,0.0,7.3,100,1011.1
2023-11-22 21:00:00,20.5,39,0.0,4.1,86,1011.3
2023-11-22 22:00:00,17.7,48,0.0,5.4,0,1011.4
2023-11-22 23:00:00,16.6,54,0.0,6.6,0,1011.7
2023-11-23 00:00:00,14.8,62,0.0,7.7,0,1011.8
2023-11-23 01:00:00,14.8,62,0.0,6.3,0,1011.7
2023-11-23 02:00:00,14.1,64,0.0,6.6,0,1011.7
2023-11-23 03:00:00,14.0,64,0.0,7.4,0,1011.6
2023-11-23 04:00:00,12.7,71,0.0,9.4,0,1011.6
2023-11-23 05:00:00,13.0,70,0.0,7.6,0,1011.7
2023-11-23 06:00:00,13.3,69,0.0,6.0,0,1011.8
2023-11-23 07:00:00,12.7,72,0.0,5.3,0,1012.5
2023-11-23 08:00:00,12.4,74,0.0,5.8,0,1012.9
2023-11-23 09:00:00,16.2,56,0.0,9.0,0,1013.5
2023-11-23 10:00:00,20.1,43,0.0,9.0,0,1013.7
2023-11-23 11:00:00,23.0,36,0.0,9.4,0,1013.7
2023-11-23 12:00:00,24.7,32,0.0,8.0,0,1013.1
2023-11-23 13:00:00,25.8,29,0.0,5.9,0,1012.4
2023-11-23 14:00:00,26.4,27,0.0,5.7,0,1011.7
2023-11-23 15:00:00,26.7,26,0.0,6.0,0,1011.3
2023-11-23 16:00:00,26.4,27,0.0,5.9,0,1011.6
2023-11-23 17:00:00,25.5,28,0.0,6.5,0,1011.5
2023-11-23 18:00:00,22.0,34,0.0,7.6,0,1011.7
2023-11-23 19:00:00,20.6,38,0.0,7.6,0,1012.0
2023-11-23 20:00:00,19.3,43,0.0,8.3,42,1012.1
2023-11-23 21:00:00,18.0,47,0.0,9.4,0,1012.1
2023-11-23 22:00:00,17.3,50,0.0,8.8,0,1012.1
2023-11-23 23:00:00,17.7,49,0.0,7.8,0,1012.2
2023-11-24 00:00:00,15.7,58,0.0,6.5,0,1012.2
2023-11-24 01:00:00,16.9,54,0.0,2.6,0,1012.0
2023-11-24 02:00:00,13.8,68,0.0,4.8,0,1011.5
2023-11-24 03:00:00,12.2,77,0.0,7.0,0,1011.4
2023-11-24 04:00:00,13.4,75,0.0,5.1,0,1010.9
2023-11-24 05:00:00,13.9,74,0.0,4.1,0,1010.9
2023-11-24 06:00:00,13.5,77,0.0,3.8,0,1010.8
2023-11-24 07:00:00,12.9,81,0.0,3.4,0,1010.9
2023-11-24 08:00:00,12.0,87,0.0,3.8,10,1011.3
2023-11-24 09:00:00,14.8,73,0.0,1.8,46,1011.8
2023-11-24 10:00:00,18.5,57,0.0,1.4,2,1011.9
2023-11-24 11:00:00,21.5,46,0.0,2.3,0,1011.7
2023-11-24 12:00:00,23.9,37,0.0,4.2,1,1010.6
2023-11-24 13:00:00,25.3,30,0.0,4.8,29,1009.6
2023-11-24 14:00:00,25.9,27,0.0,5.2,96,1008.6
2023-11-24 15:00:00,26.1,25,0.0,5.6,47,1008.2
2023-11-24 16:00:00,26.2,24,0.0,4.9,42,1007.6
2023-11-24 17:00:00,25.5,25,0.0,5.8,84,1007.4
2023-11-24 18:00:00,22.3,32,0.0,7.5,77,1007.5
2023-11-24 19:00:00,20.6,36,0.0,8.2,96,1007.6
2023-11-24 20:00:00,19.2,41,0.0,8.2,100,1008.0
2023-11-24 21:00:00,17.9,46,0.0,7.7,100,1008.1
2023-11-24 22:00:00,17.4,49,0.0,7.7,78,1008.2
2023-11-24 23:00:00,15.9,51,0.0,9.7,100,1008.4
2023-11-25 00:00:00,15.5,52,0.0,7.2,99,1008.2
2023-11-25 01:00:00,15.6,51,0.0,8.2,90,1008.0
2023-11-25 02:00:00,15.3,53,0.0,9.7,91,1007.7
2023-11-25 03:00:00,14.5,58,0.0,9.4,89,1007.5
2023-11-25 04:00:00,14.2,57,0.0,9.0,99,1007.1
2023-11-25 05:00:00,14.1,58,0.0,10.5,97,1006.9
2023-11-25 06:00:00,13.8,59,0.0,11.4,100,1006.4
2023-11-25 07:00:00,13.8,58,0.0,12.7,100,1006.7
2023-11-25 08:00:00,14.4,55,0.0,15.2,100,1006.8
2023-11-25 09:00:00,16.5,48,0.0,17.5,100,1007.1
2023-11-25 10:00:00,19.1,41,0.0,17.3,100,1007.2
2023-11-25 11:00:00,21.6,34,0.0,20.5,100,1006.8
2023-11-25 12:00:00,24.0,28,0.0,22.4,100,1006.0
2023-11-25 13:00:00,25.7,23,0.0,24.4,100,1005.0
2023-11-25 14:00:00,26.7,21,0.0,24.6,100,1004.1
2023-11-25 15:00:00,27.2,20,0.0,23.5,100,1003.4
2023-11-25 16:00:00,27.2,21,0.0,21.7,99,1003.5
2023-11-25 17:00:00,26.9,21,0.0,20.4,100,1003.2
2023-11-25 18:00:00,25.4,23,0.0,17.4,71,1003.6
2023-11-25 19:00:00,24.4,24,0.0,17.5,86,1003.9
2023-11-25 20:00:00,23.3,26,0.0,14.1,17,1004.7
2023-11-25 21:00:00,22.3,28,0.0,15.1,0,1005.1
2023-11-25 22:00:00,21.7,31,0.0,15.0,0,1005.7
2023-11-25 23:00:00,21.2,30,0.0,14.3,0,1006.3
2023-11-26 00:00:00,20.6,29,0.0,15.8,0,1006.8
2023-11-26 01:00:00,19.9,32,0.0,18.0,0,1007.0
2023-11-26 02:00:00,18.8,33,0.0,15.7,0,1007.5
2023-11-26 03:00:00,17.5,36,0.0,10.9,0,1008.0
2023-11-26 04:00:00,16.9,36,0.0,8.7,0,1008.3
2023-11-26 05:00:00,16.0,40,0.0,8.6,0,1008.4
2023-11-26 06:00:00,15.5,43,0.0,11.5,0,1008.7
2023-11-26 07:00:00,14.8,49,0.0,12.6,0,1009.3
2023-11-26 08:00:00,14.7,54,0.0,14.1,0,1009.9
2023-11-26 09:00:00,17.3,47,0.0,14.4,0,1010.6
2023-11-26 10:00:00,20.1,37,0.0,16.3,0,1011.1
2023-11-26 11:00:00,21.9,32,0.0,19.2,0,1011.3
2023-11-26 12:00:00,23.1,29,0.0,23.0,22,1010.8
2023-11-26 13:00:00,23.9,27,0.0,24.2,7,1010.4
2023-11-26 14:00:00,24.6,25,0.0,24.9,0,1009.9
2023-11-26 15:00:00,25.0,23,0.0,25.8,0,1009.8
2023-11-26 16:00:00,24.2,27,0.0,23.8,0,1010.4
2023-11-26 17:00:00,23.4,29,0.0,23.1,0,1010.7
2023-11-26 18:00:00,22.0,32,0.0,17.2,0,1010.9
2023-11-26 19:00:00,21.1,35,0.0,17.0,2,1011.8
2023-11-26 20:00:00,20.5,40,0.0,16.2,1,1012.6
2023-11-26 21:00:00,19.9,44,0.0,15.3,1,1013.1
2023-11-26 22:00:00,19.3,47,0.0,14.8,0,1013.3
2023-11-26 23:00:00,18.9,48,0.0,15.8,1,1013.6
2023-11-27 00:00:00,18.6,49,0.0,15.7,33,1014.1
2023-11-27 01:00:00,18.6,49,0.0,15.8,1,1014.3
2023-11-27 02:00:00,17.6,54,0.0,11.7,31,1014.7
2023-11-27 03:00:00,16.4,60,0.0,7.6,11,1015.0
2023-11-27 04:00:00,16.8,62,0.0,8.3,12,1014.9
2023-11-27 05:00:00,16.5,69,0.0,9.6,0,1015.1
2023-11-27 06:00:00,15.5,72,0.0,8.8,0,1015.2
2023-11-27 07:00:00,14.7,72,0.0,8.5,0,1015.6
2023-11-27 08:00:00,14.4,73,0.0,7.6,0,1016.3
2023-11-27 09:00:00,16.2,65,0.0,8.9,0,1017.2
2023-11-27 10:00:00,18.0,60,0.0,11.9,1,1017.7
2023-11-27 11:00:00,19.7,54,0.0,14.3,0,1017.9
2023-11-27 12:00:00,21.0,49,0.0,16.3,3,1017.4
2023-11-27 13:00:00,21.9,44,0.0,16.6,1,1016.7
2023-11-27 14:00:00,22.7,40,0.0,18.7,15,1016.1
2023-11-27 15:00:00,22.7,38,0.0,19.7,82,1016.0
2023-11-27 16:00:00,21.3,45,0.0,18.6,22,1016.8
2023-11-27 17:00:00,21.1,45,0.0,15.6,100,1017.1
2023-11-27 18:00:00,20.5,45,0.0,13.3,100,1017.1
2023-11-27 19:00:00,19.7,48,0.0,16.9,72,1017.8
2023-11-27 20:00:00,18.8,49,0.0,11.9,35,1018.5
2023-11-27 21:00:00,17.8,51,0.0,8.3,100,1018.9
2023-11-27 22:00:00,18.0,49,0.0,12.0,16,1019.1
2023-11-27 23:00:00,16.0,56,0.0,6.9,0,1019.2
2023-11-28 00:00:00,13.9,66,0.0,7.6,3,1019.3
2023-11-28 01:00:00,13.6,68,0.0,6.8,10,1019.1
2023-11-28 02:00:00,13.0,73,0.0,6.6,2,1019.1
2023-11-28 03:00:00,13.3,73,0.0,5.7,0,1019.1
2023-11-28 04:00:00,12.7,77,0.0,7.3,2,1018.7
2023-11-28 05:00:00,12.9,76,0.0,6.4,1,1018.5
2023-11-28 06:00:00,13.3,73,0.0,6.1,0,1018.2
2023-11-28 07:00:00,13.1,73,0.0,6.0,77,1018.4
2023-11-28 08:00:00,13.0,74,0.0,3.7,53,1018.8
2023-11-28 09:00:00,14.6,67,0.0,0.5,100,1019.4
2023-11-28 10:00:00,17.2,54,0.0,3.3,99,1019.4
2023-11-28 11:00:00,19.3,43,0.0,10.7,100,1019.1
2023-11-28 12:00:00,20.4,37,0.0,14.0,47,1018.1
2023-11-28 13:00:00,21.1,36,0.0,14.6,76,1017.1
2023-11-28 14:00:00,21.5,34,0.0,14.0,100,1016.3
2023-11-28 15:00:00,21.3,34,0.0,14.7,100,1015.8
2023-11-28 16:00:00,21.3,35,0.0,14.8,100,1015.9
2023-11-28 17:00:00,20.6,36,0.0,14.5,100,1015.8
2023-11-28 18:00:00,19.5,40,0.0,9.7,13,1015.7
2023-11-28 19:00:00,17.6,46,0.0,6.4,10,1016.2
2023-11-28 20:00:00,16.0,51,0.0,9.1,1,1016.6
2023-11-28 21:00:00,15.2,55,0.0,8.4,14,1016.5
2023-11-28 22:00:00,15.2,55,0.0,7.6,24,1016.4
2023-11-28 23:00:00,15.2,58,0.0,10.9,74,1016.5
2023-11-29 00:00:00,15.2,60,0.0,11.5,46,1016.4
2023-11-29 01:00:00,14.5,64,0.0,8.9,42,1016.1
2023-11-29 02:00:00,13.6,70,0.0,7.7,80,1016.1
2023-11-29 03:00:00,13.6,70,0.0,8.7,27,1015.5
2023-11-29 04:00:00,13.6,71,0.0,8.8,45,1015.2
2023-11-29 05:00:00,13.2,72,0.0,9.3,26,1015.0
2023-11-29 06:00:00,12.1,77,0.0,6.6,0,1014.9
2023-11-29 07:00:00,10.9,82,0.0,8.2,0,1015.1
2023-11-29 08:00:00,11.5,81,0.0,5.8,0,1015.5
2023-11-29 09:00:00,14.5,66,0.0,8.7,0,1015.8
2023-11-29 10:00:00,17.5,52,0.0,8.7,0,1016.0
2023-11-29 11:00:00,20.2,43,0.0,12.6,0,1016.0
2023-11-29 12:00:00,22.0,40,0.0,17.4,0,1015.3
2023-11-29 13:00:00,23.2,35,0.0,17.7,0,1014.3
2023-11-29 14:00:00,24.0,32,0.0,16.8,0,1013.5
2023-11-29 15:00:00,24.4,30,0.0,15.7,0,1013.2
2023-11-29 16:00:00,24.0,33,0.0,14.6,0,1013.6
2023-11-29 17:00:00,23.1,36,0.0,13.0,0,1013.7
2023-11-29 18:00:00,20.7,43,0.0,7.1,0,1014.1
2023-11-29 19:00:00,19.6,48,0.0,7.9,0,1014.7
2023-11-29 20:00:00,18.9,52,0.0,8.8,0,1015.3
2023-11-29 21:00:00,18.2,56,0.0,10.2,0,1015.5
2023-11-29 22:00:00,17.4,62,0.0,12.3,0,1015.7
2023-11-29 23:00:00,16.5,70,0.0,11.6,0,1016.1
2023-11-30 00:00:00,15.7,77,0.0,9.9,0,1016.2
2023-11-30 01:00:00,15.0,82,0.0,8.6,52,1016.1
2023-11-30 02:00:00,14.4,86,0.0,8.9,56,1015.8
2023-11-30 03:00:00,14.0,88,0.0,8.9,100,1015.6
2023-11-30 04:00:00,13.6,89,0.0,7.2,100,1015.5
2023-11-30 05:00:00,13.1,91,0.0,6.8,100,1015.5
2023-11-30 06:00:00,12.7,93,0.0,7.1,75,1015.6
2023-11-30 07:00:00,12.3,94,0.0,6.8,0,1015.9
2023-11-30 08:00:00,12.0,95,0.0,6.1,0,1016.3
2023-11-30 09:00:00,14.7,82,0.0,7.8,0,1016.9
2023-11-30 10:00:00,17.8,68,0.0,7.9,0,1017.4
2023-11-30 11:00:00,20.6,58,0.0,10.4,0,1017.4
2023-11-30 12:00:00,22.6,51,0.0,13.1,0,1017.0
2023-11-30 13:00:00,24.0,45,0.0,13.0,0,1016.3
2023-11-30 14:00:00,25.1,41,0.0,12.1,0,1015.8
2023-11-30 15:00:00,25.8,38,0.0,12.7,0,1015.4
2023-11-30 16:00:00,25.6,38,0.0,14.0,0,1015.6
2023-11-30 17:00:00,24.9,40,0.0,13.9,0,1015.8
2023-11-30 18:00:00,23.1,46,0.0,10.2,2,1016.0
2023-11-30 19:00:00,22.1,51,0.0,16.2,17,1016.7
2023-11-30 20:00:00,20.6,57,0.0,18.4,0,1017.4
2023-11-30 21:00:00,19.3,65,0.0,16.0,0,1017.8
2023-11-30 22:00:00,18.4,71,0.0,14.0,0,1018.0
2023-11-30 23:00:00,17.6,75,0.0,12.2,0,1018.2
2023-12-01 00:00:00,16.6,81,0.0,10.6,0,1018.2
2023-12-01 01:00:00,15.9,85,0.0,9.5,0,1018.0
2023-12-01 02:00:00,15.3,89,0.0,8.6,0,1017.9
2023-12-01 03:00:00,14.7,92,0.0,8.3,0,1018.0
2023-12-01 04:00:00,14.5,93,0.0,8.9,0,1018.1
2023-12-01 05:00:00,14.1,94,0.0,8.8,1,1018.3
2023-12-01 06:00:00,13.7,96,0.0,8.3,2,1018.4
2023-12-01 07:00:00,13.3,96,0.0,7.8,1,1018.6
2023-12-01 08:00:00,13.3,96,0.0,7.8,1,1018.9
2023-12-01 09:00:00,15.6,86,0.0,8.8,1,1019.1
2023-12-01 10:00:00,18.5,72,0.0,9.7,0,1019.2
2023-12-01 11:00:00,21.3,60,0.0,14.7,0,1019.3
2023-12-01 12:00:00,22.9,52,0.0,19.9,11,1018.8
2023-12-01 13:00:00,24.1,46,0.0,18.9,7,1017.9
2023-12-01 14:00:00,25.1,42,0.0,17.7,13,1017.0
2023-12-01 15:00:00,25.8,38,0.0,16.5,14,1016.7
2023-12-01 16:00:00,25.2,39,0.0,16.8,7,1017.2
2023-12-01 17:00:00,24.6,40,0.0,15.7,13,1017.2
2023-12-01 18:00:00,22.9,44,0.0,12.6,1,1017.2
2023-12-01 19:00:00,21.6,48,0.0,13.4,2,1017.8
2023-12-01 20:00:00,20.7,51,0.0,14.8,0,1018.2
2023-12-01 21:00:00,19.7,56,0.0,14.7,0,1018.8
2023-12-01 22:00:00,18.8,61,0.0,14.0,0,1019.0
2023-12-01 23:00:00,17.9,67,0.0,12.4,0,1019.2
2023-12-02 00:00:00,17.1,73,0.0,10.3,0,1019.1
2023-12-02 01:00:00,16.3,78,0.0,9.2,2,1018.9
2023-12-02 02:00:00,15.7,83,0.0,8.6,2,1018.5
2023-12-02 03:00:00,15.0,87,0.0,7.9,1,1018.4
2023-12-02 04:00:00,15.1,86,0.0,9.0,1,1018.0
2023-12-02 05:00:00,14.5,90,0.0,8.7,1,1017.9
2023-12-02 06:00:00,14.1,92,0.0,8.3,2,1017.7
2023-12-02 07:00:00,13.8,94,0.0,8.7,2,1018.0
2023-12-02 08:00:00,13.8,95,0.0,9.3,2,1018.2
2023-12-02 09:00:00,16.1,83,0.0,9.5,0,1018.4
2023-12-02 10:00:00,18.9,71,0.0,11.3,0,1018.3
2023-12-02 11:00:00,21.7,58,0.0,19.7,29,1018.1
2023-12-02 12:00:00,23.1,51,0.0,19.9,7,1017.4
2023-12-02 13:00:00,24.4,45,0.0,18.9,3,1016.5
2023-12-02 14:00:00,25.3,41,0.0,18.4,2,1015.5
2023-12-02 15:00:00,25.8,39,0.0,17.9,1,1015.0
2023-12-02 16:00:00,25.4,41,0.0,17.8,1,1014.8
2023-12-02 17:00:00,24.6,43,0.0,17.8,0,1015.0
2023-12-02 18:00:00,23.0,47,0.0,14.0,0,1015.1
2023-12-02 19:00:00,21.8,51,0.0,13.8,0,1015.7
2023-12-02 20:00:00,20.7,56,0.0,14.2,0,1016.4
2023-12-02 21:00:00,19.7,61,0.0,14.3,0,1016.9
2023-12-02 22:00:00,18.6,67,0.0,13.4,0,1017.0
2023-12-02 23:00:00,17.6,73,0.0,11.3,0,1017.0
2023-12-03 00:00:00,16.6,79,0.0,9.6,0,1016.9
2023-12-03 01:00:00,15.8,84,0.0,8.8,0,1016.7
2023-12-03 02:00:00,15.2,88,0.0,9.2,0,1016.2
2023-12-03 03:00:00,14.8,91,0.0,9.1,1,1016.0
2023-12-03 04:00:00,15.2,93,0.0,9.3,28,1015.4
2023-12-03 05:00:00,15.1,95,0.0,10.0,18,1015.3
2023-12-03 06:00:00,14.8,96,0.0,9.0,4,1014.9
2023-12-03 07:00:00,14.6,97,0.0,7.6,21,1015.4
2023-12-03 08:00:00,14.9,97,0.0,8.7,81,1015.6
2023-12-03 09:00:00,17.2,86,0.0,10.8,93,1016.0
2023-12-03 10:00:00,19.3,77,0.0,11.9,90,1016.1
2023-12-03 11:00:00,21.7,70,0.0,19.6,93,1015.8
2023-12-03 12:00:00,23.5,61,0.0,18.1,26,1014.8
2023-12-03 13:00:00,25.1,55,0.0,16.4,2,1013.9
2023-12-03 14:00:00,26.2,49,0.0,14.7,58,1013.1
2023-12-03 15:00:00,26.9,46,0.0,12.8,100,1012.8
2023-12-03 16:00:00,27.0,43,0.0,10.7,98,1012.6
2023-12-03 17:00:00,26.3,44,0.0,9.5,100,1012.7
2023-12-03 18:00:00,22.9,55,0.0,7.7,100,1012.7
2023-12-03 19:00:00,22.2,58,0.0,7.9,100,1013.0
2023-12-03 20:00:00,20.9,63,0.0,9.5,100,1013.1
2023-12-03 21:00:00,21.2,62,0.0,8.0,100,1013.1
2023-12-03 22:00:00,20.1,69,0.0,10.5,100,1013.1
2023-12-03 23:00:00,19.3,74,0.0,10.3,100,1013.3
2023-12-04 00:00:00,18.2,79,0.0,7.9,100,1013.1
2023-12-04 01:00:00,16.8,87,0.0,6.2,100,1013.0
2023-12-04 02:00:00,15.4,93,0.0,6.1,100,1013.0
2023-12-04 03:00:00,14.9,97,0.0,5.5,100,1013.3
2023-12-04 04:00:00,15.0,100,0.0,5.9,100,1013.3
2023-12-04 05:00:00,15.2,100,0.0,5.7,100,1013.3
2023-12-04 06:00:00,15.7,100,0.0,2.5,100,1013.5
2023-12-04 07:00:00,15.8,99,0.0,0.7,100,1013.9
2023-12-04 08:00:00,15.8,99,0.0,1.5,100,1014.3
2023-12-04 09:00:00,16.2,96,0.0,2.0,100,1014.7
2023-12-04 10:00:00,16.9,96,0.0,1.9,100,1014.9
2023-12-04 11:00:00,19.4,80,0.0,1.1,38,1014.7
2023-12-04 12:00:00,22.8,62,0.0,0.5,13,1013.8
2023-12-04 13:00:00,25.3,49,0.0,2.4,0,1013.0
2023-12-04 14:00:00,26.7,41,0.0,2.1,0,1012.4
2023-12-04 15:00:00,27.4,36,0.0,4.3,0,1012.2
2023-12-04 16:00:00,26.3,44,0.0,8.4,0,1012.4
2023-12-04 17:00:00,25.0,48,0.0,10.8,0,1012.5
2023-12-04 18:00:00,22.8,53,0.0,8.1,0,1013.0
2023-12-04 19:00:00,20.7,61,0.0,6.0,0,1013.4
2023-12-04 20:00:00,19.0,69,0.0,9.4,0,1013.5
2023-12-04 21:00:00,19.1,69,0.0,6.5,0,1013.5
2023-12-04 22:00:00,19.2,69,0.0,4.0,0,1013.5
2023-12-04 23:00:00,18.5,72,0.0,3.3,0,1013.6
2023-12-05 00:00:00,15.9,85,0.0,6.9,0,1013.5
2023-12-05 01:00:00,14.4,92,0.0,7.4,0,1013.2
2023-12-05 02:00:00,14.5,93,0.0,5.8,0,1013.0
2023-12-05 03:00:00,15.3,91,0.0,4.7,0,1012.9
2023-12-05 04:00:00,13.5,96,0.0,8.4,0,1012.1
2023-12-05 05:00:00,12.8,98,0.0,8.0,2,1011.8
2023-12-05 06:00:00,12.6,100,0.0,7.1,27,1011.8
2023-12-05 07:00:00,12.5,100,0.0,6.8,96,1012.0
2023-12-05 08:00:00,13.2,100,0.0,4.4,100,1012.3
2023-12-05 09:00:00,14.9,98,0.0,6.7,100,1012.9
2023-12-05 10:00:00,16.3,97,0.0,8.0,100,1013.2
2023-12-05 11:00:00,17.5,93,0.0,7.6,100,1013.3
2023-12-05 12:00:00,20.3,74,0.0,8.5,46,1012.7
2023-12-05 13:00:00,22.5,60,0.0,8.2,19,1011.9
2023-12-05 14:00:00,23.8,52,0.0,4.9,4,1011.2
2023-12-05 15:00:00,24.6,46,0.0,5.1,1,1011.0
2023-12-05 16:00:00,24.4,46,0.0,5.8,0,1010.9
2023-12-05 17:00:00,23.7,48,0.0,8.4,0,1011.2
2023-12-05 18:00:00,21.4,55,0.0,8.0,0,1011.6
2023-12-05 19:00:00,19.8,61,0.0,6.2,0,1012.2
2023-12-05 20:00:00,18.1,69,0.0,7.8,0,1012.3
2023-12-05 21:00:00,17.6,72,0.0,6.6,4,1012.5
2023-12-05 22:00:00,17.5,75,0.0,7.2,17,1012.6
2023-12-05 23:00:00,17.3,78,0.0,7.2,19,1012.6
2023-12-06 00:00:00,16.5,82,0.0,7.0,26,1012.7
2023-12-06 01:00:00,15.9,86,0.0,6.9,28,1012.9
2023-12-06 02:00:00,14.8,92,0.0,9.7,27,1013.2
2023-12-06 03:00:00,14.5,92,0.0,9.0,24,1013.2
2023-12-06 04:00:00,14.8,91,0.0,6.6,3,1012.9
2023-12-06 05:00:00,14.0,93,0.0,7.7,28,1012.9
2023-12-06 06:00:00,13.3,96,0.0,7.5,10,1012.9
2023-12-06 07:00:00,12.8,97,0.0,6.1,2,1013.3
2023-12-06 08:00:00,13.3,96,0.0,5.8,1,1013.9
2023-12-06 09:00:00,15.8,84,0.0,7.6,0,1014.4
2023-12-06 10:00:00,18.6,72,0.0,7.3,0,1014.5
2023-12-06 11:00:00,21.0,63,0.0,7.2,11,1014.7
2023-12-06 12:00:00,22.8,53,0.0,7.9,13,1014.2
2023-12-06 13:00:00,23.8,46,0.0,10.4,14,1013.7
2023-12-06 14:00:00,24.3,41,0.0,12.0,9,1013.1
2023-12-06 15:00:00,24.2,37,0.0,12.4,3,1012.8
2023-12-06 16:00:00,24.1,35,0.0,13.1,14,1013.4
2023-12-06 17:00:00,23.4,35,0.0,11.9,28,1013.6
2023-12-06 18:00:00,20.6,40,0.0,6.6,0,1013.6
2023-12-06 19:00:00,18.9,44,0.0,7.3,0,1014.4
2023-12-06 20:00:00,18.5,43,0.0,7.4,0,1015.0
2023-12-06 21:00:00,17.8,45,0.0,7.6,0,1015.4
2023-12-06 22:00:00,17.1,50,0.0,7.8,0,1016.0
2023-12-06 23:00:00,15.8,55,0.0,8.4,0,1016.1
2023-12-07 00:00:00,14.3,62,0.0,11.6,0,1016.0
2023-12-07 01:00:00,14.1,63,0.0,9.1,37,1016.1
2023-12-07 02:00:00,13.1,68,0.0,11.5,58,1016.3
2023-12-07 03:00:00,12.9,69,0.0,10.5,96,1016.2
2023-12-07 04:00:00,15.4,61,0.0,6.1,95,1016.6
2023-12-07 05:00:00,12.5,73,0.0,6.5,7,1016.3
2023-12-07 06:00:00,10.8,81,0.0,6.8,21,1016.0
2023-12-07 07:00:00,10.2,85,0.0,7.0,71,1016.2
2023-12-07 08:00:00,9.8,88,0.0,7.6,17,1016.6
2023-12-07 09:00:00,13.9,66,0.0,6.0,38,1016.8
2023-12-07 10:00:00,17.6,50,0.0,5.8,46,1017.2
2023-12-07 11:00:00,20.6,39,0.0,6.4,100,1017.1
2023-12-07 12:00:00,22.1,32,0.0,4.9,98,1016.3
2023-12-07 13:00:00,23.0,28,0.0,4.6,100,1015.2
2023-12-07 14:00:00,23.7,26,0.0,5.6,100,1014.3
2023-12-07 15:00:00,23.5,26,0.0,6.4,100,1013.8
2023-12-07 16:00:00,22.6,30,0.0,5.0,100,1014.1
2023-12-07 17:00:00,22.1,31,0.0,4.8,100,1014.1
2023-12-07 18:00:00,20.5,34,0.0,5.1,100,1013.9
2023-12-07 19:00:00,19.6,36,0.0,5.2,100,1013.9
2023-12-07 20:00:00,17.9,41,0.0,6.6,99,1014.0
2023-12-07 21:00:00,15.8,48,0.0,9.7,24,1014.3
2023-12-07 22:00:00,15.0,52,0.0,9.9,1,1014.1
2023-12-07 23:00:00,15.3,52,0.0,8.3,1,1014.2
2023-12-08 00:00:00,16.2,51,0.0,5.6,2,1014.1
2023-12-08 01:00:00,15.6,55,0.0,2.5,18,1013.8
2023-12-08 02:00:00,14.4,59,0.0,2.5,73,1013.4
2023-12-08 03:00:00,13.9,64,0.0,4.6,89,1013.2
2023-12-08 04:00:00,13.2,67,0.0,6.4,81,1012.7
2023-12-08 05:00:00,13.0,71,0.0,5.1,99,1012.3
2023-12-08 06:00:00,12.9,73,0.0,3.3,99,1011.8
2023-12-08 07:00:00,12.9,73,0.0,2.5,89,1011.9
2023-12-08 08:00:00,12.7,74,0.0,2.3,86,1012.0
2023-12-08 09:00:00,13.9,68,0.0,1.5,92,1012.1
2023-12-08 10:00:00,16.9,55,0.0,1.9,98,1012.2
2023-12-08 11:00:00,19.5,46,0.0,2.8,99,1011.8
2023-12-08 12:00:00,21.0,42,0.0,5.2,100,1011.1
2023-12-08 13:00:00,22.0,37,0.0,9.7,100,1010.3
2023-12-08 14:00:00,22.2,35,0.0,12.0,100,1009.6
2023-12-08 15:00:00,21.8,35,0.0,14.0,89,1009.4
2023-12-08 16:00:00,21.1,39,0.0,11.6,64,1009.7
2023-12-08 17:00:00,20.6,40,0.0,10.6,92,1009.5
2023-12-08 18:00:00,18.2,50,0.2,10.5,13,1009.7
2023-12-08 19:00:00,15.9,58,0.0,6.1,12,1010.1
2023-12-08 20:00:00,14.4,64,0.0,8.1,1,1010.7
2023-12-08 21:00:00,13.4,65,0.0,10.6,1,1010.8
2023-12-08 22:00:00,13.1,61,0.0,9.5,0,1010.9
2023-12-08 23:00:00,12.7,60,0.0,7.7,0,1010.9
2023-12-09 00:00:00,12.8,58,0.0,7.8,0,1011.0
2023-12-09 01:00:00,12.5,58,0.0,7.8,0,1010.6
2023-12-09 02:00:00,11.7,60,0.0,7.1,0,1010.7
2023-12-09 03:00:00,10.9,64,0.0,8.2,0,1011.0
2023-12-09 04:00:00,11.9,63,0.0,8.7,0,1010.7
2023-12-09 05:00:00,11.3,69,0.0,8.4,0,1010.9
2023-12-09 06:00:00,10.5,76,0.0,9.5,100,1011.0
2023-12-09 07:00:00,10.5,76,0.0,6.5,39,1011.3
2023-12-09 08:00:00,10.5,74,0.0,8.4,34,1012.0
2023-12-09 09:00:00,12.8,64,0.0,9.1,100,1012.9
2023-12-09 10:00:00,15.8,53,0.0,7.4,100,1013.4
2023-12-09 11:00:00,18.3,49,0.0,7.2,100,1013.5
2023-12-09 12:00:00,19.5,48,0.0,6.2,100,1012.7
2023-12-09 13:00:00,20.9,44,0.0,5.9,100,1012.0
2023-12-09 14:00:00,21.7,39,0.0,6.6,100,1011.4
2023-12-09 15:00:00,21.9,37,0.0,5.8,100,1011.1
2023-12-09 16:00:00,21.9,35,0.0,4.8,100,1011.2
2023-12-09 17:00:00,21.3,37,0.0,5.8,100,1011.5
2023-12-09 18:00:00,19.4,42,0.0,5.7,52,1011.6
2023-12-09 19:00:00,17.9,46,0.0,6.5,0,1012.1
2023-12-09 20:00:00,16.3,50,0.0,8.5,0,1012.4
2023-12-09 21:00:00,18.1,44,0.0,3.8,0,1012.9
2023-12-09 22:00:00,15.7,51,0.0,3.6,0,1013.2
2023-12-09 23:00:00,13.4,62,0.0,5.6,0,1013.6
2023-12-10 00:00:00,14.6,59,0.0,4.3,1,1013.9
2023-12-10 01:00:00,13.0,68,0.0,7.1,26,1014.3
2023-12-10 02:00:00,13.1,68,0.0,8.2,84,1014.1
2023-12-10 03:00:00,14.6,61,0.0,6.8,65,1013.9
2023-12-10 04:00:00,10.2,81,0.0,10.1,52,1013.7
2023-12-10 05:00:00,9.9,81,0.0,10.4,26,1013.6
2023-12-10 06:00:00,9.1,83,0.0,11.7,0,1013.5
2023-12-10 07:00:00,9.1,82,0.0,12.1,0,1013.9
2023-12-10 08:00:00,9.7,80,0.0,9.8,0,1014.2
2023-12-10 09:00:00,14.3,59,0.0,9.3,85,1014.4
2023-12-10 10:00:00,18.0,47,0.0,6.2,95,1014.6
2023-12-10 11:00:00,21.0,39,0.0,8.2,100,1014.4
2023-12-10 12:00:00,22.7,33,0.0,6.9,100,1013.6
2023-12-10 13:00:00,23.6,28,0.0,3.9,100,1012.8
2023-12-10 14:00:00,24.3,25,0.0,1.6,76,1012.0
2023-12-10 15:00:00,24.6,23,0.0,5.2,23,1011.3
2023-12-10 16:00:00,24.5,21,0.0,8.6,51,1011.0
2023-12-10 17:00:00,23.5,22,0.0,8.8,68,1011.2
2023-12-10 18:00:00,19.6,29,0.0,8.3,50,1011.3
2023-12-10 19:00:00,18.4,31,0.0,8.1,0,1011.6
2023-12-10 20:00:00,17.7,33,0.0,5.8,0,1011.8
2023-12-10 21:00:00,16.4,37,0.0,5.8,0,1011.8
2023-12-10 22:00:00,16.6,37,0.0,4.0,89,1011.9
2023-12-10 23:00:00,15.8,41,0.0,1.6,57,1011.8
2023-12-11 00:00:00,13.4,48,0.0,5.8,86,1011.5
2023-12-11 01:00:00,13.8,47,0.0,6.4,100,1011.1
2023-12-11 02:00:00,13.7,48,0.0,6.1,100,1011.1
2023-12-11 03:00:00,15.3,43,0.0,2.9,75,1011.3
2023-12-11 04:00:00,14.8,42,0.0,0.4,47,1011.2
2023-12-11 05:00:00,11.5,53,0.0,6.5,21,1010.7
2023-12-11 06:00:00,11.0,53,0.0,7.6,11,1010.6
2023-12-11 07:00:00,10.5,53,0.0,7.7,8,1011.1
2023-12-11 08:00:00,10.4,54,0.0,8.0,3,1011.5
2023-12-11 09:00:00,13.6,44,0.0,12.3,0,1011.8
2023-12-11 10:00:00,17.1,35,0.0,10.6,0,1012.3
2023-12-11 11:00:00,20.0,31,0.0,11.6,0,1012.3
2023-12-11 12:00:00,22.4,28,0.0,13.1,0,1011.7
2023-12-11 13:00:00,23.8,24,0.0,14.2,0,1011.1
2023-12-11 14:00:00,24.3,24,0.0,15.1,0,1010.5
2023-12-11 15:00:00,24.6,23,0.0,13.6,0,1010.2
2023-12-11 16:00:00,24.9,23,0.0,14.2,0,1010.4
2023-12-11 17:00:00,24.0,24,0.0,10.5,0,1010.6
2023-12-11 18:00:00,19.7,32,0.0,9.0,0,1010.8
2023-12-11 19:00:00,19.4,34,0.0,7.2,0,1011.2
2023-12-11 20:00:00,18.3,37,0.0,7.7,0,1011.6
2023-12-11 21:00:00,17.2,39,0.0,7.8,0,1012.0
2023-12-11 22:00:00,16.5,41,0.0,8.6,5,1012.2
2023-12-11 23:00:00,15.5,45,0.0,7.2,8,1012.5
2023-12-12 00:00:00,14.3,50,0.0,7.9,13,1012.7
2023-12-12 01:00:00,13.3,55,0.0,10.8,12,1012.7
2023-12-12 02:00:00,12.4,58,0.0,9.5,8,1012.7
2023-12-12 03:00:00,12.3,59,0.0,7.2,6,1012.6
2023-12-12 04:00:00,11.1,68,0.0,9.3,1,1012.3
2023-12-12 05:00:00,11.1,71,0.0,6.5,0,1012.1
2023-12-12 06:00:00,10.3,76,0.0,6.6,0,1012.4
2023-12-12 07:00:00,9.9,79,0.0,5.7,0,1013.0
2023-12-12 08:00:00,10.1,78,0.0,6.6,0,1013.6
2023-12-12 09:00:00,12.8,65,0.0,10.8,4,1014.1
2023-12-12 10:00:00,15.6,55,0.0,9.6,37,1014.5
2023-12-12 11:00:00,18.0,51,0.0,9.2,56,1014.6
2023-12-12 12:00:00,19.9,53,0.0,8.8,22,1014.0
2023-12-12 13:00:00,21.5,46,0.1,8.7,25,1013.2
2023-12-12 14:00:00,22.3,38,0.0,11.8,34,1012.7
2023-12-12 15:00:00,22.5,36,0.0,12.2,33,1012.4
2023-12-12 16:00:00,22.0,42,0.0,16.6,66,1012.7
2023-12-12 17:00:00,20.3,51,0.0,17.1,34,1013.1
2023-12-12 18:00:00,19.4,54,0.0,9.7,18,1013.5
2023-12-12 19:00:00,18.2,60,0.0,7.1,21,1014.0
2023-12-12 20:00:00,17.2,66,0.0,6.0,6,1014.3
2023-12-12 21:00:00,16.7,69,0.0,8.7,4,1015.1
2023-12-12 22:00:00,15.7,77,0.0,6.8,0,1015.4
2023-12-12 23:00:00,14.6,87,0.0,6.6,6,1015.7
2023-12-13 00:00:00,14.2,91,0.0,6.2,7,1015.9
2023-12-13 01:00:00,14.0,92,0.0,6.5,5,1015.8
2023-12-13 02:00:00,13.9,92,0.0,6.7,6,1015.8
2023-12-13 03:00:00,14.2,90,0.0,7.8,12,1015.6
2023-12-13 04:00:00,13.9,90,0.0,6.5,8,1015.5
2023-12-13 05:00:00,14.2,87,0.0,7.9,37,1015.3
2023-12-13 06:00:00,14.6,84,0.0,8.6,21,1015.5
2023-12-13 07:00:00,14.0,88,0.0,6.9,21,1015.8
2023-12-13 08:00:00,13.7,91,0.0,6.3,25,1016.6
2023-12-13 09:00:00,15.4,81,0.0,9.0,13,1017.1
2023-12-13 10:00:00,17.5,71,0.0,10.1,17,1017.7
2023-12-13 11:00:00,19.4,62,0.0,12.2,26,1017.7
2023-12-13 12:00:00,21.0,56,0.0,15.5,42,1017.0
2023-12-13 13:00:00,21.7,53,0.0,17.3,79,1016.3
2023-12-13 14:00:00,22.2,51,0.0,17.2,100,1015.7
2023-12-13 15:00:00,21.8,54,0.0,17.5,100,1015.6
2023-12-13 16:00:00,21.5,56,0.1,15.0,100,1016.4
2023-12-13 17:00:00,21.6,55,0.0,14.1,100,1016.8
2023-12-13 18:00:00,21.2,56,0.0,12.1,100,1017.1
2023-12-13 19:00:00,20.4,63,0.0,10.2,100,1017.5
2023-12-13 20:00:00,19.8,67,0.0,5.4,56,1017.9
2023-12-13 21:00:00,18.6,73,0.0,5.1,38,1018.6
2023-12-13 22:00:00,17.4,79,0.0,7.8,15,1018.7
2023-12-13 23:00:00,17.9,77,0.0,5.9,17,1019.2
2023-12-14 00:00:00,17.3,81,0.0,6.2,27,1019.2
2023-12-14 01:00:00,16.6,85,0.0,5.5,14,1019.2
2023-12-14 02:00:00,14.6,93,0.0,6.1,12,1019.0
2023-12-14 03:00:00,13.8,96,0.0,7.1,17,1018.9
2023-12-14 04:00:00,13.8,96,0.0,5.2,22,1018.8
2023-12-14 05:00:00,13.6,96,0.0,5.2,19,1018.8
2023-12-14 06:00:00,13.2,94,0.0,5.2,16,1018.8
2023-12-14 07:00:00,12.6,92,0.0,5.7,3,1019.3
2023-12-14 08:00:00,12.3,90,0.0,5.2,2,1019.8
2023-12-14 09:00:00,15.0,74,0.0,5.4,1,1020.3
2023-12-14 10:00:00,18.2,59,0.0,4.0,0,1020.8
2023-12-14 11:00:00,20.7,50,0.0,4.0,0,1020.9
2023-12-14 12:00:00,22.4,48,0.0,4.1,0,1020.1
2023-12-14 13:00:00,23.6,45,0.0,4.7,2,1019.2
2023-12-14 14:00:00,24.6,42,0.0,5.4,33,1018.5
2023-12-14 15:00:00,24.9,41,0.0,7.2,34,1018.1
2023-12-14 16:00:00,24.6,41,0.0,4.5,100,1018.5
2023-12-14 17:00:00,24.0,42,0.0,5.2,42,1018.3
2023-12-14 18:00:00,22.2,47,0.0,7.2,5,1018.4
2023-12-14 19:00:00,20.7,52,0.0,9.3,10,1018.9
2023-12-14 20:00:00,18.9,57,0.0,7.4,1,1019.2
2023-12-14 21:00:00,17.7,62,0.0,6.9,0,1019.5
2023-12-14 22:00:00,16.8,66,0.0,8.5,0,1019.6
2023-12-14 23:00:00,16.6,67,0.0,7.4,0,1019.8
2023-12-15 00:00:00,17.1,66,0.0,5.7,0,1019.7
2023-12-15 01:00:00,17.0,66,0.0,4.5,0,1019.4
2023-12-15 02:00:00,16.4,69,0.0,2.5,0,1019.1
2023-12-15 03:00:00,15.8,72,0.0,2.3,0,1019.0
2023-12-15 04:00:00,15.5,76,0.0,2.8,0,1018.8
2023-12-15 05:00:00,15.3,78,0.0,2.2,0,1018.6
2023-12-15 06:00:00,15.0,80,0.0,3.2,0,1018.7
2023-12-15 07:00:00,14.8,81,0.0,4.9,0,1018.9
2023-12-15 08:00:00,14.9,78,0.0,5.6,0,1018.9
2023-12-15 09:00:00,16.0,69,0.0,4.3,0,1019.0
2023-12-15 10:00:00,19.6,50,0.0,4.0,0,1019.1
2023-12-15 11:00:00,22.3,39,0.0,7.2,0,1019.2
2023-12-15 12:00:00,24.0,33,0.0,8.9,0,1018.2
2023-12-15 13:00:00,25.2,29,0.0,7.4,0,1017.0
2023-12-15 14:00:00,26.0,27,0.0,5.4,0,1016.1
2023-12-15 15:00:00,26.4,25,0.0,2.5,0,1015.8
2023-12-15 16:00:00,26.1,28,0.0,3.3,0,1016.0
2023-12-15 17:00:00,25.4,29,0.0,4.2,0,1016.0
2023-12-15 18:00:00,21.5,37,0.0,8.3,0,1016.0
2023-12-15 19:00:00,19.6,42,0.0,11.2,0,1016.4
2023-12-15 20:00:00,19.2,43,0.0,8.9,1,1016.8
2023-12-15 21:00:00,17.9,47,0.0,10.9,3,1016.8
2023-12-15 22:00:00,20.1,41,0.0,6.2,20,1016.8
2023-12-15 23:00:00,17.0,51,0.0,4.4,78,1016.9
2023-12-16 00:00:00,17.0,52,0.0,1.3,97,1016.6
2023-12-16 01:00:00,14.2,63,0.0,6.4,97,1016.3
2023-12-16 02:00:00,13.8,67,0.0,5.6,100,1016.3
2023-12-16 03:00:00,13.0,72,0.0,6.4,99,1016.2
2023-12-16 04:00:00,12.4,68,0.0,7.6,91,1015.7
2023-12-16 05:00:00,12.8,64,0.0,6.8,100,1015.7
2023-12-16 06:00:00,12.3,66,0.0,6.3,89,1015.9
2023-12-16 07:00:00,11.5,71,0.0,6.1,35,1016.6
2023-12-16 08:00:00,11.5,72,0.0,6.5,9,1017.0
2023-12-16 09:00:00,14.5,58,0.0,9.5,1,1017.6
2023-12-16 10:00:00,18.4,46,0.0,8.0,0,1018.1
2023-12-16 11:00:00,21.5,39,0.0,8.6,0,1018.2
2023-12-16 12:00:00,23.9,34,0.0,7.8,0,1017.8
2023-12-16 13:00:00,25.5,30,0.0,7.6,0,1017.1
2023-12-16 14:00:00,26.4,27,0.0,8.3,0,1016.5
2023-12-16 15:00:00,26.7,25,0.0,8.7,0,1016.3
2023-12-16 16:00:00,26.1,27,0.0,7.7,0,1016.4
2023-12-16 17:00:00,25.3,28,0.0,7.7,0,1016.3
2023-12-16 18:00:00,21.3,37,0.0,8.2,0,1016.5
2023-12-16 19:00:00,19.4,42,0.0,8.1,0,1017.0
2023-12-16 20:00:00,18.4,46,0.0,7.3,0,1017.4
2023-12-16 21:00:00,18.3,47,0.0,5.4,0,1017.6
2023-12-16 22:00:00,15.9,56,0.0,8.8,0,1018.0
2023-12-16 23:00:00,15.3,58,0.0,8.4,0,1018.5
2023-12-17 00:00:00,15.5,58,0.0,7.2,0,1018.9
2023-12-17 01:00:00,13.5,67,0.0,9.0,0,1019.2
2023-12-17 02:00:00,13.7,69,0.0,7.7,11,1019.3
2023-12-17 03:00:00,12.8,76,0.0,7.1,0,1019.5
2023-12-17 04:00:00,12.1,80,0.0,6.2,1,1019.3
2023-12-17 05:00:00,11.6,84,0.0,6.2,0,1019.5
2023-12-17 06:00:00,11.3,87,0.0,6.2,0,1019.4
2023-12-17 07:00:00,10.9,91,0.0,6.1,0,1019.9
2023-12-17 08:00:00,10.8,93,0.0,7.1,3,1020.1
2023-12-17 09:00:00,14.4,82,0.0,8.3,5,1020.3
2023-12-17 10:00:00,17.9,70,0.0,8.0,42,1020.6
2023-12-17 11:00:00,20.9,63,0.0,11.3,81,1020.5
2023-12-17 12:00:00,23.0,51,0.0,14.2,100,1019.9
2023-12-17 13:00:00,24.4,42,0.0,14.7,100,1019.3
2023-12-17 14:00:00,25.1,38,0.0,13.8,100,1018.7
2023-12-17 15:00:00,25.4,36,0.0,13.2,100,1018.5
2023-12-17 16:00:00,24.8,37,0.0,14.2,100,1018.4
2023-12-17 17:00:00,23.9,41,0.0,14.5,100,1018.6
2023-12-17 18:00:00,22.0,47,0.0,12.3,100,1018.9
2023-12-17 19:00:00,20.7,53,0.0,11.9,100,1019.4
2023-12-17 20:00:00,19.9,58,0.0,15.8,100,1020.0
2023-12-17 21:00:00,19.0,63,0.0,13.5,100,1020.2
2023-12-17 22:00:00,18.0,69,0.0,12.1,100,1020.3
2023-12-17 23:00:00,17.2,75,0.0,10.7,99,1020.3
2023-12-18 00:00:00,16.2,82,0.0,9.5,100,1020.2
2023-12-18 01:00:00,15.6,86,0.0,9.0,100,1019.9
2023-12-18 02:00:00,15.1,90,0.0,9.0,95,1019.7
2023-12-18 03:00:00,14.7,93,0.0,9.4,98,1019.5
2023-12-18 04:00:00,14.9,94,0.0,9.0,79,1019.5
2023-12-18 05:00:00,14.9,94,0.0,9.2,40,1019.0
2023-12-18 06:00:00,14.5,95,0.0,8.8,27,1018.5
2023-12-18 07:00:00,14.3,96,0.0,8.4,26,1018.8
2023-12-18 08:00:00,14.1,96,0.0,8.3,92,1019.1
2023-12-18 09:00:00,16.0,87,0.0,9.7,100,1019.4
2023-12-18 10:00:00,18.2,76,0.0,11.3,98,1019.7
2023-12-18 11:00:00,20.6,65,0.1,17.6,38,1019.6
2023-12-18 12:00:00,22.2,55,0.0,20.0,54,1019.0
2023-12-18 13:00:00,23.3,48,0.0,17.4,26,1018.0
2023-12-18 14:00:00,24.3,43,0.0,16.4,32,1017.0
2023-12-18 15:00:00,24.7,40,0.0,16.6,22,1016.6
2023-12-18 16:00:00,24.1,42,0.0,17.7,33,1016.3
2023-12-18 17:00:00,23.6,42,0.0,18.5,89,1016.3
2023-12-18 18:00:00,21.8,50,0.0,17.2,47,1016.8
2023-12-18 19:00:00,21.2,53,0.0,14.1,31,1017.1
2023-12-18 20:00:00,20.0,57,0.0,13.6,62,1017.5
2023-12-18 21:00:00,19.4,60,0.0,14.7,1,1017.9
2023-12-18 22:00:00,18.1,69,0.0,13.4,2,1018.0
2023-12-18 23:00:00,16.9,80,0.0,12.8,2,1018.3
2023-12-19 00:00:00,16.1,87,0.0,10.7,1,1018.2
2023-12-19 01:00:00,15.4,92,0.0,9.1,0,1018.0
2023-12-19 02:00:00,14.8,95,0.0,7.6,0,1017.7
2023-12-19 03:00:00,14.4,96,0.0,7.3,0,1017.7
2023-12-19 04:00:00,14.2,96,0.0,6.9,3,1017.0
2023-12-19 05:00:00,13.9,97,0.0,7.2,11,1016.8
2023-12-19 06:00:00,13.6,97,0.0,6.8,6,1016.8
2023-12-19 07:00:00,13.4,97,0.0,7.6,2,1017.1
2023-12-19 08:00:00,13.3,97,0.0,7.7,3,1017.4
2023-12-19 09:00:00,15.0,90,0.0,9.0,2,1017.9
2023-12-19 10:00:00,17.6,76,0.0,8.5,0,1018.4
2023-12-19 11:00:00,20.4,62,0.0,13.2,1,1018.2
2023-12-19 12:00:00,21.9,51,0.0,20.7,13,1017.4
2023-12-19 13:00:00,22.8,45,0.0,19.4,17,1016.3
2023-12-19 14:00:00,23.5,38,0.0,17.8,69,1015.3
2023-12-19 15:00:00,23.9,34,0.0,16.6,68,1015.0
2023-12-19 16:00:00,23.3,36,0.0,16.4,99,1014.8
2023-12-19 17:00:00,22.4,37,0.0,15.9,76,1014.7
2023-12-19 18:00:00,20.8,42,0.0,12.0,16,1014.8
2023-12-19 19:00:00,19.5,47,0.0,14.1,38,1015.3
2023-12-19 20:00:00,18.4,53,0.0,16.9,2,1016.2
2023-12-19 21:00:00,17.2,59,0.0,15.3,0,1016.7
2023-12-19 22:00:00,16.3,65,0.0,13.4,0,1016.6
2023-12-19 23:00:00,15.4,70,0.0,11.5,13,1016.5
2023-12-20 00:00:00,14.6,75,0.0,9.5,39,1016.2
2023-12-20 01:00:00,13.9,80,0.0,8.1,57,1016.1
2023-12-20 02:00:00,13.0,85,0.0,6.8,93,1016.1
2023-12-20 03:00:00,12.4,89,0.0,6.5,99,1015.6
2023-12-20 04:00:00,12.3,91,0.0,5.8,94,1015.1
2023-12-20 05:00:00,11.4,93,0.0,7.0,100,1014.9
2023-12-20 06:00:00,10.7,95,0.0,8.4,100,1014.7
2023-12-20 07:00:00,10.3,97,0.0,8.7,100,1015.2
2023-12-20 08:00:00,10.1,98,0.0,8.3,100,1015.3
2023-12-20 09:00:00,13.2,87,0.0,6.4,100,1015.3
2023-12-20 10:00:00,15.8,72,0.0,6.4,100,1015.4
2023-12-20 11:00:00,18.0,62,0.0,7.6,100,1015.0
2023-12-20 12:00:00,19.4,57,0.0,9.7,100,1013.9
2023-12-20 13:00:00,20.8,51,0.0,11.0,100,1013.2
2023-12-20 14:00:00,20.9,49,0.0,11.5,100,1012.2
2023-12-20 15:00:00,21.2,46,0.0,9.8,100,1012.1
2023-12-20 16:00:00,22.1,41,0.0,10.0,100,1011.6
2023-12-20 17:00:00,21.4,42,0.0,9.5,99,1011.3
2023-12-20 18:00:00,18.2,52,0.0,7.2,67,1011.0
2023-12-20 19:00:00,16.6,59,0.0,9.3,100,1011.7
2023-12-20 20:00:00,16.9,58,0.0,7.3,100,1011.7
2023-12-20 21:00:00,16.3,61,0.0,5.8,100,1011.5
2023-12-20 22:00:00,14.5,68,0.0,8.0,100,1011.5
2023-12-20 23:00:00,13.3,74,0.0,7.6,100,1011.3
2023-12-21 00:00:00,14.5,69,0.0,6.8,100,1011.1
2023-12-21 01:00:00,13.7,70,0.0,7.3,100,1010.7
2023-12-21 02:00:00,13.5,67,0.0,11.5,100,1010.1
2023-12-21 03:00:00,13.2,63,0.0,14.0,100,1010.2
2023-12-21 04:00:00,13.4,65,0.0,11.5,100,1010.1
2023-12-21 05:00:00,13.1,66,0.0,13.6,100,1009.9
2023-12-21 06:00:00,12.8,69,0.0,14.1,100,1009.8
2023-12-21 07:00:00,12.5,71,0.0,15.9,100,1010.0
2023-12-21 08:00:00,12.4,73,0.0,17.9,100,1009.9
2023-12-21 09:00:00,13.2,72,0.0,15.5,100,1010.0
2023-12-21 10:00:00,14.8,67,0.0,17.2,100,1010.7
2023-12-21 11:00:00,16.4,60,0.0,17.9,100,1011.2
2023-12-21 12:00:00,18.2,54,0.0,17.2,100,1010.5
2023-12-21 13:00:00,18.9,52,0.0,17.9,100,1009.5
2023-12-21 14:00:00,19.3,49,0.0,20.4,100,1008.9
2023-12-21 15:00:00,20.0,45,0.0,20.1,94,1008.9
2023-12-21 16:00:00,20.6,45,0.0,19.6,3,1008.6
2023-12-21 17:00:00,20.8,44,0.0,18.3,9,1008.6
2023-12-21 18:00:00,19.3,49,0.0,14.0,6,1008.9
2023-12-21 19:00:00,18.2,52,0.0,12.4,15,1009.6
2023-12-21 20:00:00,17.5,54,0.0,12.7,7,1009.9
2023-12-21 21:00:00,16.9,55,0.0,13.2,0,1010.6
2023-12-21 22:00:00,16.3,53,0.0,15.6,0,1011.1
2023-12-21 23:00:00,15.5,41,0.0,16.8,0,1011.6
2023-12-22 00:00:00,14.7,37,0.0,16.2,0,1011.6
2023-12-22 01:00:00,13.9,38,0.0,14.4,0,1011.3
2023-12-22 02:00:00,13.4,39,0.0,13.8,0,1011.3
2023-12-22 03:00:00,12.9,41,0.0,12.7,0,1011.5
2023-12-22 04:00:00,12.5,44,0.0,11.6,0,1011.5
2023-12-22 05:00:00,11.9,49,0.0,12.3,0,1011.2
2023-12-22 06:00:00,11.5,54,0.0,12.8,0,1011.1
2023-12-22 07:00:00,11.1,58,0.0,13.3,0,1011.4
2023-12-22 08:00:00,10.7,59,0.0,14.8,0,1011.5
2023-12-22 09:00:00,12.0,51,0.0,15.5,0,1012.0
2023-12-22 10:00:00,14.2,45,0.0,18.4,1,1012.3
2023-12-22 11:00:00,16.2,46,0.0,20.4,0,1012.5
2023-12-22 12:00:00,17.9,48,0.0,21.6,0,1011.8
2023-12-22 13:00:00,19.2,47,0.0,22.2,0,1011.1
2023-12-22 14:00:00,20.4,45,0.0,22.7,3,1010.4
2023-12-22 15:00:00,21.3,41,0.0,24.6,6,1009.8
2023-12-22 16:00:00,21.1,39,0.0,22.9,0,1009.7
2023-12-22 17:00:00,20.3,41,0.0,21.9,0,1009.6
2023-12-22 18:00:00,18.7,46,0.0,16.3,0,1009.8
2023-12-22 19:00:00,17.8,50,0.0,15.0,0,1010.5
2023-12-22 20:00:00,17.3,52,0.0,15.1,0,1011.3
2023-12-22 21:00:00,16.8,54,0.0,14.5,0,1012.0
2023-12-22 22:00:00,16.4,56,0.0,15.5,0,1012.0
2023-12-22 23:00:00,16.1,57,0.0,17.3,1,1012.0
2023-12-23 00:00:00,15.7,60,0.0,17.4,0,1012.1
2023-12-23 01:00:00,15.3,64,0.0,16.6,0,1011.9
2023-12-23 02:00:00,15.1,65,0.0,17.1,1,1012.1
2023-12-23 03:00:00,14.9,66,0.0,16.8,1,1012.0
2023-12-23 04:00:00,15.1,64,0.0,17.1,0,1011.9
2023-12-23 05:00:00,14.6,63,0.0,16.5,0,1011.6
2023-12-23 06:00:00,14.1,63,0.0,15.6,0,1011.9
2023-12-23 07:00:00,13.6,65,0.0,14.5,2,1012.1
2023-12-23 08:00:00,13.1,67,0.0,15.2,1,1012.7
2023-12-23 09:00:00,14.0,65,0.0,14.7,5,1013.4
2023-12-23 10:00:00,15.8,57,0.0,18.0,19,1014.0
2023-12-23 11:00:00,17.9,52,0.0,18.9,55,1014.4
2023-12-23 12:00:00,19.1,52,0.0,19.4,34,1013.9
2023-12-23 13:00:00,20.9,49,0.0,21.7,32,1012.9
2023-12-23 14:00:00,21.0,49,0.0,21.7,43,1012.3
2023-12-23 15:00:00,21.6,47,0.0,21.1,100,1011.9
2023-12-23 16:00:00,22.1,43,0.0,22.4,36,1012.2
2023-12-23 17:00:00,21.3,45,0.0,19.7,34,1012.5
2023-12-23 18:00:00,19.9,52,0.0,15.1,51,1013.0
2023-12-23 19:00:00,19.0,57,0.0,14.8,26,1013.9
2023-12-23 20:00:00,18.4,60,0.0,12.8,40,1014.6
2023-12-23 21:00:00,17.8,63,0.0,10.9,5,1015.0
2023-12-23 22:00:00,17.0,66,0.0,10.1,6,1015.4
2023-12-23 23:00:00,16.2,70,0.0,9.7,11,1015.5
2023-12-24 00:00:00,15.6,72,0.0,9.7,23,1015.6
2023-12-24 01:00:00,15.3,72,0.0,10.7,35,1015.6
2023-12-24 02:00:00,15.1,72,0.0,9.8,31,1015.7
2023-12-24 03:00:00,14.7,73,0.0,9.0,81,1015.8
2023-12-24 04:00:00,17.2,65,0.0,10.5,100,1015.0
2023-12-24 05:00:00,16.9,69,0.1,8.6,100,1014.8
2023-12-24 06:00:00,16.3,73,0.2,9.4,97,1015.0
2023-12-24 07:00:00,15.4,78,0.4,11.8,93,1015.7
2023-12-24 08:00:00,15.0,81,0.4,14.2,65,1016.2
2023-12-24 09:00:00,15.5,78,0.1,14.1,65,1016.8
2023-12-24 10:00:00,17.3,69,0.0,12.7,77,1017.4
2023-12-24 11:00:00,18.8,62,0.0,11.3,48,1017.7
2023-12-24 12:00:00,20.4,56,0.0,11.3,36,1017.2
2023-12-24 13:00:00,21.5,52,0.0,12.6,71,1016.2
2023-12-24 14:00:00,22.1,49,0.1,12.6,92,1015.4
2023-12-24 15:00:00,22.4,47,0.0,12.9,62,1015.0
2023-12-24 16:00:00,22.7,44,0.0,9.5,34,1015.4
2023-12-24 17:00:00,22.3,43,0.0,10.2,52,1015.7
2023-12-24 18:00:00,20.9,47,0.0,7.6,20,1016.0
2023-12-24 19:00:00,19.3,53,0.0,7.5,7,1016.5
2023-12-24 20:00:00,18.1,58,0.0,6.8,8,1017.3
2023-12-24 21:00:00,17.4,64,0.0,7.4,11,1018.0
2023-12-24 22:00:00,16.4,76,0.0,6.6,15,1018.4
2023-12-24 23:00:00,16.8,77,0.0,4.6,4,1018.6
2023-12-25 00:00:00,16.3,81,0.0,4.1,9,1019.0
2023-12-25 01:00:00,14.9,88,0.0,5.3,10,1018.8
2023-12-25 02:00:00,15.2,88,0.0,5.4,23,1018.8
2023-12-25 03:00:00,14.8,90,0.0,5.8,44,1018.8
2023-12-25 04:00:00,13.2,95,0.0,8.2,1,1018.7
2023-12-25 05:00:00,13.1,96,0.0,7.2,1,1018.3
2023-12-25 06:00:00,13.4,96,0.0,6.2,1,1018.5
2023-12-25 07:00:00,13.7,96,0.0,3.4,3,1019.1
2023-12-25 08:00:00,13.4,98,0.0,1.3,1,1019.6
2023-12-25 09:00:00,14.3,93,0.0,3.3,0,1020.2
2023-12-25 10:00:00,17.2,79,0.0,4.2,0,1020.8
2023-12-25 11:00:00,19.5,68,0.0,5.2,0,1021.0
2023-12-25 12:00:00,21.4,57,0.0,6.6,27,1020.2
2023-12-25 13:00:00,22.6,50,0.0,6.5,37,1019.3
2023-12-25 14:00:00,23.3,46,0.0,6.3,28,1018.3
2023-12-25 15:00:00,23.7,43,0.0,6.4,40,1017.7
2023-12-25 16:00:00,23.6,41,0.0,6.8,100,1017.6
2023-12-25 17:00:00,23.0,42,0.0,8.0,100,1017.6
2023-12-25 18:00:00,22.2,44,0.0,5.4,77,1017.8
2023-12-25 19:00:00,20.9,47,0.0,4.6,99,1018.2
2023-12-25 20:00:00,20.6,48,0.0,4.8,97,1018.6
2023-12-25 21:00:00,19.3,52,0.0,6.4,63,1019.1
2023-12-25 22:00:00,19.2,52,0.0,5.7,18,1019.3
2023-12-25 23:00:00,18.3,57,0.0,10.9,12,1019.6
2023-12-26 00:00:00,17.4,62,0.0,9.6,7,1019.8
2023-12-26 01:00:00,16.1,71,0.0,8.4,0,1019.5
2023-12-26 02:00:00,15.0,79,0.0,7.6,0,1019.2
2023-12-26 03:00:00,14.1,87,0.0,6.8,0,1019.2
2023-12-26 04:00:00,13.6,91,0.0,6.5,0,1019.0
2023-12-26 05:00:00,13.1,94,0.0,6.5,0,1018.9
2023-12-26 06:00:00,12.7,96,0.0,5.8,0,1018.8
2023-12-26 07:00:00,12.0,97,0.0,5.4,0,1019.4
2023-12-26 08:00:00,11.9,97,0.0,5.0,0,1019.6
2023-12-26 09:00:00,14.0,89,0.0,6.5,0,1020.0
2023-12-26 10:00:00,16.7,76,0.0,6.7,0,1020.3
2023-12-26 11:00:00,19.5,63,0.0,8.9,0,1020.3
2023-12-26 12:00:00,21.8,53,0.0,15.0,20,1019.4
2023-12-26 13:00:00,23.2,46,0.0,17.6,18,1018.3
2023-12-26 14:00:00,24.0,41,0.0,16.3,18,1017.2
2023-12-26 15:00:00,24.4,38,0.0,15.6,9,1016.6
2023-12-26 16:00:00,23.8,39,0.0,16.1,9,1016.1
2023-12-26 17:00:00,23.2,40,0.0,15.1,8,1015.9
2023-12-26 18:00:00,21.5,45,0.0,8.3,3,1016.1
2023-12-26 19:00:00,19.5,51,0.0,7.1,48,1016.5
2023-12-26 20:00:00,19.7,53,0.0,12.0,35,1017.0
2023-12-26 21:00:00,18.8,60,0.0,14.8,4,1017.5
2023-12-26 22:00:00,17.5,69,0.0,13.0,1,1017.6
2023-12-26 23:00:00,16.5,75,0.0,9.9,0,1017.5
2023-12-27 00:00:00,15.4,82,0.0,6.8,0,1017.2
2023-12-27 01:00:00,14.3,89,0.0,5.9,2,1016.9
2023-12-27 02:00:00,13.8,92,0.0,6.0,3,1016.7
2023-12-27 03:00:00,13.3,93,0.0,6.1,2,1016.6
2023-12-27 04:00:00,13.1,95,0.0,6.8,0,1016.2
2023-12-27 05:00:00,12.7,95,0.0,7.3,2,1015.9
2023-12-27 06:00:00,12.5,95,0.0,7.5,3,1015.9
2023-12-27 07:00:00,11.9,95,0.0,9.3,5,1016.2
2023-12-27 08:00:00,11.8,95,0.0,9.2,13,1016.5
2023-12-27 09:00:00,14.4,85,0.0,6.9,20,1016.8
2023-12-27 10:00:00,17.0,71,0.0,5.6,11,1017.4
2023-12-27 11:00:00,19.8,60,0.0,8.8,9,1017.5
2023-12-27 12:00:00,21.8,52,0.0,13.1,23,1016.9
2023-12-27 13:00:00,22.9,46,0.0,13.5,18,1015.9
2023-12-27 14:00:00,23.6,41,0.0,13.7,23,1015.0
2023-12-27 15:00:00,24.0,38,0.0,14.2,21,1014.7
2023-12-27 16:00:00,23.4,40,0.0,16.3,72,1014.7
2023-12-27 17:00:00,22.5,45,0.0,16.3,54,1015.0
2023-12-27 18:00:00,21.1,51,0.0,14.6,62,1015.4
2023-12-27 19:00:00,20.2,55,0.0,13.7,45,1016.0
2023-12-27 20:00:00,19.7,56,0.0,13.0,42,1016.5
2023-12-27 21:00:00,18.9,60,0.0,13.0,13,1017.0
2023-12-27 22:00:00,17.6,67,0.0,10.0,7,1017.5
2023-12-27 23:00:00,16.4,73,0.0,8.2,11,1017.7
2023-12-28 00:00:00,15.8,78,0.0,7.1,16,1017.8
2023-12-28 01:00:00,15.6,81,0.0,7.7,8,1017.7
2023-12-28 02:00:00,15.1,85,0.0,8.7,28,1017.9
2023-12-28 03:00:00,14.7,86,0.0,7.7,22,1018.1
2023-12-28 04:00:00,15.2,89,1.0,8.4,45,1017.9
2023-12-28 05:00:00,14.5,93,0.2,6.8,71,1017.9
2023-12-28 06:00:00,14.4,94,0.3,8.2,64,1017.9
2023-12-28 07:00:00,14.1,96,1.3,7.9,45,1018.1
2023-12-28 08:00:00,14.2,97,0.0,10.9,57,1018.6
2023-12-28 09:00:00,15.4,93,0.0,11.5,18,1019.1
2023-12-28 10:00:00,16.8,87,0.1,15.0,67,1019.7
2023-12-28 11:00:00,17.7,80,0.2,15.2,85,1020.0
2023-12-28 12:00:00,18.9,73,0.1,16.7,52,1019.5
2023-12-28 13:00:00,20.2,65,0.1,18.4,45,1018.7
2023-12-28 14:00:00,21.1,61,0.0,15.8,26,1017.8
2023-12-28 15:00:00,22.1,56,0.0,14.5,22,1017.5
2023-12-28 16:00:00,20.9,61,0.0,11.8,19,1017.8
2023-12-28 17:00:00,21.9,55,0.0,13.7,25,1017.6
2023-12-28 18:00:00,20.1,59,0.0,12.6,22,1017.8
2023-12-28 19:00:00,18.5,67,0.0,10.5,17,1018.4
2023-12-28 20:00:00,17.7,73,0.0,9.4,27,1019.0
2023-12-28 21:00:00,17.4,74,0.0,11.6,17,1019.3
2023-12-28 22:00:00,16.7,78,0.0,10.9,6,1019.7
2023-12-28 23:00:00,16.0,83,0.0,10.1,11,1019.6
2023-12-29 00:00:00,15.6,87,0.0,10.9,13,1019.6
2023-12-29 01:00:00,15.2,91,0.0,10.2,17,1019.5
2023-12-29 02:00:00,15.1,93,0.0,9.4,37,1019.5
2023-12-29 03:00:00,14.8,95,0.0,8.3,31,1019.4
2023-12-29 04:00:00,14.7,94,0.0,8.3,13,1019.2
2023-12-29 05:00:00,14.3,95,0.0,6.9,6,1019.2
2023-12-29 06:00:00,13.7,96,0.0,5.8,4,1019.0
2023-12-29 07:00:00,13.5,97,0.0,6.5,8,1019.5
2023-12-29 08:00:00,13.2,97,0.0,5.8,8,1019.8
2023-12-29 09:00:00,14.8,90,0.0,7.3,1,1019.9
2023-12-29 10:00:00,17.4,77,0.0,7.6,4,1020.4
2023-12-29 11:00:00,19.9,65,0.0,10.8,14,1020.4
2023-12-29 12:00:00,21.8,55,0.0,17.1,48,1019.6
2023-12-29 13:00:00,22.8,50,0.0,15.9,29,1018.7
2023-12-29 14:00:00,23.7,45,0.0,15.2,15,1017.9
2023-12-29 15:00:00,24.2,42,0.0,14.5,12,1017.4
2023-12-29 16:00:00,23.4,43,0.0,13.9,44,1017.4
2023-12-29 17:00:00,22.8,44,0.0,12.6,82,1017.6
2023-12-29 18:00:00,21.2,50,0.0,5.4,99,1017.6
2023-12-29 19:00:00,19.8,54,0.0,8.1,57,1018.0
2023-12-29 20:00:00,19.6,55,0.0,15.2,37,1018.5
2023-12-29 21:00:00,18.4,65,0.0,14.3,5,1019.0
2023-12-29 22:00:00,17.1,75,0.0,11.4,9,1019.3
2023-12-29 23:00:00,16.0,83,0.0,8.8,0,1019.4
2023-12-30 00:00:00,14.6,92,0.0,6.2,0,1019.4
2023-12-30 01:00:00,13.5,95,0.0,6.6,0,1019.1
2023-12-30 02:00:00,12.7,97,0.0,7.6,0,1018.9
2023-12-30 03:00:00,12.1,99,0.0,8.3,6,1018.6
2023-12-30 04:00:00,12.3,99,0.0,7.5,4,1018.5
2023-12-30 05:00:00,12.5,100,0.0,6.5,100,1018.2
2023-12-30 06:00:00,11.7,100,0.0,7.8,100,1018.1
2023-12-30 07:00:00,11.6,100,0.0,6.2,99,1018.3
2023-12-30 08:00:00,12.2,100,0.0,5.1,98,1018.9
2023-12-30 09:00:00,13.2,98,0.0,6.3,97,1019.6
2023-12-30 10:00:00,15.8,85,0.0,6.9,16,1020.1
2023-12-30 11:00:00,18.6,71,0.0,6.7,21,1020.5
2023-12-30 12:00:00,21.0,60,0.0,11.6,19,1020.0
2023-12-30 13:00:00,22.4,51,0.0,13.1,10,1018.9
2023-12-30 14:00:00,23.2,46,0.0,12.5,36,1017.9
2023-12-30 15:00:00,23.5,43,0.0,12.0,73,1017.4
2023-12-30 16:00:00,23.1,42,0.0,10.0,65,1017.4
2023-12-30 17:00:00,22.7,42,0.0,7.0,44,1017.5
2023-12-30 18:00:00,19.9,54,0.0,7.2,92,1017.5
2023-12-30 19:00:00,18.1,65,0.0,6.4,100,1017.6
2023-12-30 20:00:00,16.7,74,0.0,8.0,100,1017.9
2023-12-30 21:00:00,17.2,72,0.0,7.4,92,1018.0
2023-12-30 22:00:00,16.6,74,0.0,8.4,93,1018.0
2023-12-30 23:00:00,15.5,80,0.0,6.4,93,1018.3
2023-12-31 00:00:00,15.1,83,0.0,5.4,91,1018.5
2023-12-31 01:00:00,15.4,83,0.0,7.5,78,1018.5
2023-12-31 02:00:00,14.7,87,0.0,6.6,0,1018.5
2023-12-31 03:00:00,12.8,95,0.0,7.2,1,1018.3
2023-12-31 04:00:00,12.9,95,0.0,7.2,1,1018.1
2023-12-31 05:00:00,12.6,96,0.0,7.2,1,1017.9
2023-12-31 06:00:00,12.2,97,0.0,7.7,3,1018.1
2023-12-31 07:00:00,12.4,97,0.0,7.7,3,1018.6
2023-12-31 08:00:00,13.5,97,0.0,5.8,1,1018.9
2023-12-31 09:00:00,14.3,93,0.0,2.4,6,1019.2
2023-12-31 10:00:00,16.5,83,0.0,3.7,12,1019.5
2023-12-31 11:00:00,18.9,70,0.1,11.0,31,1019.7
2023-12-31 12:00:00,19.8,64,0.5,12.4,30,1019.2
2023-12-31 13:00:00,20.9,56,0.3,10.0,18,1018.3
2023-12-31 14:00:00,21.8,50,0.1,9.5,25,1017.4
2023-12-31 15:00:00,22.4,46,0.0,9.0,49,1017.0
2023-12-31 16:00:00,22.2,45,0.0,5.4,50,1017.0
2023-12-31 17:00:00,21.8,45,0.0,2.2,90,1016.8
2023-12-31 18:00:00,21.1,47,0.0,2.2,58,1017.0
2023-12-31 19:00:00,19.1,58,0.0,4.8,45,1017.4
2023-12-31 20:00:00,17.4,67,0.0,7.9,76,1017.7
2023-12-31 21:00:00,17.0,71,0.0,5.6,70,1018.1
2023-12-31 22:00:00,17.5,68,0.0,10.5,14,1018.6
2023-12-31 23:00:00,16.5,70,0.0,9.5,46,1019.0
