datetime,temp,tempmax,tempmin,humidity,dew,precip,precipprob,windspeed,pressure,cloudcover,solarenergy,uvindex
2019-01-01,10.3,14.8,6.6,64.8,3.8,0.091,0.0,16.7,1019.0,15.0,12.6,6.0
2019-01-02,9.1,13.4,5.0,69.0,3.5,0.0,0.0,15.9,1016.2,28.2,10.9,5.0
2019-01-03,8.7,11.5,5.7,71.0,3.7,5.443,100.0,27.7,1020.2,32.8,6.9,3.0
2019-01-04,9.4,16.0,5.2,63.7,2.2,0.229,0.0,11.3,1023.8,4.6,12.9,6.0
2019-01-05,9.0,13.4,5.0,69.2,3.5,0.0,0.0,21.2,1017.4,28.7,11.7,6.0
2019-01-06,7.5,10.4,4.0,67.8,1.7,0.054,0.0,43.9,1013.4,44.5,10.7,5.0
2019-01-07,6.0,9.4,2.0,71.8,1.1,22.013,100.0,31.7,1018.2,48.8,10.6,5.0
2019-01-08,7.7,10.9,4.9,71.0,2.7,24.468,100.0,46.4,1015.6,60.7,9.6,5.0
2019-01-09,5.7,8.3,3.4,85.5,3.4,15.409,100.0,40.7,1019.4,59.2,7.5,4.0
2019-01-10,7.0,12.9,3.0,74.4,2.5,0.537,100.0,16.6,1025.1,22.8,10.4,5.0
2019-01-11,8.0,13.4,3.4,59.3,0.3,0.0,0.0,18.4,1022.7,14.0,13.6,6.0
2019-01-12,8.6,15.4,2.0,63.0,1.6,0.0,0.0,12.5,1015.0,12.3,13.3,6.0
2019-01-13,9.0,11.9,6.1,61.0,1.7,0.0,0.0,35.3,1009.2,18.7,13.6,6.0
2019-01-14,8.1,9.9,6.6,76.6,4.2,0.1,0.0,37.1,1012.6,60.6,6.1,3.0
2019-01-15,9.1,13.5,5.7,66.4,2.9,13.629,100.0,20.5,1015.6,26.3,13.7,6.0
2019-01-16,6.7,10.9,0.0,63.2,-0.3,2.171,100.0,43.3,1010.3,37.8,11.2,6.0
2019-01-17,6.2,9.3,2.0,82.7,3.4,34.645,100.0,46.4,1016.9,64.5,8.5,4.0
2019-01-18,7.7,11.4,4.0,75.2,3.5,0.0,0.0,22.3,1021.7,40.7,9.6,5.0
2019-01-19,6.4,12.4,1.5,75.5,2.1,0.0,0.0,11.5,1022.5,13.6,13.1,6.0
2019-01-20,8.2,13.9,2.5,61.8,0.9,0.0,0.0,15.8,1021.4,17.5,11.7,5.0
2019-01-21,9.9,15.4,4.0,55.3,1.1,0.0,0.0,11.2,1019.3,16.6,14.2,6.0
2019-01-22,9.8,16.5,5.7,59.8,2.0,0.0,0.0,13.4,1017.1,9.3,14.5,6.0
2019-01-23,9.6,15.8,4.0,62.9,2.2,0.0,0.0,22.3,1016.9,5.7,13.8,6.0
2019-01-24,10.9,18.5,5.2,53.3,1.3,0.0,0.0,18.4,1014.2,7.1,14.7,7.0
2019-01-25,11.0,16.9,5.1,53.0,1.3,0.0,0.0,9.5,1016.8,1.0,14.9,7.0
2019-01-26,12.9,19.5,6.0,54.1,3.5,0.0,0.0,14.0,1013.5,5.3,14.8,7.0
2019-01-27,12.1,17.5,7.1,63.0,4.9,0.0,0.0,18.4,1012.0,13.7,14.9,7.0
2019-01-28,7.3,8.5,5.1,83.3,4.6,2.674,100.0,27.7,1013.5,42.1,7.6,4.0
2019-01-29,9.8,14.4,6.7,79.6,6.3,3.027,100.0,22.3,1019.9,37.9,10.8,5.0
2019-01-30,10.9,16.5,7.0,56.3,2.3,0.0,0.0,22.6,1016.5,9.7,15.5,7.0
2019-01-31,9.3,14.1,5.5,60.9,1.9,0.0,0.0,13.9,1020.5,16.1,14.6,7.0
2019-02-01,9.2,14.0,4.6,58.2,1.2,0.0,0.0,13.9,1021.9,15.3,14.5,6.0
2019-02-02,9.6,15.9,4.0,62.5,2.5,0.0,0.0,15.6,1021.2,11.2,14.8,7.0
2019-02-03,10.6,17.9,4.6,56.2,1.3,0.0,0.0,11.3,1022.1,2.4,15.8,7.0
2019-02-04,12.5,18.8,5.0,45.7,0.6,0.0,0.0,26.4,1022.3,13.0,16.0,7.0
2019-02-05,13.3,18.8,7.0,42.5,0.5,0.0,0.0,29.5,1022.1,5.3,16.0,7.0
2019-02-06,11.5,14.8,9.0,62.2,4.4,0.209,0.0,22.3,1019.9,47.7,8.9,5.0
2019-02-07,10.4,13.4,8.0,87.4,8.4,5.969,100.0,20.2,1014.4,58.3,8.9,4.0
2019-02-08,10.0,13.8,7.5,79.2,6.4,0.0,0.0,21.1,1015.1,47.3,12.3,6.0
2019-02-09,9.0,11.9,6.6,86.0,6.7,2.17,100.0,18.4,1018.0,57.6,10.5,4.0
2019-02-10,8.3,12.0,6.2,84.9,5.9,5.513,100.0,18.3,1019.5,44.3,10.2,5.0
2019-02-11,8.7,12.8,6.0,81.2,5.5,8.418,100.0,22.3,1020.8,53.7,11.3,5.0
2019-02-12,9.3,14.9,3.7,69.8,3.7,0.054,0.0,9.6,1022.3,21.4,13.0,6.0
2019-02-13,11.7,17.9,6.5,53.0,2.1,0.0,0.0,26.2,1017.4,11.7,17.0,7.0
2019-02-14,9.7,13.2,6.7,68.1,3.9,0.0,0.0,23.5,1012.7,41.2,13.8,6.0
2019-02-15,7.4,10.4,3.2,65.7,1.2,6.718,100.0,33.5,1014.0,53.4,11.9,6.0
2019-02-16,7.7,9.9,4.9,83.1,5.0,33.022,100.0,21.5,1019.5,61.0,11.5,5.0
2019-02-17,7.2,12.4,3.3,78.7,3.6,1.829,100.0,16.4,1022.1,29.7,14.2,6.0
2019-02-18,7.0,11.4,2.9,79.4,3.5,0.595,100.0,14.8,1019.1,44.5,15.9,6.0
2019-02-19,8.1,12.8,3.9,81.5,5.0,0.64,100.0,15.5,1021.7,34.1,9.9,4.0
2019-02-20,9.3,13.5,5.7,78.9,5.6,0.0,0.0,10.3,1022.3,40.1,13.5,6.0
2019-02-21,9.0,13.8,5.8,76.1,4.8,0.054,0.0,16.6,1020.4,34.3,12.4,5.0
2019-02-22,9.1,15.4,4.3,73.0,4.1,0.0,0.0,16.1,1018.1,40.3,14.7,6.0
2019-02-23,9.7,15.9,4.9,73.2,4.8,0.0,0.0,12.0,1018.8,26.5,15.1,7.0
2019-02-24,10.9,17.9,5.0,66.7,4.4,0.0,0.0,11.0,1020.2,13.8,17.7,8.0
2019-02-25,14.1,21.9,6.0,46.6,1.6,0.0,0.0,20.5,1019.0,2.1,19.2,8.0
2019-02-26,12.7,16.4,8.0,45.2,0.9,0.0,0.0,37.1,1011.9,20.2,18.7,8.0
2019-02-27,9.2,12.3,7.0,84.4,6.7,17.709,100.0,51.8,1008.4,59.9,10.1,4.0
2019-02-28,6.6,10.1,3.7,85.1,4.2,44.841,100.0,40.7,1008.0,61.6,8.1,4.0
2019-03-01,7.0,11.2,3.0,76.7,3.0,6.927,100.0,24.3,1013.9,55.0,12.2,6.0
2019-03-02,8.0,10.4,5.8,88.4,6.2,1.75,100.0,55.4,1016.3,50.3,12.9,6.0
2019-03-03,8.4,12.9,3.0,73.3,3.6,3.384,100.0,21.1,1016.0,22.5,16.5,7.0
2019-03-04,9.4,13.5,5.1,77.6,5.6,4.208,100.0,20.0,1016.4,37.9,13.1,6.0
2019-03-05,9.5,15.8,4.5,78.5,5.7,2.713,100.0,20.9,1017.7,41.3,12.5,6.0
2019-03-06,10.8,15.8,7.4,71.5,5.5,0.0,0.0,20.6,1022.6,25.5,16.8,7.0
2019-03-07,9.7,13.9,5.5,74.5,5.2,0.0,0.0,24.1,1022.3,42.7,10.3,4.0
2019-03-08,11.0,15.8,7.2,64.1,4.1,0.0,0.0,23.4,1023.1,23.5,19.8,8.0
2019-03-09,11.6,19.5,4.3,56.1,2.1,0.0,0.0,13.3,1025.5,0.0,21.7,9.0
2019-03-10,11.3,17.0,6.4,63.6,4.1,0.0,0.0,20.5,1022.3,16.0,21.3,9.0
2019-03-11,11.1,17.0,6.9,73.5,6.4,0.0,0.0,11.2,1021.9,40.1,18.2,8.0
2019-03-12,13.8,22.9,5.8,55.7,3.4,0.0,0.0,17.6,1018.5,13.6,18.6,8.0
2019-03-13,14.8,21.0,9.0,44.7,1.8,0.1,0.0,29.5,1009.4,23.9,19.5,8.0
2019-03-14,8.8,10.4,6.8,80.6,5.6,3.799,100.0,42.5,1011.0,57.5,13.1,6.0
2019-03-15,11.1,14.9,8.0,76.6,6.9,5.217,100.0,23.9,1014.8,47.4,13.5,6.0
2019-03-16,8.2,10.5,6.6,83.6,5.6,3.759,100.0,25.9,1012.6,47.9,12.9,6.0
2019-03-17,10.1,14.3,7.0,78.2,6.3,26.863,100.0,31.7,1017.8,47.7,13.5,6.0
2019-03-18,11.4,17.5,5.8,73.8,6.5,0.046,0.0,14.8,1021.1,20.9,19.1,8.0
2019-03-19,14.3,20.9,7.6,55.7,5.1,0.0,0.0,10.4,1018.2,4.4,22.4,9.0
2019-03-20,15.2,22.4,8.6,57.4,6.1,0.0,0.0,10.9,1016.3,13.6,22.8,9.0
2019-03-21,15.2,21.9,9.9,52.8,5.2,0.0,0.0,15.5,1015.5,8.5,22.0,9.0
2019-03-22,14.7,20.9,9.6,65.0,7.8,0.0,0.0,13.3,1016.3,22.0,20.5,8.0
2019-03-23,14.5,20.4,9.3,65.1,7.4,0.0,0.0,13.3,1013.0,29.4,19.6,8.0
2019-03-24,13.2,17.3,9.0,63.2,6.0,0.0,0.0,24.8,1003.8,32.0,18.5,7.0
2019-03-25,8.2,11.3,4.0,81.4,5.2,5.644,100.0,33.5,1004.7,51.8,15.5,7.0
2019-03-26,9.4,14.3,4.5,72.4,4.5,0.366,100.0,19.8,1013.4,54.2,12.3,5.0
2019-03-27,10.9,16.1,6.3,74.6,6.4,0.0,0.0,24.4,1018.5,50.8,16.4,6.0
2019-03-28,12.2,17.4,7.0,69.7,6.4,0.0,0.0,20.4,1020.6,40.7,18.0,8.0
2019-03-29,12.5,17.9,8.7,72.0,7.5,0.76,100.0,12.3,1014.4,34.0,11.4,7.0
2019-03-30,12.2,15.5,9.0,74.4,7.7,1.248,100.0,32.6,1006.0,56.0,17.4,7.0
2019-03-31,9.2,11.0,7.0,85.8,6.9,12.399,100.0,26.2,1007.4,60.7,12.9,6.0
2019-04-01,9.1,11.5,7.0,84.2,6.5,0.054,0.0,23.6,1011.3,55.7,12.3,6.0
2019-04-02,10.6,15.0,6.0,71.2,5.4,8.918,100.0,22.1,1013.8,31.3,17.1,6.0
2019-04-03,12.2,18.4,6.1,65.9,5.4,0.0,0.0,15.1,1013.6,22.0,21.4,8.0
2019-04-04,14.5,20.9,8.8,61.2,6.7,0.0,0.0,12.0,1012.8,27.5,23.2,9.0
2019-04-05,13.6,17.9,10.0,73.6,8.7,1.085,100.0,17.5,1014.0,45.9,17.8,7.0
2019-04-06,14.6,20.5,8.2,66.6,7.7,0.0,0.0,11.7,1014.4,33.3,15.3,5.0
2019-04-07,18.4,23.8,12.0,55.2,8.8,0.137,0.0,18.0,1011.7,23.9,23.1,8.0
2019-04-08,18.2,23.4,11.9,56.1,8.9,0.0,0.0,18.0,1010.3,17.6,24.1,9.0
2019-04-09,16.8,23.4,10.6,54.9,7.1,0.0,0.0,18.0,1010.9,4.6,25.5,9.0
2019-04-10,13.6,18.9,8.8,65.6,6.9,0.0,0.0,19.5,1014.0,25.4,23.1,9.0
2019-04-11,13.0,19.5,7.2,64.2,6.0,0.0,0.0,18.9,1016.8,20.5,22.8,9.0
2019-04-12,15.6,24.5,7.6,57.0,5.9,0.0,0.0,12.3,1016.2,9.0,25.5,10.0
2019-04-13,20.2,27.9,11.7,37.2,3.8,0.0,0.0,20.4,1014.1,6.3,26.2,10.0
2019-04-14,18.6,22.5,12.0,43.1,4.5,0.0,0.0,40.6,1012.7,22.9,24.8,9.0
2019-04-15,14.4,19.7,9.5,62.8,6.7,0.0,0.0,18.4,1016.6,29.2,15.8,7.0
2019-04-16,14.1,18.4,11.0,73.3,9.1,4.927,100.0,25.2,1013.1,44.8,16.3,6.0
2019-04-17,13.0,17.8,9.1,67.7,7.0,1.431,100.0,27.4,1013.3,46.6,16.8,7.0
2019-04-18,12.2,17.8,7.4,66.9,5.7,0.412,100.0,24.2,1016.3,44.2,17.9,7.0
2019-04-19,11.4,16.4,7.8,68.1,5.4,1.418,100.0,30.9,1016.2,51.8,21.6,9.0
2019-04-20,11.2,15.9,6.7,71.7,6.1,2.084,100.0,29.5,1016.1,49.3,18.0,7.0
2019-04-21,8.5,11.8,6.4,74.0,4.1,6.78,100.0,33.5,1013.6,53.2,17.4,7.0
2019-04-22,9.3,13.9,4.9,72.8,4.5,1.784,100.0,25.9,1016.9,41.5,18.9,7.0
2019-04-23,11.8,18.9,5.4,64.2,4.8,0.686,100.0,18.4,1022.7,19.5,25.1,9.0
2019-04-24,15.8,23.9,7.5,52.4,4.0,0.0,0.0,18.3,1024.5,3.7,27.2,10.0
2019-04-25,18.6,25.8,10.6,41.3,3.9,0.0,0.0,13.0,1021.8,11.1,27.0,10.0
2019-04-26,19.6,26.4,12.7,36.2,3.4,0.0,0.0,12.4,1018.3,14.3,27.3,10.0
2019-04-27,20.2,26.9,15.0,31.1,2.0,0.0,0.0,16.4,1015.0,18.4,26.3,9.0
2019-04-28,20.6,27.1,12.9,36.5,4.4,0.0,0.0,16.4,1014.5,7.6,27.6,10.0
2019-04-29,21.9,29.9,13.0,34.8,4.3,0.0,0.0,11.6,1014.7,12.6,27.9,10.0
2019-04-30,22.6,28.5,16.4,33.8,5.3,0.0,0.0,19.8,1015.5,15.5,27.1,10.0
2019-05-01,23.6,31.5,14.0,29.1,3.5,0.0,0.0,17.5,1014.3,6.9,27.8,10.0
2019-05-02,25.0,28.9,21.0,30.0,6.0,0.0,0.0,30.1,1012.4,32.0,22.7,8.0
2019-05-03,20.0,25.4,12.0,44.8,7.3,0.054,0.0,31.3,1011.7,21.4,26.2,9.0
2019-05-04,16.7,24.0,9.2,58.1,7.6,0.0,0.0,18.9,1015.1,23.2,26.9,10.0
2019-05-05,22.0,31.9,12.2,39.6,3.5,0.0,0.0,12.3,1015.6,10.2,28.5,10.0
2019-05-06,26.4,34.0,20.0,18.4,0.1,0.0,0.0,22.3,1013.2,17.5,22.7,9.0
2019-05-07,18.5,22.5,13.0,51.6,8.0,0.0,0.0,35.3,1014.8,26.1,25.8,10.0
2019-05-08,15.1,20.9,10.8,60.2,6.9,0.0,0.0,24.4,1014.6,32.0,25.0,9.0
2019-05-09,14.0,19.9,8.6,64.6,6.8,0.0,0.0,25.9,1013.5,38.1,19.8,7.0
2019-05-10,15.0,21.9,8.7,62.8,7.3,0.0,0.0,22.2,1015.2,34.0,22.9,8.0
2019-05-11,18.8,27.5,8.9,41.9,2.9,0.0,0.0,16.7,1015.4,3.0,28.3,10.0
2019-05-12,23.1,30.9,14.1,29.0,3.1,0.0,0.0,20.2,1014.0,0.5,28.3,10.0
2019-05-13,25.2,33.4,16.9,27.9,4.4,0.0,0.0,25.8,1012.8,0.0,28.8,10.0
2019-05-14,27.4,36.4,17.6,25.1,4.0,0.0,0.0,16.6,1012.2,9.9,29.0,10.0
2019-05-15,29.5,39.3,21.7,24.7,5.6,0.0,0.0,23.3,1010.0,13.2,27.5,10.0
2019-05-16,28.2,35.5,20.4,26.6,6.5,0.0,0.0,23.4,1009.0,7.3,28.9,10.0
2019-05-17,27.1,36.4,19.7,26.5,4.6,0.0,0.0,33.5,1008.7,0.9,28.1,10.0
2019-05-18,21.7,27.9,14.7,35.8,5.1,0.0,0.0,29.5,1011.8,1.9,29.2,10.0
2019-05-19,21.8,27.6,14.7,32.3,4.0,0.0,0.0,21.5,1012.6,4.8,29.5,10.0
2019-05-20,23.0,30.9,13.9,39.2,7.3,0.0,0.0,21.8,1015.0,1.5,28.9,10.0
2019-05-21,26.7,34.5,19.0,31.3,7.4,0.0,0.0,22.4,1016.7,3.9,28.8,10.0
2019-05-22,29.1,36.4,20.0,19.0,1.9,0.0,0.0,19.4,1017.1,12.1,29.2,10.0
2019-05-23,30.7,39.0,21.9,19.3,3.3,0.0,0.0,13.0,1015.3,9.4,28.7,10.0
2019-05-24,32.4,39.4,25.9,16.6,3.2,0.0,0.0,24.4,1011.5,20.3,26.4,10.0
2019-05-25,26.7,31.7,20.5,32.7,8.7,0.0,0.0,20.5,1014.3,16.6,28.1,10.0
2019-05-26,23.8,31.5,17.3,22.4,0.7,0.0,0.0,20.8,1014.7,8.7,30.2,10.0
2019-05-27,24.8,33.5,15.7,22.4,1.5,0.0,0.0,16.4,1013.0,13.4,28.7,10.0
2019-05-28,26.8,34.9,17.6,32.9,8.6,0.0,0.0,21.1,1012.3,6.1,28.3,10.0
2019-05-29,29.5,37.5,21.8,27.8,7.8,0.0,0.0,22.4,1012.5,0.0,29.2,10.0
2019-05-30,31.5,39.9,22.7,19.6,4.8,0.0,0.0,18.9,1012.6,0.0,29.3,10.0
2019-05-31,31.4,39.9,24.3,22.5,6.9,0.0,0.0,22.3,1011.2,5.5,28.2,10.0
2019-06-01,28.7,34.5,24.0,24.9,6.4,0.0,0.0,25.1,1011.7,8.2,29.3,10.0
2019-06-02,27.5,34.4,20.8,30.0,8.0,0.0,0.0,26.9,1014.2,3.5,28.8,10.0
2019-06-03,28.5,35.9,20.3,31.1,9.3,0.0,0.0,22.7,1014.8,4.4,29.3,10.0
2019-06-04,29.0,37.0,22.4,31.1,9.7,0.0,0.0,26.4,1013.5,5.1,27.8,10.0
2019-06-05,29.5,36.5,22.5,29.8,9.4,0.0,0.0,22.3,1012.9,18.4,27.4,10.0
2019-06-06,29.4,35.5,23.9,30.9,10.0,0.046,0.0,24.1,1013.4,33.5,24.5,9.0
2019-06-07,28.1,33.5,22.5,37.1,11.6,0.0,0.0,23.5,1012.6,27.2,27.6,10.0
2019-06-08,26.4,33.1,21.8,47.5,14.1,0.0,0.0,25.4,1011.1,12.7,27.7,10.0
2019-06-09,24.3,30.5,19.0,56.7,14.7,0.0,0.0,18.7,1010.3,21.0,27.4,10.0
2019-06-10,25.5,31.4,18.1,36.9,8.6,0.0,0.0,21.5,1009.9,1.7,29.6,10.0
2019-06-11,26.9,33.4,19.0,31.7,8.1,0.0,0.0,22.3,1011.8,7.8,27.4,9.0
2019-06-12,26.2,31.8,20.0,42.1,11.7,0.0,0.0,20.6,1011.9,8.3,27.2,9.0
2019-06-13,22.1,27.5,17.5,62.7,14.3,0.0,0.0,24.8,1012.3,41.4,23.2,8.0
2019-06-14,22.5,28.4,16.4,60.0,13.7,0.0,0.0,20.5,1010.4,39.7,26.0,9.0
2019-06-15,23.7,29.9,16.5,54.8,13.7,0.0,0.0,22.3,1009.2,14.3,27.1,10.0
2019-06-16,24.8,31.4,17.4,50.0,12.8,0.0,0.0,23.4,1009.7,16.7,27.1,9.0
2019-06-17,24.3,29.4,19.3,52.5,13.6,0.0,0.0,27.5,1011.3,31.4,24.7,8.0
2019-06-18,24.0,29.4,18.0,52.3,13.3,0.0,0.0,25.4,1013.4,19.2,25.1,8.0
2019-06-19,23.8,29.9,17.7,51.2,12.6,0.0,0.0,25.9,1012.6,14.4,28.4,10.0
2019-06-20,24.1,29.9,18.7,47.8,11.6,0.0,0.0,25.9,1011.4,16.5,27.6,10.0
2019-06-21,24.6,30.9,17.7,44.0,11.1,0.0,0.0,24.3,1011.0,9.4,28.9,10.0
2019-06-22,24.1,30.9,17.4,55.7,14.1,0.0,0.0,20.6,1011.1,15.7,28.5,10.0
2019-06-23,25.6,33.5,17.1,49.7,13.6,0.0,0.0,23.0,1011.1,12.9,28.6,10.0
2019-06-24,28.2,36.0,19.6,41.5,13.0,0.0,0.0,19.5,1010.5,1.1,29.4,10.0
2019-06-25,30.5,38.5,22.2,32.1,11.1,0.0,0.0,21.0,1009.9,1.5,29.2,10.0
2019-06-26,29.2,35.9,22.4,37.2,12.5,0.0,0.0,22.1,1010.9,0.0,29.2,10.0
2019-06-27,27.4,34.2,21.0,30.7,8.3,0.0,0.0,21.8,1010.3,0.0,29.2,10.0
2019-06-28,25.6,31.9,19.2,43.1,11.6,0.0,0.0,24.9,1007.3,8.5,29.1,10.0
2019-06-29,25.0,32.4,18.3,60.4,16.3,0.0,0.0,23.4,1006.8,19.0,25.0,9.0
2019-06-30,26.1,32.9,19.4,55.2,16.0,0.0,0.0,24.1,1007.9,17.4,26.4,10.0
2019-07-01,26.6,33.0,19.6,48.1,14.1,0.0,0.0,25.9,1009.0,9.5,28.4,10.0
2019-07-02,25.3,30.9,19.6,37.5,9.1,0.0,0.0,26.7,1010.6,6.1,29.4,10.0
2019-07-03,24.7,31.4,17.3,49.1,12.1,0.0,0.0,24.7,1011.3,9.4,28.2,10.0
2019-07-04,26.0,33.5,19.4,39.9,10.7,0.0,0.0,18.4,1011.3,4.5,29.0,10.0
2019-07-05,26.0,32.9,19.3,40.1,11.2,0.0,0.0,23.1,1008.7,4.4,28.9,10.0
2019-07-06,26.7,33.4,20.5,41.0,12.1,0.0,0.0,26.6,1006.6,3.6,28.3,10.0
2019-07-07,27.4,33.5,21.5,39.7,12.2,0.0,0.0,27.7,1007.1,12.0,28.3,10.0
2019-07-08,26.5,32.8,19.8,47.4,13.7,0.0,0.0,25.9,1009.2,13.6,27.4,9.0
2019-07-09,27.1,33.4,20.5,36.4,10.5,0.0,0.0,24.9,1010.1,5.1,27.8,10.0
2019-07-10,27.8,33.9,20.1,37.2,11.5,0.0,0.0,24.2,1007.5,4.6,28.5,10.0
2019-07-11,29.0,34.9,23.1,30.5,9.6,0.0,0.0,27.7,1006.4,3.6,28.8,10.0
2019-07-12,28.5,34.9,22.8,35.0,11.1,0.0,0.0,28.5,1009.0,3.1,28.3,10.0
2019-07-13,25.0,31.5,18.8,53.1,14.2,0.0,0.0,23.4,1010.2,21.7,27.2,10.0
2019-07-14,25.4,32.9,19.2,43.5,11.4,0.0,0.0,20.5,1009.2,5.0,28.1,10.0
2019-07-15,24.1,30.5,17.8,55.1,13.9,0.0,0.0,24.5,1008.9,20.2,27.5,10.0
2019-07-16,25.3,32.8,18.7,54.5,14.4,0.0,0.0,22.0,1009.9,13.6,26.6,9.0
2019-07-17,29.4,37.5,21.9,35.3,11.6,0.0,0.0,31.2,1007.4,2.4,27.8,10.0
2019-07-18,26.6,30.9,21.7,46.9,14.1,0.0,0.0,28.9,1009.1,16.9,27.1,9.0
2019-07-19,24.4,29.9,19.0,60.0,15.6,0.0,0.0,21.5,1011.9,20.3,27.0,10.0
2019-07-20,24.4,30.8,18.7,57.8,15.1,0.0,0.0,26.8,1011.8,14.5,26.7,10.0
2019-07-21,24.7,30.6,19.4,60.9,16.3,0.0,0.0,24.3,1010.5,12.3,26.5,9.0
2019-07-22,26.4,33.4,20.5,49.8,14.5,0.0,0.0,22.3,1008.9,8.0,27.0,10.0
2019-07-23,27.0,34.4,20.8,37.6,10.6,0.0,0.0,24.1,1007.6,4.6,28.3,10.0
2019-07-24,26.8,33.9,20.0,35.0,9.5,0.0,0.0,20.5,1008.2,6.1,28.4,10.0
2019-07-25,26.8,34.5,18.9,36.2,10.1,0.0,0.0,23.1,1010.1,4.9,28.6,10.0
2019-07-26,26.7,33.5,18.9,44.8,13.3,0.0,0.0,23.1,1008.6,3.8,28.6,10.0
2019-07-27,26.4,32.4,20.5,49.9,14.8,0.0,0.0,30.4,1005.7,5.6,26.3,10.0
2019-07-28,26.0,32.4,20.3,47.8,13.7,0.0,0.0,24.1,1005.6,11.8,26.7,9.0
2019-07-29,26.2,33.4,19.9,46.9,13.1,0.0,0.0,19.3,1007.6,8.1,27.7,10.0
2019-07-30,28.2,35.5,20.3,32.2,9.2,0.0,0.0,18.4,1008.1,1.0,28.6,10.0
2019-07-31,29.9,37.5,22.5,32.5,11.0,0.0,0.0,18.4,1006.9,1.0,27.5,10.0
2019-08-01,28.5,34.4,22.3,38.3,12.6,0.0,0.0,27.5,1007.4,10.7,26.8,10.0
2019-08-02,25.7,31.9,19.7,55.9,15.8,0.0,0.0,27.1,1009.1,16.6,25.6,9.0
2019-08-03,25.5,31.9,19.4,57.0,15.9,0.0,0.0,24.4,1008.0,17.3,25.7,9.0
2019-08-04,27.2,33.9,20.8,45.5,14.1,0.0,0.0,24.1,1007.5,9.1,26.1,10.0
2019-08-05,27.5,34.4,21.8,46.9,14.7,0.0,0.0,24.1,1007.4,21.1,26.3,9.0
2019-08-06,25.8,31.9,19.5,50.5,14.2,0.0,0.0,21.5,1008.6,12.0,26.1,10.0
2019-08-07,24.9,31.4,18.8,56.0,15.2,0.0,0.0,27.9,1009.6,22.0,23.6,8.0
2019-08-08,25.2,32.1,18.7,57.4,15.4,0.0,0.0,27.0,1009.7,10.5,26.2,9.0
2019-08-09,25.3,32.4,19.5,49.7,13.3,0.0,0.0,27.7,1008.6,12.3,26.6,10.0
2019-08-10,25.1,31.4,18.8,53.7,14.4,0.0,0.0,26.9,1008.1,12.4,26.2,10.0
2019-08-11,26.6,32.9,20.9,43.8,12.8,0.0,0.0,25.9,1007.8,14.6,26.1,9.0
2019-08-12,27.4,34.4,21.0,38.0,11.3,0.0,0.0,30.0,1007.7,7.2,26.9,10.0
2019-08-13,28.5,34.8,22.2,26.9,7.2,0.0,0.0,24.4,1007.9,2.8,27.0,10.0
2019-08-14,27.9,33.8,22.9,28.8,7.8,0.0,0.0,25.9,1009.1,5.4,26.5,10.0
2019-08-15,25.8,31.9,20.0,43.2,11.7,0.0,0.0,26.6,1010.9,10.6,26.5,10.0
2019-08-16,28.1,35.9,19.8,29.9,7.7,0.0,0.0,24.3,1010.8,0.0,26.9,10.0
2019-08-17,26.4,32.4,20.2,43.9,12.6,0.0,0.0,23.1,1010.1,13.8,25.1,9.0
2019-08-18,25.0,32.3,19.7,59.3,15.8,0.0,0.0,36.5,1009.1,22.0,23.4,9.0
2019-08-19,24.9,32.4,18.3,55.7,14.3,0.0,0.0,18.4,1010.5,13.0,25.4,9.0
2019-08-20,25.0,31.4,18.5,52.9,14.0,0.0,0.0,22.3,1012.6,12.3,25.1,9.0
2019-08-21,25.0,31.9,19.3,55.9,14.7,0.0,0.0,22.1,1013.1,8.8,24.0,9.0
2019-08-22,26.4,34.5,19.1,41.7,11.7,0.0,0.0,19.8,1011.6,2.2,25.6,9.0
2019-08-23,28.2,35.5,20.4,38.6,11.3,0.0,0.0,19.1,1009.5,2.4,25.4,9.0
2019-08-24,28.0,34.9,21.5,51.3,16.5,0.0,0.0,24.3,1010.1,1.8,25.2,9.0
2019-08-25,27.6,34.5,21.0,47.9,15.1,0.0,0.0,21.1,1011.3,8.1,25.0,9.0
2019-08-26,27.7,34.9,20.1,40.5,12.5,0.0,0.0,15.7,1011.7,3.6,25.4,9.0
2019-08-27,28.4,35.5,21.1,39.6,12.8,0.0,0.0,17.2,1011.2,2.1,25.4,9.0
2019-08-28,27.2,33.5,21.2,52.9,16.4,0.0,0.0,20.5,1010.7,8.8,24.0,9.0
2019-08-29,27.1,34.0,20.5,54.8,16.7,0.0,0.0,24.1,1010.8,6.9,23.8,9.0
2019-08-30,26.3,33.6,20.9,55.2,15.9,0.0,0.0,25.1,1010.5,9.6,24.1,9.0
2019-08-31,26.9,33.9,20.3,48.6,14.6,0.0,0.0,21.5,1009.5,11.1,24.1,9.0
2019-09-01,27.8,35.0,21.6,41.2,12.9,0.0,0.0,16.6,1008.4,7.7,23.9,9.0
2019-09-02,27.0,33.5,20.9,43.3,12.8,0.0,0.0,22.7,1010.3,3.3,24.1,9.0
2019-09-03,25.2,32.5,18.6,52.6,14.3,0.0,0.0,19.3,1010.6,8.5,24.3,9.0
2019-09-04,24.2,31.5,18.5,64.2,16.2,0.0,0.0,24.1,1009.4,17.7,23.2,9.0
2019-09-05,24.2,31.3,18.4,63.5,16.3,0.0,0.0,20.8,1010.0,18.3,22.5,9.0
2019-09-06,24.2,30.9,18.5,61.8,15.8,0.0,0.0,23.3,1012.1,14.5,22.7,9.0
2019-09-07,23.5,29.8,17.4,60.9,14.9,0.0,0.0,26.6,1012.1,23.3,21.7,9.0
2019-09-08,24.0,30.4,19.3,68.3,17.4,0.0,0.0,22.3,1011.3,36.2,19.3,8.0
2019-09-09,24.8,30.9,20.0,64.9,17.2,0.0,0.0,22.3,1010.8,26.0,20.2,8.0
2019-09-10,24.8,31.5,18.9,56.4,14.9,0.0,0.0,22.3,1011.0,19.9,21.9,9.0
2019-09-11,24.5,31.9,19.0,60.9,15.9,0.0,0.0,19.9,1013.3,18.4,21.9,9.0
2019-09-12,23.8,29.9,18.0,62.2,15.6,0.0,0.0,24.0,1014.2,15.3,21.8,8.0
2019-09-13,24.3,31.5,19.0,60.5,15.3,0.0,0.0,18.4,1012.0,17.8,21.0,8.0
2019-09-14,24.2,30.9,18.9,62.7,16.0,0.0,0.0,27.7,1010.3,18.4,21.3,9.0
2019-09-15,22.7,28.4,18.0,64.4,15.1,0.0,0.0,26.5,1011.5,29.5,18.3,8.0
2019-09-16,23.5,29.8,18.0,61.4,15.0,0.0,0.0,16.6,1013.5,21.6,20.4,8.0
2019-09-17,24.5,31.5,18.5,47.7,11.5,0.0,0.0,19.9,1014.7,7.5,22.0,9.0
2019-09-18,27.0,37.5,17.9,37.5,9.9,0.0,0.0,12.5,1014.5,0.2,22.5,9.0
2019-09-19,28.9,37.1,21.4,40.2,13.5,0.0,0.0,14.6,1014.0,1.3,22.2,9.0
2019-09-20,27.1,33.9,22.0,48.6,14.9,0.0,0.0,21.5,1013.1,1.7,20.7,8.0
2019-09-21,23.7,29.9,18.0,53.3,13.1,0.0,0.0,21.3,1012.7,8.4,21.9,9.0
2019-09-22,23.4,30.5,17.0,59.8,14.1,0.0,0.0,17.7,1013.6,13.5,20.3,8.0
2019-09-23,23.5,30.4,17.0,46.7,10.2,0.0,0.0,25.1,1014.6,1.7,22.1,9.0
2019-09-24,22.7,31.0,14.5,51.4,11.0,0.0,0.0,16.7,1014.4,1.5,21.6,9.0
2019-09-25,23.6,31.0,16.4,44.7,9.7,0.0,0.0,22.4,1013.1,1.6,20.8,9.0
2019-09-26,25.0,32.5,17.9,37.3,8.7,0.0,0.0,14.9,1014.2,1.5,21.0,8.0
2019-09-27,26.2,34.0,18.1,43.0,11.3,0.0,0.0,11.2,1014.0,0.0,21.0,8.0
2019-09-28,24.5,30.0,19.0,52.3,13.8,0.0,0.0,20.4,1013.7,1.2,20.0,8.0
2019-09-29,22.9,29.9,16.8,64.9,15.4,0.0,0.0,18.9,1013.4,12.5,19.9,8.0
2019-09-30,23.7,32.0,16.5,63.1,15.0,0.0,0.0,11.9,1012.8,5.1,20.2,8.0
2019-10-01,24.0,30.5,17.4,62.6,15.8,0.0,0.0,16.1,1011.5,7.6,19.5,8.0
2019-10-02,23.2,29.9,17.8,62.8,14.7,0.0,0.0,16.7,1013.2,14.2,19.2,8.0
2019-10-03,22.0,27.9,17.0,58.5,12.7,0.0,0.0,22.5,1015.5,16.6,19.3,8.0
2019-10-04,22.5,30.5,15.5,45.9,8.6,0.0,0.0,12.8,1015.7,3.8,19.8,8.0
2019-10-05,23.2,31.5,16.5,42.4,8.9,0.0,0.0,13.8,1013.3,12.8,19.1,8.0
2019-10-06,23.3,29.5,17.5,40.1,7.8,0.0,0.0,24.1,1012.9,8.0,19.5,8.0
2019-10-07,22.3,29.0,15.9,59.0,12.6,0.0,0.0,13.3,1013.7,11.6,18.6,8.0
2019-10-08,24.3,32.0,17.5,45.9,10.6,0.0,0.0,16.6,1015.8,9.6,19.2,8.0
2019-10-09,24.5,33.0,17.5,39.3,8.1,0.0,0.0,14.8,1018.6,7.8,18.8,8.0
2019-10-10,24.8,32.5,17.6,39.9,9.8,0.0,0.0,13.1,1016.9,8.9,18.1,8.0
2019-10-11,24.5,32.1,18.2,46.4,11.4,0.0,0.0,20.8,1015.3,15.5,16.5,7.0
2019-10-12,22.6,29.8,16.6,62.2,14.5,0.0,0.0,21.5,1015.4,8.4,17.7,8.0
2019-10-13,25.7,34.4,18.1,44.1,10.3,0.0,0.0,13.2,1015.5,6.1,18.1,8.0
2019-10-14,28.5,35.4,21.7,26.4,6.8,0.0,0.0,17.8,1017.1,17.0,17.6,8.0
2019-10-15,25.9,32.8,21.0,41.4,11.0,0.543,100.0,33.9,1017.5,37.4,15.8,7.0
2019-10-16,24.8,30.8,21.0,45.5,11.7,1.938,100.0,18.6,1016.9,42.2,16.7,7.0
2019-10-17,23.4,29.4,18.4,62.3,15.3,0.109,0.0,18.4,1018.0,19.1,16.5,7.0
2019-10-18,21.8,27.9,17.4,68.5,15.1,0.0,0.0,18.4,1017.7,18.4,15.2,7.0
2019-10-19,20.4,26.4,15.5,69.4,14.2,0.0,0.0,22.4,1018.2,19.8,15.0,7.0
2019-10-20,20.4,25.8,15.4,65.4,13.3,0.0,0.0,20.9,1018.7,29.4,13.6,6.0
2019-10-21,20.2,25.5,16.0,67.5,13.5,0.0,0.0,15.1,1016.4,31.1,15.7,7.0
2019-10-22,21.0,27.9,14.3,53.8,10.0,0.0,0.0,11.7,1013.1,20.4,16.9,7.0
2019-10-23,20.4,26.5,17.0,55.7,10.7,0.246,0.0,21.2,1011.7,35.7,14.3,6.0
2019-10-24,19.8,24.8,15.3,61.2,11.5,0.0,0.0,16.6,1012.8,36.9,13.2,6.0
2019-10-25,19.2,25.4,14.5,56.7,10.0,0.0,0.0,13.4,1013.2,21.6,14.5,7.0
2019-10-26,19.6,25.3,14.5,56.7,10.4,0.0,0.0,37.2,1013.6,41.4,9.4,4.0
2019-10-27,20.2,25.4,16.7,58.2,11.4,2.698,100.0,14.8,1013.6,40.1,13.2,6.0
2019-10-28,18.7,23.5,13.7,69.9,12.8,0.0,0.0,24.1,1013.4,30.6,12.7,6.0
2019-10-29,17.3,21.9,12.8,72.5,12.1,5.991,100.0,18.4,1015.0,31.9,10.7,5.0
2019-10-30,17.7,23.8,13.2,65.2,10.5,0.0,0.0,9.7,1018.0,25.5,14.4,6.0
2019-10-31,18.1,25.4,12.0,57.8,9.0,0.0,0.0,12.1,1017.8,5.5,15.8,7.0
2019-11-01,17.6,24.5,12.2,60.8,9.6,0.0,0.0,23.1,1016.1,14.5,13.2,6.0
2019-11-02,17.5,22.0,13.3,73.8,12.5,0.0,0.0,14.8,1016.7,31.9,12.0,5.0
2019-11-03,18.2,25.5,12.9,63.0,10.0,0.229,0.0,12.2,1018.5,19.7,14.6,6.0
2019-11-04,19.4,26.4,13.1,44.2,6.0,0.0,0.0,11.2,1020.1,0.0,15.7,7.0
2019-11-05,20.4,28.4,12.0,38.3,5.2,0.0,0.0,19.4,1018.3,9.6,15.5,7.0
2019-11-06,21.1,26.9,14.7,37.3,5.3,0.0,0.0,23.8,1015.9,8.0,15.0,7.0
2019-11-07,21.3,26.8,16.0,37.7,5.8,0.0,0.0,17.4,1015.1,0.0,15.3,7.0
2019-11-08,20.9,27.8,14.0,43.5,7.4,0.0,0.0,18.1,1016.2,7.7,15.2,7.0
2019-11-09,21.5,28.4,15.0,34.7,4.6,0.0,0.0,17.2,1017.4,14.1,14.0,6.0
2019-11-10,21.0,27.3,14.0,22.7,-2.2,0.0,0.0,16.4,1017.7,24.2,12.9,6.0
2019-11-11,19.8,27.3,14.0,23.7,-2.8,0.0,0.0,16.1,1018.6,23.1,14.7,6.0
2019-11-12,19.1,25.3,12.0,33.2,1.6,0.0,0.0,16.4,1017.2,0.2,15.3,7.0
2019-11-13,20.0,25.8,13.9,58.7,11.3,0.0,0.0,22.3,1015.7,14.8,13.4,6.0
2019-11-14,20.8,27.8,15.0,58.8,12.1,0.0,0.0,13.4,1014.9,23.6,11.9,5.0
2019-11-15,19.0,25.4,14.9,67.8,12.5,0.543,100.0,22.3,1016.6,32.3,11.4,5.0
2019-11-16,15.3,19.2,12.5,79.7,11.6,7.706,100.0,18.4,1016.4,48.8,11.4,5.0
2019-11-17,14.8,19.8,10.9,44.3,0.6,0.0,0.0,27.6,1019.1,12.3,14.9,7.0
2019-11-18,12.5,18.3,7.8,24.3,-8.0,0.0,0.0,24.5,1021.7,9.5,15.1,7.0
2019-11-19,11.5,18.8,5.0,34.3,-4.7,0.0,0.0,24.4,1022.5,0.0,15.0,7.0
2019-11-20,11.8,19.3,4.0,35.9,-4.2,0.0,0.0,16.3,1021.5,0.0,14.7,7.0
2019-11-21,12.6,21.0,6.0,27.4,-7.1,0.0,0.0,18.9,1019.6,15.1,14.0,6.0
2019-11-22,12.0,19.8,6.5,37.9,-2.6,0.0,0.0,10.4,1017.4,17.0,11.7,6.0
2019-11-23,12.7,18.9,7.2,50.8,2.3,0.0,0.0,9.4,1018.6,1.2,13.1,6.0
2019-11-24,13.1,20.4,7.0,49.8,1.9,0.0,0.0,9.5,1018.7,6.6,13.0,6.0
2019-11-25,14.3,22.5,7.9,40.6,0.4,0.0,0.0,18.2,1017.5,10.5,12.0,5.0
2019-11-26,15.3,24.5,8.0,44.9,2.8,0.0,0.0,16.4,1015.4,0.5,13.4,6.0
2019-11-27,15.6,20.8,10.0,48.0,4.3,0.0,0.0,20.5,1015.2,9.4,13.4,6.0
2019-11-28,14.1,20.4,8.4,58.7,5.9,0.0,0.0,10.0,1018.7,10.7,11.9,6.0
2019-11-29,14.8,21.9,8.0,61.6,7.0,0.0,0.0,10.2,1020.8,21.1,11.7,6.0
2019-11-30,14.1,22.8,8.0,54.6,4.3,0.0,0.0,12.0,1019.7,6.9,12.7,6.0
2019-12-01,14.7,21.4,8.9,61.7,7.0,0.0,0.0,19.7,1016.2,11.1,11.5,5.0
2019-12-02,13.5,17.4,8.7,75.8,9.0,0.054,0.0,23.2,1016.9,43.0,10.0,5.0
2019-12-03,11.3,15.9,6.9,69.9,5.8,0.0,0.0,9.6,1019.7,40.6,11.3,5.0
2019-12-04,12.2,17.5,7.8,67.6,6.1,0.0,0.0,11.2,1019.7,39.0,11.7,5.0
2019-12-05,12.4,16.5,7.7,77.8,8.5,0.0,0.0,31.7,1019.0,40.2,7.2,4.0
2019-12-06,11.9,15.3,8.7,71.0,6.7,4.848,100.0,29.5,1018.4,46.0,9.1,5.0
2019-12-07,10.5,15.3,6.3,68.2,4.6,0.0,0.0,23.4,1018.6,24.5,8.5,4.0
2019-12-08,9.9,12.4,6.0,88.6,8.1,2.098,100.0,16.6,1017.1,58.9,5.0,2.0
2019-12-09,11.6,14.5,9.5,88.6,9.8,10.151,100.0,25.9,1015.0,59.0,7.1,4.0
2019-12-10,11.9,15.9,8.7,85.4,9.4,1.085,100.0,14.1,1016.1,52.0,8.1,4.0
2019-12-11,12.0,16.8,7.2,80.0,8.4,0.412,100.0,10.0,1016.3,22.2,10.6,5.0
2019-12-12,11.9,16.9,9.4,74.4,7.3,0.0,0.0,31.7,1011.5,41.9,9.0,5.0
2019-12-13,10.6,13.0,8.6,75.1,6.3,11.205,100.0,29.5,1014.6,51.4,8.4,5.0
2019-12-14,10.5,15.4,6.0,66.4,4.0,6.174,100.0,18.1,1017.0,25.5,11.8,5.0
2019-12-15,9.8,14.4,5.0,58.8,1.9,0.0,0.0,11.0,1017.5,22.9,10.5,5.0
2019-12-16,10.7,15.8,6.5,62.4,3.5,0.0,0.0,9.8,1021.5,18.3,12.5,6.0
2019-12-17,10.8,17.1,6.2,67.9,4.7,0.0,0.0,11.3,1025.1,4.5,12.2,6.0
2019-12-18,10.5,17.9,5.7,69.5,4.6,0.0,0.0,8.5,1028.7,0.3,11.7,6.0
2019-12-19,10.7,18.9,6.0,53.1,0.8,0.0,0.0,12.7,1029.4,0.0,12.7,6.0
2019-12-20,11.1,18.9,4.7,41.7,-2.0,0.0,0.0,17.5,1026.0,0.0,12.8,6.0
2019-12-21,10.6,19.9,4.9,43.0,-2.4,0.0,0.0,10.3,1023.3,1.0,12.8,6.0
2019-12-22,10.8,18.8,4.3,43.5,-2.1,0.0,0.0,10.3,1021.7,1.0,12.8,6.0
2019-12-23,11.8,19.5,5.3,39.3,-2.0,0.0,0.0,16.2,1016.6,3.3,12.5,6.0
2019-12-24,11.6,16.5,5.5,46.9,0.5,0.0,0.0,27.7,1013.1,9.1,12.5,6.0
2019-12-25,10.8,12.4,8.9,61.0,3.5,0.137,0.0,34.0,1011.6,52.1,9.6,5.0
2019-12-26,9.1,11.0,6.8,80.5,5.8,70.083,100.0,40.7,1010.0,70.4,4.6,3.0
2019-12-27,7.2,8.9,5.0,91.2,5.8,50.768,100.0,37.1,1013.0,73.5,5.8,3.0
2019-12-28,8.0,10.5,5.6,89.4,6.3,7.908,100.0,21.6,1016.8,58.6,4.3,2.0
2019-12-29,8.1,12.5,4.6,80.0,4.7,3.613,100.0,14.1,1017.0,19.4,11.8,6.0
2019-12-30,8.8,13.5,5.0,71.0,3.6,0.0,0.0,14.1,1017.7,26.6,11.0,5.0
2019-12-31,7.9,12.4,3.9,73.0,3.2,0.32,100.0,14.0,1021.3,7.5,6.6,3.0
2020-01-01,8.1,13.0,3.8,77.2,4.2,0.0,0.0,10.2,1018.1,32.1,9.1,4.0
2020-01-02,8.7,12.9,5.3,79.9,5.2,0.091,0.0,13.4,1016.5,29.3,7.3,3.0
2020-01-03,8.4,11.5,5.2,75.1,4.0,2.881,100.0,21.5,1018.3,35.5,10.6,5.0
2020-01-04,6.6,8.4,3.6,80.2,3.3,10.842,100.0,25.9,1015.9,49.4,6.5,3.0
2020-01-05,7.8,9.5,6.3,84.3,5.2,13.3,100.0,27.7,1016.1,56.6,3.6,2.0
2020-01-06,8.1,13.5,4.0,67.7,2.2,10.702,100.0,18.2,1017.8,18.1,13.2,6.0
2020-01-07,8.7,13.0,5.1,67.7,2.9,0.054,0.0,21.3,1015.8,31.6,11.4,6.0
2020-01-08,6.5,8.3,4.3,81.7,3.6,9.207,100.0,33.5,1013.9,65.1,5.0,3.0
2020-01-09,6.5,7.9,5.0,90.8,5.1,55.298,100.0,29.5,1013.4,62.4,5.5,3.0
2020-01-10,6.9,10.3,4.6,87.2,4.9,3.952,100.0,13.9,1015.7,58.1,7.2,4.0
2020-01-11,7.9,13.5,4.6,82.3,4.9,0.046,0.0,18.0,1023.1,34.6,9.3,5.0
2020-01-12,8.5,11.9,6.0,85.0,6.1,0.0,0.0,31.5,1024.0,42.1,7.9,4.0
2020-01-13,9.6,12.5,7.9,88.6,7.8,2.424,100.0,17.3,1022.7,56.3,7.9,4.0
2020-01-14,9.7,14.4,6.1,77.5,5.7,0.823,100.0,14.1,1025.1,43.5,10.8,5.0
2020-01-15,10.7,15.9,7.0,57.9,2.7,0.0,0.0,14.8,1022.6,36.5,12.3,6.0
2020-01-16,11.5,16.5,6.0,51.5,1.3,3.705,100.0,25.0,1017.4,27.6,11.5,5.0
2020-01-17,9.9,13.9,6.5,66.3,3.5,0.483,100.0,25.8,1014.2,55.4,10.1,5.0
2020-01-18,8.8,11.4,6.2,89.6,7.1,7.0,100.0,16.6,1015.9,72.1,8.4,4.0
2020-01-19,8.8,10.5,7.3,88.5,7.0,2.062,100.0,31.7,1018.1,72.4,7.4,4.0
2020-01-20,8.3,9.8,7.0,91.8,7.1,11.882,100.0,25.9,1022.0,72.9,6.0,4.0
2020-01-21,6.0,8.3,3.4,80.5,2.8,6.053,100.0,24.1,1018.5,62.7,10.5,5.0
2020-01-22,6.2,9.4,3.7,83.0,3.4,0.209,0.0,18.4,1020.5,46.3,10.7,5.0
2020-01-23,6.8,10.3,2.7,84.1,4.2,0.328,100.0,25.9,1021.1,58.9,7.8,4.0
2020-01-24,6.1,8.8,2.6,76.6,2.1,27.846,100.0,33.5,1017.2,53.2,12.0,6.0
2020-01-25,5.4,10.9,1.3,65.4,-0.9,0.0,0.0,11.2,1027.9,11.4,15.1,7.0
2020-01-26,6.2,12.5,1.2,76.6,2.1,0.0,0.0,9.5,1029.1,11.6,15.0,7.0
2020-01-27,7.7,15.0,2.0,75.2,3.2,0.0,0.0,8.1,1024.9,11.4,12.3,6.0
2020-01-28,8.6,13.0,4.0,67.3,2.7,0.0,0.0,22.3,1018.9,30.5,14.1,7.0
2020-01-29,9.4,12.5,7.5,86.5,7.2,1.403,100.0,24.1,1020.3,55.3,8.1,4.0
2020-01-30,9.7,14.5,5.0,77.3,5.6,0.412,100.0,14.3,1021.7,42.3,10.1,5.0
2020-01-31,8.9,12.1,6.4,68.8,3.2,6.82,100.0,36.3,1016.9,45.4,9.7,5.0
2020-02-01,8.5,11.7,5.6,76.5,4.5,0.046,0.0,29.5,1019.4,62.3,8.6,4.0
2020-02-02,9.9,14.0,7.0,85.8,7.6,3.726,100.0,16.6,1022.9,53.9,10.7,5.0
2020-02-03,10.4,16.5,4.9,76.1,5.8,0.0,0.0,12.4,1022.0,13.5,14.4,7.0
2020-02-04,10.0,14.5,5.3,80.4,6.7,0.0,0.0,14.6,1018.9,44.5,9.8,5.0
2020-02-05,11.5,17.5,7.0,73.0,6.3,0.0,0.0,14.1,1017.4,21.5,12.8,5.0
2020-02-06,12.4,17.7,7.2,62.2,5.0,0.0,0.0,19.7,1017.2,8.8,16.0,7.0
2020-02-07,9.0,11.9,6.5,73.7,4.5,2.183,100.0,37.1,1015.9,41.1,4.6,2.0
2020-02-08,6.6,9.8,4.4,79.7,3.3,19.331,100.0,46.4,1016.1,69.6,8.8,4.0
2020-02-09,4.4,9.0,0.4,74.7,0.1,3.265,100.0,35.3,1022.4,56.6,10.8,5.0
2020-02-10,3.3,6.8,0.8,73.6,-1.1,0.046,0.0,26.0,1023.8,57.8,11.0,5.0
2020-02-11,4.8,8.5,0.2,76.9,1.0,0.229,0.0,23.2,1023.2,59.0,10.8,5.0
2020-02-12,8.8,11.6,6.3,85.4,6.5,3.69,100.0,22.3,1023.1,58.1,5.7,4.0
2020-02-13,10.3,16.0,4.7,79.2,6.7,0.732,100.0,16.5,1023.2,28.6,15.9,7.0
2020-02-14,10.0,13.0,5.7,73.4,5.2,0.0,0.0,25.7,1024.4,26.1,12.7,6.0
2020-02-15,11.6,19.1,6.8,51.2,1.4,0.0,0.0,18.8,1018.2,13.7,16.8,7.0
2020-02-16,11.4,16.8,7.4,57.8,3.1,0.0,0.0,16.9,1014.8,17.4,14.6,6.0
2020-02-17,10.1,15.9,4.5,65.0,3.6,0.0,0.0,10.4,1017.8,16.6,15.8,7.0
2020-02-18,11.8,16.9,6.7,63.9,4.8,0.0,0.0,15.3,1016.6,40.0,14.0,6.0
2020-02-19,10.7,14.3,7.3,81.1,7.5,3.768,100.0,23.3,1014.0,67.6,11.5,5.0
2020-02-20,10.3,13.8,7.1,79.9,6.9,2.841,100.0,23.4,1018.0,55.9,11.0,5.0
2020-02-21,10.5,16.0,5.5,71.9,5.2,0.183,0.0,34.1,1016.6,46.7,15.3,6.0
2020-02-22,8.7,11.3,5.8,87.8,6.8,11.68,100.0,25.2,1017.8,57.3,10.9,5.0
2020-02-23,9.7,16.0,4.9,76.1,5.4,3.438,100.0,14.4,1018.4,27.7,12.5,6.0
2020-02-24,10.6,16.3,6.0,75.3,6.2,0.0,0.0,23.3,1013.8,33.4,16.1,7.0
2020-02-25,10.2,14.2,7.0,82.0,7.1,1.628,100.0,35.4,1012.9,41.6,12.5,6.0
2020-02-26,11.1,15.8,7.6,77.1,7.0,0.0,0.0,27.7,1020.4,49.4,10.0,4.0
2020-02-27,12.0,19.9,5.0,70.2,5.8,1.411,100.0,15.0,1021.6,40.7,17.5,7.0
2020-02-28,13.7,20.0,8.8,63.2,6.2,0.0,0.0,14.8,1016.7,13.0,19.3,8.0
2020-02-29,11.2,14.4,8.4,71.5,6.1,0.0,0.0,68.2,1013.5,42.3,13.7,6.0
2020-03-01,9.7,13.4,6.0,74.8,5.2,20.316,100.0,37.1,1015.9,63.0,12.9,5.0
2020-03-02,9.9,13.9,6.9,78.5,6.2,0.0,0.0,14.1,1021.3,49.9,11.9,5.0
2020-03-03,11.4,19.4,4.1,71.5,5.7,0.0,0.0,8.9,1021.8,6.0,19.7,8.0
2020-03-04,16.3,25.0,8.0,43.8,2.5,0.0,0.0,17.7,1017.6,10.6,20.6,8.0
2020-03-05,16.5,23.4,9.0,40.7,2.6,0.0,0.0,15.9,1013.8,17.6,19.8,8.0
2020-03-06,11.7,15.9,8.0,70.4,6.2,2.171,100.0,31.1,1010.4,55.9,10.5,5.0
2020-03-07,11.9,16.8,8.9,76.3,7.6,2.304,100.0,37.1,1018.0,52.3,11.0,4.0
2020-03-08,14.8,22.4,7.3,64.5,7.1,0.0,0.0,13.8,1021.5,7.8,19.9,8.0
2020-03-09,17.8,23.5,11.2,41.4,3.8,0.0,0.0,26.6,1016.7,14.1,19.1,8.0
2020-03-10,15.8,21.5,11.5,63.5,8.6,0.0,0.0,12.8,1015.9,22.2,19.5,8.0
2020-03-11,18.2,26.4,10.0,58.1,8.7,0.0,0.0,13.0,1014.5,19.2,20.3,8.0
2020-03-12,19.8,25.8,15.0,45.8,6.6,1.909,100.0,37.5,1009.0,39.3,13.3,7.0
2020-03-13,13.4,17.0,10.0,79.6,9.7,28.701,100.0,27.7,1001.5,57.8,9.6,5.0
2020-03-14,12.3,16.2,9.0,86.9,10.1,7.271,100.0,27.7,1010.0,62.4,14.9,5.0
2020-03-15,14.1,18.9,10.6,79.5,10.5,0.0,0.0,14.8,1017.4,45.4,11.4,4.0
2020-03-16,14.5,19.9,9.9,77.2,10.3,0.0,0.0,16.2,1016.0,28.3,19.4,8.0
2020-03-17,10.9,14.9,6.0,83.5,8.1,7.333,100.0,27.7,1011.8,50.7,14.5,7.0
2020-03-18,7.8,9.8,6.0,84.2,5.2,15.845,100.0,32.2,1011.8,64.7,11.6,6.0
2020-03-19,8.6,12.4,5.6,82.3,5.6,1.543,100.0,37.0,1014.0,61.6,14.6,7.0
2020-03-20,6.3,9.3,4.8,88.3,4.5,12.819,100.0,24.3,1013.3,76.6,15.0,6.0
2020-03-21,6.3,10.4,3.4,85.1,3.9,5.493,100.0,22.3,1012.6,63.9,15.4,7.0
2020-03-22,9.1,14.3,4.3,76.9,4.9,0.0,0.0,22.3,1017.5,44.8,18.3,7.0
2020-03-23,12.5,20.5,5.0,63.9,4.7,0.0,0.0,10.1,1014.9,19.4,21.1,8.0
2020-03-24,14.6,19.9,10.0,56.7,5.7,0.0,0.0,26.6,1010.4,8.8,23.8,9.0
2020-03-25,12.3,18.9,7.7,70.4,6.9,0.0,0.0,18.8,1012.7,26.1,21.4,9.0
2020-03-26,14.9,21.9,8.0,58.3,5.8,0.0,0.0,12.5,1011.4,28.7,19.6,8.0
2020-03-27,17.5,23.9,13.2,55.7,8.2,4.541,100.0,10.0,1008.5,32.4,21.4,9.0
2020-03-28,13.9,17.4,9.3,65.8,7.4,0.054,0.0,27.7,1012.9,40.1,15.5,6.0
2020-03-29,12.2,16.9,7.8,62.1,4.5,0.0,0.0,44.0,1014.4,34.7,20.4,8.0
2020-03-30,14.7,19.3,10.3,51.9,4.7,0.046,0.0,33.5,1013.8,43.7,21.9,9.0
2020-03-31,17.4,23.8,12.9,42.4,4.0,0.0,0.0,26.0,1011.1,29.8,18.7,8.0
2020-04-01,12.0,13.4,10.5,78.7,8.3,6.448,100.0,45.9,1011.9,48.6,12.8,6.0
2020-04-02,11.8,16.0,8.4,73.9,7.0,0.046,0.0,15.8,1015.7,37.4,21.0,8.0
2020-04-03,13.3,18.9,8.1,57.5,4.7,0.0,0.0,25.9,1017.5,9.0,24.1,9.0
2020-04-04,17.1,24.0,10.8,45.1,4.5,0.0,0.0,14.4,1018.2,21.8,25.1,9.0
2020-04-05,19.5,26.4,15.6,38.0,4.5,0.0,0.0,22.3,1015.0,29.1,21.5,9.0
2020-04-06,14.7,19.2,10.7,66.2,8.1,0.0,0.0,22.1,1015.8,22.6,22.2,9.0
2020-04-07,12.8,18.3,9.4,72.8,7.7,0.0,0.0,21.5,1015.2,37.2,22.5,9.0
2020-04-08,11.7,16.0,8.5,71.0,6.2,0.0,0.0,21.6,1014.9,46.9,20.9,8.0
2020-04-09,11.2,15.2,7.8,71.1,5.9,0.0,0.0,26.8,1013.5,35.3,17.2,7.0
2020-04-10,9.3,12.1,7.9,89.0,7.6,11.634,100.0,25.2,1012.8,53.5,16.8,7.0
2020-04-11,10.3,12.9,8.1,87.9,8.3,4.408,100.0,22.9,1015.8,56.3,15.6,7.0
2020-04-12,11.7,17.0,7.0,73.3,6.5,0.0,0.0,17.3,1018.6,18.6,21.1,8.0
2020-04-13,14.1,20.5,7.7,51.0,3.3,0.0,0.0,15.8,1017.7,17.9,25.0,10.0
2020-04-14,17.6,23.1,12.6,43.5,4.4,0.0,0.0,13.2,1016.3,27.4,24.7,10.0
2020-04-15,18.0,22.7,13.8,50.9,7.6,0.0,0.0,17.2,1018.4,30.2,24.8,10.0
2020-04-16,18.1,23.1,14.2,49.7,6.9,0.0,0.0,19.8,1012.9,21.0,23.9,10.0
2020-04-17,14.2,19.0,11.1,74.4,9.5,3.681,100.0,20.8,1011.7,31.8,21.3,9.0
2020-04-18,17.7,24.5,12.3,53.2,7.3,0.0,0.0,19.8,1014.1,19.4,24.6,10.0
2020-04-19,20.2,26.0,14.7,46.1,7.6,0.0,0.0,12.4,1014.0,22.5,23.1,8.0
2020-04-20,22.2,29.3,17.2,37.9,6.6,0.0,0.0,18.4,1012.2,14.3,24.8,9.0
2020-04-21,21.9,28.9,16.0,48.3,10.1,0.0,0.0,13.6,1011.9,13.8,25.8,10.0
2020-04-22,22.2,28.1,17.1,46.2,9.2,0.0,0.0,30.4,1009.7,9.8,26.7,10.0
2020-04-23,18.1,23.5,13.9,56.2,8.8,0.0,0.0,28.5,1010.6,31.9,25.4,9.0
2020-04-24,17.7,25.0,12.0,53.2,7.0,0.0,0.0,26.9,1007.7,38.1,20.2,7.0
2020-04-25,14.0,17.8,11.3,73.0,9.1,0.0,0.0,33.0,1008.5,60.7,17.0,7.0
2020-04-26,12.9,18.4,9.5,67.2,6.6,0.054,0.0,25.2,1013.0,49.6,21.7,7.0
2020-04-27,14.1,20.7,8.8,56.8,4.9,0.0,0.0,26.6,1014.1,12.5,26.5,9.0
2020-04-28,16.7,24.3,9.1,46.3,4.2,0.0,0.0,11.0,1011.6,3.9,27.8,10.0
2020-04-29,15.0,19.9,10.9,66.7,8.4,0.0,0.0,24.5,1012.7,20.9,21.4,8.0
2020-04-30,15.7,21.9,9.7,56.4,6.2,0.0,0.0,16.0,1014.7,17.3,26.5,10.0
2020-05-01,17.2,22.7,12.8,42.0,3.8,0.0,0.0,27.8,1013.3,15.9,27.7,10.0
2020-05-02,16.6,22.0,12.7,51.4,6.2,0.0,0.0,24.7,1012.9,13.5,26.6,10.0
2020-05-03,18.0,25.7,11.6,38.8,3.0,0.0,0.0,24.1,1012.4,8.6,28.3,10.0
2020-05-04,19.1,26.0,14.2,41.0,5.1,0.0,0.0,22.5,1012.0,14.0,27.9,10.0
2020-05-05,16.1,22.3,11.0,62.0,8.4,10.894,100.0,33.5,1010.4,30.0,18.5,7.0
2020-05-06,13.5,19.0,10.6,79.9,9.9,1.686,100.0,30.6,1014.0,48.5,19.8,8.0
2020-05-07,16.6,23.9,9.8,62.7,8.2,0.0,0.0,15.9,1016.2,6.5,27.3,10.0
2020-05-08,22.3,30.1,15.0,36.9,5.4,0.0,0.0,17.7,1011.6,9.9,28.0,10.0
2020-05-09,17.6,21.0,14.2,58.3,9.0,3.384,100.0,31.7,1009.7,32.6,21.0,8.0
2020-05-10,16.6,24.4,11.7,63.9,9.1,0.0,0.0,18.4,1016.4,24.8,24.8,9.0
2020-05-11,19.6,29.0,11.5,38.1,4.0,0.0,0.0,15.4,1018.6,15.8,28.6,10.0
2020-05-12,23.6,32.0,15.6,29.7,3.5,0.0,0.0,14.8,1018.1,3.5,28.5,10.0
2020-05-13,26.1,33.8,19.2,26.5,4.5,0.0,0.0,19.2,1016.9,18.0,28.1,10.0
2020-05-14,28.5,35.5,22.6,21.0,3.0,0.0,0.0,24.5,1013.2,28.2,28.6,10.0
2020-05-15,28.5,34.5,21.9,19.8,2.3,0.0,0.0,23.5,1012.7,29.9,25.0,10.0
2020-05-16,29.2,37.0,22.2,19.8,3.0,0.0,0.0,17.9,1014.0,59.8,28.0,10.0
2020-05-17,30.3,37.2,23.6,22.2,5.4,0.0,0.0,17.1,1013.9,15.1,28.4,10.0
2020-05-18,30.7,36.6,24.6,18.0,2.7,0.0,0.0,16.1,1013.4,0.2,29.3,10.0
2020-05-19,31.1,37.5,25.3,16.7,2.3,0.0,0.0,14.1,1013.5,11.0,29.1,10.0
2020-05-20,30.4,36.4,23.8,17.6,2.5,0.0,0.0,21.8,1011.9,10.2,29.0,10.0
2020-05-21,29.7,35.5,23.0,18.3,1.7,0.0,0.0,25.0,1010.7,0.1,29.6,10.0
2020-05-22,27.6,33.2,20.9,24.9,4.8,0.0,0.0,25.4,1013.0,5.2,28.9,10.0
2020-05-23,19.4,23.6,15.1,57.9,10.5,0.0,0.0,32.6,1015.0,37.9,22.1,8.0
2020-05-24,14.6,18.0,12.5,65.0,7.6,9.796,100.0,32.6,1012.6,48.6,22.6,9.0
2020-05-25,16.1,21.7,11.1,58.6,7.3,0.0,0.0,24.5,1015.9,26.8,26.4,10.0
2020-05-26,21.0,30.0,13.4,38.7,4.6,0.0,0.0,14.3,1016.0,10.1,29.3,10.0
2020-05-27,23.3,30.0,18.0,37.3,7.5,0.0,0.0,25.9,1013.7,0.9,28.9,10.0
2020-05-28,18.1,23.6,13.9,55.6,8.8,0.0,0.0,26.1,1015.4,19.9,26.5,10.0
2020-05-29,16.3,21.5,12.5,61.5,8.3,0.0,0.0,27.6,1016.9,37.3,28.2,10.0
2020-05-30,17.2,26.0,10.3,57.2,7.4,0.0,0.0,16.2,1017.3,13.4,28.9,10.0
2020-05-31,20.0,28.1,12.5,43.0,5.8,0.0,0.0,19.2,1015.6,14.6,29.5,10.0
2020-06-01,21.1,27.7,14.1,36.3,4.5,0.0,0.0,19.5,1013.1,18.1,28.9,10.0
2020-06-02,23.4,31.5,16.9,35.6,6.5,0.0,0.0,29.8,1009.0,15.6,27.1,9.0
2020-06-03,18.8,24.4,14.3,50.3,7.6,0.0,0.0,25.9,1012.4,25.6,26.5,9.0
2020-06-04,21.7,29.0,14.7,38.4,6.4,0.0,0.0,20.5,1014.6,3.2,29.0,10.0
2020-06-05,24.1,31.3,17.3,36.9,7.9,0.0,0.0,14.8,1015.2,8.0,29.3,10.0
2020-06-06,27.6,35.2,21.2,30.7,8.0,0.0,0.0,18.2,1012.9,0.4,28.9,10.0
2020-06-07,28.1,34.5,22.3,27.8,7.4,0.0,0.0,18.4,1010.3,1.4,29.3,10.0
2020-06-08,27.5,33.0,21.0,22.9,4.2,0.0,0.0,19.6,1009.5,2.4,29.4,10.0
2020-06-09,25.6,32.4,18.2,25.4,3.9,0.0,0.0,22.8,1010.8,9.7,30.0,10.0
2020-06-10,23.9,30.0,17.6,26.6,3.2,0.0,0.0,22.9,1012.4,6.2,29.7,10.0
2020-06-11,23.4,28.3,18.1,31.0,4.9,0.0,0.0,38.9,1012.8,12.8,29.6,10.0
2020-06-12,21.4,26.9,15.8,41.5,7.0,0.0,0.0,29.5,1013.6,12.8,28.6,10.0
2020-06-13,24.9,31.7,18.0,30.0,5.5,0.0,0.0,27.0,1010.2,5.1,29.0,10.0
2020-06-14,22.3,28.5,17.9,38.0,6.7,0.0,0.0,17.2,1009.7,2.6,29.5,10.0
2020-06-15,21.2,27.0,15.2,53.9,10.7,0.0,0.0,24.0,1011.9,16.4,28.6,10.0
2020-06-16,22.6,29.4,16.4,46.6,10.0,0.0,0.0,25.4,1012.4,11.7,28.7,10.0
2020-06-17,25.2,31.0,18.1,33.0,7.2,0.0,0.0,27.0,1011.5,0.0,29.6,10.0
2020-06-18,24.6,30.0,18.0,40.8,9.7,0.0,0.0,24.7,1010.3,8.7,29.1,10.0
2020-06-19,20.3,25.0,15.8,65.2,13.1,0.0,0.0,34.7,1011.3,37.7,23.0,8.0
2020-06-20,21.2,26.9,16.5,65.1,14.0,0.0,0.0,28.9,1010.9,40.0,23.6,9.0
2020-06-21,23.6,31.0,16.4,51.1,11.9,0.0,0.0,16.6,1011.8,4.4,28.4,10.0
2020-06-22,25.3,30.3,20.9,36.5,9.0,0.0,0.0,22.4,1010.8,1.3,29.3,10.0
2020-06-23,23.6,30.2,17.6,37.1,6.8,0.0,0.0,19.4,1014.3,8.1,29.6,10.0
2020-06-24,21.7,27.6,15.6,47.6,9.5,0.0,0.0,28.1,1015.6,10.1,28.9,10.0
2020-06-25,21.8,29.0,15.4,59.3,12.6,0.0,0.0,22.3,1013.4,11.9,28.8,10.0
2020-06-26,24.3,33.0,16.2,51.8,11.8,0.0,0.0,14.8,1011.0,10.8,28.4,10.0
2020-06-27,26.3,32.2,20.1,36.5,9.9,0.0,0.0,18.5,1009.7,1.0,29.2,10.0
2020-06-28,26.5,32.0,21.7,37.4,10.4,0.0,0.0,25.8,1009.6,3.8,29.1,10.0
2020-06-29,25.0,30.2,20.9,39.8,10.1,0.0,0.0,25.9,1008.2,1.7,28.2,10.0
2020-06-30,24.3,29.4,18.9,41.9,10.3,0.0,0.0,31.6,1007.1,10.9,27.8,10.0
2020-07-01,25.4,31.0,19.3,31.6,6.8,0.0,0.0,22.3,1007.3,2.4,28.6,10.0
2020-07-02,26.3,33.7,18.4,38.0,10.3,0.0,0.0,19.5,1006.9,0.4,29.3,10.0
2020-07-03,28.3,36.2,20.2,34.2,9.4,0.0,0.0,16.2,1007.2,0.0,29.3,10.0
2020-07-04,27.6,33.0,22.6,33.0,9.4,0.0,0.0,25.9,1008.0,0.0,28.9,10.0
2020-07-05,26.5,31.6,22.3,40.3,11.8,0.0,0.0,25.6,1005.3,7.1,27.4,10.0
2020-07-06,25.3,30.9,20.5,57.2,15.9,0.0,0.0,26.9,1003.7,10.8,25.8,9.0
2020-07-07,24.8,30.7,19.0,46.4,12.0,0.0,0.0,29.4,1006.1,14.3,27.2,10.0
2020-07-08,24.9,31.0,20.3,45.2,11.9,0.0,0.0,44.6,1009.3,7.6,28.5,10.0
2020-07-09,23.5,29.0,18.5,56.1,13.9,0.0,0.0,21.8,1009.8,12.5,26.6,9.0
2020-07-10,24.6,32.0,18.3,55.1,14.3,0.0,0.0,22.7,1009.3,2.7,28.4,10.0
2020-07-11,25.5,31.2,20.6,52.8,14.8,0.0,0.0,26.1,1009.4,5.0,28.5,10.0
2020-07-12,25.7,32.0,18.9,47.0,13.2,0.0,0.0,29.5,1007.5,14.0,27.2,10.0
2020-07-13,25.8,31.3,20.4,49.1,14.0,0.0,0.0,23.9,1005.6,12.0,26.9,10.0
2020-07-14,26.2,34.4,19.0,55.4,15.7,0.0,0.0,19.6,1007.3,8.6,27.9,10.0
2020-07-15,28.1,35.0,21.1,39.2,12.4,0.0,0.0,21.6,1010.2,1.3,28.7,10.0
2020-07-16,26.6,32.5,21.0,42.9,12.8,0.0,0.0,23.0,1009.0,3.6,27.7,10.0
2020-07-17,24.8,32.0,19.1,49.0,12.8,0.0,0.0,16.1,1007.0,4.0,28.3,10.0
2020-07-18,24.8,32.5,19.0,52.6,13.9,0.0,0.0,18.6,1008.4,3.1,27.9,10.0
2020-07-19,29.0,38.0,19.8,31.4,9.1,0.0,0.0,16.3,1008.9,2.2,28.5,10.0
2020-07-20,29.5,35.6,22.6,39.8,14.1,0.0,0.0,17.5,1009.4,1.5,28.1,10.0
2020-07-21,27.6,33.0,22.6,36.0,10.5,0.0,0.0,27.7,1009.1,8.4,28.1,10.0
2020-07-22,27.1,33.0,20.3,32.6,8.7,0.0,0.0,14.8,1006.5,4.3,28.4,10.0
2020-07-23,28.1,34.5,21.6,36.6,11.2,0.0,0.0,23.7,1004.5,0.1,28.3,10.0
2020-07-24,27.2,32.9,22.3,34.1,9.6,0.0,0.0,24.3,1005.8,1.2,28.4,10.0
2020-07-25,27.5,33.6,22.6,29.6,7.8,0.0,0.0,21.4,1007.6,3.4,27.7,10.0
2020-07-26,30.1,38.4,21.2,27.7,8.6,0.0,0.0,14.9,1008.5,1.3,27.2,9.0
2020-07-27,32.2,41.0,25.6,36.1,14.7,0.0,0.0,20.5,1007.6,17.4,27.1,10.0
2020-07-28,30.9,36.1,24.8,42.0,15.8,0.0,0.0,21.8,1007.5,19.0,26.1,9.0
2020-07-29,31.1,38.1,23.7,29.5,9.4,0.0,0.0,27.4,1009.4,14.6,27.1,9.0
2020-07-30,31.4,38.0,24.6,20.1,4.8,0.0,0.0,18.4,1010.7,0.0,27.4,10.0
2020-07-31,29.7,34.2,25.6,20.8,3.5,0.0,0.0,21.9,1009.1,0.5,27.7,10.0
2020-08-01,28.4,33.3,24.2,31.8,9.8,0.0,0.0,22.8,1006.4,0.1,27.9,10.0
2020-08-02,27.3,33.4,22.6,34.5,9.8,0.0,0.0,20.8,1006.5,3.4,28.0,10.0
2020-08-03,26.8,32.4,22.3,40.7,11.6,0.0,0.0,23.3,1008.3,1.4,27.9,10.0
2020-08-04,25.5,31.2,21.0,54.9,15.1,0.0,0.0,27.1,1007.7,13.3,25.7,10.0
2020-08-05,24.7,30.5,20.4,54.8,14.6,0.0,0.0,30.4,1006.8,20.4,25.3,9.0
2020-08-06,25.6,31.9,20.1,47.0,13.1,0.0,0.0,23.2,1009.3,5.0,26.6,10.0
2020-08-07,27.6,33.2,23.2,33.5,9.9,0.0,0.0,26.0,1009.6,8.6,27.3,10.0
2020-08-08,26.8,31.7,23.3,45.5,13.6,0.0,0.0,24.5,1009.1,11.3,25.3,9.0
2020-08-09,23.8,28.3,19.6,61.7,15.7,0.0,0.0,29.4,1008.9,37.1,24.0,9.0
2020-08-10,23.1,28.3,19.2,67.5,16.4,0.091,0.0,22.9,1010.0,43.4,19.1,8.0
2020-08-11,23.0,27.9,18.8,68.2,16.4,0.0,0.0,23.2,1011.1,40.4,20.1,7.0
2020-08-12,23.6,29.6,19.4,68.9,17.3,0.0,0.0,21.8,1010.2,32.5,20.8,8.0
2020-08-13,25.7,31.9,19.9,57.5,16.0,0.0,0.0,19.2,1008.9,8.1,26.0,10.0
2020-08-14,26.7,32.0,22.5,43.0,12.8,0.0,0.0,25.9,1007.1,9.7,25.4,10.0
2020-08-15,26.3,31.1,22.5,42.6,12.4,0.0,0.0,25.6,1006.5,8.8,25.5,9.0
2020-08-16,26.1,32.0,19.3,39.9,10.7,0.0,0.0,25.8,1007.0,3.7,26.5,10.0
2020-08-17,26.2,32.0,19.7,33.2,8.4,0.0,0.0,24.1,1007.9,5.3,26.7,10.0
2020-08-18,26.1,32.0,19.7,34.2,8.7,0.0,0.0,22.3,1007.8,8.8,26.4,10.0
2020-08-19,25.6,32.0,19.5,45.6,12.3,0.0,0.0,19.0,1007.2,7.8,25.2,10.0
2020-08-20,25.3,32.4,18.6,38.6,9.7,0.0,0.0,16.1,1007.4,3.5,26.4,10.0
2020-08-21,23.6,30.0,18.5,56.1,13.9,0.0,0.0,23.6,1007.3,8.9,25.8,10.0
2020-08-22,23.9,29.1,19.3,60.9,15.2,0.0,0.0,19.3,1007.5,22.6,23.7,9.0
2020-08-23,24.8,31.0,19.4,57.7,15.4,0.0,0.0,18.3,1006.8,12.0,24.6,9.0
2020-08-24,26.2,33.0,19.2,44.8,12.3,0.0,0.0,20.7,1007.7,0.0,25.9,9.0
2020-08-25,25.7,31.9,19.1,41.2,11.1,0.0,0.0,22.1,1010.1,4.8,25.7,9.0
2020-08-26,25.5,31.5,20.3,44.2,11.8,0.0,0.0,25.8,1011.0,11.0,24.8,9.0
2020-08-27,23.7,30.0,18.0,56.8,13.8,0.0,0.0,16.8,1009.8,19.7,24.1,9.0
2020-08-28,25.0,34.0,18.0,54.3,14.1,0.0,0.0,14.8,1008.2,8.7,25.4,9.0
2020-08-29,30.5,38.3,22.4,32.8,10.2,0.0,0.0,10.4,1009.2,3.7,25.1,9.0
2020-08-30,32.7,41.0,24.4,23.7,8.0,0.0,0.0,16.1,1009.3,3.6,24.8,9.0
2020-08-31,32.5,41.0,24.0,32.8,11.9,0.0,0.0,16.0,1008.0,6.3,23.1,9.0
2020-09-01,29.9,35.2,23.9,49.8,17.8,0.0,0.0,20.4,1007.5,20.0,23.1,9.0
2020-09-02,28.8,35.0,22.8,37.2,12.3,0.0,0.0,18.4,1010.4,11.9,24.2,9.0
2020-09-03,32.4,41.6,23.9,28.9,8.1,0.0,0.0,20.5,1013.0,23.4,23.7,9.0
2020-09-04,34.6,42.0,27.8,16.4,4.6,0.0,0.0,21.3,1012.4,5.5,24.3,9.0
2020-09-05,33.8,40.1,28.9,21.9,8.0,0.0,0.0,19.5,1009.9,4.2,24.1,9.0
2020-09-06,31.5,40.1,24.5,27.3,9.5,0.0,0.0,11.2,1009.7,2.0,24.2,9.0
2020-09-07,32.8,41.0,26.1,27.5,10.3,0.0,0.0,14.8,1010.8,3.7,23.5,9.0
2020-09-08,31.3,38.9,25.0,40.3,15.5,0.0,0.0,18.4,1012.3,16.5,23.3,9.0
2020-09-09,29.8,38.0,23.0,48.4,16.3,0.0,0.0,13.2,1010.7,11.5,22.6,9.0
2020-09-10,31.5,40.1,24.7,36.3,13.2,0.0,0.0,14.0,1007.4,19.1,22.0,9.0
2020-09-11,29.9,35.0,25.8,50.8,18.3,0.0,0.0,20.5,1008.1,7.0,22.7,9.0
2020-09-12,28.4,33.9,25.0,40.3,13.0,0.0,0.0,21.6,1012.7,1.7,23.2,9.0
2020-09-13,26.8,32.7,21.9,37.3,10.4,0.0,0.0,20.5,1015.5,4.3,22.6,9.0
2020-09-14,26.9,34.0,20.7,38.5,11.0,0.0,0.0,14.7,1014.9,6.0,22.8,9.0
2020-09-15,29.0,37.1,21.6,39.2,12.8,0.0,0.0,15.2,1013.5,8.3,22.5,9.0
2020-09-16,29.1,35.8,21.7,45.6,15.5,0.0,0.0,13.2,1012.1,6.4,22.1,9.0
2020-09-17,28.8,35.3,22.9,39.2,13.0,0.0,0.0,16.0,1013.5,3.6,22.3,9.0
2020-09-18,28.1,34.0,23.2,31.9,8.9,0.0,0.0,22.2,1014.4,6.5,22.2,9.0
2020-09-19,28.7,35.0,24.9,29.3,8.6,0.0,0.0,19.0,1013.3,13.0,22.0,9.0
2020-09-20,28.1,36.6,21.6,32.4,9.5,0.0,0.0,13.8,1011.1,10.8,21.2,8.0
2020-09-21,26.5,32.7,21.0,42.5,12.2,0.0,0.0,17.4,1012.1,5.9,21.2,8.0
2020-09-22,24.2,31.0,19.0,48.8,11.5,0.0,0.0,18.3,1014.9,3.5,21.4,8.0
2020-09-23,23.2,30.0,19.5,69.3,16.8,0.0,0.0,16.7,1015.0,22.9,20.1,8.0
2020-09-24,22.3,28.4,18.5,70.9,16.2,0.0,0.0,15.1,1014.6,23.1,20.1,8.0
2020-09-25,21.7,27.4,17.0,68.8,15.1,0.0,0.0,19.9,1013.3,16.7,20.2,8.0
2020-09-26,22.3,27.3,18.6,64.5,14.5,0.0,0.0,21.9,1012.8,30.1,19.6,8.0
2020-09-27,24.6,32.4,17.0,52.7,13.2,0.0,0.0,14.6,1016.2,2.9,20.9,8.0
2020-09-28,27.2,33.0,21.5,34.5,9.2,0.0,0.0,24.1,1017.4,0.5,21.0,8.0
2020-09-29,27.4,34.6,21.0,31.1,8.0,0.0,0.0,26.8,1014.9,0.0,20.5,8.0
2020-09-30,27.4,33.0,21.0,35.5,10.1,0.0,0.0,18.6,1012.1,5.4,18.7,8.0
2020-10-01,24.6,30.6,20.5,51.0,13.3,0.0,0.0,18.4,1012.0,13.4,17.9,7.0
2020-10-02,21.9,28.0,17.6,63.6,13.9,0.0,0.0,19.1,1014.7,15.3,19.4,8.0
2020-10-03,21.0,26.0,16.9,67.1,14.3,0.0,0.0,24.1,1016.5,23.1,19.7,8.0
2020-10-04,20.3,25.9,16.2,68.9,14.1,0.0,0.0,16.7,1016.9,30.0,17.7,7.0
2020-10-05,22.4,29.0,17.2,53.3,11.4,0.0,0.0,17.8,1016.8,10.1,19.4,8.0
2020-10-06,24.8,32.1,18.9,36.8,7.8,0.0,0.0,12.8,1016.3,5.1,19.8,8.0
2020-10-07,25.7,31.9,19.2,27.7,4.1,0.0,0.0,9.9,1016.2,0.0,19.6,8.0
2020-10-08,26.9,34.4,20.0,20.8,1.3,0.0,0.0,12.6,1016.7,2.7,19.7,8.0
2020-10-09,27.1,32.5,21.2,16.1,-1.5,0.0,0.0,19.6,1017.2,12.3,18.0,8.0
2020-10-10,25.7,32.3,21.4,27.5,3.5,0.0,0.0,18.4,1017.1,3.6,19.1,8.0
2020-10-11,22.8,30.0,17.7,62.8,14.6,0.0,0.0,11.2,1016.4,7.4,17.7,8.0
2020-10-12,23.3,30.0,17.6,56.1,13.5,0.0,0.0,14.8,1016.1,4.8,18.4,7.0
2020-10-13,21.7,27.9,16.7,58.8,12.3,0.0,0.0,14.0,1016.3,20.5,17.0,7.0
2020-10-14,20.2,27.0,15.3,68.1,13.7,0.0,0.0,18.3,1018.5,19.2,18.1,8.0
2020-10-15,21.0,27.4,15.9,63.1,13.1,0.0,0.0,21.7,1019.5,13.0,17.0,7.0
2020-10-16,20.3,27.1,15.0,60.7,11.3,0.0,0.0,12.2,1017.3,26.5,17.0,7.0
2020-10-17,21.4,29.3,15.0,57.2,11.5,0.0,0.0,21.6,1016.3,7.3,17.9,8.0
2020-10-18,23.6,32.1,16.3,35.2,6.0,0.0,0.0,8.2,1016.5,3.6,17.7,7.0
2020-10-19,24.1,31.0,17.8,31.0,4.9,0.0,0.0,8.4,1018.0,7.8,16.8,7.0
2020-10-20,24.0,31.7,17.0,31.1,4.2,0.0,0.0,17.9,1017.7,6.5,17.7,7.0
2020-10-21,21.8,27.0,16.6,58.1,12.7,0.0,0.0,14.4,1018.7,11.9,15.7,7.0
2020-10-22,22.9,30.4,15.7,48.4,8.7,0.0,0.0,11.8,1019.7,3.3,16.9,7.0
2020-10-23,24.8,30.5,19.1,18.2,-2.1,0.0,0.0,22.6,1018.4,2.0,17.6,7.0
2020-10-24,24.4,30.6,18.3,15.1,-4.4,0.0,0.0,20.7,1015.8,17.1,16.6,7.0
2020-10-25,22.4,27.0,17.9,22.9,-0.1,0.0,0.0,15.8,1014.8,55.9,13.1,6.0
2020-10-26,23.5,30.6,18.0,22.5,-0.5,0.0,0.0,20.4,1015.3,3.5,17.2,7.0
2020-10-27,23.9,30.8,17.6,19.4,-1.7,0.0,0.0,16.1,1015.8,13.7,16.7,7.0
2020-10-28,23.4,31.2,18.0,34.4,6.3,0.0,0.0,9.6,1017.0,26.6,15.3,6.0
2020-10-29,23.9,31.0,17.4,51.1,12.4,0.0,0.0,9.4,1017.9,12.3,14.8,7.0
2020-10-30,23.6,32.0,19.0,48.4,10.9,0.0,0.0,8.5,1016.7,20.8,14.4,6.0
2020-10-31,22.2,29.0,18.4,60.1,13.6,0.0,0.0,13.6,1014.7,28.7,13.8,6.0
2020-11-01,19.7,25.1,16.6,74.1,14.7,0.0,0.0,17.2,1015.7,32.8,13.5,6.0
2020-11-02,18.2,23.0,15.0,78.1,14.1,2.052,100.0,14.9,1018.4,43.1,13.0,6.0
2020-11-03,17.6,23.0,13.9,73.8,12.5,0.0,0.0,14.8,1019.4,43.5,12.9,6.0
2020-11-04,15.7,19.0,13.0,78.3,11.8,15.641,100.0,29.1,1016.2,62.9,8.9,4.0
2020-11-05,14.2,16.5,13.3,88.6,12.3,25.269,100.0,31.4,1012.4,66.9,10.6,6.0
2020-11-06,14.9,20.1,12.6,80.1,11.3,0.237,0.0,11.5,1014.6,49.8,10.0,4.0
2020-11-07,15.7,19.6,12.0,76.2,11.3,0.0,0.0,8.8,1016.1,38.6,12.2,5.0
2020-11-08,17.1,21.3,13.9,62.7,9.7,0.274,100.0,21.8,1016.6,40.9,13.6,6.0
2020-11-09,16.4,22.6,12.6,63.5,9.2,4.418,100.0,12.9,1018.3,31.8,13.9,6.0
2020-11-10,16.0,21.1,11.4,65.0,9.1,0.046,0.0,8.1,1018.0,26.8,12.4,6.0
2020-11-11,16.1,21.6,12.4,72.3,10.8,0.0,0.0,8.6,1018.9,24.1,12.2,5.0
2020-11-12,16.1,21.8,11.9,67.3,9.7,0.0,0.0,9.6,1021.1,27.2,12.9,6.0
2020-11-13,16.7,22.3,13.1,58.3,8.1,0.0,0.0,10.3,1021.8,24.5,13.8,6.0
2020-11-14,17.5,23.0,13.6,52.4,7.3,0.0,0.0,14.6,1018.5,36.2,12.2,6.0
2020-11-15,14.6,18.0,11.6,73.6,9.7,13.879,100.0,23.9,1016.7,64.0,9.6,4.0
2020-11-16,13.6,16.8,11.3,78.8,9.8,0.1,0.0,11.9,1019.0,41.7,11.1,5.0
2020-11-17,13.8,19.5,9.9,69.2,7.8,0.0,0.0,12.1,1022.3,28.0,11.2,5.0
2020-11-18,14.1,19.8,10.2,59.4,6.0,0.0,0.0,17.6,1020.5,8.2,13.3,6.0
2020-11-19,14.9,20.2,10.6,56.4,6.0,0.0,0.0,17.6,1015.2,10.6,13.7,6.0
2020-11-20,13.7,17.8,11.2,70.4,8.3,4.756,100.0,23.5,1011.7,35.4,8.9,4.0
2020-11-21,11.9,14.3,10.1,81.4,8.7,14.594,100.0,21.9,1016.8,55.3,9.3,5.0
2020-11-22,13.3,17.9,9.3,80.8,9.9,0.0,0.0,7.6,1022.4,44.4,10.5,5.0
2020-11-23,13.9,19.2,10.3,77.1,9.7,0.0,0.0,7.6,1022.2,24.8,12.3,6.0
2020-11-24,13.8,18.4,9.2,63.3,6.2,0.0,0.0,16.5,1018.3,26.1,12.5,6.0
2020-11-25,13.7,19.2,10.5,62.4,6.3,1.418,100.0,16.9,1011.5,36.6,11.9,6.0
2020-11-26,10.9,13.2,9.9,91.9,9.6,22.764,100.0,22.0,1013.1,71.8,7.4,4.0
2020-11-27,11.6,15.3,9.4,82.6,8.6,0.503,100.0,10.7,1018.3,49.5,8.9,5.0
2020-11-28,11.5,15.5,9.3,76.9,7.6,0.271,100.0,9.5,1019.2,36.6,9.0,4.0
2020-11-29,12.2,17.2,7.6,75.4,7.7,0.0,0.0,17.1,1020.5,35.8,10.8,5.0
2020-11-30,12.7,18.1,9.0,68.4,6.7,0.0,0.0,18.7,1018.2,26.4,11.6,6.0
2020-12-01,11.9,17.7,7.5,66.5,5.5,0.0,0.0,12.7,1015.1,14.1,12.4,6.0
2020-12-02,12.8,17.7,8.5,67.7,6.8,0.0,0.0,9.3,1017.9,23.7,12.4,6.0
2020-12-03,11.4,15.9,7.9,83.6,8.6,0.0,0.0,9.0,1020.5,35.9,11.3,5.0
2020-12-04,10.4,13.0,8.0,88.7,8.6,0.0,0.0,14.8,1018.8,51.7,10.3,5.0
2020-12-05,11.5,15.0,9.0,85.9,9.2,0.9,100.0,16.6,1016.5,49.4,7.7,4.0
2020-12-06,11.3,16.0,6.9,80.3,7.9,0.0,0.0,18.4,1018.3,29.0,8.7,4.0
2020-12-07,12.1,17.0,8.0,68.6,5.9,0.0,0.0,7.8,1020.0,33.7,10.7,5.0
2020-12-08,13.3,19.6,8.0,67.5,7.2,0.0,0.0,24.1,1020.1,15.9,12.4,6.0
2020-12-09,12.8,15.7,9.8,78.4,9.0,0.237,0.0,12.0,1022.5,42.1,8.3,4.0
2020-12-10,12.2,17.4,7.9,66.8,5.6,0.0,0.0,15.2,1021.9,12.1,12.0,6.0
2020-12-11,12.5,17.3,8.0,51.3,2.4,0.0,0.0,16.9,1018.8,5.9,12.5,6.0
2020-12-12,14.1,20.0,9.9,38.4,-0.2,0.0,0.0,13.3,1017.5,24.6,11.3,5.0
2020-12-13,16.6,21.8,13.0,40.0,2.6,0.0,0.0,15.8,1015.9,45.8,9.9,5.0
2020-12-14,16.0,21.9,11.6,46.1,3.6,1.829,100.0,20.9,1011.1,62.6,10.3,5.0
2020-12-15,11.3,13.8,9.3,73.0,6.5,11.421,100.0,25.9,1012.2,48.9,9.8,5.0
2020-12-16,10.5,13.0,9.6,91.7,9.2,29.691,100.0,20.8,1015.5,83.4,4.5,2.0
2020-12-17,11.1,14.2,9.7,87.4,9.0,5.416,100.0,21.3,1019.5,59.9,6.9,4.0
2020-12-18,11.1,14.8,8.7,84.6,8.5,0.109,0.0,14.2,1022.0,51.5,10.4,5.0
2020-12-19,10.5,16.1,7.3,79.4,6.8,0.0,0.0,8.7,1024.0,17.5,11.9,6.0
2020-12-20,11.1,17.2,5.9,66.9,4.8,0.0,0.0,12.2,1023.5,2.3,11.9,6.0
2020-12-21,11.8,17.2,6.9,63.9,5.0,0.0,0.0,13.6,1022.4,0.0,12.1,6.0
2020-12-22,11.5,16.9,7.5,73.1,6.7,0.0,0.0,16.7,1020.1,27.2,11.4,5.0
2020-12-23,11.3,15.4,8.2,79.8,7.8,0.503,100.0,17.8,1019.2,53.3,8.0,4.0
2020-12-24,10.3,13.5,7.5,79.1,6.8,0.054,0.0,14.2,1019.6,47.0,10.1,5.0
2020-12-25,8.8,13.6,4.5,70.2,3.5,53.722,100.0,13.9,1022.6,5.1,12.3,6.0
2020-12-26,9.5,14.1,5.9,45.8,-2.0,0.0,0.0,26.9,1023.2,1.7,12.6,6.0
2020-12-27,8.1,10.9,6.1,51.6,-1.6,0.0,0.0,26.0,1023.3,20.2,12.4,6.0
2020-12-28,7.0,9.6,4.9,77.9,3.3,0.0,0.0,25.0,1022.9,60.3,11.9,6.0
2020-12-29,8.4,13.7,4.6,74.4,3.9,0.0,0.0,32.8,1022.3,4.7,12.5,6.0
2020-12-30,9.3,14.7,5.0,68.9,3.7,0.0,0.0,17.3,1021.1,4.3,12.7,6.0
2020-12-31,10.9,16.1,6.5,68.4,5.1,0.0,0.0,18.5,1019.5,2.2,12.5,6.0
2021-01-01,11.2,15.3,8.6,77.6,7.3,0.0,0.0,15.0,1019.4,46.3,12.3,6.0
2021-01-02,11.6,15.8,8.1,70.4,6.3,0.0,0.0,25.9,1020.9,32.9,11.1,5.0
2021-01-03,12.9,19.4,9.6,67.4,6.8,0.0,0.0,11.0,1020.2,7.2,11.4,5.0
2021-01-04,12.5,17.6,8.7,65.6,6.1,0.0,0.0,21.1,1020.2,11.8,12.2,6.0
2021-01-05,12.6,17.6,7.6,69.8,7.1,0.0,0.0,18.1,1020.7,10.9,12.5,6.0
2021-01-06,12.5,17.3,8.0,66.8,6.1,0.0,0.0,14.9,1023.8,17.1,11.9,5.0
2021-01-07,13.1,17.7,9.7,50.3,2.6,0.0,0.0,16.1,1022.7,13.7,12.5,6.0
2021-01-08,11.7,16.2,6.8,35.5,-3.8,0.0,0.0,18.6,1021.9,24.2,13.2,6.0
2021-01-09,12.2,16.9,8.7,36.9,-2.3,0.0,0.0,17.1,1021.4,11.0,13.2,6.0
2021-01-10,12.4,18.7,7.8,45.7,0.8,0.0,0.0,9.3,1023.2,2.3,13.2,6.0
2021-01-11,12.9,19.4,8.1,45.6,1.2,0.0,0.0,15.2,1025.8,17.4,13.2,6.0
2021-01-12,14.4,20.1,6.6,45.7,2.6,0.0,0.0,21.9,1024.4,25.9,13.4,6.0
2021-01-13,14.4,18.2,10.4,47.3,3.1,0.0,0.0,29.4,1016.0,30.5,8.4,4.0
2021-01-14,10.3,14.0,7.5,78.4,6.5,10.431,100.0,39.7,1010.8,69.6,7.8,4.0
2021-01-15,8.7,10.0,6.9,89.0,6.9,5.252,100.0,29.0,1016.1,72.3,7.4,3.0
2021-01-16,8.2,12.1,5.9,80.9,4.9,5.209,100.0,21.0,1014.3,43.3,10.1,5.0
2021-01-17,8.8,11.7,6.4,70.4,3.6,31.321,100.0,50.5,1012.7,44.3,10.5,5.0
2021-01-18,7.2,9.0,6.3,90.4,5.7,18.778,100.0,25.9,1017.7,57.5,10.1,5.0
2021-01-19,7.4,11.4,4.2,79.5,3.9,14.607,100.0,32.9,1017.5,60.3,4.9,3.0
2021-01-20,5.0,7.2,3.3,87.8,3.1,19.434,100.0,24.5,1020.0,75.4,8.8,4.0
2021-01-21,5.7,10.0,2.4,69.9,0.4,0.0,0.0,11.2,1028.7,24.0,11.8,6.0
2021-01-22,5.1,9.2,1.3,50.7,-5.1,0.0,0.0,21.4,1027.6,1.3,14.7,7.0
2021-01-23,6.5,11.6,3.0,34.9,-8.1,0.0,0.0,20.5,1023.1,18.2,14.5,6.0
2021-01-24,7.1,14.0,2.0,45.8,-4.1,0.0,0.0,11.2,1021.2,1.1,15.3,7.0
2021-01-25,8.8,15.8,3.0,51.5,-1.1,0.0,0.0,10.8,1021.1,4.5,14.7,7.0
2021-01-26,9.3,15.1,3.9,55.5,0.2,0.0,0.0,10.8,1021.7,22.8,12.2,6.0
2021-01-27,10.7,17.2,5.9,48.8,0.2,0.0,0.0,16.8,1015.2,25.0,12.7,5.0
2021-01-28,8.9,13.0,5.9,77.6,5.0,0.328,0.0,27.7,1015.6,51.7,10.0,4.0
2021-01-29,6.0,7.0,4.9,84.9,3.6,8.634,100.0,31.7,1015.6,62.4,8.0,5.0
2021-01-30,6.9,9.3,4.8,83.4,4.2,10.001,100.0,25.1,1019.8,55.6,5.1,3.0
2021-01-31,9.5,13.3,6.2,72.8,4.7,1.875,100.0,28.4,1018.9,43.6,9.8,5.0
2021-02-01,12.0,18.1,6.5,64.5,4.6,0.0,0.0,21.6,1021.4,2.6,15.5,7.0
2021-02-02,14.2,19.7,9.7,42.7,1.6,0.0,0.0,23.2,1019.6,10.7,15.5,7.0
2021-02-03,13.9,19.7,9.6,48.5,3.0,0.0,0.0,11.8,1016.3,19.6,14.5,6.0
2021-02-04,11.5,14.7,9.1,70.4,6.1,10.734,100.0,26.3,1011.8,58.0,9.4,5.0
2021-02-05,11.0,13.9,9.0,89.5,9.3,4.114,100.0,15.9,1014.9,66.0,6.6,4.0
2021-02-06,10.9,15.5,7.2,77.1,6.7,0.0,0.0,17.7,1020.9,19.5,15.2,7.0
2021-02-07,11.2,16.0,7.2,85.5,8.7,0.0,0.0,10.2,1023.1,25.2,13.7,7.0
2021-02-08,13.8,20.3,7.1,59.8,4.9,0.0,0.0,12.5,1024.7,11.3,16.4,7.0
2021-02-09,14.8,19.5,10.8,44.9,2.7,0.0,0.0,12.8,1023.7,16.9,17.0,7.0
2021-02-10,13.8,20.0,9.0,55.5,4.4,0.0,0.0,14.1,1021.0,12.1,17.1,7.0
2021-02-11,14.0,20.0,7.0,41.5,-0.8,0.0,0.0,9.0,1019.6,23.0,16.3,7.0
2021-02-12,12.9,20.0,7.0,57.4,4.2,0.0,0.0,22.3,1015.8,13.9,17.2,7.0
2021-02-13,11.5,16.9,8.0,62.2,4.1,0.0,0.0,10.4,1019.3,41.2,14.2,7.0
2021-02-14,13.9,21.9,8.2,49.5,2.4,0.0,0.0,12.1,1017.6,0.0,17.8,7.0
2021-02-15,11.5,16.3,6.9,70.3,6.0,0.0,0.0,14.3,1014.5,15.1,13.5,6.0
2021-02-16,10.0,15.7,6.2,75.1,5.4,2.366,100.0,27.6,1007.6,42.6,15.1,6.0
2021-02-17,2.8,5.4,0.6,86.2,0.6,37.769,100.0,44.3,1008.9,83.1,14.1,6.0
2021-02-18,2.7,5.3,-0.2,93.9,1.8,17.663,100.0,24.0,1017.5,75.2,11.7,5.0
2021-02-19,5.4,7.8,2.7,89.9,3.9,2.165,100.0,24.1,1022.0,76.0,8.5,5.0
2021-02-20,7.2,12.0,4.0,73.4,2.4,0.2,0.0,10.0,1024.4,43.7,16.3,7.0
2021-02-21,6.7,11.0,2.0,70.1,1.2,0.0,0.0,11.8,1024.0,48.5,16.6,7.0
2021-02-22,8.7,14.1,3.3,60.4,1.1,0.0,0.0,17.0,1022.7,34.1,16.3,7.0
2021-02-23,10.6,16.0,6.7,48.3,-0.1,0.109,0.0,24.3,1021.6,33.3,18.5,8.0
2021-02-24,10.5,15.1,6.6,62.3,3.3,0.054,0.0,17.5,1020.2,33.2,18.8,8.0
2021-02-25,11.0,15.8,6.6,72.3,6.0,0.0,0.0,14.9,1021.5,22.3,15.2,7.0
2021-02-26,12.1,18.4,6.4,58.0,3.1,0.0,0.0,8.6,1020.9,18.1,18.9,8.0
2021-02-27,13.0,19.8,7.7,46.0,0.8,0.0,0.0,14.1,1017.1,11.0,19.7,8.0
2021-02-28,12.1,17.3,7.4,58.9,4.0,0.0,0.0,18.4,1016.1,20.5,18.8,8.0
2021-03-01,9.8,13.2,6.9,83.0,7.0,2.379,100.0,17.6,1019.0,52.1,12.8,6.0
2021-03-02,10.4,15.0,7.2,78.2,6.6,0.915,100.0,18.5,1020.5,38.9,15.3,6.0
2021-03-03,9.3,13.2,6.3,78.1,5.6,0.549,100.0,13.9,1018.6,47.6,13.3,6.0
2021-03-04,7.3,9.9,5.3,84.4,4.9,2.367,100.0,19.5,1017.3,73.5,14.2,7.0
2021-03-05,10.2,15.6,6.5,74.7,5.6,0.054,0.0,20.8,1023.2,37.2,16.3,6.0
2021-03-06,12.0,20.1,5.2,56.9,2.7,0.0,0.0,12.5,1023.6,4.5,20.8,9.0
2021-03-07,12.3,18.6,7.1,55.3,2.9,0.0,0.0,13.8,1018.0,12.2,20.6,8.0
2021-03-08,11.4,16.0,7.9,73.1,6.4,0.0,0.0,19.9,1017.0,48.7,15.3,6.0
2021-03-09,13.1,19.8,6.9,65.0,6.0,0.0,0.0,8.9,1017.8,17.6,20.1,8.0
2021-03-10,18.8,26.8,13.0,39.3,3.8,0.0,0.0,16.9,1014.0,24.6,20.5,8.0
2021-03-11,15.5,19.9,11.7,50.3,4.6,0.0,0.0,54.7,1010.6,40.3,19.3,8.0
2021-03-12,10.1,13.4,7.4,76.5,6.0,17.12,100.0,56.7,1011.8,53.3,14.2,5.0
2021-03-13,10.5,15.7,4.7,74.6,6.0,0.0,0.0,14.7,1018.2,26.1,21.0,8.0
2021-03-14,13.3,19.9,6.4,66.8,6.7,0.0,0.0,7.1,1015.7,16.6,20.3,9.0
2021-03-15,15.6,21.8,11.0,55.1,6.1,0.0,0.0,15.4,1011.4,27.9,21.0,9.0
2021-03-16,13.8,18.3,9.2,65.0,7.1,0.0,0.0,18.8,1012.8,30.5,20.2,8.0
2021-03-17,11.8,17.9,6.4,64.9,4.9,0.0,0.0,21.7,1013.8,25.3,21.4,9.0
2021-03-18,11.4,16.0,8.3,65.4,5.0,0.054,0.0,25.7,1016.3,48.2,17.7,6.0
2021-03-19,11.8,17.1,7.1,70.4,6.3,0.0,0.0,14.4,1018.3,33.7,20.2,8.0
2021-03-20,15.3,23.7,7.1,50.4,3.6,0.0,0.0,10.1,1016.0,17.3,20.8,8.0
2021-03-21,19.1,25.4,11.0,36.5,3.3,0.0,0.0,12.0,1012.3,7.5,22.6,9.0
2021-03-22,20.4,25.5,16.3,48.0,8.8,0.503,100.0,29.9,1012.6,35.7,11.0,5.0
2021-03-23,20.4,27.8,13.8,50.4,9.4,1.235,100.0,33.6,1007.1,23.6,14.7,8.0
2021-03-24,11.9,15.0,9.0,61.3,4.5,7.318,100.0,43.4,1007.9,45.9,17.9,7.0
2021-03-25,10.2,13.4,6.9,68.3,4.4,1.326,100.0,23.3,1014.3,57.4,16.1,6.0
2021-03-26,8.4,11.9,5.1,79.5,5.0,1.123,100.0,18.4,1018.0,62.3,16.2,7.0
2021-03-27,8.1,12.5,4.1,62.1,1.1,0.0,0.0,21.6,1023.5,45.3,18.5,7.0
2021-03-28,9.5,15.2,3.9,64.0,2.6,0.0,0.0,13.2,1025.5,33.5,22.3,9.0
2021-03-29,11.0,19.5,4.2,55.9,1.8,0.0,0.0,12.4,1022.4,10.4,24.5,9.0
2021-03-30,13.5,21.3,7.5,50.4,2.2,0.0,0.0,24.9,1014.7,7.1,24.3,9.0
2021-03-31,11.7,17.1,7.2,68.1,5.4,0.0,0.0,20.0,1013.8,52.8,20.3,8.0
2021-04-01,11.2,16.7,7.6,63.0,4.0,0.0,0.0,25.0,1016.0,43.1,18.9,8.0
2021-04-02,9.4,11.8,8.0,72.8,4.7,8.735,100.0,28.7,1017.6,57.5,16.7,6.0
2021-04-03,11.2,16.4,7.5,72.3,6.1,0.046,0.0,18.2,1021.2,42.9,16.3,5.0
2021-04-04,12.9,19.5,5.6,57.8,3.1,0.0,0.0,13.0,1022.2,2.5,24.6,10.0
2021-04-05,17.8,25.6,7.9,34.1,0.8,0.0,0.0,16.0,1021.0,0.0,25.4,9.0
2021-04-06,23.0,30.5,15.4,17.8,-3.5,0.0,0.0,24.2,1016.0,14.7,26.0,10.0
2021-04-07,22.8,29.2,16.0,21.5,-0.9,0.0,0.0,16.6,1014.2,14.1,25.3,9.0
2021-04-08,20.3,25.8,14.6,26.4,-0.1,0.0,0.0,18.3,1014.9,6.7,25.7,10.0
2021-04-09,14.1,19.1,10.1,59.5,5.9,0.0,0.0,21.8,1014.0,38.6,24.2,10.0
2021-04-10,9.4,12.0,6.9,68.6,3.8,1.921,100.0,35.7,1013.4,63.6,13.0,5.0
2021-04-11,9.4,14.7,5.3,69.2,3.7,3.015,100.0,24.0,1017.1,64.3,14.9,6.0
2021-04-12,10.5,15.6,6.3,67.2,4.3,0.0,0.0,20.8,1019.1,44.3,18.6,7.0
2021-04-13,11.4,18.5,4.9,62.2,3.7,0.0,0.0,18.4,1019.9,12.9,26.1,9.0
2021-04-14,14.8,24.1,5.6,47.1,2.2,0.0,0.0,15.7,1019.5,8.4,26.6,10.0
2021-04-15,20.1,28.1,10.9,30.6,1.2,0.0,0.0,14.7,1017.8,24.8,26.6,10.0
2021-04-16,22.6,30.4,14.6,28.4,2.5,0.0,0.0,15.0,1015.7,24.7,25.9,10.0
2021-04-17,24.8,31.9,19.2,26.3,3.7,0.0,0.0,12.4,1016.1,6.7,26.9,10.0
2021-04-18,27.0,34.1,19.8,26.7,5.3,0.0,0.0,12.6,1017.7,8.9,26.8,10.0
2021-04-19,28.8,36.6,22.5,24.2,5.5,0.0,0.0,12.5,1015.7,30.0,23.3,9.0
2021-04-20,27.4,35.0,22.0,28.4,6.9,0.0,0.0,17.9,1012.9,23.2,23.3,9.0
2021-04-21,20.2,26.5,14.1,28.3,0.4,0.0,0.0,17.5,1016.5,15.9,26.9,10.0
2021-04-22,19.3,26.0,11.6,21.9,-3.9,0.0,0.0,21.4,1018.7,15.4,27.3,10.0
2021-04-23,22.4,31.2,11.3,23.8,-0.3,0.0,0.0,12.6,1016.7,7.6,27.2,10.0
2021-04-24,26.2,33.3,20.4,27.4,5.2,0.0,0.0,15.6,1011.4,28.7,25.0,9.0
2021-04-25,24.1,30.9,16.7,41.5,9.3,0.0,0.0,20.9,1009.4,7.9,27.2,10.0
2021-04-26,19.6,22.5,13.3,52.7,9.3,0.0,0.0,32.8,1009.8,20.0,26.9,10.0
2021-04-27,17.2,23.4,12.6,60.9,9.0,0.0,0.0,19.9,1014.5,38.2,24.9,10.0
2021-04-28,20.6,28.1,12.0,42.2,6.5,0.0,0.0,16.5,1017.1,9.1,27.3,10.0
2021-04-29,25.8,33.0,16.1,29.4,5.5,0.0,0.0,16.3,1017.8,2.2,27.6,10.0
2021-04-30,27.0,34.1,20.8,22.3,3.0,0.0,0.0,24.5,1017.1,0.5,27.3,10.0
2021-05-01,24.9,30.4,19.2,24.8,3.2,0.0,0.0,39.2,1016.2,14.7,28.3,10.0
2021-05-02,24.8,31.5,18.0,28.0,4.6,0.0,0.0,29.9,1014.9,16.5,27.8,10.0
2021-05-03,25.8,31.6,20.9,25.8,4.3,0.0,0.0,21.0,1014.2,11.1,27.9,10.0
2021-05-04,26.4,33.1,18.5,25.4,4.7,0.0,0.0,22.1,1013.2,21.0,28.1,10.0
2021-05-05,25.7,31.7,19.1,23.8,3.0,0.0,0.0,27.0,1012.6,14.8,28.3,10.0
2021-05-06,23.1,29.7,16.0,29.5,3.9,0.0,0.0,29.9,1014.7,19.0,27.8,10.0
2021-05-07,22.1,28.5,16.8,35.1,5.7,0.0,0.0,19.2,1015.4,19.8,28.4,10.0
2021-05-08,24.4,32.8,16.8,32.1,5.6,0.0,0.0,13.3,1016.1,0.0,28.4,10.0
2021-05-09,28.4,35.1,21.3,21.6,3.7,0.0,0.0,18.2,1012.9,38.6,25.6,9.0
2021-05-10,26.2,32.2,21.4,30.4,7.2,0.0,0.0,19.0,1011.2,27.1,28.1,10.0
2021-05-11,24.3,30.9,18.8,32.3,6.1,0.0,0.0,24.1,1010.1,0.3,28.8,10.0
2021-05-12,22.8,29.1,16.4,34.5,6.1,0.0,0.0,19.0,1010.6,0.0,28.6,10.0
2021-05-13,22.0,28.4,15.8,37.2,6.5,0.0,0.0,19.6,1012.3,3.6,29.0,10.0
2021-05-14,22.4,29.5,16.1,36.7,6.5,0.0,0.0,22.1,1014.4,6.1,28.8,10.0
2021-05-15,22.6,30.7,15.8,37.1,6.9,0.0,0.0,20.4,1013.4,11.8,28.5,10.0
2021-05-16,23.1,30.0,15.8,24.6,1.0,0.0,0.0,21.0,1010.9,4.1,29.6,10.0
2021-05-17,24.0,30.4,19.0,35.0,7.1,0.0,0.0,22.3,1010.9,10.2,28.8,10.0
2021-05-18,21.7,29.1,13.7,49.9,10.2,0.0,0.0,18.7,1013.8,9.5,28.6,10.0
2021-05-19,24.8,32.9,15.2,37.6,8.8,0.0,0.0,14.8,1013.4,4.7,28.9,10.0
2021-05-20,28.2,36.6,19.2,33.5,9.6,0.0,0.0,12.5,1011.3,8.0,28.7,10.0
2021-05-21,24.7,29.5,19.0,43.7,11.1,0.0,0.0,20.7,1011.2,19.9,27.3,9.0
2021-05-22,19.6,24.6,14.9,54.8,9.9,0.0,0.0,25.8,1013.0,25.4,25.6,10.0
2021-05-23,18.6,24.6,13.6,62.2,10.6,0.0,0.0,25.1,1012.6,34.2,27.8,10.0
2021-05-24,20.4,26.8,14.4,57.3,10.9,0.0,0.0,20.5,1013.5,24.3,27.8,10.0
2021-05-25,23.6,32.4,15.9,45.6,9.9,0.0,0.0,27.4,1014.1,7.0,28.8,10.0
2021-05-26,25.4,32.8,17.4,32.6,7.3,0.0,0.0,18.0,1012.5,0.0,29.4,10.0
2021-05-27,26.1,33.0,18.1,26.7,4.8,0.0,0.0,19.0,1011.9,0.0,29.3,10.0
2021-05-28,24.4,30.6,18.5,34.8,7.2,0.0,0.0,20.3,1012.5,7.0,29.3,10.0
2021-05-29,22.4,27.9,16.6,45.0,9.5,0.0,0.0,23.7,1013.1,17.5,28.3,10.0
2021-05-30,22.9,29.7,15.4,40.3,8.1,0.0,0.0,13.6,1015.0,8.8,28.8,10.0
2021-05-31,27.2,35.4,17.8,30.4,7.0,0.0,0.0,32.6,1013.0,3.5,28.6,10.0
2021-06-01,24.6,30.3,19.9,36.1,8.1,0.0,0.0,20.7,1012.6,9.8,29.2,10.0
2021-06-02,21.5,27.4,16.1,52.1,10.8,0.0,0.0,22.3,1015.2,18.6,27.7,10.0
2021-06-03,21.0,28.9,13.5,46.1,8.1,0.0,0.0,18.9,1016.1,5.2,29.4,10.0
2021-06-04,20.8,27.0,14.3,48.8,9.1,0.0,0.0,18.7,1015.5,10.9,29.0,10.0
2021-06-05,20.9,27.9,14.3,55.1,10.6,0.0,0.0,19.4,1013.8,17.8,28.6,10.0
2021-06-06,21.9,29.4,15.9,47.3,9.3,0.0,0.0,18.9,1014.2,5.1,29.5,10.0
2021-06-07,22.9,29.6,16.3,40.1,8.0,0.0,0.0,17.3,1015.3,6.9,29.5,10.0
2021-06-08,22.5,29.3,15.6,42.3,8.6,0.0,0.0,21.0,1014.3,13.7,29.7,10.0
2021-06-09,24.4,31.9,15.8,38.8,9.0,0.0,0.0,19.2,1013.9,5.5,29.0,10.0
2021-06-10,25.4,31.1,19.3,34.6,8.2,0.0,0.0,30.6,1012.2,0.0,28.9,10.0
2021-06-11,23.0,28.8,17.8,44.9,10.1,0.0,0.0,20.3,1013.7,18.9,28.1,10.0
2021-06-12,25.1,32.1,17.7,32.5,6.8,0.0,0.0,16.1,1014.5,4.2,29.3,10.0
2021-06-13,27.6,34.7,20.1,29.3,7.7,0.0,0.0,19.3,1012.0,6.5,29.1,10.0
2021-06-14,23.1,28.5,17.9,48.8,11.3,0.0,0.0,24.7,1011.5,17.7,28.1,10.0
2021-06-15,21.4,27.8,15.6,60.5,12.7,0.0,0.0,24.0,1012.7,15.8,28.1,10.0
2021-06-16,20.8,27.3,15.7,61.8,12.6,0.0,0.0,27.7,1013.6,25.3,27.4,10.0
2021-06-17,21.0,26.6,16.1,57.4,11.5,0.0,0.0,21.2,1016.2,21.6,28.1,10.0
2021-06-18,21.7,28.6,15.6,54.8,11.6,0.0,0.0,24.1,1014.5,13.7,28.6,10.0
2021-06-19,22.2,29.0,16.9,51.9,11.6,0.0,0.0,21.3,1012.6,13.3,28.2,10.0
2021-06-20,22.5,29.9,15.8,49.4,10.9,0.0,0.0,21.3,1012.0,11.7,28.6,10.0
2021-06-21,22.9,29.5,16.7,49.9,11.5,0.0,0.0,23.1,1013.4,12.8,28.7,10.0
2021-06-22,23.4,29.6,17.7,51.5,12.5,0.0,0.0,21.7,1014.1,16.9,28.8,10.0
2021-06-23,23.4,30.0,17.1,57.3,13.9,0.0,0.0,20.2,1013.9,19.9,27.7,10.0
2021-06-24,24.7,31.6,18.0,45.8,11.8,0.0,0.0,19.0,1012.4,8.3,28.9,10.0
2021-06-25,26.3,33.0,20.1,40.5,10.9,0.0,0.0,16.7,1010.3,2.3,29.3,10.0
2021-06-26,26.4,33.6,21.5,41.1,11.8,0.0,0.0,19.5,1008.5,4.1,29.1,10.0
2021-06-27,27.2,34.2,20.9,42.5,12.7,0.0,0.0,20.3,1008.9,5.1,29.2,10.0
2021-06-28,28.6,35.0,23.5,36.5,11.8,0.0,0.0,21.7,1010.1,0.0,29.2,10.0
2021-06-29,28.5,35.1,21.9,34.7,11.1,0.0,0.0,21.0,1009.9,2.5,29.3,10.0
2021-06-30,28.9,35.9,22.2,33.8,10.9,0.0,0.0,21.3,1010.1,0.7,29.2,10.0
2021-07-01,28.5,34.6,21.9,33.5,10.6,0.0,0.0,26.7,1010.9,0.0,29.1,10.0
2021-07-02,29.3,36.3,22.1,26.6,7.9,0.0,0.0,18.7,1011.2,1.0,29.4,10.0
2021-07-03,29.4,35.9,24.7,26.6,7.8,0.0,0.0,27.6,1009.4,0.0,29.4,10.0
2021-07-04,25.2,31.1,20.4,44.5,11.8,0.0,0.0,27.7,1008.5,16.4,27.6,10.0
2021-07-05,24.7,31.9,19.3,59.7,15.8,0.0,0.0,18.0,1008.8,26.4,26.9,10.0
2021-07-06,24.2,30.6,17.6,53.1,13.6,0.0,0.0,18.7,1008.7,23.7,27.6,10.0
2021-07-07,26.3,33.0,20.3,41.5,11.9,0.0,0.0,21.7,1009.2,9.1,28.5,10.0
2021-07-08,27.9,34.2,21.6,37.8,11.7,0.0,0.0,17.5,1010.5,3.9,28.9,10.0
2021-07-09,27.1,32.9,21.4,42.1,12.8,0.0,0.0,22.0,1009.5,3.6,28.5,10.0
2021-07-10,27.0,33.4,22.4,43.2,13.2,0.0,0.0,20.9,1006.7,2.2,27.7,10.0
2021-07-11,27.6,33.4,22.5,41.7,13.2,0.0,0.0,21.8,1007.4,11.7,28.4,10.0
2021-07-12,27.7,33.9,22.2,38.5,12.1,0.0,0.0,20.9,1009.8,10.9,28.4,10.0
2021-07-13,27.3,32.9,22.2,35.6,10.5,0.0,0.0,29.9,1009.2,7.4,28.1,10.0
2021-07-14,26.9,32.9,21.9,36.2,10.5,0.0,0.0,22.0,1007.8,4.0,28.1,10.0
2021-07-15,27.6,33.8,21.8,38.2,11.8,0.0,0.0,21.1,1006.3,15.1,27.0,10.0
2021-07-16,28.4,34.8,22.0,35.6,11.3,0.0,0.0,21.4,1006.8,21.7,28.0,10.0
2021-07-17,28.9,35.0,23.8,32.9,10.7,0.0,0.0,20.0,1007.5,9.5,28.2,10.0
2021-07-18,30.0,37.5,22.3,24.6,7.3,0.0,0.0,15.3,1007.5,0.0,29.0,10.0
2021-07-19,31.3,37.7,24.7,25.6,9.1,0.0,0.0,19.6,1009.2,4.2,28.1,10.0
2021-07-20,28.6,33.6,22.7,35.3,11.4,0.0,0.0,22.7,1010.9,10.0,27.3,10.0
2021-07-21,25.3,31.8,20.2,56.7,15.4,0.0,0.0,22.3,1010.5,9.8,27.6,10.0
2021-07-22,25.0,31.8,20.2,60.8,16.3,0.0,0.0,22.9,1008.6,20.9,26.0,10.0
2021-07-23,24.8,30.3,20.0,55.8,15.2,0.0,0.0,24.0,1006.7,36.2,25.7,9.0
2021-07-24,24.6,30.1,20.2,65.2,17.3,0.0,0.0,19.4,1007.1,49.3,19.6,7.0
2021-07-25,26.4,32.5,21.0,63.8,18.4,0.0,0.0,20.3,1008.6,25.4,25.1,9.0
2021-07-26,27.7,33.7,22.6,51.8,16.2,0.0,0.0,21.9,1010.7,9.2,26.2,9.0
2021-07-27,27.2,33.3,21.4,46.7,14.3,0.0,0.0,24.0,1010.8,12.3,27.8,10.0
2021-07-28,27.4,34.0,22.0,45.4,14.1,0.0,0.0,28.3,1008.2,5.2,27.1,10.0
2021-07-29,27.3,33.8,22.2,44.8,13.8,0.0,0.0,24.2,1006.8,13.9,26.9,10.0
2021-07-30,27.2,33.9,21.7,41.1,12.6,0.0,0.0,24.5,1006.1,8.1,26.9,10.0
2021-07-31,27.7,34.4,22.5,35.4,10.7,0.0,0.0,19.6,1006.5,6.4,28.0,10.0
2021-08-01,28.8,36.4,21.6,30.1,9.3,0.0,0.0,25.7,1007.3,5.4,28.2,10.0
2021-08-02,29.4,35.7,22.6,27.0,8.0,0.0,0.0,20.2,1007.4,2.8,28.3,10.0
2021-08-03,29.3,35.7,23.1,29.5,9.4,0.0,0.0,20.8,1009.0,0.0,28.2,10.0
2021-08-04,30.1,37.1,23.6,30.8,10.4,0.0,0.0,22.3,1011.2,1.5,27.6,10.0
2021-08-05,30.4,36.2,24.1,25.4,8.0,0.0,0.0,25.4,1010.4,0.0,27.8,10.0
2021-08-06,30.4,36.0,25.4,23.2,6.8,0.0,0.0,29.1,1007.6,9.6,26.5,9.0
2021-08-07,30.3,36.7,24.8,24.8,7.5,0.0,0.0,25.0,1007.9,0.0,27.6,10.0
2021-08-08,27.0,32.3,22.9,51.6,15.6,0.0,0.0,23.6,1010.4,21.9,26.2,9.0
2021-08-09,26.6,32.4,22.4,52.4,15.5,0.0,0.0,21.6,1012.4,20.3,25.5,9.0
2021-08-10,26.9,32.7,21.6,47.8,14.5,0.0,0.0,20.8,1010.4,12.1,25.0,9.0
2021-08-11,27.6,34.4,21.6,45.6,14.2,0.0,0.0,20.0,1008.4,12.5,25.7,9.0
2021-08-12,26.9,33.0,21.6,49.0,14.7,0.0,0.0,22.9,1009.9,21.7,24.2,9.0
2021-08-13,28.0,33.3,22.5,36.4,11.4,0.0,0.0,19.7,1012.1,10.1,25.8,9.0
2021-08-14,27.6,33.5,21.6,39.0,12.1,0.0,0.0,25.8,1011.2,12.7,25.9,9.0
2021-08-15,27.0,33.3,21.1,43.5,12.8,0.0,0.0,27.3,1010.3,8.0,26.4,10.0
2021-08-16,26.0,31.6,21.4,49.5,14.0,0.0,0.0,28.7,1011.6,10.8,25.5,9.0
2021-08-17,25.7,31.5,21.0,49.5,13.9,0.0,0.0,21.4,1011.8,24.8,25.0,9.0
2021-08-18,24.4,31.1,18.8,60.2,15.2,0.0,0.0,19.7,1009.4,14.9,26.0,10.0
2021-08-19,24.5,32.0,18.7,56.3,14.4,0.0,0.0,19.7,1007.7,13.1,25.9,10.0
2021-08-20,27.0,35.0,20.3,42.7,12.5,0.0,0.0,13.8,1008.1,10.1,26.5,10.0
2021-08-21,29.0,37.0,22.2,46.6,15.5,0.0,0.0,19.6,1008.7,12.2,25.2,9.0
2021-08-22,27.8,33.9,22.6,47.0,15.2,0.0,0.0,21.6,1009.0,7.0,25.4,9.0
2021-08-23,26.3,32.4,21.0,47.8,14.0,0.0,0.0,17.0,1009.5,16.3,25.3,9.0
2021-08-24,26.7,34.0,19.0,39.6,11.1,0.0,0.0,13.6,1010.4,7.0,25.9,10.0
2021-08-25,28.4,35.4,21.5,39.5,12.7,0.0,0.0,10.9,1011.4,0.9,25.7,9.0
2021-08-26,29.8,37.0,21.8,38.6,13.6,0.0,0.0,8.4,1011.0,3.2,25.5,9.0
2021-08-27,30.6,37.9,24.1,42.8,15.9,0.0,0.0,15.7,1011.0,26.0,25.0,9.0
2021-08-28,29.9,35.8,25.4,36.6,13.1,0.0,0.0,18.9,1010.5,9.8,24.5,9.0
2021-08-29,26.9,32.8,21.8,44.7,13.1,0.0,0.0,22.1,1009.9,8.1,24.7,9.0
2021-08-30,26.5,33.1,20.4,42.5,12.1,0.0,0.0,21.8,1011.1,21.2,24.9,9.0
2021-08-31,26.4,34.1,20.4,55.5,15.9,0.0,0.0,18.3,1012.3,12.8,24.4,9.0
2021-09-01,27.2,34.5,20.6,46.7,14.3,0.0,0.0,20.0,1011.3,5.4,24.6,9.0
2021-09-02,25.6,33.0,19.2,55.5,15.4,0.0,0.0,17.0,1010.6,6.0,24.9,9.0
2021-09-03,25.4,32.5,20.0,55.5,15.1,0.0,0.0,21.7,1009.9,26.2,24.1,9.0
2021-09-04,25.2,32.0,18.6,55.7,14.6,0.0,0.0,20.1,1010.6,18.3,23.7,9.0
2021-09-05,24.6,31.8,19.6,55.5,14.4,0.0,0.0,20.2,1011.3,15.3,23.3,9.0
2021-09-06,23.7,30.4,18.6,62.1,15.4,0.0,0.0,21.6,1012.1,19.1,23.1,9.0
2021-09-07,23.5,29.9,18.3,64.1,15.8,0.0,0.0,17.1,1015.0,33.7,22.5,9.0
2021-09-08,24.3,31.1,17.9,57.2,14.1,0.0,0.0,22.0,1015.7,9.7,23.4,9.0
2021-09-09,26.7,33.1,21.0,37.8,10.8,0.0,0.0,27.4,1014.3,2.3,23.6,9.0
2021-09-10,24.6,29.8,20.0,56.5,15.2,0.0,0.0,26.0,1014.6,39.3,19.8,8.0
2021-09-11,22.2,27.9,18.2,63.9,14.6,0.0,0.0,25.5,1013.7,50.0,20.9,8.0
2021-09-12,22.0,27.9,17.5,68.1,15.4,0.0,0.0,19.5,1012.6,37.3,17.6,7.0
2021-09-13,23.8,31.1,17.6,53.8,12.6,0.0,0.0,17.8,1012.1,9.7,23.0,9.0
2021-09-14,24.7,30.0,20.2,51.4,13.6,0.0,0.0,22.2,1012.6,20.9,21.3,8.0
2021-09-15,23.1,28.7,18.5,57.6,13.7,0.0,0.0,19.0,1013.8,16.6,20.2,8.0
2021-09-16,21.7,26.6,17.5,66.5,14.7,0.0,0.0,16.8,1014.3,25.4,19.7,8.0
2021-09-17,22.2,28.0,17.0,58.8,12.8,0.0,0.0,20.2,1012.1,21.2,21.2,8.0
2021-09-18,23.2,30.2,15.9,53.0,12.5,0.0,0.0,17.7,1013.6,17.8,21.2,8.0
2021-09-19,23.9,30.9,17.4,52.2,12.6,0.0,0.0,19.3,1015.5,3.3,22.4,9.0
2021-09-20,25.6,32.4,18.7,41.7,11.0,0.0,0.0,15.6,1016.1,1.8,22.2,9.0
2021-09-21,26.1,33.2,19.3,41.1,11.1,0.0,0.0,21.6,1015.1,6.6,22.1,9.0
2021-09-22,25.2,31.2,20.1,43.2,11.3,0.0,0.0,21.0,1011.2,12.0,21.3,9.0
2021-09-23,22.4,27.1,19.3,64.4,14.9,0.0,0.0,32.1,1010.7,53.7,17.5,6.0
2021-09-24,20.5,24.7,17.5,66.0,13.6,0.046,0.0,29.8,1012.4,54.1,14.9,6.0
2021-09-25,20.6,26.9,14.8,55.1,10.3,0.0,0.0,11.8,1016.8,18.6,21.0,8.0
2021-09-26,24.5,32.8,17.4,33.4,6.2,0.0,0.0,13.2,1016.4,3.2,21.8,9.0
2021-09-27,23.7,30.3,18.7,45.3,10.5,0.0,0.0,24.4,1012.9,17.6,19.5,8.0
2021-09-28,21.4,26.9,16.2,65.3,14.1,0.0,0.0,18.6,1013.2,27.9,18.5,7.0
2021-09-29,21.2,27.9,15.6,66.4,13.9,0.0,0.0,19.4,1013.0,30.6,19.0,8.0
2021-09-30,22.1,29.4,15.8,55.0,12.0,0.0,0.0,17.4,1013.2,15.9,19.2,8.0
2021-10-01,23.5,30.4,16.5,45.1,10.3,0.0,0.0,9.4,1012.3,22.1,19.7,8.0
2021-10-02,22.5,27.5,18.7,61.3,14.4,0.0,0.0,20.8,1011.7,30.8,17.1,7.0
2021-10-03,20.5,26.3,16.3,68.8,14.1,0.0,0.0,22.2,1014.3,32.5,16.0,6.0
2021-10-04,20.7,27.1,15.3,61.9,12.1,0.0,0.0,16.1,1015.9,19.7,19.7,8.0
2021-10-05,20.4,27.9,15.4,60.6,11.7,0.0,0.0,21.9,1014.4,10.9,18.5,8.0
2021-10-06,20.0,26.8,13.7,55.4,9.5,0.0,0.0,19.4,1014.2,1.8,19.4,8.0
2021-10-07,21.8,29.9,13.9,39.2,5.4,0.0,0.0,11.9,1014.5,0.7,20.2,8.0
2021-10-08,24.7,32.1,17.3,26.0,3.0,0.0,0.0,14.2,1014.3,0.0,19.6,8.0
2021-10-09,24.4,31.0,18.8,37.1,8.5,0.0,0.0,20.0,1015.4,0.8,19.5,8.0
2021-10-10,23.7,32.0,17.7,49.2,11.7,0.0,0.0,20.2,1016.7,5.0,18.0,8.0
2021-10-11,23.1,29.9,16.2,45.2,10.0,0.0,0.0,14.4,1015.2,6.2,19.0,8.0
2021-10-12,24.1,29.7,18.5,43.5,10.2,0.32,100.0,21.0,1012.7,41.2,13.8,5.0
2021-10-13,23.9,29.4,20.0,40.6,9.3,0.3,0.0,21.1,1013.5,38.8,14.8,6.0
2021-10-14,24.1,31.0,19.5,38.4,8.5,0.0,0.0,18.2,1016.1,20.9,18.0,8.0
2021-10-15,24.0,31.6,18.1,39.0,8.7,0.0,0.0,17.7,1016.6,21.6,17.3,7.0
2021-10-16,22.0,27.2,17.8,40.7,7.4,0.0,0.0,16.7,1017.2,26.4,11.8,5.0
2021-10-17,20.4,26.3,16.9,54.5,10.4,0.0,0.0,28.5,1018.1,38.0,15.4,7.0
2021-10-18,19.1,24.4,14.2,63.6,11.5,0.0,0.0,16.6,1018.3,56.0,14.2,6.0
2021-10-19,18.0,22.5,14.2,67.8,11.7,0.0,0.0,20.1,1019.7,47.1,14.3,6.0
2021-10-20,18.1,23.4,13.2,69.2,12.0,0.0,0.0,16.4,1021.1,39.8,14.8,7.0
2021-10-21,18.9,25.3,13.1,56.3,9.3,0.0,0.0,11.4,1021.3,22.4,15.3,7.0
2021-10-22,20.1,27.0,15.1,48.5,8.3,0.0,0.0,18.8,1019.2,19.0,16.7,7.0
2021-10-23,18.7,23.9,13.8,59.1,10.2,0.0,0.0,22.7,1019.4,23.2,15.2,7.0
2021-10-24,18.7,26.6,13.4,59.9,9.8,0.0,0.0,13.0,1019.0,13.9,16.3,7.0
2021-10-25,18.8,25.5,13.1,57.0,9.5,0.0,0.0,16.2,1017.0,12.7,15.2,7.0
2021-10-26,18.5,24.9,13.9,64.5,11.1,0.0,0.0,16.9,1016.9,14.2,15.1,7.0
2021-10-27,19.3,25.1,13.7,51.9,8.5,0.0,0.0,15.5,1018.0,5.8,15.8,7.0
2021-10-28,20.6,27.6,14.6,39.4,5.5,0.0,0.0,11.8,1017.4,14.0,16.0,7.0
2021-10-29,22.4,29.1,17.8,31.3,4.0,0.0,0.0,13.7,1014.6,28.7,15.4,7.0
2021-10-30,20.6,25.2,16.7,48.4,9.0,0.0,0.0,16.7,1017.5,27.2,10.4,4.0
2021-10-31,19.8,23.7,16.0,54.1,10.1,0.183,0.0,20.7,1020.8,42.1,4.8,2.0
2021-11-01,19.7,24.8,15.4,55.3,10.3,3.941,100.0,16.6,1018.5,48.0,9.3,4.0
2021-11-02,18.8,23.1,13.2,65.0,11.8,0.054,0.0,16.2,1018.2,32.1,12.6,6.0
2021-11-03,17.7,23.1,13.5,70.8,12.0,0.0,0.0,13.6,1020.3,21.1,13.4,6.0
2021-11-04,18.8,25.0,12.3,59.7,10.1,0.0,0.0,7.4,1021.0,0.4,15.5,7.0
2021-11-05,20.5,27.2,15.0,44.1,6.9,0.0,0.0,10.2,1019.2,0.0,15.8,7.0
2021-11-06,20.4,27.7,14.9,32.6,2.8,0.0,0.0,10.4,1017.7,3.4,15.8,7.0
2021-11-07,19.8,26.8,14.4,34.5,3.0,0.0,0.0,11.3,1016.1,0.6,15.7,7.0
2021-11-08,19.5,26.9,14.1,31.1,1.2,0.0,0.0,13.7,1017.9,4.2,15.6,7.0
2021-11-09,19.2,26.7,13.9,26.4,-1.2,0.0,0.0,14.2,1020.5,7.5,15.5,7.0
2021-11-10,17.7,25.6,10.9,36.5,1.7,0.0,0.0,27.9,1017.3,9.9,15.5,7.0
2021-11-11,15.8,21.9,9.6,47.0,3.7,0.0,0.0,20.8,1015.5,6.4,14.4,7.0
2021-11-12,16.5,22.8,10.6,28.6,-3.0,0.0,0.0,17.5,1016.9,28.5,14.9,7.0
2021-11-13,17.7,22.8,12.6,26.7,-2.0,0.0,0.0,24.9,1020.3,37.1,13.8,6.0
2021-11-14,18.3,21.8,14.6,26.9,-1.4,0.054,0.0,22.5,1019.3,44.3,8.2,4.0
2021-11-15,18.1,23.1,14.1,38.9,3.3,0.0,0.0,17.6,1016.7,23.9,13.5,6.0
2021-11-16,17.5,23.1,13.0,40.3,3.6,0.0,0.0,12.5,1016.7,16.7,14.0,6.0
2021-11-17,18.1,24.1,13.3,39.0,3.5,0.0,0.0,12.0,1017.7,34.8,13.1,6.0
2021-11-18,16.7,22.6,12.3,53.5,6.9,0.0,0.0,14.7,1018.9,20.1,12.6,6.0
2021-11-19,15.1,18.3,12.4,78.3,11.3,0.046,0.0,20.4,1015.6,43.2,7.8,4.0
2021-11-20,12.3,14.2,9.4,87.7,10.3,7.862,100.0,18.2,1011.3,57.7,5.6,3.0
2021-11-21,10.9,14.5,8.4,83.1,8.1,2.95,100.0,17.6,1014.1,48.8,10.5,6.0
2021-11-22,12.3,17.8,6.9,70.8,6.8,0.0,0.0,7.4,1021.1,32.5,11.4,6.0
2021-11-23,13.8,19.9,9.2,66.1,7.1,0.0,0.0,10.2,1023.1,6.4,13.4,6.0
2021-11-24,14.5,20.8,9.8,60.0,6.3,0.0,0.0,10.2,1019.0,29.2,13.2,6.0
2021-11-25,15.1,21.2,10.5,59.7,6.9,0.0,0.0,9.4,1017.3,23.8,11.3,5.0
2021-11-26,14.5,20.5,9.4,62.6,6.8,0.0,0.0,7.5,1020.6,17.5,12.7,6.0
2021-11-27,15.9,23.2,9.9,52.5,5.4,0.0,0.0,14.4,1022.4,21.3,13.3,6.0
2021-11-28,17.6,24.8,10.7,41.3,3.2,0.0,0.0,14.8,1021.1,14.2,13.2,6.0
2021-11-29,19.2,26.0,13.7,35.8,3.1,0.0,0.0,10.3,1021.8,19.3,12.9,6.0
2021-11-30,19.0,26.5,13.1,35.8,2.8,0.0,0.0,18.4,1018.1,31.4,12.8,6.0
2021-12-01,14.0,16.2,11.2,81.0,10.7,1.889,100.0,25.6,1015.4,61.3,7.0,3.0
2021-12-02,12.4,15.9,9.4,69.1,6.7,0.246,0.0,25.9,1019.0,48.8,8.2,4.0
2021-12-03,12.3,17.6,7.2,60.2,4.0,0.0,0.0,13.0,1021.3,52.3,11.7,6.0
2021-12-04,13.7,19.3,8.0,47.0,2.3,0.0,0.0,11.4,1018.0,43.6,9.2,5.0
2021-12-05,13.9,17.9,11.2,57.0,5.1,1.281,100.0,30.8,1014.3,29.3,11.6,6.0
2021-12-06,13.8,18.1,10.6,63.0,6.4,0.229,0.0,20.5,1020.9,42.2,9.9,5.0
2021-12-07,14.1,16.8,11.8,42.8,1.5,0.0,0.0,18.8,1017.1,48.4,5.1,3.0
2021-12-08,11.5,14.0,8.7,57.3,3.1,15.184,100.0,37.1,1015.5,42.7,12.0,6.0
2021-12-09,10.6,13.4,8.5,87.1,8.5,12.233,100.0,29.5,1023.1,58.0,6.0,3.0
2021-12-10,11.8,17.8,6.7,68.6,5.6,0.0,0.0,22.7,1024.4,16.7,12.0,6.0
2021-12-11,13.1,19.0,7.2,52.7,3.3,0.0,0.0,14.5,1021.9,11.5,12.5,6.0
2021-12-12,14.9,20.6,8.6,47.1,3.2,0.0,0.0,11.2,1022.0,27.5,11.4,5.0
2021-12-13,16.7,21.8,12.9,36.2,1.4,0.0,0.0,12.8,1019.2,27.3,9.7,5.0
2021-12-14,15.1,20.5,10.4,46.7,3.3,5.671,100.0,18.4,1013.3,36.2,11.4,6.0
2021-12-15,12.6,16.9,9.3,74.9,8.1,2.012,100.0,15.6,1015.7,49.7,10.0,5.0
2021-12-16,10.3,15.1,7.3,65.9,3.8,2.15,100.0,12.0,1018.1,38.6,9.5,5.0
2021-12-17,9.3,12.6,6.6,84.2,6.7,7.547,100.0,18.5,1016.8,61.8,7.8,4.0
2021-12-18,8.7,10.9,6.6,84.7,6.1,16.051,100.0,19.0,1016.3,57.2,8.3,5.0
2021-12-19,8.9,13.0,5.9,65.3,2.6,0.091,0.0,21.8,1016.6,29.5,11.3,5.0
2021-12-20,6.7,8.5,4.8,77.2,2.9,26.078,100.0,24.4,1014.5,65.2,7.1,4.0
2021-12-21,6.9,8.8,4.7,94.6,6.1,25.599,100.0,29.5,1020.9,76.7,5.5,3.0
2021-12-22,9.1,10.9,7.6,93.2,8.0,5.824,100.0,20.9,1021.2,70.3,3.8,2.0
2021-12-23,8.8,11.6,6.4,89.0,7.1,0.832,100.0,16.6,1019.2,69.3,7.4,4.0
2021-12-24,8.3,10.5,6.0,84.2,5.8,2.301,100.0,15.9,1019.2,61.5,8.2,4.0
2021-12-25,6.8,11.1,3.6,78.3,3.3,0.046,0.0,8.4,1023.9,38.0,9.0,5.0
2021-12-26,8.0,13.4,3.3,68.6,2.2,0.0,0.0,10.9,1023.8,1.5,12.6,6.0
2021-12-27,8.8,14.4,4.7,64.0,2.1,0.0,0.0,13.8,1022.4,1.8,12.6,6.0
2021-12-28,8.5,13.1,5.4,62.3,1.5,0.0,0.0,9.6,1018.9,15.7,9.4,4.0
2021-12-29,9.0,13.9,4.8,64.9,2.4,0.0,0.0,9.4,1016.7,43.3,10.5,5.0
2021-12-30,10.4,14.5,6.8,66.0,4.1,0.0,0.0,11.2,1015.4,34.6,10.8,5.0
2021-12-31,11.3,15.2,8.5,69.1,5.7,0.0,0.0,14.6,1016.7,63.0,9.7,5.0
2022-01-01,10.3,12.7,7.5,79.1,6.8,4.526,100.0,14.5,1016.0,84.0,7.1,4.0
2022-01-02,10.7,14.2,8.7,82.2,7.7,0.237,0.0,16.6,1015.3,56.6,10.0,5.0
2022-01-03,9.9,14.0,7.5,78.4,6.0,2.335,100.0,13.6,1018.2,43.1,8.6,4.0
2022-01-04,9.9,13.4,5.9,81.3,6.8,0.597,100.0,17.2,1022.1,52.8,8.8,5.0
2022-01-05,10.6,13.2,8.3,84.3,8.0,0.64,100.0,13.0,1023.4,66.8,4.1,2.0
2022-01-06,12.1,17.8,7.3,63.4,4.7,0.0,0.0,18.2,1021.8,16.8,12.9,6.0
2022-01-07,11.3,16.5,7.2,57.9,3.0,0.0,0.0,11.2,1018.8,22.5,13.3,6.0
2022-01-08,12.7,19.4,7.1,48.2,1.6,0.0,0.0,13.1,1017.3,2.9,13.2,6.0
2022-01-09,12.8,18.5,8.4,57.0,4.2,0.0,0.0,22.3,1014.0,24.9,13.0,6.0
2022-01-10,9.6,14.0,6.2,60.0,1.9,0.0,0.0,16.6,1014.3,16.2,13.4,6.0
2022-01-11,9.7,15.6,5.0,56.1,0.8,0.0,0.0,9.2,1016.9,0.0,13.2,6.0
2022-01-12,10.6,16.5,5.5,50.9,0.4,0.0,0.0,13.8,1017.2,26.2,12.8,6.0
2022-01-13,10.9,15.0,7.8,52.9,1.5,3.156,100.0,20.5,1014.7,28.2,12.0,6.0
2022-01-14,8.1,10.4,6.0,91.3,6.7,22.858,100.0,27.7,1012.7,68.0,6.3,3.0
2022-01-15,6.7,10.1,4.8,90.6,5.2,8.592,100.0,24.1,1011.7,67.0,8.6,4.0
2022-01-16,5.9,7.9,2.6,84.3,3.4,19.152,100.0,18.4,1011.3,70.3,4.6,3.0
2022-01-17,3.2,7.2,0.4,60.5,-4.2,0.0,0.0,8.4,1020.4,29.3,14.4,6.0
2022-01-18,3.5,8.5,0.0,59.7,-3.9,0.0,0.0,12.0,1023.5,25.8,14.6,7.0
2022-01-19,3.7,6.6,0.6,83.7,1.2,18.69,100.0,35.3,1017.2,64.5,6.9,4.0
2022-01-20,3.3,6.5,0.1,67.5,-2.3,2.895,100.0,25.9,1025.0,38.1,12.0,5.0
2022-01-21,5.1,9.9,1.0,68.6,-0.4,0.0,0.0,11.2,1026.6,42.2,13.5,6.0
2022-01-22,5.8,11.9,0.6,59.4,-1.9,0.0,0.0,56.1,1020.1,8.9,14.3,7.0
2022-01-23,6.2,10.2,3.3,79.4,2.8,8.586,100.0,28.0,1016.1,54.9,8.8,5.0
2022-01-24,4.8,6.5,2.2,84.9,2.4,5.978,100.0,17.5,1019.3,74.0,6.0,3.0
2022-01-25,5.1,10.9,0.7,76.3,1.1,0.0,0.0,14.0,1019.8,24.6,12.7,6.0
2022-01-26,4.5,8.2,0.7,83.2,1.8,22.289,100.0,25.7,1014.1,58.3,9.1,5.0
2022-01-27,2.8,5.6,-0.5,91.8,1.5,26.449,100.0,27.2,1017.1,79.7,9.0,4.0
2022-01-28,4.5,6.4,2.8,96.0,3.9,15.058,100.0,18.5,1021.7,81.5,7.9,5.0
2022-01-29,5.6,9.5,2.7,86.9,3.5,3.988,100.0,13.4,1021.9,56.8,9.3,4.0
2022-01-30,7.2,13.3,2.3,71.6,2.0,0.0,0.0,14.7,1018.7,11.7,14.2,7.0
2022-01-31,7.2,12.0,3.6,68.8,1.7,0.823,100.0,12.6,1013.8,50.4,11.4,5.0
2022-02-01,7.9,11.9,4.8,79.1,4.3,5.214,100.0,11.5,1019.1,54.2,10.6,5.0
2022-02-02,10.2,15.4,5.0,55.0,0.9,0.0,0.0,20.1,1018.8,17.0,15.2,7.0
2022-02-03,10.9,15.7,6.2,52.7,1.3,0.137,0.0,26.3,1012.3,29.4,15.5,7.0
2022-02-04,6.9,8.4,5.3,79.7,3.6,15.48,100.0,25.9,1012.2,76.6,12.3,5.0
2022-02-05,7.2,9.0,5.4,92.5,6.0,14.983,100.0,19.3,1018.6,66.5,10.2,5.0
2022-02-06,8.4,11.7,5.7,85.4,6.0,1.314,100.0,19.7,1023.8,54.3,9.2,4.0
2022-02-07,9.6,12.6,6.0,81.2,6.4,3.868,100.0,16.0,1023.1,59.8,5.5,2.0
2022-02-08,10.6,17.5,5.5,69.4,4.7,0.0,0.0,12.7,1020.6,7.7,16.4,7.0
2022-02-09,9.8,15.8,6.5,64.8,3.1,1.418,100.0,36.8,1014.4,24.2,15.9,7.0
2022-02-10,5.9,7.6,4.5,89.8,4.4,8.888,100.0,34.2,1014.8,70.9,9.8,5.0
2022-02-11,7.6,11.9,4.5,80.3,4.3,1.177,100.0,19.5,1021.0,43.4,10.7,5.0
2022-02-12,9.0,15.0,4.2,67.8,3.0,0.0,0.0,7.8,1025.5,6.3,17.1,7.0
2022-02-13,11.1,18.2,4.6,52.3,0.7,0.0,0.0,13.1,1021.9,0.0,18.0,8.0
2022-02-14,9.7,13.8,6.7,72.3,4.8,0.0,0.0,18.6,1019.6,59.0,11.0,4.0
2022-02-15,9.8,14.1,6.6,77.3,5.8,0.0,0.0,12.9,1020.1,43.8,10.4,4.0
2022-02-16,9.5,14.1,6.5,74.9,5.1,0.0,0.0,13.3,1019.8,39.7,13.1,6.0
2022-02-17,10.5,15.9,4.6,65.6,3.7,0.0,0.0,13.0,1014.4,27.2,16.2,7.0
2022-02-18,12.1,18.0,6.6,53.4,2.2,0.0,0.0,8.0,1010.5,12.9,18.2,8.0
2022-02-19,10.4,12.6,8.5,66.7,4.3,0.046,0.0,17.8,1011.7,52.2,8.0,3.0
2022-02-20,10.5,15.8,7.5,77.7,6.5,0.0,0.0,21.8,1020.5,56.9,11.7,5.0
2022-02-21,11.1,17.6,7.2,75.9,6.8,0.0,0.0,22.7,1021.3,48.1,11.5,5.0
2022-02-22,12.2,18.6,6.9,59.4,3.8,0.0,0.0,11.5,1016.8,30.9,13.6,6.0
2022-02-23,16.1,23.2,8.8,38.8,0.7,0.0,0.0,18.0,1013.4,21.8,18.9,8.0
2022-02-24,13.6,17.3,8.5,54.4,3.7,0.778,100.0,31.1,1010.9,42.6,15.8,7.0
2022-02-25,8.2,9.5,7.0,85.8,5.9,20.718,100.0,34.1,1012.7,73.5,10.5,5.0
2022-02-26,8.8,11.4,6.6,90.0,7.3,6.789,100.0,28.4,1019.0,67.8,9.7,5.0
2022-02-27,10.5,15.3,5.7,79.0,6.7,0.0,0.0,7.1,1022.4,44.4,13.2,5.0
2022-02-28,11.4,17.6,6.3,71.1,5.9,0.0,0.0,11.1,1020.9,18.3,18.8,8.0
2022-03-01,12.9,18.1,8.5,65.4,6.2,0.0,0.0,11.5,1019.8,29.9,18.6,8.0
2022-03-02,15.5,21.8,9.6,55.6,6.0,0.0,0.0,13.8,1014.8,41.0,15.2,7.0
2022-03-03,11.1,15.7,6.2,67.3,4.9,9.759,100.0,53.0,1010.7,52.9,12.7,6.0
2022-03-04,8.8,12.7,6.2,73.3,4.1,2.25,100.0,48.2,1017.2,52.5,15.0,6.0
2022-03-05,9.9,15.3,4.9,69.7,4.2,0.0,0.0,15.5,1017.1,21.5,19.8,8.0
2022-03-06,13.4,18.9,8.0,47.1,2.0,0.0,0.0,16.7,1010.4,32.8,16.2,8.0
2022-03-07,12.1,16.1,7.4,64.1,5.3,0.0,0.0,24.1,1011.9,34.1,18.5,8.0
2022-03-08,11.7,16.3,7.2,69.2,5.9,0.0,0.0,8.7,1012.3,33.0,15.4,6.0
2022-03-09,12.1,15.3,9.7,76.4,8.1,4.134,100.0,19.8,1008.4,52.9,17.6,8.0
2022-03-10,9.6,14.4,7.5,79.1,6.0,7.592,100.0,43.7,1010.0,60.3,13.0,6.0
2022-03-11,6.1,8.5,3.3,79.4,2.7,8.26,100.0,47.6,1012.3,74.4,16.2,7.0
2022-03-12,4.9,8.6,3.0,80.8,1.8,1.859,100.0,24.0,1018.3,71.1,13.7,5.0
2022-03-13,5.3,9.1,2.1,80.3,2.1,1.523,100.0,29.0,1019.6,49.4,16.8,7.0
2022-03-14,4.5,7.7,1.2,65.6,-1.6,0.0,0.0,23.8,1021.5,60.2,16.4,6.0
2022-03-15,3.1,7.5,-0.6,68.1,-2.3,0.895,100.0,25.4,1022.6,48.7,20.1,8.0
2022-03-16,4.7,10.1,0.2,65.5,-1.7,0.0,0.0,19.0,1024.5,37.8,18.6,7.0
2022-03-17,6.8,12.7,0.9,66.3,0.5,0.0,0.0,16.5,1023.3,59.0,21.3,8.0
2022-03-18,7.7,9.8,5.0,85.4,5.4,0.94,100.0,17.8,1018.8,78.2,10.0,6.0
2022-03-19,8.3,11.5,4.6,75.1,3.9,0.412,100.0,24.3,1018.5,61.6,15.7,6.0
2022-03-20,5.7,9.9,2.7,59.7,-1.8,0.0,0.0,20.6,1018.2,50.3,20.9,9.0
2022-03-21,7.2,11.7,3.7,50.5,-3.0,0.0,0.0,18.8,1014.9,57.3,19.8,8.0
2022-03-22,7.0,11.4,2.7,61.8,-0.1,0.0,0.0,16.3,1014.8,42.7,20.5,8.0
2022-03-23,5.9,9.1,1.9,68.9,0.5,3.979,100.0,21.6,1015.9,39.7,16.9,6.0
2022-03-24,5.3,7.6,2.9,85.0,2.9,20.159,100.0,23.7,1014.6,61.6,16.6,6.0
2022-03-25,6.0,9.4,4.2,88.6,4.2,16.533,100.0,26.3,1016.8,71.8,18.7,8.0
2022-03-26,9.0,14.6,4.5,70.0,3.5,0.0,0.0,24.5,1023.9,38.7,22.5,9.0
2022-03-27,10.2,15.1,5.4,66.1,3.9,0.0,0.0,17.1,1025.8,34.5,16.2,6.0
2022-03-28,11.9,18.0,4.2,50.1,-0.1,0.0,0.0,17.6,1026.6,17.9,24.2,9.0
2022-03-29,16.6,22.8,10.9,25.5,-3.6,0.0,0.0,27.2,1020.3,20.4,24.0,9.0
2022-03-30,16.1,21.8,11.9,41.4,2.6,0.0,0.0,18.2,1015.4,16.6,25.0,9.0
2022-03-31,16.0,22.8,7.8,37.1,0.2,0.0,0.0,8.3,1018.7,19.3,24.0,9.0
2022-04-01,20.7,29.3,12.6,26.5,-0.3,0.0,0.0,18.5,1018.2,15.9,25.2,9.0
2022-04-02,22.5,28.9,17.0,28.2,2.8,0.0,0.0,17.2,1015.8,17.6,24.7,9.0
2022-04-03,20.8,27.0,15.0,25.9,-0.1,0.0,0.0,17.6,1016.3,27.6,19.0,7.0
2022-04-04,20.9,28.4,14.6,26.8,0.6,0.0,0.0,21.3,1018.8,5.2,25.4,9.0
2022-04-05,22.0,29.4,13.8,25.9,0.7,0.0,0.0,13.6,1017.9,13.6,25.7,9.0
2022-04-06,22.1,29.0,15.6,27.6,1.9,0.0,0.0,31.1,1012.1,28.7,25.4,10.0
2022-04-07,17.8,24.3,11.6,55.0,7.9,0.0,0.0,19.9,1014.7,25.6,24.8,9.0
2022-04-08,20.8,26.6,12.7,37.5,4.9,0.0,0.0,31.7,1012.5,26.9,18.9,8.0
2022-04-09,16.0,23.0,9.9,65.7,9.3,0.0,0.0,17.6,1014.8,25.9,23.2,10.0
2022-04-10,19.6,29.0,11.2,47.0,6.5,0.0,0.0,12.8,1013.4,22.9,24.7,9.0
2022-04-11,18.1,23.2,13.9,40.4,4.1,0.0,0.0,29.0,1012.0,26.1,25.5,9.0
2022-04-12,12.5,17.4,8.4,60.9,4.9,0.0,0.0,31.0,1014.3,51.1,22.2,9.0
2022-04-13,13.2,20.2,7.5,63.0,5.8,0.0,0.0,15.8,1014.3,26.9,25.4,10.0
2022-04-14,15.8,23.9,8.4,44.5,2.6,0.0,0.0,29.5,1014.2,11.3,26.5,10.0
2022-04-15,17.2,25.3,9.2,32.6,-0.5,0.0,0.0,19.1,1015.1,10.8,26.9,10.0
2022-04-16,18.4,25.9,11.9,27.2,-1.6,0.0,0.0,17.0,1014.5,36.4,27.4,10.0
2022-04-17,22.6,30.9,13.4,23.2,-2.1,0.0,0.0,18.4,1013.4,14.8,26.8,10.0
2022-04-18,26.1,34.5,19.4,18.4,-1.4,0.0,0.0,17.4,1010.1,30.3,23.5,10.0
2022-04-19,19.0,23.0,12.0,48.3,7.3,0.0,0.0,27.7,1012.0,25.1,20.3,8.0
2022-04-20,14.8,20.5,10.1,61.5,7.1,0.0,0.0,22.7,1016.2,32.8,23.2,9.0
2022-04-21,15.9,23.0,8.0,54.0,5.4,0.0,0.0,9.4,1016.3,13.7,26.3,10.0
2022-04-22,21.4,29.9,11.6,32.5,2.2,0.0,0.0,13.4,1013.4,42.6,24.0,10.0
2022-04-23,25.0,32.4,18.0,24.3,2.4,0.0,0.0,25.9,1008.5,29.8,25.1,9.0
2022-04-24,23.8,29.5,19.4,39.2,8.8,0.0,0.0,17.0,1008.6,58.7,24.1,9.0
2022-04-25,24.1,30.9,16.4,37.3,7.7,0.0,0.0,22.3,1011.4,24.1,25.7,10.0
2022-04-26,23.9,30.4,17.2,35.6,7.2,0.0,0.0,20.5,1012.4,17.2,26.1,10.0
2022-04-27,23.7,30.5,16.1,35.1,6.9,0.0,0.0,14.8,1011.7,26.2,25.7,10.0
2022-04-28,22.3,28.5,15.3,35.8,6.0,0.0,0.0,20.5,1011.2,22.5,26.6,9.0
2022-04-29,24.6,32.5,16.4,38.3,7.9,0.0,0.0,14.8,1012.5,0.9,27.3,10.0
2022-04-30,24.8,31.9,18.0,35.6,7.2,0.0,0.0,44.8,1008.3,6.3,28.3,10.0
2022-05-01,18.4,22.9,14.0,60.0,10.3,0.0,0.0,25.2,1011.9,22.2,24.4,9.0
2022-05-02,20.0,28.1,12.2,50.6,8.2,0.0,0.0,18.4,1013.8,23.7,25.4,10.0
2022-05-03,24.2,33.5,18.0,33.3,5.6,0.0,0.0,33.0,1009.5,23.7,27.8,10.0
2022-05-04,19.2,23.8,15.7,57.9,10.4,0.0,0.0,35.3,1011.8,39.5,20.5,7.0
2022-05-05,15.8,20.9,11.8,62.1,8.2,0.0,0.0,37.7,1014.0,52.6,18.7,7.0
2022-05-06,14.6,19.8,11.2,65.9,8.0,2.83,100.0,25.9,1013.1,55.5,20.0,8.0
2022-05-07,15.1,21.4,9.6,58.2,6.3,0.0,0.0,20.6,1015.1,34.3,24.1,8.0
2022-05-08,17.1,24.4,9.5,42.8,3.7,0.0,0.0,15.3,1016.7,10.5,28.4,10.0
2022-05-09,20.7,29.5,12.5,36.8,3.9,0.0,0.0,10.9,1014.4,6.8,27.5,10.0
2022-05-10,20.9,25.5,15.8,33.4,3.8,0.0,0.0,22.6,1014.6,12.5,28.5,10.0
2022-05-11,19.3,25.4,12.4,38.2,4.1,0.0,0.0,18.4,1017.2,18.3,27.8,10.0
2022-05-12,18.8,24.5,11.7,39.3,4.3,0.0,0.0,22.3,1019.3,9.5,27.4,10.0
2022-05-13,22.2,30.5,12.8,30.7,3.0,0.0,0.0,13.8,1019.2,5.9,28.2,10.0
2022-05-14,28.0,36.5,19.0,22.6,3.1,0.0,0.0,15.2,1015.2,15.0,27.8,10.0
2022-05-15,24.0,27.4,15.0,33.4,6.3,0.0,0.0,31.4,1014.7,18.4,27.6,10.0
2022-05-16,19.3,25.5,12.8,42.4,5.7,0.0,0.0,20.6,1018.1,24.8,24.2,10.0
2022-05-17,21.4,27.9,16.5,44.5,8.4,0.0,0.0,23.4,1016.0,28.2,28.9,10.0
2022-05-18,22.2,28.9,15.4,41.4,7.9,0.0,0.0,22.3,1014.9,1.0,29.2,10.0
2022-05-19,22.5,28.9,14.5,33.6,4.6,0.0,0.0,23.0,1015.3,0.9,29.5,10.0
2022-05-20,25.0,31.4,15.8,24.3,2.4,0.0,0.0,13.9,1015.0,12.6,29.4,10.0
2022-05-21,26.8,33.9,19.7,21.9,2.2,0.0,0.0,25.9,1013.6,20.2,25.7,9.0
2022-05-22,21.9,26.0,14.0,42.5,8.0,0.0,0.0,31.7,1011.3,19.4,26.3,9.0
2022-05-23,19.7,25.9,13.7,52.3,8.9,0.0,0.0,40.7,1011.6,26.9,26.1,9.0
2022-05-24,22.1,28.9,14.7,38.5,6.9,0.0,0.0,23.9,1013.6,7.8,28.8,10.0
2022-05-25,23.7,30.9,14.8,38.0,7.7,0.0,0.0,16.1,1015.9,4.0,28.7,10.0
2022-05-26,25.7,33.5,16.5,32.0,6.2,0.0,0.0,21.0,1016.0,0.7,29.2,10.0
2022-05-27,27.9,35.5,18.7,27.8,5.8,0.0,0.0,12.1,1013.1,22.5,28.1,9.0
2022-05-28,28.3,35.5,23.0,27.0,7.0,0.0,0.0,19.4,1010.7,30.6,27.8,10.0
2022-05-29,28.8,36.4,21.1,28.2,7.9,0.0,0.0,20.2,1011.7,22.6,27.6,10.0
2022-05-30,28.6,35.4,21.1,28.1,8.0,0.0,0.0,24.9,1012.3,4.9,28.9,10.0
2022-05-31,27.4,33.5,19.9,30.3,8.0,0.0,0.0,21.8,1012.2,0.0,29.5,10.0
2022-06-01,25.8,32.6,18.3,36.4,9.4,0.0,0.0,20.2,1010.4,3.4,28.7,10.0
2022-06-02,25.1,31.5,18.8,35.1,8.1,0.0,0.0,24.7,1009.3,4.9,29.2,10.0
2022-06-03,25.0,31.5,18.1,37.6,8.8,0.0,0.0,18.4,1011.7,0.0,29.6,10.0
2022-06-04,25.8,32.5,18.9,34.9,8.4,0.0,0.0,17.5,1012.7,1.7,29.6,10.0
2022-06-05,26.0,32.4,20.0,29.9,6.4,0.0,0.0,23.4,1012.3,4.5,29.5,10.0
2022-06-06,24.7,30.9,17.9,34.6,7.8,0.0,0.0,22.3,1011.2,14.4,29.4,10.0
2022-06-07,24.4,29.9,17.8,42.1,10.6,0.0,0.0,21.5,1009.9,15.3,28.2,10.0
2022-06-08,25.0,31.4,17.9,44.1,11.4,0.0,0.0,24.1,1011.3,15.0,29.2,10.0
2022-06-09,26.1,32.4,18.3,34.6,8.7,0.0,0.0,20.6,1012.8,3.3,29.6,10.0
2022-06-10,27.1,33.5,19.2,33.4,8.6,0.0,0.0,24.3,1013.2,0.0,29.7,10.0
2022-06-11,28.4,36.0,19.3,27.1,7.0,0.0,0.0,18.7,1012.3,0.3,29.4,10.0
2022-06-12,27.1,32.5,20.0,34.2,9.2,0.0,0.0,23.9,1008.8,4.9,28.9,10.0
2022-06-13,22.3,27.5,18.3,60.7,14.1,0.0,0.0,27.7,1009.7,52.3,20.8,7.0
2022-06-14,22.7,28.9,16.8,58.8,13.6,0.0,0.0,20.1,1012.2,30.9,25.6,9.0
2022-06-15,23.4,29.5,16.7,58.5,14.3,0.0,0.0,20.2,1013.2,17.2,28.7,10.0
2022-06-16,26.4,34.0,16.8,46.7,13.0,0.0,0.0,16.4,1012.2,7.1,29.1,10.0
2022-06-17,29.1,36.5,20.9,39.0,13.1,0.0,0.0,21.8,1009.6,7.6,28.7,10.0
2022-06-18,27.1,33.4,20.9,46.6,14.2,0.0,0.0,23.0,1009.0,0.3,29.1,10.0
2022-06-19,25.6,32.5,19.9,43.4,11.6,0.0,0.0,21.8,1011.1,4.5,29.3,10.0
2022-06-20,24.6,31.9,17.1,40.3,9.9,0.0,0.0,22.3,1012.3,5.4,29.3,10.0
2022-06-21,22.4,27.9,17.0,57.6,13.2,0.0,0.0,26.9,1009.9,24.2,27.2,10.0
2022-06-22,22.3,28.8,17.0,61.4,13.9,0.0,0.0,31.7,1007.1,42.2,26.3,9.0
2022-06-23,25.5,32.9,18.2,51.6,14.1,0.0,0.0,24.1,1009.2,9.7,28.7,10.0
2022-06-24,27.1,33.8,19.5,39.0,11.5,0.0,0.0,18.8,1009.5,0.5,29.0,10.0
2022-06-25,25.6,30.4,21.6,44.4,12.4,0.0,0.0,29.5,1008.0,16.5,25.5,8.0
2022-06-26,23.6,29.4,17.4,53.4,12.9,0.0,0.0,24.1,1011.0,18.8,25.8,9.0
2022-06-27,24.6,30.9,18.2,44.6,11.2,0.0,0.0,21.5,1011.3,18.4,27.8,9.0
2022-06-28,25.3,31.5,17.8,44.0,11.6,0.0,0.0,20.9,1009.3,9.0,28.8,10.0
2022-06-29,25.4,31.5,19.8,41.6,11.1,0.0,0.0,22.7,1009.2,6.3,29.3,10.0
2022-06-30,25.1,30.9,18.2,42.0,10.9,0.0,0.0,22.7,1008.9,4.4,29.4,10.0
2022-07-01,25.3,31.4,18.8,42.5,11.3,0.0,0.0,22.3,1009.4,3.7,29.0,10.0
2022-07-02,25.2,30.9,18.7,46.4,12.8,0.0,0.0,27.8,1009.3,17.1,27.4,10.0
2022-07-03,25.6,31.9,19.3,51.2,14.5,0.0,0.0,28.0,1007.9,17.7,27.5,10.0
2022-07-04,26.5,33.4,21.1,43.4,12.6,0.0,0.0,21.9,1007.7,11.3,28.5,10.0
2022-07-05,26.2,32.4,19.1,38.7,10.2,0.0,0.0,25.8,1008.9,8.0,28.5,10.0
2022-07-06,25.4,31.8,19.4,40.5,10.4,0.0,0.0,25.4,1008.2,15.7,27.8,10.0
2022-07-07,26.0,32.4,19.5,39.1,10.5,0.0,0.0,23.1,1009.1,5.4,28.5,10.0
2022-07-08,26.5,33.5,19.1,32.8,7.9,0.0,0.0,19.2,1009.3,8.3,29.3,10.0
2022-07-09,26.3,32.8,21.0,34.4,9.0,0.0,0.0,24.5,1008.1,0.9,29.1,10.0
2022-07-10,25.4,31.8,18.9,46.1,12.4,0.0,0.0,24.1,1007.1,11.7,27.6,10.0
2022-07-11,24.8,30.5,19.4,56.9,14.9,0.0,0.0,22.3,1009.7,24.4,26.9,10.0
2022-07-12,24.9,31.5,18.0,55.8,14.8,0.0,0.0,22.2,1011.6,13.1,28.2,10.0
2022-07-13,25.9,32.3,19.2,49.0,13.8,0.0,0.0,25.7,1010.2,7.9,27.7,10.0
2022-07-14,25.4,31.9,19.6,48.9,13.5,0.0,0.0,22.2,1008.8,7.2,27.7,10.0
2022-07-15,25.7,32.4,18.8,48.4,13.6,0.0,0.0,23.7,1007.9,16.7,27.0,10.0
2022-07-16,24.8,31.5,18.7,46.5,12.0,0.0,0.0,24.0,1009.2,3.9,28.1,10.0
2022-07-17,25.8,32.9,19.0,44.0,12.4,0.0,0.0,18.4,1008.5,8.1,28.9,10.0
2022-07-18,27.1,35.0,19.4,51.7,15.6,0.0,0.0,21.0,1007.4,10.4,28.2,10.0
2022-07-19,28.5,36.5,20.5,39.4,12.7,0.0,0.0,19.1,1008.3,2.5,28.5,10.0
2022-07-20,28.4,35.4,22.4,36.5,11.8,0.0,0.0,22.0,1009.2,2.0,28.2,10.0
2022-07-21,26.6,32.9,19.8,43.9,13.0,0.0,0.0,22.2,1008.6,5.1,28.2,10.0
2022-07-22,26.3,32.9,20.5,48.0,14.0,0.0,0.0,25.1,1009.8,5.4,27.4,10.0
2022-07-23,26.5,36.0,18.8,45.9,13.2,0.0,0.0,24.3,1009.3,4.9,28.0,10.0
2022-07-24,27.2,33.8,20.9,45.1,13.8,0.0,0.0,23.3,1006.9,4.6,28.2,10.0
2022-07-25,26.7,33.9,20.1,44.0,12.9,0.0,0.0,22.6,1006.3,4.5,28.0,10.0
2022-07-26,27.0,33.9,19.8,34.2,9.2,0.0,0.0,21.8,1007.2,2.7,28.5,10.0
2022-07-27,27.7,36.0,20.3,34.8,10.3,0.0,0.0,18.4,1006.8,2.9,28.6,10.0
2022-07-28,29.4,37.2,21.3,39.9,12.9,0.0,0.0,14.8,1008.2,1.4,28.3,10.0
2022-07-29,30.1,37.5,22.4,30.6,10.1,0.0,0.0,23.8,1009.2,5.2,28.3,10.0
2022-07-30,28.5,34.8,24.2,30.8,9.1,0.0,0.0,23.2,1009.1,6.1,27.2,10.0
2022-07-31,26.6,34.1,20.8,43.1,12.7,0.0,0.0,19.4,1007.0,16.1,27.4,10.0
2022-08-01,26.5,32.9,19.9,46.8,14.0,0.0,0.0,23.6,1006.3,8.8,27.2,10.0
2022-08-02,28.3,34.9,21.4,37.9,12.2,0.0,0.0,20.5,1007.5,21.5,27.2,10.0
2022-08-03,29.3,36.0,21.8,34.2,11.5,0.0,0.0,17.4,1008.4,11.7,27.3,10.0
2022-08-04,31.0,38.1,22.1,38.0,13.6,0.0,0.0,16.6,1009.2,5.9,26.8,9.0
2022-08-05,31.0,36.5,25.1,40.4,15.7,0.0,0.0,16.4,1008.6,11.0,26.1,9.0
2022-08-06,30.1,36.0,24.1,35.8,13.0,0.0,0.0,19.4,1007.7,2.7,26.8,9.0
2022-08-07,29.2,37.0,21.5,40.4,13.5,0.0,0.0,60.8,1006.7,3.5,26.6,9.0
2022-08-08,26.9,32.9,20.9,47.2,14.4,0.0,0.0,19.0,1009.2,6.3,26.4,9.0
2022-08-09,25.7,32.4,19.7,57.3,16.0,0.0,0.0,22.3,1010.2,13.5,26.0,9.0
2022-08-10,25.7,31.5,20.5,59.2,16.5,0.0,0.0,21.3,1009.4,15.9,25.5,9.0
2022-08-11,25.6,31.5,20.6,60.8,16.8,0.0,0.0,23.7,1009.6,23.5,25.7,9.0
2022-08-12,26.1,33.5,19.1,48.2,13.5,0.0,0.0,21.1,1009.7,4.9,27.1,10.0
2022-08-13,25.1,31.4,19.3,57.4,15.5,0.0,0.0,23.4,1008.9,12.9,25.7,10.0
2022-08-14,24.9,31.5,19.3,61.8,16.5,0.0,0.0,22.2,1008.7,17.5,24.4,9.0
2022-08-15,25.4,32.5,19.0,51.9,14.1,0.0,0.0,27.7,1010.2,12.7,26.2,10.0
2022-08-16,27.2,35.5,18.8,47.1,13.6,0.0,0.0,19.2,1010.6,5.1,26.8,10.0
2022-08-17,28.0,35.5,20.9,47.6,14.9,0.0,0.0,18.9,1008.7,11.4,25.8,9.0
2022-08-18,27.6,34.6,19.4,40.3,12.2,0.0,0.0,20.2,1007.3,1.4,26.8,10.0
2022-08-19,26.1,32.9,18.8,48.0,13.8,0.0,0.0,22.3,1007.3,8.9,26.8,10.0
2022-08-20,25.9,34.0,18.0,50.1,14.5,0.0,0.0,20.5,1007.5,18.0,25.8,10.0
2022-08-21,27.3,32.9,21.6,46.0,14.3,0.0,0.0,21.5,1007.6,16.5,24.1,9.0
2022-08-22,26.1,31.9,20.0,46.5,13.5,0.0,0.0,22.3,1008.9,16.2,25.0,9.0
2022-08-23,25.4,30.9,19.9,55.7,15.3,0.0,0.0,23.4,1011.2,23.8,22.7,9.0
2022-08-24,26.0,33.9,18.9,47.5,12.1,0.0,0.0,18.3,1011.3,9.5,25.9,10.0
2022-08-25,28.6,35.0,22.3,35.2,11.0,0.0,0.0,23.0,1010.1,0.2,25.2,9.0
2022-08-26,28.4,34.6,22.2,39.8,13.1,0.0,0.0,11.4,1009.6,11.9,24.5,9.0
2022-08-27,29.7,38.0,22.0,38.6,13.3,0.0,0.0,18.1,1009.9,4.3,25.0,9.0
2022-08-28,32.1,40.9,23.5,31.9,10.2,0.0,0.0,11.3,1010.8,2.9,24.5,9.0
2022-08-29,32.2,41.0,24.7,30.5,11.2,0.0,0.0,11.8,1012.1,12.5,23.1,9.0
2022-08-30,32.1,40.5,24.8,37.7,14.4,0.0,0.0,18.3,1012.4,20.0,23.9,9.0
2022-08-31,31.6,38.7,24.2,39.2,15.3,0.0,0.0,17.5,1011.2,17.8,22.8,9.0
2022-09-01,30.4,37.1,24.3,51.2,18.4,0.0,0.0,16.6,1010.2,21.3,23.5,9.0
2022-09-02,30.1,38.6,23.3,51.0,17.9,0.0,0.0,15.9,1011.0,16.0,23.4,9.0
2022-09-03,29.3,36.6,23.0,62.1,20.8,0.0,0.0,19.8,1012.4,9.1,23.6,9.0
2022-09-04,28.1,34.5,22.6,56.6,18.3,0.0,0.0,20.0,1012.5,16.5,23.1,9.0
2022-09-05,27.4,34.5,21.0,54.8,16.8,0.0,0.0,19.9,1011.5,9.6,23.2,9.0
2022-09-06,25.1,30.9,19.0,62.3,16.8,0.046,0.0,22.5,1010.4,27.1,22.7,9.0
2022-09-07,24.3,30.9,18.9,65.2,16.8,0.0,0.0,18.4,1010.5,39.1,20.2,8.0
2022-09-08,26.2,33.5,19.5,57.0,16.3,0.0,0.0,13.8,1012.0,18.4,22.8,9.0
2022-09-09,28.0,36.5,20.1,41.6,12.5,0.0,0.0,16.3,1012.9,4.4,23.6,9.0
2022-09-10,27.6,35.0,21.0,39.8,12.2,0.0,0.0,22.9,1012.8,2.8,23.5,9.0
2022-09-11,26.4,33.5,18.9,40.4,11.1,0.0,0.0,17.7,1011.4,2.6,23.7,9.0
2022-09-12,25.8,32.0,19.7,38.8,10.0,0.0,0.0,20.5,1008.9,5.9,23.8,9.0
2022-09-13,24.6,30.8,18.3,61.7,16.2,0.0,0.0,20.5,1009.0,26.5,20.7,8.0
2022-09-14,23.6,29.4,18.8,62.4,15.4,0.0,0.0,18.4,1012.5,27.4,20.5,8.0
2022-09-15,23.4,31.0,16.9,58.9,14.2,0.0,0.0,14.8,1014.7,9.5,22.8,9.0
2022-09-16,25.4,32.9,17.4,49.3,13.2,0.0,0.0,10.9,1012.9,4.3,22.8,9.0
2022-09-17,27.2,35.0,21.2,41.7,12.4,0.0,0.0,18.7,1009.9,4.9,21.3,9.0
2022-09-18,24.9,31.5,19.4,62.4,16.9,0.0,0.0,21.7,1010.3,14.7,21.1,8.0
2022-09-19,23.8,29.4,19.9,64.9,16.5,0.0,0.0,22.3,1011.9,33.2,18.4,8.0
2022-09-20,22.7,28.8,18.4,68.1,16.1,0.0,0.0,21.5,1011.0,33.2,18.3,7.0
2022-09-21,21.5,27.3,17.3,64.8,14.0,0.0,0.0,26.9,1010.6,38.7,19.5,8.0
2022-09-22,21.6,27.6,16.7,62.5,13.4,0.0,0.0,23.1,1012.1,29.9,20.4,8.0
2022-09-23,23.1,29.9,17.1,54.3,12.4,0.0,0.0,20.7,1014.2,20.2,20.6,8.0
2022-09-24,24.6,31.7,18.8,44.1,11.0,0.0,0.0,20.3,1016.4,1.3,21.3,8.0
2022-09-25,25.4,32.0,19.4,39.7,10.1,0.0,0.0,16.3,1016.8,1.8,21.2,8.0
2022-09-26,26.4,32.9,20.7,29.1,6.3,0.0,0.0,17.2,1016.3,0.6,21.2,8.0
2022-09-27,25.6,31.5,20.3,35.6,8.8,0.0,0.0,18.4,1015.3,1.3,21.2,8.0
2022-09-28,23.4,29.1,18.4,41.8,9.1,0.0,0.0,20.6,1014.8,0.0,21.2,8.0
2022-09-29,25.2,33.5,19.0,45.5,12.3,0.0,0.0,24.3,1014.9,0.8,20.1,8.0
2022-09-30,27.3,33.9,20.8,39.7,11.5,0.0,0.0,15.2,1016.8,2.0,20.1,8.0
2022-10-01,27.8,34.3,20.9,37.2,11.4,0.0,0.0,20.3,1017.2,0.0,20.1,8.0
2022-10-02,25.8,31.6,21.0,45.6,12.9,0.0,0.0,19.9,1013.0,9.0,20.1,8.0
2022-10-03,25.2,32.0,19.1,46.8,12.6,0.0,0.0,17.4,1009.6,4.6,20.0,8.0
2022-10-04,24.5,31.0,19.2,61.2,15.7,0.0,0.0,14.7,1012.1,11.1,19.1,8.0
2022-10-05,23.7,31.5,18.4,62.8,15.5,0.0,0.0,14.6,1016.7,7.4,19.4,8.0
2022-10-06,23.8,31.5,17.6,56.9,14.1,0.0,0.0,15.5,1016.1,6.1,19.2,8.0
2022-10-07,21.6,27.1,16.6,64.7,14.4,0.0,0.0,18.2,1014.7,21.7,17.4,7.0
2022-10-08,20.3,26.0,16.3,64.6,13.1,0.0,0.0,17.6,1014.7,38.6,17.8,7.0
2022-10-09,19.8,24.9,15.8,65.9,12.8,0.0,0.0,17.8,1016.2,35.6,15.2,6.0
2022-10-10,20.0,26.5,14.6,62.9,12.2,0.0,0.0,15.0,1018.6,8.7,18.8,8.0
2022-10-11,21.4,28.9,15.2,55.4,11.3,0.0,0.0,16.4,1017.6,4.7,19.0,8.0
2022-10-12,21.8,29.5,15.4,55.8,12.0,0.0,0.0,16.7,1016.5,16.4,16.9,7.0
2022-10-13,20.3,26.4,16.2,70.5,14.3,0.0,0.0,19.1,1015.8,34.0,14.9,6.0
2022-10-14,19.5,25.5,15.3,68.4,13.1,0.0,0.0,12.7,1014.6,32.0,15.4,7.0
2022-10-15,20.1,26.0,15.1,64.7,12.7,0.0,0.0,14.7,1013.6,24.2,16.6,7.0
2022-10-16,22.2,29.7,15.3,48.9,10.1,0.0,0.0,18.0,1014.1,15.8,17.2,7.0
2022-10-17,21.9,27.5,17.7,54.1,11.9,0.0,0.0,19.5,1016.7,18.6,16.4,7.0
2022-10-18,20.3,26.5,14.9,64.5,12.9,0.0,0.0,12.9,1018.2,25.3,16.4,7.0
2022-10-19,20.6,27.9,15.2,60.0,12.1,0.0,0.0,14.1,1016.0,14.9,17.4,7.0
2022-10-20,19.9,25.7,15.9,65.0,12.8,0.0,0.0,16.5,1015.9,38.3,16.2,7.0
2022-10-21,20.1,24.8,17.8,68.7,13.9,1.031,100.0,14.8,1015.9,48.1,12.2,5.0
2022-10-22,19.5,25.0,15.1,64.9,12.2,0.0,0.0,14.0,1018.1,29.3,13.2,6.0
2022-10-23,19.9,26.9,14.9,63.0,11.8,0.0,0.0,19.1,1018.8,18.4,13.9,6.0
2022-10-24,20.1,26.4,15.1,59.6,11.4,0.046,0.0,13.0,1017.6,19.7,15.8,7.0
2022-10-25,20.7,25.3,16.4,48.1,8.9,0.0,0.0,24.1,1016.5,27.9,13.4,6.0
2022-10-26,19.3,22.4,16.9,61.3,11.5,1.139,100.0,18.3,1017.3,47.1,12.8,6.0
2022-10-27,20.0,25.3,15.3,56.1,10.4,0.054,0.0,14.8,1018.7,12.8,15.4,7.0
2022-10-28,20.3,27.4,14.0,52.3,9.3,0.0,0.0,11.6,1018.1,11.7,15.9,7.0
2022-10-29,21.7,28.3,15.7,41.7,7.3,0.0,0.0,10.6,1015.6,10.1,16.4,7.0
2022-10-30,20.7,26.3,16.5,48.1,9.0,0.0,0.0,18.3,1014.4,15.3,15.9,7.0
2022-10-31,19.1,23.9,15.8,68.1,12.7,0.0,0.0,17.4,1016.2,35.8,14.2,7.0
2022-11-01,17.5,21.9,13.3,72.2,12.2,0.0,0.0,15.4,1017.5,35.8,13.3,6.0
2022-11-02,16.8,21.4,13.1,70.7,11.1,0.0,0.0,18.5,1017.5,35.2,13.8,6.0
2022-11-03,16.9,22.4,12.2,70.3,10.9,1.646,100.0,14.5,1018.5,28.8,14.5,6.0
2022-11-04,16.9,23.0,11.6,63.8,9.0,0.0,0.0,8.6,1018.2,18.3,14.6,7.0
2022-11-05,18.6,25.1,12.9,44.6,5.5,0.0,0.0,9.6,1017.6,26.2,14.9,6.0
2022-11-06,20.1,26.3,14.5,37.8,4.8,0.0,0.0,17.5,1017.2,3.6,15.0,7.0
2022-11-07,17.3,22.2,14.0,66.7,10.6,0.0,0.0,22.1,1015.3,31.0,11.4,5.0
2022-11-08,14.6,18.4,12.1,80.9,11.3,1.734,100.0,15.4,1014.4,61.6,10.5,5.0
2022-11-09,14.2,17.6,10.9,86.2,11.8,3.154,100.0,14.8,1016.0,55.5,8.2,4.0
2022-11-10,14.5,20.0,9.6,75.8,9.8,3.842,100.0,7.0,1018.1,20.4,12.3,6.0
2022-11-11,15.9,22.4,9.8,60.6,7.7,0.0,0.0,11.6,1019.9,17.7,14.2,6.0
2022-11-12,16.4,21.9,11.7,55.3,7.0,0.0,0.0,23.9,1021.1,5.3,14.6,6.0
2022-11-13,18.0,23.8,13.1,55.3,8.7,0.0,0.0,18.7,1021.1,29.5,13.0,6.0
2022-11-14,17.4,22.5,13.6,72.8,12.3,1.628,100.0,11.0,1018.4,49.2,10.7,5.0
2022-11-15,16.8,21.1,13.8,74.8,12.1,0.0,0.0,18.2,1016.7,45.1,10.0,5.0
2022-11-16,14.4,18.0,11.3,78.2,10.5,0.191,0.0,20.4,1015.7,40.8,11.0,6.0
2022-11-17,14.1,18.2,10.0,76.5,9.9,1.006,100.0,14.5,1017.7,40.0,10.7,5.0
2022-11-18,14.8,21.2,9.9,66.9,8.0,0.0,0.0,8.6,1020.3,21.4,11.7,6.0
2022-11-19,15.4,21.4,9.7,54.1,5.6,0.0,0.0,12.6,1023.8,3.1,14.0,6.0
2022-11-20,16.0,22.0,11.0,46.6,4.1,0.0,0.0,21.0,1024.5,10.9,14.1,6.0
2022-11-21,17.6,23.9,12.0,44.9,5.2,0.0,0.0,19.9,1020.4,30.3,12.8,6.0
2022-11-22,16.3,20.8,13.1,61.9,8.8,0.0,0.0,12.3,1017.9,41.1,10.9,6.0
2022-11-23,15.5,21.9,10.2,67.8,8.8,0.0,0.0,10.8,1017.5,10.2,12.4,6.0
2022-11-24,15.4,19.9,12.6,70.7,10.0,0.38,100.0,22.3,1012.8,54.5,8.1,4.0
2022-11-25,12.3,13.6,10.9,84.6,9.7,5.364,100.0,58.2,1012.7,59.2,8.8,4.0
2022-11-26,12.3,15.3,10.2,83.7,9.5,18.459,100.0,24.9,1016.7,58.6,9.4,5.0
2022-11-27,11.8,16.3,7.4,76.9,7.6,0.366,100.0,16.9,1018.1,41.6,10.3,5.0
2022-11-28,14.7,19.1,10.0,67.5,8.6,0.0,0.0,35.6,1014.0,36.6,12.7,6.0
2022-11-29,13.2,15.1,10.8,81.4,10.0,2.36,100.0,13.8,1013.1,55.6,9.2,5.0
2022-11-30,12.9,17.0,9.7,88.4,11.0,1.189,100.0,13.6,1016.8,43.6,8.1,4.0
2022-12-01,13.4,19.9,8.4,74.8,8.5,0.046,0.0,8.0,1020.1,17.1,12.4,6.0
2022-12-02,13.7,19.8,8.0,66.5,7.3,0.0,0.0,8.6,1020.4,6.8,12.9,6.0
2022-12-03,13.1,18.7,8.5,65.8,6.5,0.0,0.0,10.7,1019.7,24.7,11.9,5.0
2022-12-04,13.4,19.6,8.5,64.2,6.5,0.0,0.0,9.6,1020.2,22.7,12.3,6.0
2022-12-05,13.5,18.1,9.5,69.6,7.9,0.0,0.0,7.9,1019.9,42.4,10.1,5.0
2022-12-06,12.4,17.4,8.8,80.5,9.0,0.109,0.0,14.3,1019.2,37.8,10.0,5.0
2022-12-07,12.3,17.9,7.3,77.7,8.2,2.607,100.0,6.4,1019.5,40.7,10.0,5.0
2022-12-08,13.1,18.8,8.4,68.7,7.3,0.0,0.0,7.6,1020.9,11.5,12.1,6.0
2022-12-09,12.6,18.3,8.5,72.3,7.5,0.0,0.0,9.2,1021.7,19.7,11.2,6.0
2022-12-10,12.1,17.8,7.5,73.8,7.3,0.0,0.0,7.4,1020.9,3.5,12.5,6.0
2022-12-11,11.7,17.9,6.5,72.2,6.6,0.0,0.0,12.8,1018.8,5.7,12.3,6.0
2022-12-12,13.2,19.5,8.2,64.6,6.2,0.0,0.0,8.2,1015.2,19.9,12.1,6.0
2022-12-13,14.0,19.3,8.9,57.0,5.4,0.0,0.0,10.7,1014.8,25.6,11.0,5.0
2022-12-14,12.5,16.5,9.0,77.5,8.6,0.0,0.0,10.5,1017.3,59.6,6.1,3.0
2022-12-15,13.3,17.9,9.5,81.2,10.0,1.875,100.0,7.4,1020.0,35.1,7.9,4.0
2022-12-16,14.1,19.8,10.2,76.7,9.7,0.229,0.0,6.8,1022.6,10.3,11.4,6.0
2022-12-17,14.4,20.0,9.7,66.0,7.8,0.0,0.0,11.0,1023.6,1.6,12.0,6.0
2022-12-18,14.2,19.6,8.4,55.3,4.9,0.0,0.0,15.2,1023.5,1.4,12.3,6.0
2022-12-19,13.0,18.9,7.2,51.5,2.9,0.0,0.0,15.5,1020.8,1.8,12.6,6.0
2022-12-20,12.1,17.8,7.6,56.7,3.4,0.0,0.0,8.0,1016.4,3.6,12.2,6.0
2022-12-21,11.8,16.9,8.0,71.9,6.7,0.0,0.0,16.4,1014.9,36.7,9.6,5.0
2022-12-22,10.8,15.3,7.7,77.1,6.8,3.281,100.0,15.3,1015.7,54.7,11.1,5.0
2022-12-23,9.4,12.7,7.0,76.7,5.5,0.434,100.0,13.4,1013.8,54.4,8.9,5.0
2022-12-24,9.9,14.5,5.1,82.9,7.0,0.434,100.0,15.9,1015.7,42.3,8.6,5.0
2022-12-25,10.4,14.2,7.5,84.0,7.7,0.0,0.0,14.3,1017.3,66.6,7.0,4.0
2022-12-26,8.8,10.5,6.5,90.3,7.3,12.665,100.0,24.5,1015.9,73.7,3.9,3.0
2022-12-27,9.1,13.2,5.1,75.3,4.8,4.162,100.0,47.5,1021.7,54.9,7.7,4.0
2022-12-28,9.4,13.0,5.2,82.4,6.4,0.0,0.0,10.4,1026.7,44.4,9.4,5.0
2022-12-29,8.2,13.5,4.2,82.9,5.3,0.0,0.0,25.8,1026.5,37.0,11.8,5.0
2022-12-30,8.9,13.6,4.2,68.3,3.1,0.0,0.0,35.3,1026.5,22.3,12.2,6.0
2022-12-31,9.9,14.0,6.0,67.2,4.0,0.0,0.0,22.9,1026.2,44.8,9.3,5.0
2023-01-01,10.0,12.3,7.7,72.2,5.2,0.0,0.0,22.9,1026.7,63.5,8.5,4.0
2023-01-02,9.2,11.6,6.9,66.6,3.2,0.217,0.0,28.6,1026.2,59.9,9.5,5.0
2023-01-03,10.2,13.7,7.6,63.2,3.3,4.341,100.0,23.7,1024.0,75.0,10.1,5.0
2023-01-04,8.8,12.3,6.4,73.9,4.3,2.509,100.0,13.3,1020.5,55.8,10.7,5.0
2023-01-05,9.9,14.2,6.7,80.0,6.4,0.0,0.0,20.5,1020.9,38.6,9.0,5.0
2023-01-06,10.1,12.7,7.2,84.9,7.6,0.0,0.0,15.9,1022.3,54.8,6.6,4.0
2023-01-07,10.8,13.8,8.8,86.6,8.6,1.418,100.0,16.7,1021.5,51.4,6.6,3.0
2023-01-08,10.3,15.4,6.2,76.9,6.1,0.869,100.0,11.3,1018.6,34.3,9.2,4.0
2023-01-09,9.1,12.1,6.2,76.8,5.2,0.543,100.0,10.6,1018.5,55.7,11.6,6.0
2023-01-10,9.0,13.9,4.9,72.1,4.1,0.0,0.0,9.3,1024.4,23.9,10.9,6.0
2023-01-11,9.2,14.4,4.7,64.4,2.4,0.0,0.0,17.9,1024.3,25.0,12.6,6.0
2023-01-12,8.6,13.1,4.7,60.5,1.2,0.0,0.0,34.6,1020.5,38.6,11.6,5.0
2023-01-13,8.3,13.0,4.9,71.7,3.3,6.037,100.0,11.7,1018.7,46.0,10.5,5.0
2023-01-14,8.2,10.2,5.2,73.8,3.7,0.137,0.0,15.3,1017.4,45.8,8.1,4.0
2023-01-15,9.1,13.7,5.2,77.4,5.1,7.18,100.0,9.0,1019.1,54.6,9.2,5.0
2023-01-16,9.3,14.4,5.4,75.0,4.9,1.006,100.0,11.5,1017.6,42.6,9.6,5.0
2023-01-17,9.9,15.1,6.0,79.9,6.4,0.271,100.0,13.7,1022.5,32.8,11.8,6.0
2023-01-18,10.5,16.9,5.3,70.4,4.8,0.0,0.0,7.3,1024.9,10.8,14.0,6.0
2023-01-19,11.3,17.3,5.8,54.5,1.8,0.0,0.0,20.3,1023.9,5.0,14.4,6.0
2023-01-20,12.5,18.4,7.7,45.4,0.7,0.0,0.0,21.9,1018.7,4.2,14.4,6.0
2023-01-21,12.4,19.3,7.0,53.1,2.8,0.0,0.0,8.3,1018.4,0.0,14.4,6.0
2023-01-22,12.7,19.4,7.5,61.5,5.2,0.0,0.0,11.1,1019.3,11.2,14.2,6.0
2023-01-23,12.6,17.9,8.5,62.5,5.3,0.0,0.0,10.2,1021.0,15.8,14.4,6.0
2023-01-24,11.8,17.4,7.7,61.2,4.3,0.0,0.0,12.6,1021.0,5.6,14.5,6.0
2023-01-25,11.4,17.3,5.9,62.1,4.0,0.0,0.0,10.6,1019.1,11.4,13.8,6.0
2023-01-26,11.1,16.8,5.3,56.1,2.0,0.0,0.0,15.6,1019.0,7.7,14.8,7.0
2023-01-27,13.0,19.3,7.4,47.2,1.3,0.0,0.0,22.5,1018.0,8.0,15.4,7.0
2023-01-28,14.3,20.5,8.6,47.1,2.7,0.0,0.0,19.5,1015.1,24.8,12.7,6.0
2023-01-29,12.0,16.1,8.3,66.3,5.5,0.0,0.0,15.1,1014.4,43.1,7.9,4.0
2023-01-30,10.8,15.4,6.6,71.9,5.6,0.0,0.0,24.0,1012.1,51.8,11.7,6.0
2023-01-31,7.6,9.1,6.0,86.3,5.4,18.179,100.0,37.0,1010.1,77.9,7.9,4.0
2023-02-01,7.2,10.4,3.5,87.1,5.1,22.724,100.0,38.6,1010.6,76.2,8.7,5.0
2023-02-02,6.8,10.0,2.2,79.4,3.5,21.584,100.0,41.4,1018.0,67.5,10.7,5.0
2023-02-03,7.3,9.9,5.3,90.0,5.7,3.274,100.0,14.3,1022.5,61.6,11.5,5.0
2023-02-04,6.9,10.5,4.8,91.5,5.6,13.17,100.0,23.9,1016.6,61.2,9.4,4.0
2023-02-05,8.5,11.1,6.3,83.8,5.8,3.273,100.0,22.3,1012.9,69.8,11.0,5.0
2023-02-06,7.2,9.0,4.6,74.0,2.8,6.791,100.0,54.2,1008.4,67.3,11.3,5.0
2023-02-07,4.6,6.8,2.3,87.6,2.7,41.284,100.0,56.3,1013.1,87.9,8.2,4.0
2023-02-08,3.9,6.6,2.1,84.3,1.4,16.847,100.0,29.5,1019.2,71.6,11.1,6.0
2023-02-09,5.3,8.8,2.2,75.2,1.1,2.067,100.0,13.5,1023.8,57.8,11.1,6.0
2023-02-10,6.1,11.5,2.5,70.2,0.8,0.137,0.0,19.1,1022.2,27.0,14.2,6.0
2023-02-11,5.9,10.4,1.0,63.1,-1.0,0.0,0.0,20.2,1018.8,19.9,15.5,7.0
2023-02-12,6.9,11.0,2.3,66.6,0.9,0.0,0.0,14.0,1019.9,34.2,15.0,7.0
2023-02-13,6.6,11.3,1.6,69.7,1.1,0.0,0.0,12.0,1022.4,39.3,15.5,7.0
2023-02-14,7.6,12.8,2.9,62.3,0.5,0.0,0.0,13.5,1018.7,27.7,14.4,7.0
2023-02-15,6.9,10.9,3.8,67.2,1.0,0.0,0.0,18.0,1018.1,38.5,14.9,6.0
2023-02-16,6.6,10.9,2.5,69.6,1.1,0.0,0.0,8.0,1024.1,61.5,12.8,6.0
2023-02-17,8.4,14.9,2.6,61.4,0.7,0.0,0.0,8.6,1027.4,19.8,17.9,8.0
2023-02-18,9.9,16.9,3.3,53.9,0.1,0.0,0.0,9.1,1026.9,1.6,18.3,8.0
2023-02-19,11.0,18.9,4.1,47.6,-0.6,0.0,0.0,11.1,1025.4,0.0,18.8,8.0
2023-02-20,12.2,19.8,5.8,42.2,-0.9,0.0,0.0,19.9,1021.1,1.1,18.5,8.0
2023-02-21,10.4,14.8,6.0,69.6,4.8,0.0,0.0,18.8,1019.8,33.5,15.9,7.0
2023-02-22,11.6,19.0,5.3,66.5,4.8,0.0,0.0,14.1,1017.1,5.9,18.6,8.0
2023-02-23,10.5,14.8,6.3,71.5,5.4,0.0,0.0,20.5,1015.7,34.5,12.2,5.0
2023-02-24,10.8,16.1,6.3,73.2,5.9,0.0,0.0,15.0,1016.6,39.0,12.2,5.0
2023-02-25,11.6,17.5,7.0,72.6,6.5,0.0,0.0,13.4,1017.9,22.8,17.1,7.0
2023-02-26,13.8,21.0,7.8,60.4,5.4,0.0,0.0,12.4,1020.3,7.3,18.8,8.0
2023-02-27,16.3,23.1,10.0,42.1,2.2,0.0,0.0,20.6,1023.8,6.0,19.4,8.0
2023-02-28,17.5,23.5,12.1,32.0,0.1,0.0,0.0,18.2,1023.3,1.3,20.0,8.0
2023-03-01,18.2,24.9,11.9,30.3,0.1,0.0,0.0,13.4,1018.8,0.0,19.9,8.0
2023-03-02,18.3,26.2,11.6,36.0,2.1,0.0,0.0,13.8,1015.9,3.1,20.3,8.0
2023-03-03,17.4,23.3,13.8,38.7,2.9,0.0,0.0,28.2,1016.2,25.3,20.1,8.0
2023-03-04,15.1,21.1,7.7,45.6,2.8,0.0,0.0,11.2,1019.5,8.2,19.4,8.0
2023-03-05,19.1,27.9,10.8,33.5,1.2,0.0,0.0,18.4,1015.2,21.6,20.1,8.0
2023-03-06,14.9,21.0,10.0,56.2,5.7,0.0,0.0,27.4,1015.8,37.5,15.2,6.0
2023-03-07,12.3,17.3,8.1,63.0,4.7,0.046,0.0,17.1,1017.5,40.2,17.3,7.0
2023-03-08,12.0,16.6,9.0,62.2,4.9,0.0,0.0,27.2,1014.3,44.8,16.0,7.0
2023-03-09,11.3,16.4,7.4,70.2,5.8,0.0,0.0,16.5,1017.5,39.3,17.3,7.0
2023-03-10,13.3,20.9,7.0,56.4,3.9,0.0,0.0,10.8,1018.9,9.7,21.2,9.0
2023-03-11,16.4,24.4,9.2,37.9,0.7,0.0,0.0,18.7,1015.6,9.0,21.7,9.0
2023-03-12,17.1,24.4,11.0,34.6,0.6,0.0,0.0,16.1,1011.1,18.0,21.6,9.0
2023-03-13,16.3,21.1,11.3,48.0,5.1,0.0,0.0,23.6,1010.5,20.3,19.4,8.0
2023-03-14,11.7,14.3,8.8,84.1,9.0,9.679,100.0,19.8,1010.6,64.4,5.5,3.0
2023-03-15,10.1,12.5,8.4,88.7,8.3,12.485,100.0,25.6,1011.4,66.1,13.4,7.0
2023-03-16,11.9,17.4,7.6,71.1,6.2,1.601,100.0,15.7,1014.7,38.3,19.8,8.0
2023-03-17,13.9,20.9,7.9,57.9,4.8,0.0,0.0,15.9,1013.8,11.3,21.7,9.0
2023-03-18,13.0,19.9,9.0,64.6,6.1,0.0,0.0,28.5,1011.2,33.2,18.9,8.0
2023-03-19,10.0,13.1,7.3,86.0,7.7,9.985,100.0,25.9,1011.3,70.1,14.3,6.0
2023-03-20,8.8,11.1,6.5,92.1,7.5,18.456,100.0,22.3,1011.2,79.2,10.4,6.0
2023-03-21,10.8,15.1,7.4,81.6,7.7,4.208,100.0,21.5,1013.2,62.3,15.3,6.0
2023-03-22,12.0,17.0,8.2,75.3,7.5,0.366,100.0,19.0,1014.6,48.2,19.7,8.0
2023-03-23,14.0,20.5,9.2,62.9,6.6,0.0,0.0,8.2,1014.5,35.2,10.9,4.0
2023-03-24,17.6,23.9,12.4,49.8,6.4,0.091,0.0,8.5,1011.6,45.9,20.9,8.0
2023-03-25,16.2,20.4,12.8,63.7,9.1,1.595,100.0,18.0,1007.1,53.6,15.7,6.0
2023-03-26,14.4,18.2,11.2,71.9,9.1,0.372,100.0,29.5,1010.2,59.0,17.3,7.0
2023-03-27,12.9,18.4,9.2,72.0,7.6,0.0,0.0,17.4,1014.7,45.4,18.3,7.0
2023-03-28,14.1,20.0,8.5,65.5,7.2,0.0,0.0,19.7,1017.4,19.0,23.0,9.0
2023-03-29,13.3,17.2,9.0,57.3,4.8,0.0,0.0,31.7,1017.0,31.0,20.8,8.0
2023-03-30,8.9,12.2,5.6,70.3,3.7,0.046,0.0,27.7,1017.5,70.5,13.6,5.0
2023-03-31,8.5,12.5,4.9,53.0,-1.0,0.137,0.0,37.7,1018.2,48.5,21.6,8.0
2023-04-01,10.3,16.4,4.5,66.1,3.8,0.0,0.0,16.4,1020.0,31.7,23.0,9.0
2023-04-02,13.4,20.7,6.7,64.4,6.0,0.0,0.0,12.3,1018.9,10.7,24.7,9.0
2023-04-03,18.1,25.9,9.1,39.4,2.3,0.0,0.0,18.4,1015.8,1.3,25.2,9.0
2023-04-04,20.8,28.2,14.1,23.5,-1.2,0.0,0.0,19.3,1013.5,0.0,25.7,10.0
2023-04-05,15.1,19.1,11.0,46.8,3.5,0.0,0.0,24.7,1016.0,21.9,24.6,9.0
2023-04-06,13.6,18.7,8.7,62.1,6.2,0.0,0.0,37.1,1017.3,24.0,22.6,9.0
2023-04-07,18.0,26.0,9.1,40.3,2.8,0.0,0.0,29.5,1016.0,8.0,25.0,9.0
2023-04-08,19.6,26.0,12.9,34.5,3.0,0.0,0.0,12.4,1016.9,25.3,23.9,9.0
2023-04-09,24.3,31.3,18.7,25.3,2.7,0.0,0.0,16.3,1014.0,31.0,21.6,9.0
2023-04-10,22.1,29.1,15.6,40.5,6.9,2.713,100.0,28.6,1009.2,48.6,21.7,9.0
2023-04-11,14.0,15.6,8.5,81.9,10.9,0.737,100.0,33.5,1007.8,69.4,12.9,5.0
2023-04-12,8.4,10.0,6.6,86.6,6.2,7.536,100.0,31.3,1008.6,59.8,13.5,6.0
2023-04-13,9.3,12.8,6.6,88.5,7.4,36.203,100.0,25.9,1014.6,65.5,14.7,6.0
2023-04-14,13.0,20.9,6.5,68.8,6.6,5.843,100.0,11.2,1020.4,28.4,25.5,10.0
2023-04-15,18.1,25.9,10.9,44.2,5.0,0.0,0.0,16.7,1017.1,14.8,24.1,9.0
2023-04-16,20.4,26.9,14.4,43.9,7.4,0.0,0.0,14.8,1013.9,6.7,26.0,10.0
2023-04-17,22.3,29.3,14.7,47.0,10.1,0.0,0.0,15.1,1012.7,23.3,25.2,9.0
2023-04-18,23.6,29.1,17.6,38.2,8.3,0.0,0.0,14.8,1014.4,26.7,24.9,9.0
2023-04-19,22.7,30.9,15.3,41.3,7.4,0.0,0.0,19.6,1014.0,18.9,25.3,10.0
2023-04-20,18.0,21.3,10.4,53.4,8.1,0.0,0.0,21.3,1010.8,36.2,25.2,9.0
2023-04-21,14.4,20.9,9.6,63.5,7.0,0.0,0.0,19.4,1011.9,38.9,25.7,9.0
2023-04-22,16.8,24.6,9.4,52.9,5.9,0.0,0.0,16.5,1011.4,15.9,26.8,10.0
2023-04-23,18.0,24.5,11.6,46.3,5.9,0.0,0.0,14.5,1011.7,28.6,24.8,9.0
2023-04-24,17.3,23.0,11.8,42.0,4.0,0.0,0.0,24.1,1014.0,13.1,27.2,10.0
2023-04-25,16.0,22.8,8.9,47.7,4.5,0.0,0.0,16.4,1014.7,14.0,26.9,10.0
2023-04-26,16.9,23.4,9.1,44.6,4.0,0.0,0.0,16.7,1013.9,16.1,27.3,10.0
2023-04-27,18.6,24.7,11.9,35.2,2.4,0.0,0.0,19.5,1011.7,12.3,27.7,10.0
2023-04-28,16.4,20.7,11.3,52.4,6.5,0.0,0.0,31.7,1011.0,45.1,22.8,8.0
2023-04-29,12.6,16.3,9.9,71.5,7.5,1.235,100.0,28.6,1011.4,53.3,19.0,8.0
2023-04-30,12.8,18.8,8.5,66.2,6.3,5.946,100.0,22.3,1014.2,48.7,18.0,7.0
2023-05-01,14.4,21.9,7.3,63.3,6.7,0.0,0.0,19.4,1016.5,20.6,27.1,10.0
2023-05-02,17.8,24.9,10.1,51.4,6.3,0.0,0.0,17.0,1017.6,6.9,27.6,10.0
2023-05-03,20.5,27.5,12.5,38.8,4.8,0.0,0.0,15.5,1018.9,2.9,28.0,10.0
2023-05-04,24.0,31.2,17.8,22.6,-0.1,0.0,0.0,21.0,1017.3,4.9,28.4,10.0
2023-05-05,25.6,33.9,18.9,20.5,0.7,0.0,0.0,23.3,1011.5,23.4,27.0,10.0
2023-05-06,19.1,23.2,15.1,46.8,7.2,0.0,0.0,23.1,1011.9,26.2,25.5,9.0
2023-05-07,17.5,21.9,14.0,57.4,8.8,0.0,0.0,25.1,1014.2,37.8,20.6,7.0
2023-05-08,16.5,22.4,11.6,67.9,10.2,0.274,100.0,22.3,1014.6,38.3,20.3,7.0
2023-05-09,18.1,25.0,11.3,59.1,9.2,0.0,0.0,16.6,1014.0,19.8,27.0,10.0
2023-05-10,21.9,30.9,12.3,42.2,6.1,0.0,0.0,13.1,1013.0,5.1,28.1,10.0
2023-05-11,25.7,33.8,16.6,28.0,4.7,0.0,0.0,21.0,1010.9,7.3,27.1,10.0
2023-05-12,23.6,28.8,17.5,34.4,6.7,0.0,0.0,33.1,1011.9,13.5,27.1,10.0
2023-05-13,18.1,23.1,13.4,61.0,10.2,0.0,0.0,23.9,1017.8,26.2,25.3,9.0
2023-05-14,20.1,28.2,12.5,50.9,9.1,0.0,0.0,20.0,1017.6,16.4,27.8,10.0
2023-05-15,23.5,32.5,14.6,37.4,6.9,0.0,0.0,13.2,1013.1,7.3,28.5,10.0
2023-05-16,26.7,34.3,18.5,21.3,0.9,0.0,0.0,19.7,1011.5,5.0,29.1,10.0
2023-05-17,27.6,34.9,21.6,20.2,2.1,0.0,0.0,21.5,1009.7,10.0,28.5,10.0
2023-05-18,21.3,26.6,14.7,43.7,7.8,0.0,0.0,23.3,1012.1,27.0,27.3,10.0
2023-05-19,16.8,22.5,12.6,64.0,9.5,0.0,0.0,23.8,1012.9,46.9,25.8,10.0
2023-05-20,17.1,23.4,12.1,63.7,9.7,0.0,0.0,22.3,1011.9,46.9,18.8,7.0
2023-05-21,18.7,24.9,12.6,54.2,8.3,0.0,0.0,17.0,1011.5,29.1,26.0,10.0
2023-05-22,23.8,30.3,18.5,33.5,5.8,0.0,0.0,27.0,1009.5,19.1,29.3,10.0
2023-05-23,21.3,27.1,15.7,42.5,7.1,0.0,0.0,25.8,1013.5,20.1,28.9,10.0
2023-05-24,23.5,31.4,15.5,29.4,3.3,0.0,0.0,15.3,1013.1,13.0,28.2,10.0
2023-05-25,22.8,28.3,17.5,35.5,6.4,0.0,0.0,26.2,1013.1,11.8,28.4,10.0
2023-05-26,21.9,28.5,14.4,35.7,5.3,0.0,0.0,19.2,1013.9,18.9,28.8,10.0
2023-05-27,26.3,33.4,20.4,25.6,4.0,0.0,0.0,26.6,1011.5,48.0,19.5,9.0
2023-05-28,21.6,26.4,18.0,56.0,12.1,0.108,0.0,33.5,1010.6,47.2,23.0,8.0
2023-05-29,20.8,27.4,16.6,62.2,12.4,0.795,100.0,20.5,1011.3,44.9,25.1,9.0
2023-05-30,21.2,27.4,15.2,49.6,9.2,0.0,0.0,22.5,1015.8,23.1,27.9,10.0
2023-05-31,22.2,28.4,16.5,35.1,5.5,0.0,0.0,25.2,1016.1,8.4,29.3,10.0
2023-06-01,24.9,33.2,16.3,28.4,4.4,0.0,0.0,33.5,1015.6,25.7,27.8,10.0
2023-06-02,28.6,36.9,22.4,28.9,7.7,0.0,0.0,17.4,1014.1,26.5,23.9,9.0
2023-06-03,27.6,32.7,21.8,30.2,7.8,0.229,0.0,21.8,1014.9,18.7,28.4,9.0
2023-06-04,22.4,28.6,16.1,44.2,8.9,0.32,100.0,23.1,1015.9,22.5,29.2,10.0
2023-06-05,22.1,28.6,15.9,38.1,6.7,0.0,0.0,18.4,1014.1,13.0,29.5,10.0
2023-06-06,22.3,29.5,14.2,42.8,8.4,0.0,0.0,21.0,1012.9,12.4,29.2,10.0
2023-06-07,23.7,29.6,17.1,45.2,10.7,0.0,0.0,17.9,1012.4,16.3,29.1,10.0
2023-06-08,25.3,32.4,16.7,38.4,8.6,0.0,0.0,17.3,1012.7,33.2,23.4,8.0
2023-06-09,26.1,30.0,22.9,38.7,10.8,0.543,100.0,15.7,1010.3,58.1,23.2,8.0
2023-06-10,25.7,31.3,20.5,42.2,11.5,0.875,100.0,23.4,1007.7,15.5,27.5,10.0
2023-06-11,22.9,28.7,16.8,48.3,11.0,0.0,0.0,21.5,1009.7,16.2,28.0,10.0
2023-06-12,22.5,28.4,15.9,47.4,10.1,0.0,0.0,25.9,1009.4,15.8,28.7,10.0
2023-06-13,22.5,27.8,16.8,49.7,11.0,0.163,0.0,30.3,1009.4,23.4,26.8,9.0
2023-06-14,23.7,30.9,18.0,49.0,11.8,0.0,0.0,25.9,1010.2,10.4,29.2,10.0
2023-06-15,21.6,27.6,16.3,60.1,13.1,0.0,0.0,26.1,1012.7,31.7,27.0,10.0
2023-06-16,23.5,30.7,17.3,52.2,12.3,0.0,0.0,23.8,1011.9,5.8,28.5,10.0
2023-06-17,27.3,34.9,20.4,36.4,9.7,0.0,0.0,28.2,1010.0,0.2,29.3,10.0
2023-06-18,22.0,27.7,17.8,59.1,13.0,0.0,0.0,25.6,1012.6,38.7,25.3,9.0
2023-06-19,20.8,26.1,15.6,59.4,12.1,0.0,0.0,31.7,1013.0,27.0,26.6,10.0
2023-06-20,21.6,27.8,15.9,64.6,14.1,0.0,0.0,20.7,1012.8,35.0,23.0,8.0
2023-06-21,23.6,30.6,16.6,56.8,13.9,0.0,0.0,17.4,1011.6,15.8,28.7,10.0
2023-06-22,24.1,30.8,17.7,47.5,11.6,0.0,0.0,22.3,1010.9,2.0,29.0,10.0
2023-06-23,24.8,32.5,18.1,47.2,12.0,0.0,0.0,18.4,1011.1,11.0,28.4,10.0
2023-06-24,26.1,33.5,17.3,39.3,10.5,0.0,0.0,24.8,1011.3,2.6,29.7,10.0
2023-06-25,26.2,33.5,18.0,34.5,8.6,0.0,0.0,20.5,1010.8,0.5,29.5,10.0
2023-06-26,24.7,30.6,17.8,31.9,6.6,0.0,0.0,20.5,1009.7,0.6,29.7,10.0
2023-06-27,24.5,30.8,17.6,42.0,10.3,0.0,0.0,24.4,1009.8,7.3,28.3,10.0
2023-06-28,24.7,31.1,17.5,43.5,11.1,0.0,0.0,17.9,1011.4,2.6,29.1,10.0
2023-06-29,24.6,30.9,18.8,47.0,12.2,0.0,0.0,23.4,1012.2,16.5,27.2,10.0
2023-06-30,24.1,31.4,18.4,45.7,11.2,0.0,0.0,25.9,1010.6,11.3,27.6,10.0
2023-07-01,25.7,32.2,19.4,44.2,12.3,0.0,0.0,20.8,1009.9,11.0,28.2,10.0
2023-07-02,25.2,31.4,18.7,47.0,12.8,0.0,0.0,20.2,1011.6,11.0,28.3,10.0
2023-07-03,25.4,33.4,18.1,40.2,10.5,0.0,0.0,23.2,1012.9,3.1,29.1,10.0
2023-07-04,27.7,33.9,20.7,36.0,10.8,0.0,0.0,23.1,1011.9,1.2,29.2,10.0
2023-07-05,27.6,33.5,21.1,35.3,10.6,0.0,0.0,21.6,1010.2,1.3,29.2,10.0
2023-07-06,24.8,32.0,18.9,51.5,13.8,0.0,0.0,22.3,1009.2,8.7,28.6,10.0
2023-07-07,24.0,30.7,18.2,57.5,14.6,0.0,0.0,24.1,1010.0,16.4,27.7,10.0
2023-07-08,24.9,31.6,18.6,59.1,15.7,0.0,0.0,27.0,1009.6,15.2,26.3,10.0
2023-07-09,25.8,32.0,20.7,54.1,15.4,0.0,0.0,27.7,1009.0,21.2,27.3,10.0
2023-07-10,25.0,31.2,20.5,60.1,16.3,0.0,0.0,23.1,1009.0,27.4,25.8,9.0
2023-07-11,26.4,33.4,19.9,50.4,14.5,0.0,0.0,19.9,1011.1,8.9,27.4,9.0
2023-07-12,29.4,37.5,21.1,35.2,11.1,0.0,0.0,20.1,1013.3,0.0,28.8,10.0
2023-07-13,30.9,38.3,23.2,25.7,8.1,0.0,0.0,21.8,1012.6,0.0,28.5,10.0
2023-07-14,30.1,36.1,23.0,23.3,6.4,0.0,0.0,23.0,1010.4,2.1,28.9,10.0
2023-07-15,30.5,38.5,24.9,30.4,10.8,0.0,0.0,19.4,1008.9,2.2,28.7,10.0
2023-07-16,30.7,38.4,22.9,29.2,10.0,0.0,0.0,24.1,1008.3,0.0,29.1,10.0
2023-07-17,29.9,36.8,22.8,28.7,9.3,0.0,0.0,25.6,1008.6,0.0,28.6,10.0
2023-07-18,29.3,35.6,23.1,30.1,9.7,0.0,0.0,20.5,1007.4,0.0,28.9,10.0
2023-07-19,28.9,35.5,21.8,29.6,8.9,0.0,0.0,24.4,1006.8,1.3,28.6,10.0
2023-07-20,28.7,34.4,22.1,29.8,9.0,0.0,0.0,21.9,1008.3,2.7,28.9,10.0
2023-07-21,28.3,34.6,22.1,27.7,7.5,0.0,0.0,23.0,1010.2,0.6,29.2,10.0
2023-07-22,28.7,35.1,23.2,30.0,9.2,0.0,0.0,26.7,1011.4,2.7,28.8,10.0
2023-07-23,30.0,37.2,22.5,34.6,12.2,0.0,0.0,27.7,1009.9,1.2,28.5,10.0
2023-07-24,30.3,36.9,23.0,32.9,11.8,0.0,0.0,26.6,1006.8,1.9,28.3,10.0
2023-07-25,30.1,36.1,23.6,31.2,10.9,0.0,0.0,25.9,1005.6,1.7,28.3,10.0
2023-07-26,29.7,36.4,22.3,32.0,10.6,0.0,0.0,21.8,1007.8,0.0,28.7,10.0
2023-07-27,30.4,37.8,21.6,27.8,9.2,0.0,0.0,23.1,1009.7,3.9,28.9,10.0
2023-07-28,29.7,36.7,21.7,26.3,7.5,0.0,0.0,23.1,1010.3,1.7,28.7,10.0
2023-07-29,29.3,35.4,24.5,35.7,12.1,0.0,0.0,20.5,1008.8,0.4,27.7,10.0
2023-07-30,26.4,32.6,19.9,54.8,16.0,0.0,0.0,18.4,1007.3,15.8,27.1,10.0
2023-07-31,27.2,34.0,20.2,48.0,14.7,0.0,0.0,18.4,1007.0,17.3,27.3,10.0
2023-08-01,28.7,34.7,21.6,42.2,14.0,0.0,0.0,24.1,1008.4,6.9,27.6,10.0
2023-08-02,27.9,34.1,21.3,34.5,10.5,0.0,0.0,23.4,1011.2,7.3,28.1,10.0
2023-08-03,27.0,33.9,20.9,33.8,9.4,0.0,0.0,21.8,1011.7,1.8,28.3,10.0
2023-08-04,26.5,32.7,20.5,47.0,14.1,0.0,0.0,22.0,1010.9,7.5,26.2,10.0
2023-08-05,26.9,32.7,20.9,44.2,13.3,0.0,0.0,26.2,1010.5,10.1,26.0,9.0
2023-08-06,27.1,33.2,21.0,37.3,10.7,0.0,0.0,21.5,1011.6,8.3,27.5,10.0
2023-08-07,27.1,34.5,19.4,40.1,11.9,0.0,0.0,27.6,1010.7,2.1,27.9,10.0
2023-08-08,26.5,33.2,20.3,47.8,14.2,0.0,0.0,20.5,1009.0,13.4,26.8,10.0
2023-08-09,25.8,33.5,18.8,58.6,16.3,0.0,0.0,14.8,1010.1,11.6,27.1,10.0
2023-08-10,25.7,33.4,19.4,61.1,17.0,0.0,0.0,21.5,1012.4,10.5,26.8,10.0
2023-08-11,27.2,35.0,20.3,48.2,14.5,0.0,0.0,19.3,1012.5,9.3,26.8,10.0
2023-08-12,31.0,41.8,22.3,42.4,15.1,0.0,0.0,13.1,1010.0,9.1,26.1,9.0
2023-08-13,34.1,42.6,26.4,37.7,14.9,0.0,0.0,14.1,1010.1,32.8,24.3,9.0
2023-08-14,33.0,39.6,26.8,49.5,20.1,0.0,0.0,22.6,1011.7,30.3,23.8,10.0
2023-08-15,29.7,36.0,24.7,61.2,20.8,0.0,0.0,25.7,1012.2,19.1,23.3,9.0
2023-08-16,28.7,35.1,22.8,61.8,20.2,0.0,0.0,18.1,1010.3,26.8,24.5,9.0
2023-08-17,29.3,37.6,21.2,60.3,20.1,0.0,0.0,16.8,1009.4,21.6,25.9,10.0
2023-08-18,29.9,38.1,23.3,60.0,20.6,0.0,0.0,17.9,1010.3,10.7,25.8,9.0
2023-08-19,29.9,37.3,22.7,57.9,20.1,0.0,0.0,17.3,1010.6,15.4,25.2,9.0
2023-08-20,29.1,35.9,23.2,56.4,19.0,0.0,0.0,16.6,1010.0,7.7,24.9,9.0
2023-08-21,27.0,34.2,21.3,53.2,16.1,0.0,0.0,25.7,1009.9,9.7,25.2,10.0
2023-08-22,27.9,36.3,20.8,51.6,15.7,0.0,0.0,17.4,1010.7,6.1,25.6,10.0
2023-08-23,29.3,36.7,21.4,41.2,14.1,0.0,0.0,15.1,1011.6,8.4,25.5,9.0
2023-08-24,27.6,35.0,21.2,52.4,16.3,0.0,0.0,17.6,1012.2,8.9,25.9,10.0
2023-08-25,25.9,33.5,21.0,57.3,16.3,0.0,0.0,21.0,1011.6,18.8,23.2,9.0
2023-08-26,25.8,32.4,20.8,61.3,17.4,0.0,0.0,21.9,1011.6,26.4,23.6,9.0
2023-08-27,25.0,31.2,19.8,59.2,16.0,0.0,0.0,23.4,1011.0,26.2,23.9,9.0
2023-08-28,24.8,30.4,20.3,58.7,15.9,0.0,0.0,29.5,1010.0,37.0,22.3,9.0
2023-08-29,25.0,30.3,20.6,62.8,17.0,0.0,0.0,24.9,1008.9,32.8,20.1,8.0
2023-08-30,26.3,32.9,19.9,52.8,14.9,0.0,0.0,18.8,1011.9,14.8,24.8,9.0
2023-08-31,27.7,35.0,19.8,37.5,11.3,0.0,0.0,18.4,1014.8,3.2,24.8,9.0
2023-09-01,28.3,34.4,22.6,38.8,12.7,0.0,0.0,18.2,1014.7,5.7,24.6,9.0
2023-09-02,25.2,32.4,19.0,51.9,14.1,0.0,0.0,19.2,1013.7,10.5,24.1,9.0
2023-09-03,24.4,31.5,19.6,62.4,16.2,0.0,0.0,19.7,1011.6,20.9,23.3,9.0
2023-09-04,25.2,33.5,18.7,58.8,15.9,0.0,0.0,17.4,1009.4,4.9,24.1,9.0
2023-09-05,27.0,34.1,21.4,46.4,13.7,0.0,0.0,21.5,1011.0,1.2,24.1,9.0
2023-09-06,28.4,35.9,22.7,33.5,10.0,0.0,0.0,21.0,1014.4,0.0,24.3,9.0
2023-09-07,27.8,34.6,20.9,29.2,7.6,0.0,0.0,21.2,1013.0,0.0,24.7,9.0
2023-09-08,30.6,37.3,22.8,21.4,5.6,0.0,0.0,15.6,1011.6,1.4,24.5,9.0
2023-09-09,27.9,32.9,22.7,40.4,12.7,0.0,0.0,21.8,1012.3,4.1,23.3,9.0
2023-09-10,24.4,29.7,20.1,61.8,16.1,0.0,0.0,25.1,1011.0,26.0,19.6,8.0
2023-09-11,25.1,31.6,18.9,53.5,13.8,0.0,0.0,17.5,1009.5,18.0,22.6,9.0
2023-09-12,27.5,33.5,21.7,37.3,11.0,0.0,0.0,21.5,1009.6,5.1,22.5,8.0
2023-09-13,25.0,28.3,21.4,52.6,14.4,0.0,0.0,19.2,1011.8,43.6,18.5,7.0
2023-09-14,24.1,30.6,19.1,51.6,12.4,0.0,0.0,19.0,1013.2,10.5,23.3,9.0
2023-09-15,24.2,31.1,18.1,44.2,10.5,0.0,0.0,21.0,1013.5,1.2,23.2,9.0
2023-09-16,24.0,30.4,17.6,46.3,11.2,0.0,0.0,22.3,1012.9,4.4,22.3,9.0
2023-09-17,23.5,30.0,17.6,52.2,12.5,0.0,0.0,22.3,1011.6,9.2,22.3,9.0
2023-09-18,24.8,31.1,17.8,41.3,10.2,0.0,0.0,20.2,1010.9,6.6,21.6,9.0
2023-09-19,25.1,31.9,17.8,42.2,10.5,0.0,0.0,15.3,1011.8,11.4,22.1,9.0
2023-09-20,23.5,29.5,18.3,62.6,15.4,0.0,0.0,19.4,1013.5,12.0,21.0,9.0
2023-09-21,23.7,30.8,18.5,64.3,16.0,0.0,0.0,18.4,1013.8,17.4,20.8,8.0
2023-09-22,25.8,33.1,20.6,53.4,14.7,0.0,0.0,13.4,1014.8,20.7,20.9,9.0
2023-09-23,27.6,35.9,20.3,39.8,11.8,0.0,0.0,21.5,1013.4,6.9,21.2,8.0
2023-09-24,25.7,31.5,20.1,43.2,11.9,0.0,0.0,20.4,1012.5,2.7,21.0,8.0
2023-09-25,25.5,31.7,20.1,40.9,11.0,0.0,0.0,22.3,1013.1,3.8,21.1,8.0
2023-09-26,25.6,32.4,18.8,38.6,9.9,0.0,0.0,17.4,1012.4,4.8,21.0,9.0
2023-09-27,24.6,31.5,18.1,43.9,11.2,0.0,0.0,17.2,1014.1,16.7,20.4,8.0
2023-09-28,26.0,34.0,18.7,41.4,10.8,0.0,0.0,18.6,1016.1,3.9,21.0,8.0
2023-09-29,26.6,33.2,20.5,34.6,8.8,0.0,0.0,17.4,1017.8,6.4,20.7,8.0
2023-09-30,24.4,29.8,20.6,44.9,11.2,0.0,0.0,23.1,1017.0,8.4,20.2,8.0
2023-10-01,22.3,25.6,19.2,66.1,15.5,0.0,0.0,19.0,1016.1,46.2,13.7,6.0
2023-10-02,21.1,26.3,18.4,70.9,15.4,0.457,100.0,20.5,1015.8,64.6,12.7,6.0
2023-10-03,21.4,26.8,17.2,68.2,14.9,0.0,0.0,16.6,1017.4,53.4,17.9,7.0
2023-10-04,21.2,27.9,16.9,63.6,13.6,0.0,0.0,13.6,1019.2,41.1,18.2,7.0
2023-10-05,23.8,32.0,17.7,46.9,10.9,0.0,0.0,17.4,1019.1,33.7,15.2,6.0
2023-10-06,23.6,29.5,18.8,51.8,12.8,0.046,0.0,23.5,1017.0,11.2,19.2,8.0
2023-10-07,22.3,28.9,17.0,62.0,14.1,0.0,0.0,14.8,1017.3,28.5,18.3,8.0
2023-10-08,23.1,30.0,17.6,58.7,14.1,0.0,0.0,13.8,1017.8,15.1,18.7,8.0
2023-10-09,23.5,29.3,18.5,50.3,12.1,0.0,0.0,20.8,1017.6,38.3,9.6,5.0
2023-10-10,22.7,27.3,18.3,64.0,15.2,0.595,100.0,19.1,1015.1,54.3,16.5,7.0
2023-10-11,20.6,25.9,15.8,66.7,13.5,0.137,0.0,19.4,1016.1,34.5,15.2,6.0
2023-10-12,21.0,27.2,15.3,63.8,13.1,0.0,0.0,15.4,1018.6,27.8,15.8,7.0
2023-10-13,21.1,27.6,15.9,62.0,13.0,0.0,0.0,18.4,1019.7,15.5,16.4,7.0
2023-10-14,21.2,28.8,14.8,59.6,12.2,0.0,0.0,24.2,1016.5,16.8,17.0,7.0
2023-10-15,18.4,21.1,16.5,73.7,13.5,0.62,100.0,33.5,1015.7,49.0,12.5,6.0
2023-10-16,18.6,22.2,15.7,72.5,13.3,3.888,100.0,25.9,1016.2,43.9,13.9,6.0
2023-10-17,19.0,25.0,13.5,66.9,11.8,0.091,0.0,14.8,1018.2,26.4,16.4,7.0
2023-10-18,19.4,25.0,15.6,65.4,12.2,0.0,0.0,16.4,1017.4,31.4,13.8,7.0
2023-10-19,18.7,24.0,14.2,71.9,13.2,0.0,0.0,18.4,1018.6,40.9,12.6,6.0
2023-10-20,19.1,25.1,13.7,68.5,12.4,0.091,0.0,22.3,1019.8,25.8,15.1,7.0
2023-10-21,21.4,29.0,14.8,50.4,9.4,0.0,0.0,15.4,1019.4,9.1,17.4,7.0
2023-10-22,23.4,29.1,19.4,35.0,6.7,0.0,0.0,15.0,1018.0,15.3,16.8,7.0
2023-10-23,23.4,29.7,17.0,35.8,7.0,0.0,0.0,15.7,1017.3,5.2,17.2,7.0
2023-10-24,23.7,29.3,19.0,39.7,8.8,0.0,0.0,16.6,1015.2,12.2,16.4,7.0
2023-10-25,23.4,29.2,17.8,41.2,8.7,0.0,0.0,9.6,1017.1,3.3,17.4,7.0
2023-10-26,24.1,31.1,17.3,36.4,7.5,0.0,0.0,22.3,1017.9,5.0,16.0,7.0
2023-10-27,23.4,28.6,18.6,35.9,7.2,0.271,100.0,11.2,1016.9,38.9,14.4,6.0
2023-10-28,24.0,31.2,19.4,44.0,10.6,4.884,100.0,20.5,1017.1,27.4,15.7,7.0
2023-10-29,22.2,24.9,19.7,49.5,11.0,0.109,0.0,18.4,1017.7,42.2,12.9,6.0
2023-10-30,20.2,24.8,16.5,58.8,11.5,0.0,0.0,22.3,1019.0,35.0,11.1,6.0
2023-10-31,21.4,26.0,16.9,48.5,9.8,0.0,0.0,20.0,1018.1,28.9,14.6,7.0
2023-11-01,21.8,27.1,16.8,49.1,10.4,0.0,0.0,14.8,1017.6,24.2,13.9,6.0
2023-11-02,21.1,26.0,16.0,54.6,11.2,0.457,100.0,14.8,1017.8,22.4,14.7,7.0
2023-11-03,20.7,26.7,15.4,54.6,10.2,5.443,100.0,13.0,1018.6,12.0,14.7,7.0
2023-11-04,21.2,28.0,13.6,42.3,7.0,0.0,0.0,13.0,1018.3,0.0,15.8,7.0
2023-11-05,22.1,29.0,15.8,35.7,5.9,0.0,0.0,14.8,1017.9,26.5,15.5,7.0
2023-11-06,21.6,27.4,16.0,34.8,4.4,0.0,0.0,12.5,1020.1,3.0,15.3,7.0
2023-11-07,21.2,27.4,14.9,37.0,5.6,0.0,0.0,13.0,1021.8,2.4,15.1,7.0
2023-11-08,21.2,28.5,14.0,35.9,4.7,0.0,0.0,9.4,1020.6,0.1,15.2,7.0
2023-11-09,20.9,28.0,14.6,40.1,5.9,0.0,0.0,18.4,1019.0,2.2,15.2,7.0
2023-11-10,18.9,25.1,14.6,65.2,11.8,0.0,0.0,16.6,1019.5,17.4,14.4,6.0
2023-11-11,18.9,24.3,13.8,57.5,9.5,0.0,0.0,7.6,1020.3,22.8,10.0,4.0
2023-11-12,19.3,21.7,16.3,50.6,8.7,0.3,0.0,11.2,1020.7,53.1,9.2,5.0
2023-11-13,21.4,26.9,16.7,45.5,8.7,1.738,100.0,9.2,1019.4,23.9,12.7,6.0
2023-11-14,18.4,21.4,14.3,66.1,11.8,3.659,100.0,18.8,1015.8,43.6,7.2,4.0
2023-11-15,16.1,23.0,12.6,70.2,10.3,0.869,100.0,13.0,1016.9,22.1,11.2,5.0
2023-11-16,16.7,22.6,11.4,68.0,10.3,0.0,0.0,14.8,1019.6,14.7,12.5,6.0
2023-11-17,17.5,22.4,13.3,73.5,12.4,0.046,0.0,14.8,1019.6,27.7,8.2,4.0
2023-11-18,17.2,24.0,12.2,72.6,11.5,0.0,0.0,14.8,1016.5,11.7,12.0,5.0
2023-11-19,14.3,17.8,9.6,79.2,10.6,13.717,100.0,50.0,1008.8,57.0,3.7,2.0
2023-11-20,11.5,13.5,9.6,85.0,9.0,37.165,100.0,37.1,1011.2,69.7,9.0,5.0
2023-11-21,13.0,16.7,10.6,73.2,8.2,0.254,0.0,22.3,1019.6,41.6,10.3,5.0
2023-11-22,12.7,17.1,8.4,64.6,5.9,0.0,0.0,18.4,1021.7,19.7,10.7,5.0
2023-11-23,14.7,19.6,11.0,58.7,6.5,0.0,0.0,11.2,1018.3,11.5,13.6,6.0
2023-11-24,14.0,19.8,9.4,70.4,8.5,0.0,0.0,10.9,1016.0,0.0,13.6,6.0
2023-11-25,13.8,17.6,9.6,73.1,8.7,0.0,0.0,15.2,1012.9,26.0,10.4,5.0
2023-11-26,15.1,18.3,11.7,55.9,5.9,0.0,0.0,27.7,1013.5,16.3,13.6,6.0
2023-11-27,11.7,13.5,10.0,81.7,8.6,10.001,100.0,29.5,1016.6,84.3,6.6,3.0
2023-11-28,10.3,14.0,8.7,77.6,6.5,1.829,100.0,13.0,1021.7,44.8,8.7,4.0
2023-11-29,11.8,17.6,7.5,65.3,5.2,0.046,0.0,15.4,1021.3,8.5,12.6,6.0
2023-11-30,12.9,17.8,8.8,64.9,6.3,0.0,0.0,11.2,1021.5,21.8,12.3,6.0
2023-12-01,13.5,19.5,8.9,65.5,6.9,0.0,0.0,7.6,1022.6,6.3,12.7,6.0
2023-12-02,14.3,20.2,9.2,59.9,6.3,0.0,0.0,14.4,1022.6,0.4,12.9,6.0
2023-12-03,14.8,20.7,10.3,56.3,6.0,0.0,0.0,18.1,1022.6,4.0,13.0,6.0
2023-12-04,16.7,22.1,11.9,52.7,6.7,0.0,0.0,13.8,1020.9,10.8,12.5,6.0
2023-12-05,15.7,18.6,13.5,63.5,8.5,1.085,100.0,17.9,1017.7,37.4,8.5,5.0
2023-12-06,13.7,16.5,11.8,87.3,11.6,13.02,100.0,18.4,1017.4,52.4,8.7,4.0
2023-12-07,13.6,16.3,11.8,83.2,10.7,16.282,100.0,10.7,1020.1,41.4,8.3,4.0
2023-12-08,13.9,19.0,10.0,76.7,9.7,0.0,0.0,14.2,1015.5,16.9,11.3,5.0
2023-12-09,12.5,14.8,10.9,77.7,8.6,0.137,0.0,25.9,1015.1,53.1,7.8,4.0
2023-12-10,11.9,17.7,7.6,76.2,7.6,5.991,100.0,14.2,1019.7,24.2,11.3,6.0
2023-12-11,13.3,17.1,10.8,79.3,9.7,1.628,100.0,11.2,1016.7,42.6,11.9,6.0
2023-12-12,12.5,16.8,9.1,76.2,7.9,0.0,0.0,20.5,1015.7,21.8,11.4,6.0
2023-12-13,11.6,13.7,9.7,85.2,9.2,9.289,100.0,24.1,1017.0,56.2,5.9,3.0
2023-12-14,12.2,15.7,10.5,80.6,8.9,1.967,100.0,20.5,1023.1,40.4,7.6,4.0
2023-12-15,11.6,16.1,7.2,82.4,8.5,0.814,100.0,16.6,1025.2,12.4,11.6,6.0
2023-12-16,12.6,17.7,8.1,70.2,7.1,0.0,0.0,13.7,1024.4,21.9,11.0,5.0
2023-12-17,13.1,18.7,9.2,65.3,6.4,0.0,0.0,13.0,1023.9,13.9,11.1,5.0
2023-12-18,11.6,15.8,8.3,68.3,5.8,0.0,0.0,13.0,1022.8,9.8,11.8,6.0
2023-12-19,10.0,14.6,6.6,67.8,4.1,0.0,0.0,13.9,1021.8,1.7,12.3,6.0
2023-12-20,9.8,14.7,5.3,54.6,0.9,0.0,0.0,20.4,1021.1,8.8,12.4,6.0
2023-12-21,10.6,14.2,6.7,59.5,2.9,0.0,0.0,21.3,1016.2,22.7,7.9,4.0
2023-12-22,10.7,13.1,8.8,70.8,5.5,7.409,100.0,29.5,1012.4,30.9,7.3,4.0
2023-12-23,11.0,12.3,10.0,85.9,8.8,37.772,100.0,46.4,1013.5,82.4,4.6,3.0
2023-12-24,11.3,13.6,10.6,92.3,10.1,30.436,100.0,20.5,1019.0,77.0,5.3,2.0
2023-12-25,11.9,16.2,8.5,86.0,9.5,0.046,0.0,9.4,1023.6,47.9,9.2,4.0
2023-12-26,11.9,16.5,7.1,72.9,6.8,0.0,0.0,16.6,1024.6,7.5,12.5,6.0
2023-12-27,12.4,14.5,9.9,73.3,7.7,0.054,0.0,18.4,1021.5,48.9,9.8,5.0
2023-12-28,12.2,15.0,10.3,85.8,9.9,0.163,0.0,12.1,1021.9,67.9,11.5,5.0
2023-12-29,10.9,14.5,8.0,78.5,7.2,0.0,0.0,14.8,1023.9,48.0,12.1,6.0
2023-12-30,10.8,15.1,7.7,79.2,7.2,0.0,0.0,11.2,1023.8,24.8,12.5,6.0
2023-12-31,10.6,14.4,7.5,80.9,7.4,0.0,0.0,9.4,1022.3,31.0,11.4,6.0
2024-01-01,10.6,15.6,7.0,79.8,7.1,0.0,0.0,9.4,1022.5,24.6,11.9,6.0
2024-01-02,11.3,15.0,8.5,74.1,6.8,0.0,0.0,16.6,1021.4,31.2,10.4,5.0
2024-01-03,11.3,14.7,8.5,85.0,8.8,0.274,100.0,13.0,1022.0,30.4,7.2,4.0
2024-01-04,12.1,16.4,8.8,78.0,8.0,0.503,100.0,9.4,1021.3,25.4,10.1,5.0
2024-01-05,11.3,15.3,6.5,83.1,8.4,0.0,0.0,18.4,1021.9,22.5,8.1,4.0
2024-01-06,12.6,16.3,9.0,78.1,8.7,0.869,100.0,13.0,1024.3,25.6,9.4,5.0
2024-01-07,13.6,19.3,8.8,63.6,6.6,0.0,0.0,17.4,1022.3,6.9,13.1,6.0
2024-01-08,13.4,19.1,9.3,60.3,5.6,0.0,0.0,13.0,1020.5,21.3,12.0,6.0
2024-01-09,12.8,18.9,8.4,61.3,5.1,0.0,0.0,22.3,1017.6,14.3,13.1,6.0
2024-01-10,10.3,13.8,7.6,62.0,2.9,0.0,0.0,25.9,1017.5,11.9,11.3,5.0
2024-01-11,9.0,9.9,7.8,87.6,6.9,6.745,100.0,27.7,1016.9,72.1,6.1,3.0
2024-01-12,8.8,9.6,8.0,93.2,7.8,15.45,100.0,29.5,1015.3,87.1,6.5,4.0
2024-01-13,10.0,13.0,8.8,74.9,5.6,14.315,100.0,25.9,1012.8,47.5,10.7,6.0
2024-01-14,9.4,11.2,7.8,83.3,6.6,16.839,100.0,31.7,1015.6,57.2,9.4,4.0
2024-01-15,8.8,12.6,6.2,84.2,6.2,2.321,100.0,16.6,1023.0,41.0,9.6,5.0
2024-01-16,9.3,14.8,4.8,73.3,4.4,2.881,100.0,18.4,1024.4,19.0,12.2,6.0
2024-01-17,9.7,13.7,5.8,76.1,5.5,0.0,0.0,8.4,1022.3,25.2,6.1,3.0
2024-01-18,11.0,16.8,6.8,66.5,4.5,0.0,0.0,11.2,1022.8,12.2,13.7,6.0
2024-01-19,11.3,18.1,6.1,62.5,4.0,0.0,0.0,14.8,1022.9,12.1,13.4,6.0
2024-01-20,12.6,19.0,7.0,57.6,4.0,0.0,0.0,11.2,1022.9,12.1,13.5,6.0
2024-01-21,13.1,18.5,9.6,55.2,4.0,0.0,0.0,11.2,1020.0,23.4,10.7,5.0
2024-01-22,14.2,20.4,8.6,46.3,2.3,0.0,0.0,14.8,1016.8,10.1,14.3,6.0
2024-01-23,10.8,11.8,9.8,82.7,7.9,3.31,100.0,33.5,1017.7,65.8,6.1,3.0
2024-01-24,9.6,11.7,8.5,88.2,7.8,13.4,100.0,22.3,1019.4,80.1,7.9,4.0
2024-01-25,9.6,13.4,6.4,80.5,6.2,4.104,100.0,14.8,1019.0,37.9,9.1,4.0
2024-01-26,8.1,8.8,7.3,89.0,6.4,11.072,100.0,29.5,1015.7,71.5,6.4,3.0
2024-01-27,6.6,7.4,6.0,85.5,4.3,13.272,100.0,31.7,1016.3,72.5,10.1,5.0
2024-01-28,7.0,9.3,5.0,87.2,4.9,2.51,100.0,19.5,1020.7,71.2,8.0,4.0
2024-01-29,7.5,10.4,6.0,85.2,5.1,11.135,100.0,16.6,1019.4,74.3,11.4,6.0
2024-01-30,6.7,8.4,5.9,79.6,3.3,18.491,100.0,22.3,1019.5,59.9,10.6,5.0
2024-01-31,6.3,10.0,4.1,78.1,2.6,0.38,100.0,14.8,1021.6,51.4,11.5,5.0
2024-02-01,5.1,7.3,2.0,82.9,2.4,0.32,100.0,22.3,1020.0,46.8,12.3,6.0
2024-02-02,6.0,8.3,4.6,88.4,4.2,6.253,100.0,29.5,1019.4,71.2,6.6,3.0
2024-02-03,7.2,9.7,5.4,86.0,5.0,2.275,100.0,18.4,1022.4,54.8,10.5,5.0
2024-02-04,7.5,10.3,5.1,81.6,4.5,8.232,100.0,24.1,1023.8,44.5,11.2,5.0
2024-02-05,8.2,10.1,6.1,85.6,5.8,4.084,100.0,24.1,1023.5,68.6,9.6,5.0
2024-02-06,9.9,13.4,7.6,84.0,7.2,9.677,100.0,21.3,1025.9,64.0,10.0,5.0
2024-02-07,10.4,15.4,5.8,81.5,7.1,0.0,0.0,10.5,1026.9,39.6,13.4,6.0
2024-02-08,11.6,17.7,6.2,63.3,4.0,0.0,0.0,14.8,1022.9,7.5,16.4,7.0
2024-02-09,11.3,15.6,7.8,65.8,5.0,0.0,0.0,16.6,1018.3,26.2,12.9,6.0
2024-02-10,10.2,14.2,7.0,77.9,6.3,0.0,0.0,14.8,1020.0,34.0,11.6,6.0
2024-02-11,11.3,16.2,6.0,66.5,4.6,0.0,0.0,10.0,1023.5,7.0,14.8,7.0
2024-02-12,13.0,17.7,8.6,49.1,2.1,0.0,0.0,18.4,1021.1,25.3,13.9,6.0
2024-02-13,13.8,18.2,10.0,57.9,5.3,0.0,0.0,15.4,1013.3,31.7,13.5,6.0
2024-02-14,11.2,13.0,8.6,73.3,6.5,0.5,100.0,25.9,1010.4,60.2,11.4,5.0
2024-02-15,9.9,13.9,7.2,75.4,5.4,4.058,100.0,20.5,1012.8,55.4,12.9,5.0
2024-02-16,8.0,10.1,5.7,84.2,5.4,5.299,100.0,25.9,1015.5,43.2,9.3,4.0
2024-02-17,8.8,10.8,6.3,79.2,5.3,18.602,100.0,31.7,1020.6,64.0,9.9,5.0
2024-02-18,9.0,11.7,6.4,86.7,6.8,12.048,100.0,20.5,1022.5,72.9,11.3,5.0
2024-02-19,8.6,10.8,7.7,87.5,6.7,9.995,100.0,22.3,1019.4,74.1,10.1,5.0
2024-02-20,9.4,13.1,6.2,77.4,5.6,1.555,100.0,16.6,1021.0,42.6,13.3,6.0
2024-02-21,10.6,16.6,4.9,73.4,5.4,0.274,100.0,11.2,1021.5,16.0,16.6,7.0
2024-02-22,11.0,16.6,7.2,75.3,6.6,0.0,0.0,16.6,1020.3,12.7,15.0,6.0
2024-02-23,11.1,16.0,6.6,74.5,6.4,0.0,0.0,10.4,1020.9,27.8,12.2,5.0
2024-02-24,10.9,12.8,9.3,76.3,6.8,1.765,100.0,13.0,1020.5,42.5,8.5,4.0
2024-02-25,10.6,15.1,6.8,77.5,6.5,0.183,0.0,14.8,1020.9,31.1,14.6,7.0
2024-02-26,11.6,17.2,6.1,66.3,4.8,0.0,0.0,13.0,1016.2,18.2,18.1,8.0
2024-02-27,10.6,15.0,6.9,57.8,2.5,0.0,0.0,13.0,1016.1,22.3,16.4,7.0
2024-02-28,10.5,15.5,5.2,45.1,-1.3,0.0,0.0,11.2,1022.0,13.4,19.3,8.0
2024-02-29,10.7,15.8,6.4,21.8,-10.8,0.0,0.0,18.4,1023.7,0.0,20.9,8.0
2024-03-01,10.8,15.9,6.8,22.6,-9.9,0.0,0.0,24.1,1020.3,14.8,20.9,8.0
2024-03-02,12.3,20.4,6.0,41.6,-1.3,0.0,0.0,37.1,1015.5,11.5,20.6,8.0
2024-03-03,11.1,13.9,9.5,79.5,7.7,1.326,100.0,24.6,1015.6,65.4,12.4,6.0
2024-03-04,11.0,15.0,8.1,77.9,7.0,0.046,0.0,20.5,1017.1,60.7,15.1,7.0
2024-03-05,12.0,18.2,5.4,64.9,4.9,0.0,0.0,13.0,1017.6,10.9,19.0,8.0
2024-03-06,12.3,17.8,7.8,59.5,4.1,0.0,0.0,29.5,1016.0,23.3,19.4,8.0
2024-03-07,10.8,13.5,9.3,78.8,7.2,0.309,100.0,22.3,1017.8,62.0,13.5,5.0
2024-03-08,10.9,16.0,6.5,73.5,5.9,0.046,0.0,16.6,1018.5,54.1,15.2,6.0
2024-03-09,10.5,14.5,7.1,73.9,5.8,2.058,100.0,22.3,1017.8,53.5,15.7,6.0
2024-03-10,10.2,16.1,5.0,69.7,4.4,0.046,0.0,20.5,1016.7,22.4,19.6,8.0
2024-03-11,11.8,18.6,6.4,57.1,2.5,0.0,0.0,10.5,1022.6,13.9,21.6,9.0
2024-03-12,15.5,22.3,7.5,33.8,-1.4,0.0,0.0,24.1,1022.0,0.0,22.4,9.0
2024-03-13,16.6,23.7,10.0,33.7,0.1,0.0,0.0,24.1,1016.2,17.3,22.3,9.0
2024-03-14,13.8,18.0,9.2,55.4,4.8,0.0,0.0,22.3,1016.3,29.7,19.2,8.0
2024-03-15,11.4,15.4,8.3,71.2,6.2,0.0,0.0,25.9,1017.7,46.0,15.1,6.0
2024-03-16,11.2,15.9,5.7,68.3,5.0,0.503,100.0,13.0,1019.8,19.3,17.8,7.0
2024-03-17,15.6,23.1,8.8,50.5,4.1,0.0,0.0,18.4,1015.0,23.9,18.3,8.0
2024-03-18,14.6,17.7,9.6,65.3,8.0,0.589,100.0,35.3,1007.6,65.1,17.6,8.0
2024-03-19,9.1,10.4,7.0,88.2,7.2,9.84,100.0,33.5,1012.1,84.9,11.4,5.0
2024-03-20,10.9,16.3,8.3,76.8,6.8,7.318,100.0,24.3,1018.2,51.8,14.9,7.0
2024-03-21,13.8,20.3,8.1,60.1,5.6,7.318,100.0,22.3,1016.4,17.0,20.5,8.0
2024-03-22,10.6,14.0,7.6,70.8,5.3,0.434,100.0,29.5,1013.4,53.6,14.8,6.0
2024-03-23,11.0,15.8,6.9,68.7,5.1,0.32,100.0,16.6,1013.4,35.1,17.5,6.0
2024-03-24,11.0,15.1,8.3,68.3,5.1,0.109,0.0,25.1,1009.6,57.2,16.0,7.0
2024-03-25,9.9,14.4,7.2,74.0,5.3,1.006,100.0,25.9,1016.6,52.4,16.3,7.0
2024-03-26,12.4,18.6,6.2,54.6,2.9,0.0,0.0,35.3,1020.4,19.6,23.5,9.0
2024-03-27,18.2,26.0,12.0,35.3,2.1,0.0,0.0,18.4,1021.5,56.9,15.6,7.0
2024-03-28,22.0,28.0,18.0,27.4,1.8,0.0,0.0,16.6,1019.2,17.9,24.1,9.0
2024-03-29,20.1,27.0,16.0,39.1,5.0,0.6,100.0,18.4,1015.6,94.8,19.4,8.0
2024-03-30,19.6,25.0,13.0,52.3,8.9,0.8,100.0,22.3,1019.0,16.2,22.2,9.0
2024-03-31,20.5,26.0,14.0,47.7,8.0,0.0,0.0,16.6,1022.5,4.0,24.3,9.0
2024-04-01,21.5,30.1,14.0,39.6,6.2,0.0,0.0,16.6,1020.5,25.3,24.8,9.0
2024-04-02,22.7,31.3,15.8,36.6,6.7,0.1,0.0,14.8,1016.3,27.5,22.2,9.0
2024-04-03,22.0,28.8,14.9,40.2,7.1,0.0,0.0,22.3,1015.7,6.0,24.7,9.0
2024-04-04,20.7,26.7,14.5,35.8,4.2,0.0,0.0,18.4,1017.3,0.0,25.2,9.0
2024-04-05,19.4,26.1,13.5,27.1,-1.1,0.0,0.0,18.2,1017.4,3.2,25.7,10.0
2024-04-06,15.9,21.0,11.4,54.7,6.3,0.0,0.0,22.3,1014.5,19.1,23.5,9.0
2024-04-07,15.3,20.7,10.9,63.7,7.9,0.0,0.0,24.3,1011.6,45.3,18.7,7.0
2024-04-08,16.0,21.5,10.2,60.2,7.7,0.4,0.0,24.1,1011.0,55.4,21.2,9.0
2024-04-09,15.4,21.0,11.1,63.9,7.9,0.2,0.0,27.7,1010.9,59.0,19.4,7.0
2024-04-10,13.2,16.9,10.8,78.0,9.3,1.0,100.0,33.5,1014.5,55.2,15.3,7.0
2024-04-11,15.2,21.7,9.5,67.8,8.9,0.0,0.0,18.4,1017.6,35.4,17.5,7.0
2024-04-12,17.2,23.3,9.8,58.8,8.3,0.0,0.0,18.4,1017.2,24.1,24.0,9.0
2024-04-13,17.6,24.0,11.7,61.7,9.3,0.0,0.0,22.3,1015.9,24.8,21.5,9.0
2024-04-14,17.2,22.4,12.9,62.1,9.4,0.0,0.0,22.3,1014.4,29.4,21.3,9.0
2024-04-15,17.8,23.2,13.0,61.6,9.7,0.0,0.0,19.6,1015.1,41.6,22.4,9.0
2024-04-16,20.5,27.0,14.2,50.4,8.4,0.0,0.0,13.0,1017.4,10.0,26.2,10.0
2024-04-17,23.2,30.0,16.0,38.3,6.3,0.0,0.0,18.4,1014.3,6.2,26.6,10.0
2024-04-18,22.0,26.9,17.8,38.0,6.5,0.0,0.0,25.9,1013.1,12.1,26.6,10.0
2024-04-19,18.1,24.9,12.1,61.5,9.9,0.0,0.0,23.4,1014.0,5.8,25.0,10.0
2024-04-20,19.2,26.3,12.0,33.7,0.5,0.0,0.0,24.1,1012.5,14.5,26.9,10.0
2024-04-21,18.6,24.0,13.5,51.4,7.8,0.0,0.0,22.3,1016.0,15.4,25.7,10.0
2024-04-22,19.4,27.1,9.1,35.9,1.7,0.0,0.0,18.4,1020.0,8.8,27.2,10.0
2024-04-23,24.2,32.0,14.0,26.6,1.8,0.0,0.0,13.0,1020.0,7.4,27.2,10.0
2024-04-24,26.7,33.5,20.5,19.4,0.6,0.0,0.0,20.5,1015.9,5.1,27.2,10.0
2024-04-25,28.5,36.0,20.0,18.4,0.8,0.0,0.0,15.2,1011.6,16.0,24.7,9.0
2024-04-26,26.5,35.0,20.0,28.6,5.5,0.0,0.0,18.4,1009.9,25.3,17.7,7.0
2024-04-27,22.6,27.0,17.7,51.4,11.7,0.0,0.0,21.4,1010.8,26.6,15.1,6.0
2024-04-28,22.7,29.0,18.1,56.6,13.0,0.0,0.0,18.4,1012.6,38.0,21.3,9.0
2024-04-29,22.3,28.0,19.2,57.8,13.1,0.0,0.0,16.6,1012.5,40.5,21.1,8.0
2024-04-30,19.6,24.0,16.4,70.8,13.9,0.0,0.0,22.3,1011.1,50.9,16.6,7.0
2024-05-01,19.5,25.0,16.0,66.7,12.4,0.4,100.0,22.3,1011.6,41.8,25.2,10.0
2024-05-02,18.7,23.6,14.9,70.5,12.9,0.0,0.0,29.5,1011.1,50.2,20.8,8.0
2024-05-03,17.8,24.0,12.7,64.3,10.3,0.0,0.0,29.5,1011.8,19.2,25.1,9.0
2024-05-04,18.2,24.2,13.5,56.2,8.5,0.0,0.0,31.7,1013.1,17.3,26.0,10.0
2024-05-05,16.7,21.7,13.2,56.3,7.5,0.0,0.0,29.5,1011.1,26.8,24.7,9.0
2024-05-06,14.1,17.5,12.3,76.3,9.8,2.384,100.0,26.8,1012.5,57.8,18.9,8.0
2024-05-07,15.1,20.5,10.9,63.2,7.6,0.183,0.0,24.1,1016.3,33.0,24.4,9.0
2024-05-08,17.7,24.6,10.1,35.5,1.2,0.0,0.0,13.0,1018.2,3.2,28.6,10.0
2024-05-09,23.1,31.0,14.4,21.5,-1.3,0.0,0.0,24.1,1014.7,15.1,28.6,10.0
2024-05-10,26.0,34.0,18.7,21.1,1.1,0.0,0.0,33.5,1012.1,17.0,25.4,9.0
2024-05-11,23.7,28.0,16.6,37.1,7.2,0.046,0.0,27.7,1011.7,16.2,26.4,10.0
2024-05-12,17.6,22.5,14.2,60.3,9.5,0.0,0.0,25.9,1013.4,43.9,23.4,9.0
2024-05-13,15.9,20.4,13.5,68.4,9.9,2.404,100.0,29.5,1013.4,55.2,21.6,8.0
2024-05-14,17.1,22.7,12.1,61.7,9.2,0.0,0.0,16.6,1014.2,38.3,23.7,9.0
2024-05-15,17.8,24.0,11.2,47.3,6.0,0.0,0.0,25.9,1016.2,7.6,26.9,10.0
2024-05-16,18.6,25.1,11.7,42.7,4.6,0.0,0.0,22.3,1019.3,13.3,28.3,10.0
2024-05-17,22.5,28.9,15.7,32.6,4.9,0.0,0.0,22.3,1020.8,2.6,28.4,10.0
2024-05-18,25.6,31.6,20.2,29.8,6.2,0.0,0.0,22.3,1018.3,2.9,28.5,10.0
2024-05-19,24.9,31.3,18.0,29.1,5.5,0.0,0.0,24.9,1014.7,9.8,28.4,10.0
2024-05-20,26.0,32.5,19.8,29.5,6.4,0.0,0.0,37.1,1012.9,15.1,26.7,10.0
2024-05-21,24.4,30.0,18.7,38.2,9.1,0.0,0.0,34.1,1013.0,4.0,28.5,10.0
2024-05-22,25.2,31.3,19.1,40.7,10.6,0.0,0.0,33.5,1014.5,12.0,28.5,10.0
2024-05-23,26.0,32.0,20.2,36.2,9.5,0.0,0.0,25.9,1014.2,19.8,27.2,10.0
2024-05-24,21.2,24.7,17.2,44.8,8.5,0.0,0.0,35.3,1013.1,18.0,26.6,9.0
2024-05-25,19.0,24.0,15.5,63.6,11.6,0.046,0.0,29.5,1012.9,47.3,18.9,6.0
2024-05-26,20.6,26.9,13.4,50.8,8.8,0.0,0.0,18.4,1014.4,15.9,28.0,10.0
2024-05-27,24.8,34.5,17.2,37.6,8.2,0.0,0.0,30.3,1012.2,15.7,26.9,9.0
2024-05-28,22.0,27.9,16.4,52.2,11.4,0.0,0.0,23.7,1013.5,31.4,23.9,9.0
2024-05-29,20.8,27.6,14.3,51.9,10.0,0.0,0.0,20.6,1013.3,5.3,28.9,10.0
2024-05-30,19.5,26.0,13.7,62.1,11.3,0.0,0.0,24.3,1014.6,13.0,27.7,10.0
2024-05-31,20.1,25.9,14.2,48.7,8.0,0.0,0.0,24.5,1017.9,9.0,29.2,10.0
2024-06-01,23.5,31.3,14.8,35.2,6.7,0.0,0.0,20.4,1018.6,1.7,29.5,10.0
2024-06-02,27.8,36.0,18.4,29.0,6.3,0.0,0.0,15.5,1014.9,0.0,29.5,10.0
2024-06-03,31.8,40.0,23.4,20.3,5.0,0.0,0.0,16.2,1011.1,0.0,29.5,10.0
2024-06-04,30.8,38.2,24.0,28.3,9.6,0.0,0.0,22.7,1009.8,0.0,29.4,10.0
2024-06-05,28.6,35.1,21.2,36.3,11.9,0.0,0.0,23.3,1009.9,0.0,29.3,10.0
2024-06-06,30.8,38.4,22.8,32.7,11.3,0.0,0.0,25.5,1009.6,0.1,28.9,10.0
2024-06-07,31.7,38.5,23.9,26.9,9.7,0.0,0.0,30.4,1009.3,4.4,29.0,10.0
2024-06-08,30.1,36.3,24.6,29.5,10.0,0.0,0.0,28.3,1007.3,2.2,28.7,10.0
2024-06-09,26.8,32.2,21.6,38.4,11.1,0.0,0.0,22.6,1007.6,5.9,28.2,10.0
2024-06-10,25.5,30.9,19.8,43.4,11.9,0.0,0.0,26.0,1010.4,7.3,28.3,10.0
2024-06-11,25.8,31.7,19.0,42.3,11.4,0.0,0.0,22.0,1012.0,4.5,29.0,10.0
2024-06-12,27.9,35.4,20.4,38.6,12.0,0.0,0.0,22.2,1012.9,2.4,29.2,10.0
2024-06-13,31.7,39.2,22.9,28.5,10.0,0.0,0.0,19.2,1013.0,1.1,28.6,10.0
2024-06-14,33.4,40.4,24.9,24.7,9.9,0.0,0.0,23.3,1010.5,0.4,27.4,10.0
2024-06-15,33.1,39.8,26.8,23.1,8.9,0.0,0.0,25.0,1008.2,2.2,27.2,10.0
2024-06-16,29.4,35.6,24.6,24.3,6.4,0.0,0.0,21.9,1010.1,0.4,29.7,10.0
2024-06-17,27.3,33.7,20.7,31.0,7.8,0.0,0.0,22.1,1011.9,0.6,29.7,10.0
2024-06-18,29.0,38.6,20.4,29.4,7.8,0.0,0.0,13.2,1011.4,0.0,29.4,10.0
2024-06-19,30.6,38.3,23.5,33.9,12.0,0.0,0.0,16.1,1010.3,0.0,29.5,10.0
2024-06-20,30.7,37.4,23.4,32.6,12.0,0.0,0.0,19.4,1009.6,2.2,29.3,10.0
2024-06-21,28.5,35.2,22.3,34.1,10.5,0.0,0.0,19.4,1008.8,4.3,29.3,10.0
2024-06-22,25.6,31.2,19.9,45.5,12.6,0.0,0.0,25.4,1006.7,5.5,28.9,10.0
2024-06-23,25.5,31.3,20.3,53.1,15.0,0.0,0.0,29.8,1006.7,11.1,24.5,9.0
2024-06-24,26.7,32.0,21.1,50.7,14.8,0.0,0.0,27.7,1009.3,1.9,27.7,10.0
2024-06-25,28.5,35.2,21.4,28.3,7.8,0.0,0.0,27.5,1008.9,0.3,29.4,10.0
2024-06-26,28.7,34.8,21.9,27.5,7.9,0.0,0.0,26.3,1007.5,0.2,29.4,10.0
2024-06-27,29.2,35.8,21.3,38.7,13.1,0.0,0.0,21.7,1007.9,3.6,28.6,10.0
2024-06-28,28.6,34.5,23.3,37.9,12.5,0.0,0.0,24.6,1007.3,0.4,28.9,10.0
2024-06-29,27.5,34.6,21.1,43.0,13.1,0.0,0.0,25.2,1005.1,0.2,28.8,10.0
2024-06-30,25.5,30.9,19.1,51.9,14.6,0.0,0.0,23.3,1006.3,17.4,27.3,9.0
2024-07-01,25.7,31.8,19.8,49.1,14.0,0.0,0.0,26.9,1007.7,15.2,27.4,10.0
2024-07-02,25.7,31.3,20.2,45.7,12.7,0.0,0.0,25.8,1006.4,18.3,27.3,9.0
2024-07-03,26.5,32.6,19.7,36.1,9.8,0.0,0.0,22.0,1007.1,0.9,28.6,10.0
2024-07-04,28.5,35.4,21.4,25.6,6.5,0.0,0.0,19.1,1009.1,0.0,29.3,10.0
2024-07-05,28.3,34.7,22.6,35.3,11.0,0.0,0.0,23.9,1009.6,0.0,28.9,10.0
2024-07-06,24.7,30.4,19.7,59.6,15.9,0.0,0.0,19.8,1007.6,16.2,27.2,9.0
2024-07-07,25.8,31.7,19.9,53.3,15.3,0.0,0.0,23.3,1006.6,11.4,27.5,10.0
2024-07-08,27.0,32.4,20.9,49.0,15.0,0.0,0.0,24.3,1006.5,4.9,27.7,10.0
2024-07-09,28.4,35.8,21.7,43.3,14.3,0.0,0.0,18.4,1006.9,3.1,28.2,10.0
2024-07-10,29.7,36.4,22.3,36.5,12.4,0.0,0.0,18.3,1008.5,0.5,28.4,10.0
2024-07-11,30.3,36.2,24.3,28.7,9.5,0.0,0.0,24.5,1010.6,0.0,28.4,10.0
2024-07-12,29.4,35.5,22.7,29.5,9.4,0.0,0.0,26.1,1010.0,0.0,28.9,10.0
2024-07-13,29.0,34.3,24.5,34.8,11.6,0.0,0.0,25.9,1008.9,7.8,28.1,9.0
2024-07-14,25.5,29.9,21.2,60.0,16.8,0.0,0.0,30.5,1007.4,36.2,23.1,8.0
2024-07-15,26.5,32.2,21.4,61.9,18.1,0.0,0.0,26.5,1007.0,29.4,24.5,9.0
2024-07-16,28.0,34.0,21.4,42.6,13.5,0.0,0.0,21.7,1007.9,7.1,28.1,10.0
2024-07-17,28.7,35.6,22.1,35.6,11.3,0.0,0.0,22.3,1009.1,2.0,28.9,10.0
2024-07-18,28.4,34.7,22.1,38.4,12.5,0.0,0.0,23.9,1008.8,1.7,28.7,10.0
2024-07-19,28.5,34.9,23.2,40.0,13.3,0.0,0.0,26.0,1006.5,2.5,28.0,10.0
2024-07-20,28.5,33.9,21.9,48.5,16.2,0.0,0.0,27.7,1005.6,13.8,27.3,10.0
2024-07-21,29.2,35.1,23.9,40.5,13.8,0.0,0.0,22.9,1008.1,10.5,28.0,10.0
2024-07-22,28.8,34.3,22.6,38.2,12.9,0.0,0.0,23.9,1008.5,0.9,27.7,10.0
2024-07-23,28.7,34.0,23.4,33.9,10.9,0.0,0.0,28.4,1008.7,2.3,27.6,10.0
2024-07-24,27.2,32.7,21.6,43.1,13.5,0.0,0.0,27.7,1006.5,0.9,27.6,10.0
2024-07-25,27.5,32.9,22.8,47.8,14.7,0.0,0.0,27.8,1005.4,10.4,26.8,10.0
2024-07-26,27.2,33.1,21.9,46.8,14.3,0.0,0.0,27.7,1005.4,11.6,25.9,9.0
2024-07-27,26.3,32.4,21.1,64.1,18.5,0.0,0.0,22.0,1008.7,17.1,25.7,9.0
2024-07-28,27.2,33.2,22.4,56.3,16.9,0.0,0.0,26.0,1010.2,10.7,26.5,10.0
2024-07-29,27.6,33.1,22.0,51.3,16.2,0.0,0.0,23.1,1007.4,5.6,27.0,10.0
2024-07-30,27.4,32.8,22.0,47.2,14.6,0.0,0.0,24.7,1005.6,4.3,26.9,9.0
2024-07-31,27.4,33.9,20.4,44.7,13.8,0.0,0.0,19.9,1007.5,4.6,27.4,10.0
2024-08-01,28.2,34.4,21.6,40.7,13.0,0.0,0.0,24.0,1008.7,0.9,27.5,10.0
2024-08-02,27.6,33.7,22.2,38.4,11.8,0.0,0.0,26.9,1009.3,5.8,27.4,10.0
2024-08-03,26.6,31.3,20.8,41.1,11.9,0.0,0.0,27.8,1008.2,9.9,26.9,10.0
2024-08-04,26.2,32.4,20.2,46.0,13.3,0.0,0.0,21.9,1008.7,1.8,26.9,10.0
2024-08-05,26.8,32.4,20.9,44.3,13.4,0.0,0.0,23.2,1008.0,0.1,27.7,10.0
2024-08-06,26.8,32.7,21.4,44.5,13.1,0.0,0.0,24.0,1008.0,3.6,27.1,10.0
2024-08-07,27.1,33.5,20.7,39.8,12.2,0.0,0.0,24.7,1008.4,0.4,27.4,10.0
2024-08-08,27.4,34.0,21.5,42.7,13.1,0.0,0.0,22.2,1009.8,3.7,27.0,10.0
2024-08-09,26.5,33.2,19.8,41.8,12.0,0.0,0.0,22.6,1010.9,4.5,27.6,10.0
2024-08-10,25.7,31.8,20.2,54.6,15.3,0.0,0.0,25.6,1011.7,4.6,26.8,10.0
2024-08-11,25.4,31.2,20.5,61.7,17.0,0.0,0.0,24.3,1009.9,14.9,25.2,9.0
2024-08-12,27.6,34.4,23.3,52.1,16.6,0.0,0.0,22.7,1009.3,17.2,24.5,9.0
2024-08-13,27.6,33.2,21.6,45.5,14.3,0.0,0.0,22.4,1009.6,7.6,26.0,10.0
2024-08-14,28.0,35.0,22.1,40.1,12.7,0.0,0.0,19.5,1010.1,0.6,26.7,10.0
2024-08-15,26.8,33.0,20.6,53.2,16.1,0.0,0.0,25.5,1010.1,1.0,26.3,9.0
2024-08-16,26.9,32.9,21.3,56.0,17.1,0.0,0.0,22.6,1008.1,12.0,24.9,9.0
2024-08-17,26.9,32.9,20.9,55.2,16.8,0.0,0.0,22.7,1006.5,8.5,24.7,9.0
2024-08-18,28.2,34.3,22.5,38.4,12.4,0.0,0.0,20.5,1008.0,7.5,26.0,9.0
2024-08-19,28.8,35.0,22.5,32.9,10.2,0.0,0.0,21.4,1010.8,0.0,26.8,10.0
2024-08-20,27.1,33.7,21.6,41.8,12.5,0.0,0.0,21.7,1010.9,6.0,26.6,10.0
2024-08-21,26.5,33.6,19.1,46.8,13.5,0.0,0.0,21.0,1008.8,4.1,26.2,10.0
2024-08-22,27.4,34.0,21.7,48.2,15.0,0.0,0.0,19.3,1008.5,2.0,24.8,9.0
2024-08-23,26.4,33.4,20.6,53.3,15.6,0.0,0.0,21.6,1010.7,3.7,25.0,9.0
2024-08-24,25.3,30.7,21.6,64.5,17.8,0.0,0.0,28.9,1011.0,16.8,24.2,9.0
2024-08-25,25.9,32.5,19.6,62.9,17.7,0.0,0.0,17.1,1009.5,11.7,22.1,9.0
2024-08-26,27.7,34.1,20.5,47.5,14.5,0.0,0.0,17.4,1010.7,7.5,24.9,9.0
2024-08-27,27.7,33.5,22.9,41.6,13.1,0.0,0.0,21.9,1011.9,8.0,24.1,9.0
2024-08-28,25.3,31.1,20.6,51.6,14.2,0.0,0.0,26.1,1013.8,11.2,24.6,9.0
2024-08-29,24.8,30.3,21.0,64.6,17.2,0.0,0.0,26.0,1013.5,23.3,23.5,9.0
2024-08-30,24.4,30.2,20.0,64.7,16.8,0.0,0.0,24.3,1013.2,31.9,23.2,9.0
2024-08-31,24.5,29.1,20.7,63.2,16.6,0.0,0.0,27.6,1012.7,31.6,22.7,9.0
2024-09-01,24.1,29.0,20.0,64.4,16.6,0.0,0.0,22.2,1012.8,29.0,21.5,8.0
2024-09-02,24.4,30.7,18.3,59.5,15.5,0.0,0.0,20.3,1015.3,16.9,22.7,9.0
2024-09-03,24.1,29.8,18.3,60.7,15.4,0.0,0.0,21.8,1015.0,11.6,23.8,9.0
2024-09-04,23.8,29.5,19.4,65.3,16.3,0.0,0.0,20.7,1013.2,31.0,22.1,8.0
2024-09-05,24.1,30.8,18.2,63.4,16.0,0.0,0.0,18.8,1011.2,5.4,23.1,9.0
2024-09-06,24.3,30.0,18.8,64.7,16.8,0.0,0.0,17.8,1011.2,21.9,20.4,8.0
2024-09-07,25.1,31.5,20.1,61.9,16.9,0.0,0.0,18.8,1012.3,14.4,21.9,9.0
2024-09-08,26.0,32.0,20.9,51.6,14.9,0.0,0.0,16.8,1011.7,9.0,21.4,9.0
2024-09-09,26.9,32.8,21.5,42.3,12.6,0.0,0.0,22.2,1011.2,3.0,23.1,9.0
2024-09-10,26.4,32.2,21.0,43.1,12.5,0.0,0.0,17.4,1011.6,3.7,22.4,9.0
2024-09-11,26.0,32.2,20.0,34.7,8.3,0.0,0.0,21.6,1012.8,1.5,23.6,9.0
2024-09-12,28.0,34.1,21.3,32.5,9.6,0.0,0.0,21.2,1013.8,0.6,22.9,9.0
2024-09-13,27.7,32.9,22.1,40.0,12.5,0.0,0.0,22.7,1012.6,3.3,22.5,8.0
2024-09-14,23.4,28.5,18.9,61.9,15.3,0.0,0.0,25.9,1011.6,16.8,22.2,9.0
2024-09-15,23.7,28.3,20.1,66.7,16.8,0.0,0.0,27.9,1010.9,41.9,18.8,7.0
2024-09-16,22.9,27.3,19.3,64.2,15.5,0.0,0.0,30.3,1012.3,45.9,20.0,8.0
2024-09-17,21.5,25.8,18.4,65.4,14.4,0.183,0.0,20.5,1016.1,45.4,18.1,7.0
2024-09-18,21.1,26.9,17.1,65.5,13.9,0.0,0.0,24.1,1016.7,22.5,21.1,8.0
2024-09-19,21.6,27.0,16.9,66.8,14.8,0.0,0.0,25.9,1015.2,33.4,20.4,8.0
2024-09-20,23.4,28.9,18.0,57.9,14.1,0.0,0.0,27.7,1015.0,10.5,19.9,8.0
2024-09-21,22.7,27.2,20.1,59.4,14.2,0.0,0.0,31.7,1014.2,32.1,19.3,7.0
2024-09-22,21.2,25.2,17.9,69.4,15.1,0.0,0.0,25.9,1015.0,58.2,16.0,6.0
2024-09-23,20.7,25.9,17.1,67.3,14.0,0.229,0.0,18.4,1015.2,33.5,16.1,7.0
2024-09-24,22.3,29.3,15.7,56.3,12.3,0.0,0.0,16.6,1016.3,1.8,21.1,8.0
2024-09-25,24.2,31.5,18.4,50.4,12.6,0.0,0.0,18.4,1015.5,3.7,20.7,8.0
2024-09-26,24.5,32.0,17.9,48.7,12.2,0.0,0.0,14.8,1013.9,6.4,20.5,8.0
2024-09-27,25.7,33.0,20.3,43.8,11.8,0.0,0.0,18.2,1013.1,3.5,20.3,8.0
2024-09-28,25.7,33.0,19.0,42.7,11.0,0.0,0.0,16.6,1015.7,4.1,20.4,8.0
2024-09-29,23.0,28.3,19.2,57.4,13.4,0.0,0.0,23.9,1012.4,14.3,19.5,8.0
2024-09-30,21.7,27.8,17.9,60.8,13.4,0.0,0.0,27.7,1011.5,14.5,19.0,8.0
2024-10-01,20.1,24.9,17.0,72.1,14.7,0.183,0.0,31.7,1011.1,51.4,12.1,5.0
2024-10-02,19.4,24.9,15.9,67.3,12.8,0.0,0.0,18.4,1014.1,37.5,0.0,0.0
2024-10-03,20.5,28.2,13.9,59.5,11.1,0.0,0.0,13.0,1017.2,2.2,20.3,8.0
2024-10-04,22.9,30.1,16.1,42.2,8.8,0.0,0.0,13.0,1016.6,0.5,20.0,8.0
2024-10-05,24.4,31.8,18.5,43.4,10.2,0.0,0.0,13.0,1014.7,0.0,0.0,0.0
2024-10-06,24.4,33.5,18.5,53.0,12.4,0.0,0.0,18.4,1013.4,12.4,18.6,8.0
2024-10-07,22.4,29.0,18.8,73.0,16.9,0.0,0.0,24.1,1015.9,9.4,16.2,7.0
2024-10-08,22.2,27.6,18.2,61.4,13.8,0.0,0.0,25.9,1017.8,21.0,17.9,8.0
2024-10-09,23.2,28.8,18.0,47.4,11.0,0.0,0.0,18.4,1017.1,5.7,18.7,8.0
2024-10-10,21.9,27.3,17.9,62.3,14.1,0.0,0.0,18.4,1014.9,12.0,17.7,8.0
2024-10-11,21.2,28.5,15.6,65.3,13.8,0.0,0.0,16.6,1014.6,3.6,18.4,8.0
2024-10-12,21.5,27.7,16.3,62.0,13.1,0.0,0.0,18.4,1015.1,1.9,18.2,8.0
2024-10-13,21.6,28.4,16.3,67.0,14.6,0.0,0.0,18.4,1015.8,7.6,0.0,0.0
2024-10-14,22.7,29.0,18.0,56.8,13.0,0.0,0.0,18.4,1015.6,9.3,16.9,7.0
2024-10-15,22.7,28.9,17.5,59.6,13.8,0.0,0.0,11.2,1015.8,4.4,16.3,7.0
2024-10-16,22.4,28.4,18.4,62.6,14.6,0.0,0.0,87.5,1016.4,4.0,17.3,7.0
2024-10-17,19.7,24.0,15.7,71.9,14.2,0.0,0.0,27.7,1015.4,26.6,15.3,6.0
2024-10-18,19.6,24.4,15.5,66.4,12.6,0.0,0.0,18.4,1014.6,29.1,13.9,6.0
2024-10-19,17.2,22.6,13.1,52.5,6.7,0.0,0.0,16.6,1017.8,0.0,18.3,8.0
2024-10-20,17.7,24.4,11.2,37.9,1.6,0.0,0.0,18.4,1021.0,1.3,18.2,8.0
2024-10-21,18.0,24.0,13.2,32.8,0.4,0.0,0.0,18.4,1020.3,0.0,0.0,0.0
2024-10-22,15.6,20.9,10.2,37.6,0.3,0.0,0.0,14.8,1019.4,0.0,18.1,8.0
2024-10-23,14.8,20.2,9.2,28.2,-4.2,0.0,0.0,18.4,1021.7,0.0,18.1,8.0
2024-10-24,14.8,22.1,9.1,26.9,-4.9,0.0,0.0,14.8,1022.4,0.0,18.3,8.0
2024-10-25,16.1,21.6,11.2,21.2,-6.5,0.0,0.0,33.5,1020.7,2.4,17.8,8.0
2024-10-26,16.9,23.2,11.9,27.6,-2.2,0.0,0.0,14.8,1019.6,0.0,17.4,7.0
2024-10-27,18.6,25.0,12.9,36.8,3.4,0.0,0.0,14.8,1020.9,24.2,17.2,7.0
2024-10-28,19.3,25.6,13.9,41.2,5.5,0.0,0.0,11.2,1019.6,15.9,0.0,0.0
2024-10-29,19.0,25.8,13.2,40.7,5.0,0.0,0.0,13.0,1016.2,6.7,16.2,7.0
2024-10-30,17.8,23.6,13.7,50.5,7.0,0.054,0.0,9.4,1013.8,24.6,14.3,6.0
2024-10-31,17.8,23.7,12.0,55.6,8.2,0.0,0.0,11.2,1014.4,24.9,14.9,7.0
2024-11-01,18.4,23.4,13.3,50.6,7.5,0.0,0.0,20.2,1015.5,12.8,14.3,6.0
2024-11-02,18.6,23.9,14.3,60.8,10.5,1.555,100.0,16.6,1016.6,33.1,13.6,6.0
2024-11-03,16.2,20.4,13.6,71.5,10.9,0.0,0.0,20.5,1017.7,37.2,11.1,6.0
2024-11-04,15.5,20.2,10.4,71.7,10.0,0.823,100.0,18.4,1018.7,25.9,12.2,6.0
2024-11-05,15.7,21.8,10.0,62.4,7.9,0.0,0.0,74.2,1020.3,10.9,13.9,6.0
2024-11-06,18.0,23.7,12.3,48.1,6.4,0.0,0.0,20.5,1021.3,13.3,15.4,7.0
2024-11-07,18.0,22.3,14.7,60.7,9.9,0.0,0.0,14.8,1022.9,16.4,14.8,6.0
2024-11-08,16.6,20.1,13.9,68.1,10.6,0.0,0.0,18.4,1022.0,46.9,15.1,7.0
2024-11-09,16.0,20.3,12.3,66.9,9.5,0.0,0.0,16.0,1018.9,28.0,13.4,6.0
2024-11-10,16.8,23.3,11.8,56.8,7.7,0.0,0.0,17.0,1017.5,22.1,13.9,6.0
2024-11-11,16.0,20.1,12.1,68.4,9.8,0.0,0.0,17.9,1020.7,33.0,10.4,5.0
2024-11-12,15.8,21.0,11.6,65.3,9.0,0.0,0.0,9.4,1021.5,20.8,13.2,6.0
2024-11-13,16.1,21.8,11.7,66.3,9.3,0.0,0.0,16.6,1022.0,10.8,14.4,6.0
2024-11-14,15.3,21.8,10.5,65.5,8.3,0.0,0.0,9.4,1020.4,22.0,13.3,6.0
2024-11-15,16.1,23.1,10.2,55.9,6.7,0.0,0.0,11.2,1017.7,2.5,14.1,6.0
2024-11-16,15.8,20.1,12.9,62.2,8.4,0.0,0.0,18.4,1018.4,17.9,12.0,6.0
2024-11-17,15.2,21.3,8.8,50.6,4.1,0.0,0.0,14.8,1017.3,13.3,0.0,0.0
2024-11-18,14.6,17.0,12.4,61.4,7.1,2.9,100.0,25.9,1016.5,49.9,6.9,5.0
2024-11-19,14.4,17.0,13.0,72.7,9.5,2.2,100.0,24.1,1019.3,51.1,8.1,4.0
2024-11-20,14.4,19.0,10.0,66.7,7.8,0.0,0.0,14.8,1020.4,34.9,11.5,5.0
2024-11-21,15.2,21.0,11.0,57.1,5.8,0.0,0.0,13.0,1021.0,20.4,12.3,6.0
2024-11-22,15.3,21.0,9.8,55.7,6.0,0.0,0.0,14.8,1022.7,6.3,0.0,0.0
2024-11-23,16.3,20.8,11.8,45.9,4.4,0.0,0.0,18.1,1021.4,2.9,13.4,6.0
2024-11-24,12.8,15.9,8.9,69.5,7.1,0.163,0.0,33.5,1015.7,43.1,7.1,4.0
2024-11-25,8.2,10.4,6.3,67.4,2.3,3.347,100.0,25.9,1015.9,63.9,7.2,4.0
2024-11-26,6.6,8.8,4.6,79.1,3.1,2.191,100.0,22.3,1017.7,68.4,10.8,5.0
2024-11-27,7.9,11.7,2.9,74.2,3.4,0.046,0.0,18.4,1022.7,46.3,7.4,4.0
2024-11-28,11.2,14.7,8.5,76.8,7.2,1.509,100.0,14.8,1023.9,56.5,8.8,5.0
2024-11-29,11.9,15.6,9.2,74.6,7.4,0.0,0.0,11.2,1023.0,50.8,3.8,2.0
2024-11-30,10.7,15.8,7.2,69.9,5.0,0.046,0.0,9.4,1023.2,17.6,12.2,6.0
2024-12-01,11.3,18.0,6.0,58.3,2.8,0.0,0.0,14.8,1021.4,4.3,13.0,6.0
2024-12-02,10.4,16.2,5.2,55.0,1.3,0.0,0.0,7.6,1019.1,3.5,12.6,6.0
2024-12-03,11.1,17.0,5.4,48.3,0.1,0.0,0.0,9.4,1017.6,1.3,13.2,6.0
2024-12-04,11.4,17.0,5.4,56.3,2.7,0.0,0.0,11.2,1019.7,12.9,12.2,6.0
2024-12-05,11.7,17.9,5.9,63.2,4.6,0.366,100.0,7.6,1021.6,10.9,11.4,5.0
2024-12-06,12.5,17.4,8.6,45.8,0.8,0.0,0.0,22.3,1022.5,10.1,12.4,6.0
2024-12-07,12.6,17.0,8.4,43.4,0.3,0.0,0.0,14.7,1021.6,39.3,10.7,5.0
2024-12-08,12.4,17.0,8.6,57.4,4.0,0.0,0.0,22.3,1021.7,20.7,10.4,5.0
2024-12-09,11.7,17.6,7.1,61.0,4.0,0.0,0.0,9.4,1026.2,8.5,12.5,6.0
2024-12-10,12.4,17.4,7.7,49.6,1.7,0.0,0.0,15.2,1025.7,22.3,11.3,5.0
2024-12-11,12.5,17.7,7.9,47.3,1.3,0.0,0.0,11.0,1023.2,23.1,11.9,6.0
2024-12-12,13.2,17.7,10.2,59.7,5.2,1.085,100.0,20.5,1019.9,33.4,9.3,5.0
2024-12-13,12.2,15.5,9.5,67.8,6.1,0.0,0.0,22.3,1019.8,65.3,8.8,4.0
2024-12-14,9.9,14.3,6.1,57.6,1.7,0.0,0.0,11.2,1024.9,19.8,12.5,6.0
2024-12-15,8.9,14.1,3.8,38.2,-5.3,0.0,0.0,19.6,1028.6,7.2,13.0,6.0
2024-12-16,7.7,13.6,2.8,36.2,-6.8,0.0,0.0,15.2,1025.5,4.0,12.7,6.0
2024-12-17,9.7,15.2,4.5,56.0,1.0,0.0,0.0,9.5,1025.3,4.7,10.7,5.0
2024-12-18,9.8,17.0,3.9,31.6,-7.0,0.0,0.0,13.0,1023.7,3.8,12.6,6.0
2024-12-19,10.4,15.7,4.6,24.2,-10.1,0.0,0.0,20.4,1018.6,9.3,12.7,6.0
2024-12-20,10.2,12.2,7.3,62.3,2.3,2.262,100.0,25.9,1015.7,51.7,6.0,3.0
2024-12-21,11.2,15.3,7.1,78.7,7.4,0.046,0.0,18.4,1022.4,40.5,9.5,5.0
2024-12-22,11.5,16.0,7.8,72.7,6.3,4.574,100.0,14.8,1021.6,32.2,7.6,4.0
2024-12-23,10.9,17.6,6.5,64.0,3.2,3.705,100.0,20.5,1017.1,20.6,11.7,5.0
2024-12-24,11.1,16.0,6.4,66.0,4.6,1.509,100.0,11.2,1018.8,23.5,9.5,5.0
2024-12-25,11.8,17.6,6.8,46.6,0.0,0.274,100.0,16.6,1018.0,3.8,12.6,6.0
2024-12-26,10.7,15.0,7.1,53.8,1.5,0.0,0.0,14.8,1017.4,28.4,11.6,6.0
2024-12-27,8.8,10.2,7.5,55.6,0.2,0.366,100.0,33.5,1015.4,39.4,10.1,5.0
2024-12-28,8.4,11.0,7.2,66.5,2.4,20.627,100.0,35.3,1019.6,66.0,8.1,4.0
2024-12-29,8.6,12.4,4.3,69.7,3.2,6.357,100.0,20.5,1021.8,30.9,9.6,5.0
2024-12-30,8.1,10.5,6.4,82.4,5.2,16.864,100.0,20.5,1021.1,64.3,7.9,4.0
2024-12-31,6.8,9.0,4.9,89.4,5.1,24.885,100.0,22.3,1022.8,69.6,8.0,4.0
2025-01-01,7.5,12.3,3.5,81.7,4.4,3.68,100.0,8.5,1028.5,26.1,11.0,6.0
2025-01-02,7.8,12.8,3.5,73.4,3.0,0.0,0.0,11.7,1029.4,19.1,12.5,6.0
2025-01-03,8.2,13.7,4.0,57.8,0.1,0.0,0.0,12.8,1026.7,4.6,12.9,6.0
2025-01-04,8.6,13.6,3.6,55.1,-0.1,0.0,0.0,12.6,1022.6,21.9,10.3,5.0
2025-01-05,11.5,16.1,7.5,46.7,0.2,1.085,100.0,16.8,1015.7,38.6,11.9,6.0
2025-01-06,10.9,14.4,7.8,61.0,3.4,0.0,0.0,16.5,1018.9,26.8,12.1,6.0
2025-01-07,8.9,14.1,4.4,63.4,1.9,0.0,0.0,12.5,1026.3,2.2,13.2,6.0
2025-01-08,9.5,14.3,5.3,57.3,1.3,0.0,0.0,14.9,1026.1,7.7,13.2,6.0
2025-01-09,10.9,16.5,5.5,50.1,0.6,0.0,0.0,20.4,1021.9,26.0,13.2,6.0
2025-01-10,11.0,15.5,7.1,55.6,2.3,0.434,100.0,21.5,1017.6,15.8,13.2,6.0
2025-01-11,10.4,13.8,7.1,77.2,6.5,2.605,100.0,18.8,1019.0,52.8,10.7,5.0
2025-01-12,10.7,15.3,6.7,82.8,7.8,0.109,0.0,11.5,1023.8,37.7,10.1,5.0
2025-01-13,11.0,16.5,5.8,66.1,4.4,0.0,0.0,15.0,1025.3,3.1,13.1,6.0
2025-01-14,11.8,17.1,7.5,50.2,1.6,0.0,0.0,18.0,1023.3,14.2,13.7,6.0
2025-01-15,12.3,18.5,6.6,50.9,2.1,0.0,0.0,13.2,1020.7,35.2,13.8,6.0
2025-01-16,12.5,18.3,8.3,59.1,4.4,0.0,0.0,12.3,1024.5,22.3,10.7,5.0
2025-01-17,11.3,15.3,7.9,69.6,5.8,0.0,0.0,13.3,1025.4,47.3,9.2,4.0
2025-01-18,10.3,16.3,4.9,65.8,3.7,0.0,0.0,17.5,1022.7,8.8,13.2,6.0
2025-01-19,10.1,15.8,5.6,72.6,5.2,0.0,0.0,13.9,1020.8,18.9,12.8,6.0
2025-01-20,10.2,14.9,5.6,75.4,5.9,0.0,0.0,17.9,1020.8,25.4,9.9,5.0
2025-01-21,10.6,16.2,4.4,59.8,2.3,0.0,0.0,18.1,1024.2,21.5,13.5,6.0
2025-01-22,10.9,14.4,8.7,44.1,-1.0,0.0,0.0,17.0,1022.1,54.3,7.9,4.0
2025-01-23,10.2,14.3,6.6,70.1,4.8,1.008,100.0,13.2,1021.9,43.4,10.0,4.0
2025-01-24,9.5,12.8,6.3,79.5,6.0,0.274,100.0,12.8,1022.7,55.3,9.7,4.0
2025-01-25,10.3,16.9,4.7,70.4,4.6,0.0,0.0,7.6,1021.7,34.0,11.3,5.0
2025-01-26,11.4,16.8,6.8,55.3,2.2,0.0,0.0,13.9,1020.9,25.8,9.1,4.0
2025-01-27,12.1,16.4,7.0,51.1,2.0,0.0,0.0,15.1,1020.7,24.8,13.8,6.0
2025-01-28,9.9,15.9,4.0,58.4,1.2,0.0,0.0,17.2,1021.7,16.8,14.2,7.0
2025-01-29,11.4,17.5,6.3,48.6,0.7,0.0,0.0,18.6,1024.1,21.3,15.4,7.0
2025-01-30,11.7,18.4,5.4,47.1,0.2,0.0,0.0,11.7,1026.2,3.6,15.6,7.0
2025-01-31,11.1,14.7,7.3,56.2,2.3,0.0,0.0,19.7,1023.5,31.4,12.4,5.0
2025-02-01,10.7,14.8,6.6,73.7,5.9,0.549,100.0,15.5,1023.6,35.0,13.9,7.0
2025-02-02,10.7,17.2,4.3,60.7,2.7,0.0,0.0,8.6,1023.6,19.8,15.4,7.0
2025-02-03,11.7,17.3,7.2,46.0,0.1,0.0,0.0,12.8,1019.8,31.5,10.2,5.0
2025-02-04,12.2,18.6,6.8,43.1,-0.5,0.0,0.0,12.3,1016.6,8.1,15.4,7.0
2025-02-05,9.6,11.9,7.5,82.1,6.7,4.342,100.0,30.7,1012.0,56.4,9.6,4.0
2025-02-06,5.7,8.0,3.6,80.9,2.5,25.936,100.0,41.6,1009.7,72.2,12.0,6.0
2025-02-07,5.4,7.7,3.8,84.5,3.0,3.176,100.0,19.1,1017.8,65.4,8.3,4.0
2025-02-08,6.2,10.3,2.9,66.5,0.3,0.666,100.0,21.9,1020.2,54.7,14.4,6.0
2025-02-09,6.4,9.1,3.2,72.7,1.8,0.229,0.0,12.4,1019.4,52.5,11.8,6.0
2025-02-10,7.3,9.5,5.4,83.1,4.6,1.712,100.0,18.3,1018.0,67.6,12.4,5.0
2025-02-11,7.9,12.3,4.1,77.2,4.0,0.412,100.0,12.2,1019.2,41.0,14.6,6.0
2025-02-12,7.2,10.9,4.3,83.3,4.4,0.534,100.0,15.5,1020.6,39.8,11.4,6.0
2025-02-13,7.4,10.8,5.4,80.8,4.2,5.353,100.0,24.6,1021.6,54.7,11.1,5.0
2025-02-14,7.6,12.7,4.1,69.7,2.2,0.549,100.0,11.7,1022.5,35.2,15.7,6.0
2025-02-15,10.2,16.2,3.5,50.0,-0.8,0.0,0.0,18.5,1018.0,8.3,17.8,8.0
2025-02-16,11.0,15.5,7.9,54.0,1.8,0.706,100.0,16.7,1015.4,41.4,14.8,6.0
2025-02-17,10.6,16.7,5.2,67.8,4.3,0.0,0.0,11.3,1018.6,25.0,15.4,7.0
2025-02-18,11.9,17.8,6.3,55.3,2.4,0.0,0.0,6.7,1019.8,24.6,17.8,8.0
2025-02-19,11.6,15.6,8.6,62.9,4.6,0.0,0.0,14.5,1016.4,42.9,10.4,4.0
2025-02-20,9.8,11.5,7.0,76.9,5.9,3.918,100.0,29.5,1014.9,55.8,11.9,5.0
2025-02-21,6.5,9.2,3.4,74.4,2.2,2.118,100.0,22.7,1018.2,55.6,13.3,6.0
2025-02-22,3.9,6.2,1.2,74.6,-0.3,0.163,0.0,18.5,1019.7,62.7,6.1,3.0
2025-02-23,2.8,5.4,1.1,71.0,-2.1,0.466,100.0,20.6,1022.6,60.6,16.0,6.0
2025-02-24,2.0,5.0,-1.8,63.9,-4.2,0.0,0.0,18.4,1025.6,51.5,15.5,6.0
2025-02-25,3.7,10.1,-1.7,50.9,-6.3,0.091,0.0,17.2,1025.9,14.0,19.8,8.0
2025-02-26,6.3,12.4,0.7,51.4,-3.6,0.0,0.0,10.8,1023.1,4.3,19.9,8.0
2025-02-27,8.0,14.4,2.1,44.6,-4.0,0.0,0.0,9.5,1024.3,6.0,20.1,8.0
2025-02-28,9.4,16.7,2.7,47.6,-2.1,0.0,0.0,16.1,1020.5,1.5,20.3,8.0
2025-03-01,9.8,14.2,5.3,70.0,4.3,0.137,0.0,18.0,1020.7,37.3,13.7,5.0
2025-03-02,10.6,17.9,4.0,60.9,2.4,0.0,0.0,8.6,1023.5,18.1,19.4,8.0
2025-03-03,12.8,19.0,6.9,41.9,-1.0,0.0,0.0,16.3,1016.2,37.7,15.5,6.0
2025-03-04,14.0,20.2,8.9,39.9,-0.2,0.0,0.0,15.2,1009.6,33.5,19.1,8.0
2025-03-05,12.6,16.1,9.9,52.1,2.9,0.0,0.0,24.4,1014.5,41.2,15.6,7.0
2025-03-06,11.5,15.2,7.3,64.3,4.8,0.0,0.0,25.8,1018.7,55.1,13.2,6.0
2025-03-07,11.2,12.8,9.7,77.2,7.3,4.615,100.0,18.5,1014.8,72.4,11.5,5.0
2025-03-08,12.4,18.1,9.2,73.4,7.3,5.717,100.0,21.3,1013.5,45.6,18.1,8.0
2025-03-09,13.0,18.3,7.2,54.4,3.7,0.0,0.0,16.4,1015.5,26.3,19.3,8.0
2025-03-10,13.0,17.7,8.8,67.0,6.9,0.0,0.0,19.8,1019.2,29.3,18.7,8.0
2025-03-11,14.3,21.3,7.7,62.6,6.1,0.0,0.0,8.3,1022.0,7.9,20.7,8.0
2025-03-12,16.8,23.7,10.3,45.3,3.9,0.0,0.0,15.7,1021.7,0.4,21.7,9.0
2025-03-13,18.9,24.8,11.9,39.2,4.4,0.0,0.0,28.3,1019.1,15.2,19.9,8.0
2025-03-14,20.1,26.4,15.0,41.7,6.3,0.0,0.0,13.2,1018.4,37.3,20.4,8.0
2025-03-15,21.0,28.1,14.3,41.4,6.5,0.0,0.0,11.3,1019.9,2.9,22.1,9.0
2025-03-16,21.7,28.4,14.8,32.9,3.7,0.0,0.0,10.7,1019.9,0.0,22.6,9.0
2025-03-17,21.3,28.2,14.6,31.1,2.7,0.0,0.0,16.0,1016.7,17.7,19.6,8.0
2025-03-18,20.6,27.1,15.4,36.2,4.4,0.0,0.0,25.3,1012.2,13.4,21.4,8.0
2025-03-19,14.2,18.3,10.5,63.1,7.0,0.0,0.0,30.1,1014.3,40.0,18.7,8.0
2025-03-20,9.2,11.6,5.0,72.0,4.3,3.664,100.0,38.8,1014.2,62.3,14.1,6.0
2025-03-21,5.7,8.4,3.9,81.6,2.8,5.269,100.0,19.9,1018.8,67.0,14.6,6.0
2025-03-22,7.9,12.1,3.9,72.0,3.0,0.046,0.0,11.8,1021.8,53.7,12.8,5.0
2025-03-23,9.6,16.0,3.4,66.3,3.0,0.0,0.0,15.8,1026.4,13.4,22.8,9.0
2025-03-24,12.6,20.8,5.7,53.9,2.0,0.0,0.0,10.4,1028.2,5.7,23.4,9.0
2025-03-25,17.0,24.1,9.7,42.6,3.3,0.0,0.0,8.7,1024.8,23.1,23.2,9.0
2025-03-26,19.5,27.0,12.7,39.5,4.3,0.0,0.0,9.0,1018.6,25.1,23.2,9.0
2025-03-27,22.0,29.5,14.6,30.2,2.5,0.0,0.0,14.1,1013.9,22.1,23.0,9.0
2025-03-28,23.0,29.8,16.8,26.2,2.0,0.0,0.0,15.6,1010.7,28.0,16.5,6.0
2025-03-29,16.7,20.3,12.8,68.1,10.5,0.0,0.0,17.8,1010.8,51.8,17.3,7.0
2025-03-30,13.5,17.8,9.9,70.9,7.9,3.256,100.0,22.8,1011.5,52.1,21.7,9.0
2025-03-31,16.1,23.9,7.4,44.6,1.5,0.0,0.0,16.0,1014.5,18.1,24.7,9.0
2025-04-01,21.1,25.9,16.7,38.4,6.2,0.0,0.0,29.0,1010.1,41.5,15.4,8.0
2025-04-02,17.5,21.3,13.2,46.5,5.4,0.0,0.0,26.2,1013.8,15.2,25.0,9.0
2025-04-03,15.9,22.5,10.1,42.7,2.7,0.0,0.0,19.7,1016.6,5.3,25.1,9.0
2025-04-04,14.6,20.7,9.0,55.4,5.3,0.0,0.0,18.8,1014.1,15.8,24.4,9.0
2025-04-05,14.1,19.6,9.6,62.6,6.4,0.0,0.0,20.6,1013.8,39.9,19.6,8.0
2025-04-06,19.4,27.3,10.1,34.8,1.6,0.0,0.0,25.7,1012.5,12.4,22.6,8.0
2025-04-07,21.1,26.2,16.0,33.1,4.0,0.0,0.0,22.6,1013.9,33.0,24.9,9.0
2025-04-08,23.0,31.0,16.1,29.8,3.4,0.0,0.0,18.5,1014.0,38.4,18.3,8.0
2025-04-09,20.7,24.8,13.3,40.9,6.2,0.0,0.0,27.9,1012.2,31.2,21.2,9.0
2025-04-10,12.6,15.9,9.5,60.6,4.9,0.137,0.0,25.1,1015.4,51.6,18.1,7.0
2025-04-11,11.7,15.9,9.4,58.0,3.4,0.434,100.0,25.8,1013.7,66.3,16.6,6.0
2025-04-12,11.5,16.7,8.4,70.8,6.1,1.709,100.0,28.6,1014.0,62.4,17.6,7.0
2025-04-13,11.3,16.1,6.9,68.3,5.3,0.417,100.0,16.1,1014.9,53.8,19.2,7.0
2025-04-14,11.1,15.7,7.5,68.1,5.1,0.274,100.0,24.1,1017.2,50.5,20.2,7.0
2025-04-15,12.0,17.2,5.7,58.4,3.2,2.11,100.0,30.0,1018.4,46.0,25.8,10.0
2025-04-16,14.7,22.5,7.3,44.6,1.6,0.0,0.0,13.1,1021.2,25.1,25.1,9.0
2025-04-17,18.5,25.8,11.2,33.1,0.9,0.0,0.0,14.8,1019.4,0.0,27.0,10.0
2025-04-18,21.4,28.0,14.0,25.7,0.0,0.0,0.0,11.9,1016.1,5.5,27.1,10.0
2025-04-19,22.7,30.5,15.5,25.8,1.1,0.0,0.0,18.8,1013.9,2.8,27.2,10.0
2025-04-20,21.1,28.6,13.2,28.1,1.4,0.0,0.0,20.7,1012.8,5.5,27.2,10.0
2025-04-21,19.5,26.2,12.0,31.9,1.9,0.0,0.0,19.5,1013.2,18.7,27.6,10.0
2025-04-22,24.3,33.1,16.2,24.8,1.6,0.0,0.0,25.1,1013.4,9.7,26.3,9.0
2025-04-23,25.8,33.4,18.9,23.4,2.5,0.0,0.0,20.1,1012.8,26.2,19.9,8.0
2025-04-24,21.9,28.9,18.1,37.4,6.1,0.0,0.0,21.2,1011.5,38.7,18.4,7.0
2025-04-25,18.3,24.7,13.4,54.0,8.3,0.0,0.0,17.9,1012.5,17.2,24.7,9.0
2025-04-26,16.1,21.5,10.3,61.0,8.0,0.0,0.0,22.4,1013.1,19.7,24.0,9.0
2025-04-27,17.2,24.8,10.6,55.9,7.2,0.0,0.0,13.6,1014.2,24.7,24.1,9.0
2025-04-28,18.8,26.2,12.2,54.2,8.8,0.0,0.0,18.2,1012.8,17.7,26.3,10.0
2025-04-29,18.1,24.7,12.0,54.4,7.9,0.0,0.0,23.6,1012.9,19.7,26.6,10.0
2025-04-30,23.0,32.4,13.1,30.9,2.6,0.0,0.0,32.7,1010.2,22.8,23.9,9.0
2025-05-01,19.3,23.6,15.9,49.1,7.9,0.054,0.0,25.8,1011.5,39.7,25.7,9.0
2025-05-02,18.2,23.4,13.7,40.7,4.0,0.0,0.0,20.0,1012.5,19.9,26.6,10.0
2025-05-03,18.4,25.2,11.8,39.8,3.8,0.0,0.0,24.8,1012.4,13.7,24.8,9.0
2025-05-04,16.9,22.3,12.3,56.5,7.9,0.0,0.0,27.7,1012.1,32.0,22.6,9.0
2025-05-05,16.2,20.5,12.4,65.3,9.3,0.0,0.0,25.6,1015.2,47.4,19.2,8.0
2025-05-06,18.6,24.9,10.6,38.9,3.3,0.0,0.0,17.9,1019.5,4.9,28.4,10.0
2025-05-07,21.3,28.7,13.7,30.9,2.7,0.0,0.0,16.6,1018.6,4.6,28.6,10.0
2025-05-08,24.7,32.5,15.5,26.7,2.8,0.0,0.0,15.2,1015.4,4.2,28.4,10.0
2025-05-09,26.4,34.2,19.2,23.3,2.9,0.0,0.0,18.4,1014.9,4.2,28.3,10.0
2025-05-10,27.7,35.6,20.2,20.9,2.3,0.0,0.0,19.8,1013.7,26.4,27.8,10.0
2025-05-11,26.9,33.2,20.0,23.5,3.9,0.0,0.0,30.5,1011.4,17.7,27.4,10.0
2025-05-12,24.9,30.9,16.6,36.1,8.0,0.0,0.0,33.2,1008.4,24.8,26.7,9.0
2025-05-13,20.6,25.6,13.8,45.7,7.6,0.0,0.0,21.7,1009.7,26.8,24.4,9.0
2025-05-14,19.9,24.3,15.9,47.7,8.3,0.229,0.0,27.3,1011.9,31.6,24.8,8.0
2025-05-15,18.2,24.0,13.1,58.9,9.5,0.0,0.0,23.6,1016.5,44.0,26.0,9.0
2025-05-16,21.9,30.9,12.8,32.1,1.5,0.0,0.0,15.3,1017.9,21.2,29.5,10.0
2025-05-17,29.5,38.5,20.5,16.9,0.8,0.0,0.0,17.0,1016.1,27.2,28.5,10.0
2025-05-18,27.6,34.1,22.5,24.8,5.3,0.0,0.0,22.3,1016.9,27.2,28.2,10.0
2025-05-19,22.3,27.9,17.0,33.9,5.2,0.0,0.0,20.9,1017.1,11.2,29.0,10.0
2025-05-20,20.6,27.9,13.3,34.6,4.0,0.0,0.0,25.3,1015.0,7.4,29.3,10.0
2025-05-21,21.3,28.9,12.9,40.9,7.0,0.0,0.0,16.6,1014.0,10.6,28.9,10.0
2025-05-22,24.4,33.4,15.8,43.9,10.4,0.0,0.0,22.7,1011.9,13.9,28.2,10.0
2025-05-23,22.7,28.4,16.5,43.1,8.7,0.0,0.0,29.8,1011.1,2.7,28.7,10.0
2025-05-24,24.4,30.9,18.6,35.4,7.6,0.0,0.0,23.5,1011.8,2.6,29.2,10.0
2025-05-25,26.0,33.4,18.6,26.2,4.7,0.0,0.0,20.5,1011.7,1.7,29.2,10.0
2025-05-26,28.4,36.7,19.6,23.1,3.3,0.0,0.0,18.3,1009.6,12.9,28.9,10.0
2025-05-27,22.9,26.9,16.7,48.2,10.7,0.0,0.0,25.9,1010.4,27.6,27.1,10.0
2025-05-28,19.4,24.9,14.8,59.3,10.8,0.0,0.0,26.9,1012.5,26.9,27.3,10.0
2025-05-29,19.9,25.3,14.2,54.5,9.6,0.0,0.0,25.3,1013.1,28.5,27.6,10.0
2025-05-30,21.0,27.1,13.9,41.8,6.6,0.0,0.0,20.5,1013.0,16.7,29.0,10.0
2025-05-31,24.4,31.4,16.6,28.4,3.7,0.0,0.0,23.0,1011.2,1.9,28.9,10.0
2025-06-01,22.8,28.1,17.5,38.9,7.8,0.0,0.0,22.9,1015.3,13.3,27.6,9.0
2025-06-02,20.5,25.2,15.8,49.9,9.2,0.0,0.0,25.0,1017.7,18.9,28.6,10.0
2025-06-03,20.4,26.1,15.6,59.6,11.7,0.0,0.0,24.7,1016.2,29.0,27.5,10.0
2025-06-04,22.1,28.3,16.0,49.8,10.4,0.0,0.0,27.2,1014.6,24.5,27.6,10.0
2025-06-05,24.7,32.1,17.1,40.6,9.5,0.0,0.0,15.1,1014.7,0.0,29.6,10.0
2025-06-06,26.5,34.4,18.7,29.2,6.0,0.0,0.0,22.0,1013.5,1.3,29.7,10.0
2025-06-07,25.7,32.8,18.4,30.7,6.9,0.0,0.0,17.9,1012.6,1.8,29.9,10.0
2025-06-08,25.7,32.3,18.5,31.9,7.4,0.0,0.0,22.3,1011.1,0.0,29.6,10.0
2025-06-09,25.7,31.8,19.4,36.2,9.3,0.0,0.0,27.2,1010.0,2.4,29.1,10.0
2025-06-10,27.0,34.3,19.7,40.6,12.2,0.0,0.0,17.2,1009.0,3.9,28.4,10.0
2025-06-11,26.7,32.9,21.0,41.3,12.0,0.0,0.0,21.2,1008.3,3.1,28.9,10.0
2025-06-12,26.8,33.8,20.6,26.8,5.5,0.0,0.0,19.2,1010.7,0.0,29.6,10.0
2025-06-13,27.3,34.6,18.9,27.5,6.6,0.0,0.0,20.8,1011.9,0.0,29.7,10.0
2025-06-14,27.6,34.4,20.5,27.2,6.5,0.0,0.0,19.3,1011.1,0.0,29.5,10.0
2025-06-15,25.4,31.0,19.7,33.4,7.9,0.0,0.0,23.1,1009.9,8.1,29.4,10.0
2025-06-16,24.2,31.5,17.3,46.0,11.2,0.0,0.0,20.5,1009.8,6.0,29.1,10.0
2025-06-17,24.7,31.5,18.1,42.1,10.4,0.0,0.0,22.6,1010.1,6.3,29.3,10.0
2025-06-18,26.0,33.8,18.5,40.1,10.2,0.0,0.0,21.5,1011.7,4.1,29.5,10.0
2025-06-19,26.2,33.0,19.3,28.1,5.4,0.0,0.0,24.5,1012.4,1.3,29.7,10.0
2025-06-20,25.3,31.5,18.4,30.5,6.6,0.0,0.0,21.1,1011.9,0.0,29.4,10.0
2025-06-21,26.1,32.8,19.0,32.7,8.0,0.0,0.0,18.7,1011.4,0.2,29.6,10.0
2025-06-22,25.7,31.9,19.0,37.0,9.6,0.0,0.0,22.7,1010.9,3.4,29.6,10.0
2025-06-23,24.8,30.7,18.6,52.3,13.9,0.0,0.0,22.9,1009.9,5.1,28.7,10.0
2025-06-24,25.5,32.5,19.5,52.4,14.3,0.0,0.0,23.5,1009.6,7.6,28.2,10.0
2025-06-25,26.1,32.4,20.6,36.2,9.6,0.0,0.0,21.3,1009.9,1.3,29.3,10.0
2025-06-26,26.5,33.6,20.0,31.9,7.9,0.0,0.0,18.7,1008.8,1.1,29.6,10.0
2025-06-27,27.8,34.5,20.8,28.6,7.4,0.0,0.0,19.4,1007.9,0.0,29.7,10.0
2025-06-28,29.2,36.1,23.0,25.2,6.9,0.0,0.0,26.5,1005.0,0.0,29.4,10.0
2025-06-29,28.9,34.7,22.7,23.9,5.8,0.0,0.0,23.6,1003.1,0.0,29.3,10.0
2025-06-30,27.5,33.0,21.7,28.5,7.4,0.0,0.0,24.3,1005.7,1.8,29.3,10.0
2025-07-01,26.7,32.8,20.2,30.5,7.3,0.0,0.0,30.5,1008.1,1.2,29.4,10.0
2025-07-02,26.2,31.4,21.7,35.8,9.6,0.0,0.0,25.4,1009.0,1.5,29.2,10.0
2025-07-03,26.4,32.7,20.1,37.5,10.5,0.0,0.0,27.7,1009.6,8.7,28.3,10.0
2025-07-04,26.0,30.6,21.0,37.3,9.9,0.0,0.0,27.5,1010.0,7.2,28.0,10.0
2025-07-05,25.5,30.8,19.9,36.7,9.3,0.0,0.0,22.4,1011.7,5.4,28.7,10.0
2025-07-06,26.2,32.7,18.4,41.1,11.3,0.0,0.0,27.9,1010.8,2.8,29.2,10.0
2025-07-07,27.1,33.4,20.0,39.9,11.8,0.0,0.0,30.1,1009.2,3.8,28.7,10.0
2025-07-08,27.2,33.7,21.1,39.9,11.8,0.0,0.0,24.4,1008.3,7.8,27.8,10.0
2025-07-09,27.2,33.6,19.9,27.5,6.5,0.0,0.0,25.5,1007.8,2.4,28.8,10.0
2025-07-10,28.1,34.8,21.3,30.1,8.6,0.0,0.0,18.5,1007.0,1.4,28.5,10.0
2025-07-11,29.2,35.5,22.8,32.4,10.6,0.0,0.0,23.9,1007.9,2.6,28.7,10.0
2025-07-12,29.0,34.7,24.8,27.7,8.3,0.0,0.0,22.8,1010.7,10.5,28.9,10.0
2025-07-13,27.0,34.2,20.3,33.4,9.3,0.0,0.0,24.2,1012.1,8.8,29.1,10.0
2025-07-14,26.5,33.8,20.8,33.0,8.5,0.0,0.0,20.5,1009.8,6.2,28.4,10.0
2025-07-15,26.3,33.3,19.7,32.6,7.4,0.0,0.0,25.5,1006.8,5.6,28.7,10.0
2025-07-16,26.8,33.3,19.3,31.6,7.9,0.0,0.0,27.7,1007.8,2.8,29.0,10.0
2025-07-17,28.0,34.1,20.8,25.8,6.1,0.0,0.0,25.2,1010.7,0.0,29.1,10.0
2025-07-18,28.6,34.3,22.6,28.5,8.2,0.0,0.0,23.2,1011.8,2.4,29.0,10.0
2025-07-19,25.5,31.4,19.7,48.8,13.4,0.0,0.0,25.7,1010.4,13.3,28.2,10.0
2025-07-20,25.4,31.1,18.9,57.7,16.1,0.0,0.0,23.0,1007.9,19.7,26.8,10.0
2025-07-21,27.1,33.5,21.6,46.9,14.4,0.0,0.0,23.2,1007.9,8.4,27.7,10.0
2025-07-22,28.7,36.4,21.7,42.0,14.0,0.0,0.0,17.0,1009.1,8.1,28.4,10.0
2025-07-23,29.8,36.1,23.4,37.4,13.0,0.0,0.0,27.7,1008.2,0.1,28.1,10.0
2025-07-24,29.0,34.6,23.6,28.6,8.8,0.0,0.0,31.0,1005.8,0.0,28.4,10.0
2025-07-25,28.8,35.6,23.5,37.0,12.3,0.0,0.0,28.4,1003.8,0.0,28.5,10.0
2025-07-26,29.8,36.5,23.9,37.8,13.2,0.0,0.0,20.4,1004.3,5.1,28.5,10.0
2025-07-27,30.2,37.4,22.9,29.1,9.5,0.0,0.0,25.1,1006.1,0.0,28.6,10.0
2025-07-28,29.7,36.4,22.8,28.5,9.0,0.0,0.0,22.0,1005.9,4.7,27.9,10.0
2025-07-29,27.7,33.7,22.5,48.9,15.6,0.0,0.0,25.5,1007.9,9.5,27.1,10.0
2025-07-30,27.2,33.3,21.7,52.3,16.1,0.0,0.0,27.2,1009.9,10.8,26.8,10.0
2025-07-31,25.1,29.7,20.7,59.2,16.3,0.0,0.0,28.7,1009.2,17.2,26.1,10.0
2025-08-01,24.9,29.9,20.7,63.7,17.2,0.0,0.0,23.1,1007.4,24.9,26.3,10.0
2025-08-02,25.7,32.3,19.5,60.2,16.7,0.0,0.0,16.7,1008.8,14.3,26.6,10.0
2025-08-03,26.2,32.8,20.1,59.3,16.9,0.0,0.0,23.8,1011.1,7.6,26.8,10.0
2025-08-04,25.9,32.6,20.5,57.6,16.5,0.0,0.0,21.5,1012.7,7.7,27.3,10.0
2025-08-05,25.1,32.6,18.8,61.6,16.7,0.0,0.0,19.8,1012.4,8.3,27.2,10.0
2025-08-06,26.2,33.0,19.7,56.8,16.4,0.0,0.0,21.9,1010.4,8.7,26.1,9.0
2025-08-07,27.5,34.0,21.2,45.3,14.2,0.0,0.0,16.1,1009.2,7.5,26.7,10.0
2025-08-08,31.0,41.0,22.1,46.4,17.0,0.0,0.0,14.8,1007.5,15.0,26.9,10.0
2025-08-09,32.4,40.4,26.4,53.9,21.4,0.0,0.0,15.3,1009.3,23.5,23.5,8.0
2025-08-10,32.4,39.4,26.5,52.4,20.7,0.0,0.0,16.5,1010.2,27.3,26.0,9.0
2025-08-11,33.7,40.4,26.8,41.0,18.1,0.0,0.0,14.1,1009.2,20.6,25.4,9.0
2025-08-12,35.4,42.0,28.4,29.5,14.3,0.0,0.0,17.8,1009.9,8.9,26.3,9.0
2025-08-13,36.0,42.4,29.3,28.6,14.3,0.0,0.0,22.2,1010.3,12.4,24.9,9.0
2025-08-14,34.8,41.5,28.0,26.7,11.8,0.0,0.0,22.1,1010.5,4.0,26.9,10.0
2025-08-15,31.4,37.4,27.6,26.2,9.5,0.0,0.0,26.9,1010.3,0.0,27.0,10.0
2025-08-16,27.8,33.4,23.4,43.6,13.7,0.0,0.0,23.2,1008.9,1.7,26.2,10.0
2025-08-17,24.9,30.9,20.6,59.7,15.8,0.0,0.0,25.3,1010.4,27.1,25.9,10.0
2025-08-18,24.1,30.7,19.6,64.5,16.4,0.0,0.0,25.1,1012.2,26.7,25.8,10.0
2025-08-19,24.9,31.4,18.6,51.5,13.3,0.0,0.0,30.0,1011.0,10.4,26.5,10.0
2025-08-20,25.9,31.5,21.1,45.3,12.9,0.0,0.0,26.4,1008.8,7.7,26.2,10.0
2025-08-21,24.9,31.6,18.9,59.3,16.0,0.0,0.0,19.3,1009.6,22.1,24.4,9.0
2025-08-22,27.0,33.8,21.4,54.0,16.5,0.0,0.0,20.5,1010.1,16.0,24.8,9.0
2025-08-23,28.2,35.0,23.7,43.2,13.9,0.0,0.0,25.3,1009.6,4.4,25.5,9.0
2025-08-24,28.3,34.6,24.0,35.7,11.2,0.0,0.0,22.3,1009.4,11.1,25.3,9.0
2025-08-25,26.8,32.3,22.0,46.0,13.9,0.0,0.0,23.9,1010.7,16.7,24.6,9.0
2025-08-26,25.4,31.3,20.9,54.9,15.1,0.0,0.0,22.6,1011.8,26.0,24.1,9.0
2025-08-27,25.3,31.2,21.0,62.3,17.1,0.0,0.0,24.5,1012.6,38.2,19.9,7.0
2025-08-28,25.9,31.9,20.4,52.6,14.9,0.0,0.0,21.0,1012.6,18.1,23.9,9.0
2025-08-29,25.4,31.9,20.0,49.4,13.5,0.0,0.0,20.8,1013.8,11.5,25.0,9.0
2025-08-30,25.0,30.9,20.6,49.3,13.3,0.0,0.0,25.5,1015.4,2.2,25.2,9.0
2025-08-31,25.7,32.3,20.0,48.1,13.2,0.0,0.0,22.5,1014.8,4.9,24.3,9.0
2025-09-01,25.4,31.9,19.0,45.6,12.5,0.0,0.0,24.1,1012.3,8.2,24.1,9.0
2025-09-02,25.8,31.8,21.4,55.2,15.7,0.0,0.0,25.9,1008.9,22.5,23.5,9.0
2025-09-03,24.7,32.0,20.0,62.4,16.4,0.0,0.0,27.7,1008.3,30.9,23.0,9.0
2025-09-04,25.0,31.3,18.0,58.1,15.5,0.0,0.0,21.0,1009.7,17.3,23.5,9.0
2025-09-05,27.2,34.4,20.0,45.7,13.5,0.0,0.0,18.4,1013.0,12.1,23.7,9.0
2025-09-06,27.2,34.4,21.0,39.4,11.6,0.0,0.0,21.0,1014.3,7.3,24.1,9.0
2025-09-07,24.9,31.8,19.5,53.1,14.0,0.0,0.0,22.1,1013.0,16.8,22.7,9.0
2025-09-08,23.9,30.3,19.0,63.4,15.9,0.0,0.0,21.8,1011.8,28.2,20.5,7.0
2025-09-09,23.6,29.8,19.0,62.3,15.2,0.0,0.0,22.3,1013.0,19.8,22.0,9.0
2025-09-10,23.8,31.9,18.0,57.7,14.0,0.0,0.0,22.3,1014.4,18.8,23.3,9.0
2025-09-11,24.9,33.4,18.0,49.2,12.6,0.0,0.0,21.0,1013.6,13.3,23.3,9.0
2025-09-12,26.2,34.5,19.0,44.5,11.9,0.0,0.0,16.4,1014.1,16.4,23.4,9.0
2025-09-13,26.5,33.9,20.7,37.2,10.1,0.0,0.0,21.5,1015.2,4.0,23.3,9.0
2025-09-14,27.1,33.4,21.0,38.1,11.1,0.0,0.0,19.3,1015.2,11.1,23.2,9.0
2025-09-15,26.7,33.0,20.0,46.2,13.6,0.0,0.0,19.3,1014.6,17.7,22.3,9.0
2025-09-16,25.7,32.5,21.0,47.6,13.3,0.0,0.0,18.4,1013.3,16.5,21.8,9.0
2025-09-17,24.8,30.9,20.0,62.5,16.6,0.0,0.0,19.3,1012.7,15.5,22.2,9.0
2025-09-18,25.0,31.4,19.8,55.8,15.1,0.0,0.0,81.9,1012.9,24.3,21.6,9.0
2025-09-19,24.1,29.9,19.0,61.6,15.6,0.0,0.0,20.8,1013.8,34.3,20.0,8.0
2025-09-20,24.6,32.3,17.0,38.1,7.3,0.0,0.0,16.4,1013.9,0.7,22.5,9.0
2025-09-21,26.7,35.0,19.4,28.1,5.7,0.0,0.0,13.1,1013.6,0.0,22.4,9.0
2025-09-22,27.5,34.4,20.0,26.5,5.5,0.0,0.0,13.8,1014.6,0.0,22.2,9.0
2025-09-23,27.6,35.9,21.0,32.1,7.6,0.0,0.0,16.6,1016.5,8.7,22.0,9.0
2025-09-24,24.9,30.8,20.0,53.7,14.6,0.0,0.0,24.5,1015.1,26.4,19.4,8.0
2025-09-25,21.8,27.5,19.9,66.7,15.2,3.0,100.0,28.5,1012.9,44.9,15.7,7.0
2025-09-26,22.7,29.3,18.0,66.3,15.7,0.6,100.0,21.5,1014.2,23.0,19.5,8.0
2025-09-27,24.3,31.3,17.0,48.4,11.3,0.0,0.0,17.5,1015.9,20.4,20.3,8.0
2025-09-28,26.0,34.4,17.6,29.1,5.4,0.0,0.0,13.9,1017.0,0.2,21.1,8.0
2025-09-29,25.6,32.8,19.0,37.9,9.9,0.0,0.0,25.7,1016.9,11.3,20.0,8.0
2025-09-30,23.3,28.8,18.5,50.7,11.9,0.0,0.0,24.3,1016.8,29.6,18.2,7.0
2025-10-01,21.5,26.9,17.4,61.0,13.1,0.0,0.0,29.5,1015.3,28.2,18.9,8.0
2025-10-02,21.6,27.0,17.0,57.1,11.8,0.0,0.0,18.4,1015.5,15.8,19.6,8.0
2025-10-03,25.9,33.9,18.0,34.9,7.7,0.0,0.0,13.9,1015.0,4.2,20.3,8.0
2025-10-04,26.5,34.0,19.0,37.0,9.9,0.0,0.0,15.4,1018.0,2.9,19.7,8.0
2025-10-05,23.8,31.0,19.0,63.5,16.0,0.0,0.0,19.5,1017.8,28.5,16.8,8.0
2025-10-06,21.8,27.3,18.0,64.0,14.2,0.0,0.0,22.3,1016.5,24.0,18.9,8.0
2025-10-07,21.1,27.3,16.0,62.2,12.8,0.0,0.0,18.4,1015.3,15.4,18.7,8.0
2025-10-08,21.7,27.8,15.9,50.8,10.2,0.0,0.0,27.1,1016.1,7.1,19.1,8.0
2025-10-09,21.2,25.0,18.0,55.8,11.9,0.5,0.0,16.6,1018.4,44.8,13.8,5.0
2025-10-10,19.9,25.4,15.4,62.5,12.0,0.0,0.0,15.4,1021.0,28.5,17.1,7.0
2025-10-11,21.8,30.4,14.5,51.9,10.6,0.0,0.0,16.4,1017.1,0.0,18.9,8.0
2025-10-12,20.1,23.9,17.0,65.1,13.1,0.2,0.0,25.7,1014.5,43.4,11.9,5.0
2025-10-13,20.7,25.9,17.0,56.8,10.9,0.0,0.0,20.5,1016.8,32.1,16.1,7.0
2025-10-14,20.3,28.0,14.5,55.1,10.3,0.0,0.0,18.3,1017.7,0.1,18.6,8.0
2025-10-15,19.4,26.4,14.0,60.0,10.7,0.0,0.0,13.1,1017.4,3.6,18.3,8.0
2025-10-16,20.3,27.4,14.5,58.5,11.2,0.0,0.0,13.0,1017.6,5.6,18.2,8.0
2025-10-17,22.1,29.5,15.5,51.1,11.2,0.0,0.0,13.0,1019.8,13.9,17.4,7.0
2025-10-18,20.7,26.3,16.0,63.9,13.1,0.0,0.0,22.1,1021.2,20.5,17.0,7.0
2025-10-19,19.1,25.3,14.0,67.3,12.5,0.0,0.0,18.4,1020.3,20.2,16.7,7.0
2025-10-20,20.8,27.3,16.0,60.3,12.0,0.0,0.0,20.5,1018.8,29.3,17.1,7.0
2025-10-21,21.8,29.3,15.0,41.8,7.2,0.0,0.0,11.2,1017.9,5.9,17.4,7.0
2025-10-22,22.6,30.3,16.0,35.5,5.4,0.0,0.0,8.4,1018.7,0.0,17.6,7.0
2025-10-23,24.4,32.9,17.0,30.0,4.6,0.0,0.0,16.7,1017.5,0.0,17.4,7.0
2025-10-24,22.8,28.0,19.0,43.4,9.3,0.0,0.0,20.5,1017.4,10.6,16.1,7.0
2025-10-25,21.3,27.3,15.5,47.7,9.3,0.0,0.0,16.7,1018.3,16.7,16.0,7.0
2025-10-26,21.2,26.9,16.0,55.8,11.5,0.0,0.0,16.4,1018.0,16.8,15.9,7.0
2025-10-27,20.9,28.5,15.0,61.4,12.6,0.0,0.0,11.5,1018.2,19.9,15.7,7.0
2025-10-28,22.2,30.0,15.5,59.9,13.1,0.0,0.0,37.1,1016.9,2.3,16.6,7.0
2025-10-29,20.2,26.3,15.9,71.4,14.3,0.0,0.0,19.7,1018.0,37.0,14.9,7.0
2025-10-30,20.6,28.3,14.0,61.8,11.8,0.0,0.0,11.2,1019.6,23.1,15.7,7.0
2025-10-31,21.8,28.8,16.0,37.1,5.6,0.0,0.0,12.0,1020.5,0.0,16.5,7.0
2025-11-01,21.9,30.3,15.0,28.9,1.6,0.0,0.0,10.3,1020.1,0.0,16.5,7.0
2025-11-02,23.3,31.8,16.0,23.1,0.3,0.0,0.0,12.0,1019.8,27.4,15.4,7.0
2025-11-03,23.6,31.3,17.0,26.0,1.8,0.0,0.0,13.8,1020.5,18.7,16.1,7.0
2025-11-04,23.6,29.9,18.0,31.1,4.9,0.1,0.0,8.0,1019.9,37.6,14.5,7.0
2025-11-05,24.3,32.3,19.0,24.9,2.0,0.0,0.0,11.5,1017.8,46.6,15.2,7.0
2025-11-06,24.8,31.0,20.4,14.8,-4.3,0.0,0.0,18.4,1016.1,3.2,15.7,7.0
2025-11-07,21.6,28.0,15.4,23.5,-1.6,0.0,0.0,16.6,1017.4,20.2,14.9,7.0
2025-11-08,19.9,26.8,14.0,42.7,5.7,0.0,0.0,16.7,1020.5,46.6,14.2,7.0
2025-11-09,21.1,29.2,14.0,26.6,-1.1,0.0,0.0,11.5,1021.5,10.8,15.0,6.0
2025-11-10,22.6,29.3,15.8,17.2,-4.7,0.0,0.0,17.4,1021.1,5.5,15.3,7.0
2025-11-11,21.4,28.0,16.2,22.3,-2.3,0.0,0.0,13.0,1018.9,24.2,12.8,6.0
2025-11-12,19.2,24.4,15.0,62.1,11.2,0.0,0.0,15.7,1018.5,63.3,12.7,6.0
2025-11-13,19.2,24.9,14.0,40.5,4.1,0.5,0.0,18.4,1017.0,51.6,12.2,6.0
2025-11-14,15.0,18.5,12.0,76.7,10.8,6.0,100.0,20.9,1015.5,46.8,8.5,5.0
2025-11-15,14.4,16.7,12.0,85.8,12.0,10.2,100.0,24.1,1015.0,67.9,6.0,3.0
2025-11-16,14.9,18.9,13.0,81.9,11.7,0.4,0.0,12.5,1020.3,45.4,10.3,5.0
2025-11-17,15.3,21.4,10.0,67.1,8.5,0.0,0.0,11.3,1025.2,68.7,12.7,6.0
2025-11-18,16.7,21.7,11.3,52.1,6.5,0.0,0.0,16.6,1024.8,10.0,13.8,6.0
2025-11-19,17.1,23.7,11.0,44.0,4.3,0.0,0.0,18.0,1023.0,0.5,13.8,6.0
2025-11-20,18.5,25.8,12.0,39.0,3.7,0.0,0.0,12.8,1023.1,0.2,13.9,6.0
2025-11-21,19.2,27.8,12.0,39.4,4.1,0.0,0.0,10.2,1024.7,0.0,13.9,6.0
2025-11-22,20.3,28.3,12.0,34.1,3.0,0.0,0.0,15.4,1025.1,0.0,13.9,6.0
2025-11-23,19.8,25.9,13.8,26.8,-0.5,0.0,0.0,19.2,1022.3,3.6,13.9,6.0
2025-11-24,18.0,24.8,11.0,30.2,-0.2,0.0,0.0,11.8,1018.8,40.2,13.3,6.0
2025-11-25,15.8,17.9,13.0,72.8,10.6,8.9,100.0,14.8,1019.6,68.0,7.3,3.0
2025-11-26,13.6,18.8,9.0,67.1,7.0,0.0,0.0,55.4,1021.5,31.2,12.2,6.0
2025-11-27,15.5,21.3,10.0,51.3,4.8,0.0,0.0,16.4,1021.1,7.6,13.3,6.0
2025-11-28,16.8,22.2,11.0,41.5,3.2,0.0,0.0,18.0,1020.5,32.7,13.2,6.0
2025-11-29,16.1,22.3,10.0,44.9,3.6,0.0,0.0,10.4,1018.2,96.2,11.6,5.0
2025-11-30,15.5,18.9,12.0,53.8,6.0,0.9,100.0,18.9,1017.6,65.6,10.2,5.0
2025-12-01,14.4,18.4,12.0,68.9,8.7,0.0,0.0,16.6,1020.5,49.8,10.9,5.0
2025-12-02,13.6,19.4,9.0,66.6,6.8,0.0,0.0,11.0,1020.5,15.4,11.7,5.0
2025-12-03,14.3,20.9,9.0,52.8,4.1,0.0,0.0,13.6,1020.6,46.6,11.7,6.0
2025-12-04,15.7,20.8,12.0,40.1,2.0,0.0,0.0,20.1,1019.0,33.4,12.7,6.0
2025-12-05,15.4,21.8,9.0,43.7,2.6,0.1,0.0,15.4,1017.4,42.1,11.2,5.0
2025-12-06,15.0,19.7,11.0,57.6,6.1,1.5,100.0,16.2,1014.8,75.3,7.7,4.0
2025-12-07,13.4,17.2,9.0,75.5,8.8,0.5,0.0,20.9,1014.1,38.7,10.6,5.0
2025-12-08,11.2,15.9,6.0,61.5,3.8,0.0,0.0,11.3,1016.4,52.4,10.9,5.0
2025-12-09,11.9,15.9,9.0,65.2,5.5,0.1,0.0,13.7,1015.4,63.7,9.1,5.0
2025-12-10,11.6,13.5,9.0,80.1,8.2,0.1,0.0,25.9,1015.8,70.3,6.9,4.0
2025-12-11,10.7,12.8,9.0,88.1,8.8,8.5,100.0,18.1,1015.7,78.0,3.1,2.0
2025-12-12,11.4,14.4,9.0,89.5,9.8,4.6,100.0,18.4,1016.3,66.2,6.6,4.0
2025-12-13,12.0,15.3,10.0,83.3,9.2,0.0,0.0,13.3,1019.4,61.8,8.1,4.0
2025-12-14,11.3,16.3,7.4,78.0,7.3,0.3,0.0,9.5,1020.2,36.5,10.4,5.0
2025-12-15,11.3,16.0,7.9,72.1,6.3,3.6,100.0,14.8,1017.3,52.7,9.9,5.0
2025-12-16,10.4,13.2,8.0,72.6,5.5,6.5,100.0,16.6,1015.3,58.9,10.3,5.0
2025-12-17,8.4,12.2,5.0,64.9,1.8,0.3,100.0,17.5,1018.8,46.3,12.3,6.0
2025-12-18,9.3,14.4,5.0,66.1,3.0,0.0,0.0,13.1,1026.5,4.2,12.3,6.0
2025-12-19,10.8,14.9,6.6,78.1,7.0,0.0,0.0,18.3,1025.0,27.9,10.9,6.0
2025-12-20,12.0,16.3,10.0,74.3,7.4,0.0,0.0,11.2,1020.3,53.8,11.2,5.0
2025-12-21,11.7,17.3,8.0,61.8,4.2,0.0,0.0,15.4,1017.3,57.8,10.8,5.0
2025-12-22,10.8,17.2,5.0,58.1,2.4,0.0,0.0,10.2,1016.5,39.1,12.3,6.0
2025-12-23,11.0,15.9,6.0,58.7,3.0,0.3,0.0,15.9,1017.2,56.2,10.7,5.0
2025-12-24,11.6,16.9,7.0,72.2,6.6,0.0,0.0,11.2,1021.4,40.5,10.7,5.0
2025-12-25,10.6,15.8,6.0,66.5,4.3,0.0,0.0,13.4,1020.2,37.8,12.6,6.0
2025-12-26,10.0,15.9,5.0,71.6,4.8,0.0,0.0,11.2,1017.1,18.3,11.4,5.0
2025-12-27,10.6,13.3,9.0,87.0,8.5,13.6,100.0,29.5,1011.7,77.4,6.4,3.0
2025-12-28,9.6,11.2,8.0,79.0,6.0,6.3,100.0,35.3,1008.7,60.2,7.7,4.0
2025-12-29,9.6,12.2,8.0,84.3,7.0,9.8,100.0,35.3,1011.7,71.4,4.6,3.0
2025-12-30,10.4,13.3,8.0,77.2,6.5,1.0,0.0,22.3,1019.5,64.7,8.1,4.0
2025-12-31,10.4,13.8,7.0,70.5,5.1,0.0,0.0,21.9,1014.5,70.7,11.4,5.0
2026-01-01,10.6,12.5,9.0,71.5,5.6,11.2,100.0,33.5,1013.1,57.6,7.1,3.0
2026-01-02,9.5,12.2,7.0,81.6,6.4,7.4,100.0,25.9,1020.1,67.7,9.4,5.0
2026-01-03,8.3,12.3,5.0,75.8,4.0,0.0,0.0,8.4,1026.8,38.0,12.0,6.0
2026-01-04,9.4,14.8,4.0,59.0,1.5,0.0,0.0,20.5,1027.0,37.5,13.2,6.0
2026-01-05,10.6,16.1,5.0,54.0,1.4,0.0,0.0,16.6,1024.3,22.3,13.1,6.0
2026-01-06,10.7,17.2,5.0,55.5,1.7,0.0,0.0,11.6,1023.0,66.4,12.5,6.0
2026-01-07,12.0,19.2,6.0,57.8,3.5,0.0,0.0,9.4,1024.2,36.1,12.9,6.0
2026-01-08,14.8,21.9,9.0,50.8,4.2,0.0,0.0,15.6,1021.1,32.6,13.1,6.0
2026-01-09,11.9,15.0,7.0,73.9,7.2,21.8,100.0,33.5,1013.6,64.2,6.5,5.0
2026-01-10,10.5,13.9,8.0,79.5,7.0,0.8,0.0,27.7,1019.7,53.5,7.8,4.0
2026-01-11,11.0,16.9,6.0,69.6,5.2,0.0,0.0,17.5,1019.4,10.8,13.2,6.0
2026-01-12,10.4,14.8,7.0,65.6,4.1,1.3,100.0,44.6,1014.3,45.6,11.8,6.0
2026-01-13,7.3,9.2,6.0,81.2,4.2,28.0,100.0,42.5,1013.3,74.3,6.3,4.0
2026-01-14,8.0,10.8,6.0,75.6,3.8,0.2,0.0,44.6,1019.6,63.6,7.9,3.0
2026-01-15,8.6,12.8,5.3,66.1,2.3,0.0,0.0,19.7,1023.7,29.7,11.1,6.0
2026-01-16,7.8,12.9,4.0,78.5,4.1,0.0,0.0,8.5,1023.1,24.9,13.5,6.0
2026-01-17,8.9,14.4,4.0,76.0,4.5,0.0,0.0,11.3,1018.4,39.5,11.6,5.0
2026-01-18,8.6,10.5,7.0,86.5,6.5,5.7,100.0,14.8,1015.2,69.0,7.6,4.0
2026-01-19,8.5,12.0,4.0,70.3,3.1,1.5,100.0,27.7,1018.0,50.5,12.4,6.0
2026-01-20,5.9,10.3,2.5,61.0,-1.2,0.0,0.0,17.4,1021.4,19.9,13.7,6.0
2026-01-21,5.7,10.9,1.0,50.6,-4.5,0.0,0.0,20.0,1024.2,61.8,12.7,6.0
2026-01-22,8.3,11.2,5.0,38.7,-5.0,0.4,100.0,24.1,1019.9,97.3,4.1,2.0
2026-01-23,11.3,15.9,7.0,61.7,3.8,0.5,100.0,18.9,1013.8,42.3,13.5,6.0
2026-01-24,9.0,14.0,6.0,81.6,5.7,1.2,100.0,22.0,1018.0,49.3,11.9,5.0
2026-01-25,10.0,16.4,5.0,71.3,4.5,0.0,0.0,9.4,1022.7,34.8,13.5,6.0
2026-01-26,12.4,20.0,7.9,48.1,1.2,0.0,0.0,25.9,1018.7,18.6,14.5,7.0
2026-01-27,11.5,16.4,6.4,58.6,3.5,0.0,0.0,14.1,1015.3,38.2,12.8,6.0
2026-01-28,9.8,11.9,8.0,75.1,5.4,4.1,100.0,24.2,1015.1,77.8,9.5,5.0
2026-01-29,10.5,13.0,9.0,83.5,7.7,2.0,100.0,20.5,1019.3,77.8,8.2,4.0
2026-01-30,12.6,16.0,9.0,57.7,4.3,0.5,100.0,19.7,1014.5,56.0,14.5,6.0
2026-01-31,13.0,18.0,8.0,65.1,6.3,0.0,0.0,17.1,1015.4,30.7,14.6,7.0
2026-02-01,16.3,23.0,10.0,49.7,5.1,0.0,0.0,14.8,1017.0,33.4,15.3,7.0
2026-02-02,16.7,21.0,11.0,46.6,4.9,0.0,0.0,24.5,1015.9,19.5,15.5,7.0
2026-02-03,11.4,17.0,10.0,80.6,8.1,8.2,100.0,24.5,1017.7,72.2,8.8,5.0
2026-02-04,11.2,15.8,8.0,72.4,6.3,0.1,0.0,22.3,1020.3,39.0,13.9,6.0
2026-02-05,12.5,20.4,6.0,62.4,4.3,0.0,0.0,20.5,1016.8,57.6,15.7,7.0
2026-02-06,15.1,20.0,10.0,45.6,3.1,0.0,0.0,18.4,1014.1,79.9,10.2,6.0
2026-02-07,15.5,19.3,12.0,51.9,5.6,0.0,0.0,33.5,1014.7,23.8,15.8,7.0
2026-02-08,16.5,20.4,11.0,53.1,6.5,0.0,0.0,27.7,1013.4,35.9,15.8,7.0
2026-02-09,17.5,20.4,13.7,45.4,5.3,0.0,0.0,24.1,1012.3,80.3,12.5,6.0
2026-02-10,15.6,18.3,12.0,55.0,6.5,0.1,0.0,24.5,1012.1,42.8,14.5,6.0
2026-02-11,13.4,16.8,11.0,62.8,6.2,0.5,0.0,24.1,1015.1,47.0,13.4,6.0
2026-02-12,13.8,18.4,10.0,62.4,6.4,0.0,0.0,17.4,1016.4,53.3,15.8,7.0
2026-02-13,15.9,20.5,11.0,46.2,3.9,0.0,0.0,22.3,1011.7,71.3,15.8,7.0
2026-02-14,13.7,16.9,11.0,57.5,5.3,3.7,100.0,35.3,1014.8,57.7,13.8,6.0
2026-02-15,13.7,20.4,7.9,58.7,4.5,0.0,0.0,16.4,1022.4,25.5,17.0,7.0
2026-02-16,17.2,23.9,12.0,28.8,-1.3,0.0,0.0,15.4,1018.6,18.5,18.1,8.0
2026-02-17,14.7,16.9,11.0,59.3,6.5,0.0,0.0,19.6,1014.8,70.9,10.1,4.0
2026-02-18,12.6,17.3,8.5,63.6,5.6,0.1,0.0,33.5,1014.9,36.9,17.2,7.0
2026-02-19,11.3,16.0,9.0,71.1,6.1,0.1,0.0,25.9,1020.4,53.1,12.0,5.0
2026-02-20,13.2,21.4,6.0,56.2,3.5,0.0,0.0,16.6,1023.2,2.2,18.4,8.0
2026-02-21,15.9,23.5,10.0,41.9,2.3,0.0,0.0,18.4,1018.2,14.1,18.9,8.0
2026-02-22,12.4,17.3,9.0,70.4,6.8,0.4,0.0,19.9,1015.5,46.7,15.2,7.0
2026-02-23,10.5,14.5,7.0,69.0,4.9,5.8,100.0,18.3,1014.4,44.4,12.8,6.0
2026-02-24,10.4,14.7,7.0,76.1,6.2,2.1,100.0,23.2,1017.2,65.0,11.3,5.0
2026-02-25,11.5,15.9,8.9,71.1,6.2,0.0,0.0,16.6,1020.3,39.8,13.2,6.0
2026-02-26,10.8,14.3,8.0,71.2,5.6,3.8,100.0,29.9,1015.3,58.1,12.8,6.0
2026-02-27,8.2,13.0,5.0,61.5,0.6,0.1,0.0,25.9,1015.2,37.5,17.9,7.0
2026-02-28,7.3,12.8,3.0,52.0,-2.2,0.0,0.0,13.0,1017.1,16.6,19.7,8.0
2026-03-01,7.6,12.0,3.0,59.2,-0.5,0.0,0.0,13.0,1018.5,19.6,17.8,8.0
2026-03-02,8.7,14.0,3.0,50.4,-2.4,0.0,0.0,14.8,1019.7,6.7,20.7,8.0
2026-03-03,10.0,16.0,4.0,37.7,-4.7,0.0,0.0,14.8,1022.9,0.0,20.6,8.0
2026-03-04,9.9,14.0,6.0,60.3,2.4,0.3,0.0,25.9,1022.4,44.0,13.0,5.0
2026-03-05,11.0,16.0,7.0,57.4,2.3,0.0,0.0,18.4,1022.1,32.2,19.8,8.0
2026-03-06,11.1,18.0,5.0,41.2,-2.6,0.0,0.0,18.4,1020.0,20.0,20.9,8.0
2026-03-07,9.6,13.0,7.0,70.7,4.5,0.9,100.0,24.1,1018.3,35.2,14.3,6.0
2026-03-08,8.5,12.8,5.0,48.0,-2.4,0.0,0.0,24.1,1018.8,7.5,21.8,9.0
2026-03-09,8.6,15.8,4.0,48.2,-3.0,0.0,0.0,15.1,1019.7,5.7,21.4,8.0
2026-03-10,10.0,16.0,4.0,41.4,-5.1,0.0,0.0,18.4,1020.7,0.0,22.0,9.0
2026-03-11,12.2,18.0,6.0,31.1,-4.8,0.0,0.0,18.4,1019.8,0.1,22.0,9.0
2026-03-12,13.6,19.5,8.0,37.8,-1.1,0.0,0.0,63.0,1016.8,22.1,21.5,9.0
2026-03-13,14.5,20.0,10.0,43.9,1.9,0.3,0.0,20.5,1014.8,44.7,18.8,9.0
2026-03-14,14.4,21.1,12.0,70.6,8.9,9.5,100.0,24.1,1009.5,75.3,13.5,6.0
2026-03-15,12.3,14.0,10.0,74.2,7.6,7.7,100.0,40.7,1008.8,57.5,15.4,6.0
2026-03-16,11.7,17.6,9.0,71.3,6.5,0.7,100.0,22.3,1015.7,56.8,15.3,7.0
2026-03-17,13.4,22.0,6.0,65.5,5.8,0.0,0.0,13.0,1014.6,25.0,21.7,9.0
2026-03-18,16.7,24.0,11.0,40.1,1.5,1.3,100.0,22.3,1010.0,43.2,19.3,9.0
2026-03-19,13.6,19.6,11.0,78.3,9.6,13.2,100.0,25.9,1004.1,70.8,19.7,8.0
2026-03-20,12.5,16.0,10.0,70.8,6.9,11.8,100.0,35.3,1006.8,65.6,15.1,6.0
2026-03-21,10.6,14.0,8.0,73.1,5.8,13.3,100.0,33.5,1006.9,69.3,15.2,6.0
2026-03-22,9.8,14.0,7.0,72.6,4.8,8.0,100.0,22.3,1010.0,51.2,16.8,7.0
2026-03-23,11.0,16.0,7.0,66.1,4.4,0.0,0.0,18.4,1011.5,60.0,18.4,8.0
2026-03-24,10.8,15.3,7.0,70.8,5.3,0.0,0.0,18.4,1008.0,30.3,17.8,8.0
2026-03-25,10.4,15.0,7.0,71.3,5.0,4.0,100.0,22.3,1001.6,63.2,19.1,8.0
2026-03-26,9.1,11.0,8.0,81.1,6.0,5.2,100.0,25.9,1001.8,69.7,12.4,5.0
2026-03-27,10.3,13.0,9.0,85.6,7.9,3.9,100.0,29.5,1012.9,66.4,13.2,6.0
2026-03-28,12.5,18.0,8.0,64.4,5.4,0.0,0.0,20.5,1015.0,44.6,23.7,9.0
2026-03-29,12.5,14.8,10.0,74.9,8.0,4.9,100.0,35.3,1010.6,78.5,10.7,5.0
2026-03-30,10.7,14.0,8.0,76.1,6.6,1.3,100.0,24.1,1012.2,53.8,15.1,6.0
2026-03-31,12.3,19.4,8.0,70.3,6.7,0.8,0.0,11.2,1014.5,57.6,14.9,5.0
2026-04-01,12.7,17.0,10.0,80.0,9.3,6.1,100.0,11.2,1015.8,93.8,9.0,4.0
2026-04-02,16.5,21.0,12.0,80.7,13.1,7.4,100.0,37.1,1013.4,91.4,10.8,5.0
2026-04-03,13.9,16.0,11.0,61.4,5.8,2.0,100.0,25.9,1016.5,76.3,24.0,9.0
2026-04-04,13.7,19.2,9.0,48.1,2.5,0.0,0.0,22.3,1017.4,12.9,24.8,9.0
2026-04-05,12.3,16.0,9.0,58.5,4.2,2.2,100.0,27.7,1019.3,41.9,17.6,7.0
2026-04-06,12.7,19.0,8.0,61.7,5.1,0.2,0.0,37.1,1020.4,33.4,20.3,8.0
2026-04-07,11.5,15.4,8.0,77.9,7.7,2.9,100.0,25.9,1019.9,47.4,17.9,7.0
2026-04-08,12.2,17.4,8.0,74.9,7.7,2.6,100.0,25.9,1018.9,48.9,17.6,7.0
2026-04-09,13.3,20.0,9.0,64.5,6.3,0.1,0.0,33.5,1016.9,34.1,16.7,6.0
2026-04-10,14.0,19.0,10.8,60.0,6.1,0.0,0.0,25.9,1016.7,16.1,20.7,8.0
2026-04-11,13.1,19.5,9.0,58.1,4.8,0.0,0.0,22.3,1017.6,39.9,18.4,8.0
2026-04-12,13.2,19.2,8.0,69.1,7.2,0.2,0.0,24.1,1017.4,30.6,20.0,8.0
2026-04-13,14.3,20.0,9.0,65.1,7.4,0.0,0.0,18.4,1018.7,30.2,20.9,8.0
2026-04-14,16.5,26.1,9.0,50.4,4.6,0.0,0.0,14.8,1021.3,1.5,26.6,10.0
2026-04-15,21.7,30.3,14.0,34.6,4.4,0.0,0.0,11.2,1015.4,88.2,21.3,8.0
2026-04-16,25.4,32.7,18.0,35.0,8.4,0.2,0.0,15.1,1008.1,45.6,24.0,9.0
2026-04-17,24.7,33.3,18.0,49.9,13.0,0.2,0.0,16.6,1005.7,23.5,24.2,9.0
2026-04-18,19.8,25.0,16.4,52.5,9.3,0.0,0.0,33.5,1006.8,10.7,25.5,9.0
2026-04-19,17.0,21.5,13.0,64.6,9.9,0.0,0.0,24.1,1010.8,50.5,18.6,6.0
2026-04-20,14.3,18.0,10.0,62.7,6.7,0.0,0.0,33.5,1013.0,33.5,22.6,9.0
2026-04-21,13.8,19.0,9.0,61.2,5.9,0.0,0.0,18.4,1015.5,32.7,19.2,7.0
2026-04-22,15.8,24.7,8.0,48.8,2.5,0.0,0.0,16.6,1015.8,6.6,27.5,10.0
2026-04-23,17.9,25.0,10.0,39.6,1.6,0.0,0.0,18.4,1013.7,5.7,27.4,10.0
2026-04-24,19.0,25.0,12.0,30.3,-0.6,0.0,0.0,14.8,1012.3,54.4,25.6,10.0
2026-04-25,21.9,29.0,15.0,35.1,4.6,0.0,0.0,18.4,1012.5,53.8,25.1,10.0
2026-04-26,22.4,29.0,15.0,34.7,4.0,0.3,100.0,22.3,1013.8,13.3,25.2,9.0
2026-04-27,17.3,23.0,13.0,53.1,7.0,3.0,100.0,27.7,1013.8,34.1,23.0,8.0
2026-04-28,17.1,23.0,12.0,61.7,9.0,0.0,0.0,22.3,1014.8,22.5,24.0,9.0
2026-04-29,18.9,25.0,13.0,43.7,5.4,0.0,0.0,20.5,1015.9,12.6,26.1,9.0
2026-04-30,20.3,27.0,13.0,38.0,4.7,0.0,0.0,18.4,1016.1,12.9,27.1,10.0
2026-05-01,19.2,24.0,15.0,37.3,3.9,0.0,0.0,24.1,1014.0,24.9,26.9,10.0
2026-05-02,20.2,27.0,13.0,26.6,-0.1,0.3,0.0,14.8,1012.9,33.4,26.8,9.0
2026-05-03,20.4,25.0,14.0,39.4,4.8,1.9,100.0,44.6,1010.0,31.1,24.1,9.0
2026-05-04,13.5,18.0,10.0,57.7,4.9,1.9,100.0,35.3,1015.4,59.5,18.6,7.0
2026-05-05,12.6,16.0,10.0,58.2,4.3,1.3,0.0,31.7,1015.5,69.0,16.7,6.0
2026-05-06,13.7,19.0,10.0,62.7,6.2,0.5,0.0,14.8,1017.4,62.8,13.8,4.0
2026-05-07,16.5,25.0,9.0,52.8,5.2,0.0,0.0,22.3,1017.7,2.3,28.5,10.0
2026-05-08,20.8,28.0,14.0,40.1,5.5,0.0,0.0,16.6,1017.6,4.9,28.4,10.0
2026-05-09,23.4,30.0,17.0,36.0,6.8,0.0,0.0,18.4,1017.2,6.5,27.9,10.0
2026-05-10,23.5,30.0,17.0,31.6,4.7,0.0,0.0,22.3,1017.0,0.0,28.6,10.0
2026-05-11,22.8,28.0,17.0,28.2,2.6,0.0,0.0,24.1,1017.0,14.8,28.8,10.0
2026-05-12,25.3,31.0,19.0,20.1,0.5,0.0,0.0,24.1,1015.7,33.2,27.2,9.0
2026-05-13,23.4,28.0,18.0,31.2,4.9,0.0,0.0,27.7,1013.8,6.5,27.8,10.0
2026-05-14,24.0,30.0,16.5,23.9,1.4,0.0,0.0,25.9,1013.3,39.4,27.3,10.0
2026-05-15,21.5,27.0,15.0,27.9,1.5,0.0,0.0,33.5,1011.1,35.9,27.6,10.0
2026-05-16,17.5,22.0,13.0,54.9,7.9,0.5,0.0,27.7,1012.6,37.8,25.0,9.0
2026-05-17,21.8,29.0,14.0,35.9,4.4,0.0,0.0,25.9,1013.6,5.5,28.2,10.0
2026-05-18,26.8,32.0,23.0,24.3,4.3,0.0,0.0,35.3,1012.4,47.8,27.4,10.0
2026-05-19,22.3,26.0,18.0,26.5,1.7,0.0,0.0,33.5,1013.5,33.9,28.2,10.0
2026-05-20,20.3,26.0,15.0,32.1,2.2,0.1,0.0,42.5,1012.8,40.1,26.0,9.0
2026-05-21,16.7,21.1,13.0,63.0,9.4,2.3,100.0,31.7,1012.9,75.0,18.4,7.0
2026-05-22,18.8,24.0,14.0,54.8,8.5,0.0,0.0,18.4,1016.6,31.4,25.9,9.0
2026-05-23,19.8,25.0,14.0,42.8,6.0,0.0,0.0,22.3,1018.3,19.4,29.0,10.0
2026-05-24,20.2,24.0,16.0,34.6,3.8,0.0,0.0,29.5,1018.9,8.9,29.1,10.0
2026-05-25,20.3,28.1,14.0,38.8,5.0,0.0,0.0,20.5,1019.0,5.4,28.6,10.0
2026-05-26,21.4,28.0,15.0,43.0,7.5,0.0,0.0,16.6,1016.9,12.0,29.2,10.0
2026-05-27,23.0,30.0,17.0,47.3,10.4,0.0,0.0,22.3,1015.4,24.6,28.2,10.0
2026-05-28,20.1,25.0,15.0,53.4,9.7,0.0,0.0,25.9,1015.5,31.6,27.5,10.0
2026-05-29,20.0,25.0,15.0,44.8,6.8,0.0,0.0,27.7,1016.7,14.6,27.0,9.0
2026-05-30,20.7,27.0,15.0,49.2,9.2,0.0,0.0,20.5,1016.7,20.2,26.8,10.0
2026-05-31,22.9,28.0,18.0,41.9,8.5,0.0,0.0,16.6,1016.5,20.2,27.6,9.0
2026-06-01,23.4,29.0,18.0,33.4,5.4,0.0,0.0,20.5,1017.2,15.0,29.1,10.0
2026-06-02,23.0,29.0,16.0,30.3,3.8,0.0,0.0,25.9,1018.8,2.4,29.5,10.0
2026-06-03,25.0,30.0,20.0,19.9,-0.3,0.0,0.0,29.5,1018.2,13.3,29.8,10.0
2026-06-04,25.6,31.0,21.0,22.7,2.5,0.0,0.0,22.3,1017.3,1.3,29.5,10.0
2026-06-05,23.9,29.0,20.0,25.8,2.6,0.0,0.0,25.9,1016.8,0.0,30.2,10.0
2026-06-06,24.3,30.0,18.0,23.2,1.3,0.0,0.0,18.4,1015.5,0.2,29.5,10.0
2026-06-07,24.2,29.0,20.0,32.9,5.8,0.0,0.0,18.4,1015.6,0.0,29.6,10.0
2026-06-08,24.2,29.0,18.0,41.3,9.8,0.0,0.0,18.4,1015.3,1.8,29.0,10.0
2026-06-09,25.3,31.0,21.0,37.5,9.3,0.0,0.0,25.9,1013.8,7.6,29.2,10.0
2026-06-10,25.5,31.0,19.7,32.7,6.7,0.0,0.0,25.9,1013.6,0.0,29.6,10.0
2026-06-11,25.2,30.0,19.0,35.2,8.3,0.0,0.0,18.4,1015.3,14.7,29.2,10.0
2026-06-12,24.3,30.0,20.0,33.5,6.6,0.0,0.0,22.3,1015.8,4.0,29.0,10.0
2026-06-13,23.5,28.0,18.0,35.6,6.7,0.0,0.0,20.5,1014.7,8.0,28.8,10.0
2026-06-14,23.0,28.0,15.0,39.1,7.3,0.0,0.0,25.9,1013.7,0.4,28.9,10.0
2026-06-15,22.7,29.0,16.0,53.2,12.0,0.0,0.0,15.8,1014.8,11.1,28.3,10.0
2026-06-16,24.8,32.0,17.0,48.9,11.4,0.0,0.0,14.8,1016.9,3.5,29.6,10.0
2026-06-17,25.9,33.0,19.0,38.4,9.5,0.0,0.0,22.3,1015.8,19.1,29.2,10.0
2026-06-18,24.5,30.0,20.0,40.4,9.7,0.0,0.0,18.4,1014.0,6.0,28.6,10.0
2026-06-19,23.9,30.9,17.6,40.8,9.3,0.0,0.0,20.5,1012.6,2.2,29.6,10.0
2026-06-20,24.9,31.9,18.0,37.9,9.2,0.0,0.0,20.1,1014.9,0.2,29.5,10.0
2026-06-21,26.2,32.9,20.1,36.7,10.0,0.0,0.0,20.1,1014.8,5.2,29.3,10.0
2026-06-22,24.8,31.4,18.5,48.8,12.8,0.0,0.0,22.3,1012.0,19.6,27.9,10.0
2026-06-23,24.1,29.9,18.5,47.7,12.0,0.0,0.0,25.6,1011.8,15.8,27.6,10.0
2026-06-24,25.2,31.3,20.4,44.7,11.8,0.0,0.0,29.5,1012.5,12.5,28.6,10.0
2026-06-25,25.2,31.3,19.0,43.1,11.3,0.0,0.0,25.5,1012.8,16.7,28.1,10.0
2026-06-26,25.2,31.3,19.0,45.7,12.3,0.0,0.0,22.3,1012.0,17.1,28.5,10.0
2026-06-27,26.1,32.3,19.0,42.8,12.1,0.0,0.0,21.5,1012.2,17.5,27.5,10.0
2026-06-28,26.5,31.9,20.0,42.5,12.4,0.0,0.0,21.0,1012.5,20.8,28.6,10.0
2026-06-29,27.1,33.9,21.0,41.2,12.4,0.0,0.0,24.1,1012.4,9.2,29.4,10.0
2026-06-30,27.2,33.9,21.0,35.8,10.4,0.0,0.0,23.0,1012.2,1.5,29.3,10.0
2026-07-01,26.9,32.8,21.6,38.0,11.1,0.0,0.0,25.3,1011.3,3.3,28.5,10.0
2026-07-02,25.9,32.3,20.0,41.6,11.3,0.0,0.0,18.2,1010.6,16.2,28.3,10.0
2026-07-03,24.7,31.3,18.0,50.0,13.2,0.0,0.0,25.1,1011.2,19.5,27.1,10.0
2026-07-04,25.3,30.9,20.0,51.5,14.4,0.2,0.0,24.3,1010.9,26.4,25.7,9.0
2026-07-05,25.6,31.9,20.4,61.1,17.1,0.0,0.0,25.9,1009.8,30.3,24.5,9.0
2026-07-06,25.8,31.9,20.0,55.2,15.5,0.0,0.0,27.7,1011.8,43.4,25.5,9.0
2026-07-07,25.5,31.3,20.0,52.5,14.7,0.0,0.0,25.9,1012.3,24.4,24.7,9.0
2026-07-08,24.6,30.3,20.0,57.6,14.9,0.0,0.0,23.3,1011.3,28.0,26.3,10.0
2026-07-09,24.5,30.9,18.0,51.7,13.3,0.0,0.0,20.5,1010.7,30.0,26.9,10.0
2026-07-10,25.1,31.9,18.5,39.3,9.8,0.0,0.0,20.5,1013.4,11.4,28.8,10.0
2026-07-11,25.8,33.4,19.0,37.6,9.8,0.0,0.0,21.8,1014.8,7.0,28.3,10.0
2026-07-12,26.4,33.9,20.0,41.2,11.8,0.0,0.0,22.3,1012.4,5.0,28.9,10.0
2026-07-13,27.1,33.3,22.0,39.8,12.0,0.0,0.0,21.5,1010.6,12.2,27.8,10.0
2026-07-14,27.6,34.4,21.6,36.2,10.8,0.0,0.0,20.5,1010.4,6.0,28.5,10.0
2026-07-15,27.6,33.9,21.6,34.7,10.5,0.0,0.0,19.7,1011.2,3.9,28.9,10.0
2026-07-16,27.4,34.0,21.0,37.8,11.5,0.0,0.0,22.3,1010.8,6.8,28.2,10.0
2026-07-17,27.4,33.3,22.0,39.7,12.3,0.0,0.0,20.5,1009.0,8.7,28.6,10.0
2026-07-18,28.1,34.3,23.0,34.5,10.6,0.0,0.0,20.5,1010.0,3.1,28.7,10.0
2026-07-19,28.4,35.3,21.0,31.2,9.0,0.0,0.0,24.3,1012.7,0.0,29.0,10.0
2026-07-20,28.6,34.3,22.6,33.4,10.6,0.0,0.0,23.0,1013.3,1.1,28.7,10.0
2026-07-21,28.5,34.3,22.6,35.4,11.4,0.0,0.0,25.3,1011.5,6.4,28.3,10.0
2026-07-22,29.4,35.4,23.0,35.9,12.4,0.0,0.0,22.3,1010.1,8.8,27.8,10.0
2026-07-23,29.5,35.8,24.1,32.0,10.7,0.0,0.0,32.9,1008.5,10.6,28.2,10.0
2026-07-24,27.3,32.3,22.0,40.4,12.3,0.0,0.0,29.3,1007.4,20.8,27.2,9.0
2026-07-25,25.8,32.3,20.0,55.3,15.3,0.0,0.0,24.9,1008.4,26.6,27.0,10.0
2026-07-26,26.4,31.9,22.0,46.3,13.7,0.0,0.0,24.3,1011.0,8.3,27.7,9.0
2026-07-27,25.8,32.9,19.0,48.2,13.5,0.0,0.0,21.8,1013.1,13.9,28.2,10.0
2026-07-28,26.5,32.9,20.9,44.9,12.9,0.0,0.0,23.9,1011.8,3.4,28.5,10.0
2026-07-29,27.5,34.3,21.5,40.0,12.4,0.0,0.0,23.0,1009.6,7.8,27.9,10.0
2026-07-30,29.1,35.9,23.5,37.0,12.5,0.0,0.0,21.5,1008.0,0.0,29.0,10.0
2026-07-31,29.5,37.0,23.0,37.7,13.1,0.0,0.0,18.4,1007.6,0.1,28.9,10.0
2026-08-01,31.1,37.9,25.6,30.9,11.7,0.0,0.0,23.9,1008.7,3.1,28.6,10.0
2026-08-02,31.2,37.9,24.6,30.2,10.7,0.0,0.0,22.3,1011.0,0.0,28.4,10.0
2026-08-03,30.9,37.4,24.9,22.1,5.9,0.0,0.0,20.1,1012.7,0.0,28.7,10.0
2026-08-04,30.0,36.4,23.0,26.1,7.9,0.0,0.0,21.5,1012.4,0.0,28.3,10.0
2026-08-05,29.2,36.0,23.7,27.2,7.1,0.0,0.0,32.0,1011.2,0.0,28.5,10.0
